4095*60
$GPRMC,134516.00,A,4825.1420532,N,00428.4545892,W,0.0,0.0,100626,999.9,E,D*20
$GPGSV,4,1,13,01,39,118,45,02,14,127,41,03,64,055,48,04,56,162,45,1*69
$GPGSV,4,2,13,06,31,303,42,09,29,195,41,12,03,338,,13,03,338,,1*69
$GPGSV,4,3,13,17,51,238,46,19,44,289,46,22,00,244,,28,14,043,36,1*6E
$GPGSV,4,4,13,31,18,072,38,1*53
$GSGSV,3,1,10,01,33,195,,02,34,181,41,04,28,145,42,05,29,147,,1*64
$GSGSV,3,2,10,06,33,195,,07,05,106,,08,13,112,,17,34,167,42,1*66
$GSGSV,3,3,10,28,19,125,,39,17,237,,1*68
$GLGSV,2,1,08,68,47,039,45,69,78,202,48,70,25,215,41,76,08,343,,1*77
$GLGSV,2,2,08,77,06,027,,83,38,138,45,84,83,331,47,85,34,320,44,1*76
$GQGSV,1,1,00,1*65
$GAGSV,3,1,11,02,15,288,38,04,57,128,45,06,43,166,44,09,23,185,38,7*7D
$GAGSV,3,2,11,10,59,104,47,11,84,024,42,12,34,109,38,19,32,050,37,7*7A
$GAGSV,3,3,11,25,05,239,34,28,52,083,45,30,06,337,,7*4B
$GBGSV,3,1,09,05,09,111,,07,16,043,29,10,16,055,29,11,11,315,30,1*75
$GBGSV,3,2,09,13,07,146,31,26,01,024,,27,70,204,39,28,34,155,35,1*7D
$GBGSV,3,3,09,30,36,306,36,1*49
$GIGSV,1,1,02,01,,,37,06,24,135,,1*4D
$GPGGA,134517.00,4825.1420522,N,00428.4545893,W,4,21,0.5,89.924,M,51.637,M,2.0,4095*61
$GPRMC,134517.00,A,4825.1420522,N,00428.4545893,W,0.0,0.0,100626,999.9,E,D*21
$GPGSV,4,1,13,01,39,118,46,02,14,127,41,03,64,055,48,04,56,162,45,1*6A
$GPGSV,4,2,13,06,31,303,41,09,29,195,41,12,03,338,,13,03,338,,1*6A
$GPGSV,4,3,13,17,51,238,46,19,44,289,45,22,00,244,,28,14,043,36,1*6D
$GPGSV,4,4,13,31,18,072,39,1*52
$GSGSV,3,1,10,01,33,195,,02,34,181,40,04,28,145,42,05,29,147,,1*65
$GSGSV,3,2,10,06,33,195,,07,05,106,,08,13,112,,17,34,167,43,1*67
$GSGSV,3,3,10,28,19,125,,39,17,237,,1*68
$GLGSV,2,1,08,68,47,039,45,69,78,202,48,70,25,215,41,76,08,343,,1*77
$GLGSV,2,2,08,77,06,027,,83,38,138,45,84,83,331,47,85,34,320,45,1*77
$GQGSV,1,1,00,1*65
$GAGSV,3,1,11,02,15,288,38,04,57,128,45,06,43,166,44,09,23,185,38,7*7D
$GAGSV,3,2,11,10,59,104,47,11,84,024,43,12,34,109,38,19,32,050,37,7*7B
$GAGSV,3,3,11,25,05,239,33,28,52,083,44,30,06,337,,7*4D
$GBGSV,3,1,09,05,09,111,,07,16,043,30,10,16,055,28,11,11,315,29,1*74
$GBGSV,3,2,09,13,07,146,31,26,01,024,,27,70,204,39,28,34,155,35,1*7D
$GBGSV,3,3,09,30,36,306,36,1*49
$GIGSV,1,1,02,01,,,37,06,24,135,,1*4D
$GPGGA,134518.00,4825.1420524,N,00428.4545893,W,4,21,0.5,89.927,M,51.637,M,3.0,4095*6A
$GPRMC,134518.00,A,4825.1420524,N,00428.4545893,W,0.0,0.0,100626,999.9,E,D*28
$GPGSV,4,1,13,01,39,118,45,02,14,127,40,03,64,055,48,04,56,162,46,1*6B
$GPGSV,4,2,13,06,31,303,41,09,29,195,41,12,03,338,,13,03,338,,1*6A
$GPGSV,4,3,13,17,51,238,46,19,44,289,45,22,00,244,,28,14,043,37,1*6C
$GPGSV,4,4,13,31,18,072,39,1*52
$GSGSV,3,1,10,01,33,195,,02,34,181,41,04,28,145,42,05,29,147,,1*64
$GSGSV,3,2,10,06,33,195,,07,05,106,,08,13,112,,17,34,167,43,1*67
$GSGSV,3,3,10,28,19,125,,39,17,237,,1*68
$GLGSV,2,1,08,68,47,039,45,69,78,202,48,70,25,215,41,76,08,343,,1*77
$GLGSV,2,2,08,77,06,027,,83,38,138,46,84,83,331,47,85,34,320,45,1*74
$GQGSV,1,1,00,1*65
$GAGSV,3,1,11,02,15,288,38,04,57,128,46,06,43,166,44,09,23,185,38,7*7E
$GAGSV,3,2,11,10,59,104,47,11,84,025,43,12,34,109,38,19,32,050,36,7*7B
$GAGSV,3,3,11,25,05,239,34,28,52,083,45,30,06,337,,7*4B
$GBGSV,3,1,09,05,09,111,,07,16,043,30,10,16,055,28,11,11,315,28,1*75
$GBGSV,3,2,09,13,07,146,30,26,01,024,,27,70,204,39,28,34,155,35,1*7C
$GBGSV,3,3,09,30,36,306,36,1*49
$GIGSV,1,1,02,01,,,37,06,24,135,,1*4D
$GPGGA,134519.00,4825.1420518,N,00428.4545870,W,4,21,0.5,89.922,M,51.637,M,2.0,4095*6D
$GPRMC,134519.00,A,4825.1420518,N,00428.4545870,W,0.0,0.0,100626,999.9,E,D*2B
$GPGSV,4,1,13,01,39,118,45,02,14,127,40,03,64,055,48,04,56,162,45,1*68
$GPGSV,4,2,13,06,31,303,41,09,29,195,41,12,03,338,,13,03,338,,1*6A
$GPGSV,4,3,13,17,51,238,46,19,44,289,45,22,00,244,,28,14,043,36,1*6D
$GPGSV,4,4,13,31,18,072,39,1*52
$GSGSV,3,1,10,01,33,195,,02,34,181,41,04,28,145,42,05,29,147,,1*64
$GSGSV,3,2,10,06,33,195,,07,05,106,,08,13,112,,17,34,167,43,1*67
$GSGSV,3,3,10,28,19,125,,39,17,237,,1*68
$GLGSV,2,1,08,68,47,039,45,69,78,202,47,70,25,215,41,76,08,343,,1*78
$GLGSV,2,2,08,77,06,027,,83,38,138,45,84,83,331,46,85,34,320,45,1*76
$GQGSV,1,1,00,1*65
$GAGSV,3,1,11,02,15,288,38,04,57,128,45,06,43,166,44,09,23,185,38,7*7D
$GAGSV,3,2,11,10,59,104,47,11,84,025,42,12,34,109,37,19,32,050,37,7*74
$GAGSV,3,3,11,25,05,239,33,28,52,083,45,30,06,337,,7*4C
$GBGSV,3,1,09,05,09,111,,07,16,043,28,10,16,055,27,11,11,315,29,1*72
$GBGSV,3,2,09,13,07,146,31,26,01,024,,27,70,204,39,28,34,155,35,1*7D
$GBGSV,3,3,09,30,36,306,36,1*49
$GIGSV,1,1,02,01,,,36,06,24,135,,1*4C
$GPGGA,134520.00,4825.1420520,N,00428.4545866,W,4,21,0.5,89.920,M,51.637,M,2.0,4095*69
$GPRMC,134520.00,A,4825.1420520,N,00428.4545866,W,0.0,0.0,100626,999.9,E,D*2D
$GPGSV,4,1,13,01,39,118,45,02,14,127,39,03,64,055,48,04,56,162,46,1*65
$GPGSV,4,2,13,06,31,303,42,09,29,195,41,12,03,338,,13,03,337,,1*66
$GPGSV,4,3,13,17,51,238,46,19,44,289,45,22,00,244,,28,14,043,35,1*6E
$GPGSV,4,4,13,31,18,072,40,1*5C
$GSGSV,3,1,10,01,33,195,,02,34,181,41,04,28,145,42,05,29,147,,1*64
$GSGSV,3,2,10,06,33,195,,07,05,106,,08,13,112,,17,34,167,42,1*66
$GSGSV,3,3,10,28,19,125,,39,17,237,,1*68
$GLGSV,2,1,08,68,47,039,44,69,78,202,48,70,25,215,41,76,08,343,,1*76
$GLGSV,2,2,08,77,06,027,,83,38,138,45,84,83,331,46,85,34,320,44,1*77
$GQGSV,1,1,00,1*65
$GAGSV,3,1,11,02,15,288,37,04,57,128,45,06,43,166,43,09,23,185,38,7*75
$GAGSV,3,2,11,10,59,104,46,11,84,025,43,12,34,109,38,19,32,050,37,7*7B
$GAGSV,3,3,11,25,05,239,34,28,52,083,45,30,06,337,,7*4B
$GBGSV,3,1,09,05,09,111,,07,16,043,30,10,16,055,28,11,11,315,29,1*74
$GBGSV,3,2,09,13,07,146,31,26,01,024,,27,70,204,40,28,34,155,35,1*73
$GBGSV,3,3,09,30,36,306,36,1*49
$GIGSV,1,1,02,01,,,36,06,24,135,,1*4C
$GPGGA,134521.00,4825.1420521,N,00428.4545878,W,4,21,0.5,89.915,M,51.637,M,3.0,4095*61
$GPRMC,134521.00,A,4825.1420521,N,00428.4545878,W,0.0,0.0,100626,999.9,E,D*22
$GPGSV,4,1,13,01,39,118,45,02,14,127,40,03,64,055,48,04,56,162,45,1*68
$GPGSV,4,2,13,06,31,303,42,09,29,195,41,12,03,338,,13,03,337,,1*66
$GPGSV,4,3,13,17,51,238,46,19,44,289,45,22,00,244,,28,14,043,35,1*6E
$GPGSV,4,4,13,31,18,072,40,1*5C
$GSGSV,3,1,10,01,33,195,,02,34,181,41,04,28,145,42,05,29,147,,1*64
$GSGSV,3,2,10,06,33,195,,07,05,106,,08,13,112,,17,34,167,43,1*67
$GSGSV,3,3,10,28,19,125,,39,17,237,,1*68
$GLGSV,2,1,08,68,47,039,45,69,78,202,47,70,25,215,40,76,08,343,,1*79
$GLGSV,2,2,08,77,06,027,,83,38,138,45,84,83,331,46,85,34,321,45,1*77
$GQGSV,1,1,00,1*65
$GAGSV,3,1,11,02,15,288,38,04,57,128,45,06,43,166,44,09,23,185,39,7*7C
$GAGSV,3,2,11,10,59,104,46,11,84,025,43,12,34,109,38,19,32,050,37,7*7B
$GAGSV,3,3,11,25,05,239,34,28,52,083,45,30,06,337,,7*4B
$GBGSV,3,1,09,05,09,111,,07,16,043,29,10,16,055,28,11,11,315,30,1*74
$GBGSV,3,2,09,13,07,146,31,26,01,024,,27,70,204,40,28,34,155,35,1*73
$GBGSV,3,3,09,30,36,306,36,1*49
$GIGSV,1,1,02,01,,,36,06,24,135,,1*4C
$GPGGA,134522.00,4825.1420520,N,00428.4545877,W,4,21,0.5,89.918,M,51.637,M,2.0,4095*60
$GPRMC,134522.00,A,4825.1420520,N,00428.4545877,W,0.0,0.0,100626,999.9,E,D*2F
$GPGSV,4,1,13,01,39,119,45,02,14,127,40,03,64,055,47,04,56,162,45,1*66
$GPGSV,4,2,13,06,31,303,42,09,29,195,41,12,03,338,,13,03,337,,1*66
$GPGSV,4,3,13,17,51,238,47,19,44,289,45,22,00,244,,28,14,043,36,1*6C
$GPGSV,4,4,13,31,18,072,40,1*5C
$GSGSV,3,1,10,01,33,195,,02,34,181,41,04,28,145,41,05,29,147,,1*67
$GSGSV,3,2,10,06,33,195,,07,05,106,,08,13,112,,17,34,167,42,1*66
$GSGSV,3,3,10,28,19,125,,39,17,237,,1*68
$GLGSV,2,1,08,68,47,039,45,69,78,202,47,70,25,215,41,76,08,343,,1*78
$GLGSV,2,2,08,77,06,027,,83,38,138,45,84,83,331,47,85,34,321,45,1*76
$GQGSV,1,1,00,1*65
$GAGSV,3,1,11,02,15,288,38,04,57,128,46,06,43,166,44,09,23,185,39,7*7F
$GAGSV,3,2,11,10,59,104,47,11,84,025,43,12,34,109,38,19,32,050,36,7*7B
$GAGSV,3,3,11,25,05,239,35,28,52,083,44,30,06,337,,7*4B
$GBGSV,3,1,09,05,09,111,,07,16,043,29,10,16,055,27,11,11,315,29,1*73
$GBGSV,3,2,09,13,07,146,32,26,01,024,,27,70,204,40,28,34,155,35,1*70
$GBGSV,3,3,09,30,36,306,36,1*49
$GIGSV,1,1,02,01,,,36,06,24,135,,1*4C
$GPGGA,134523.00,4825.1420522,N,00428.4545871,W,4,22,0.5,89.923,M,51.637,M,2.0,4095*6E
$GPRMC,134523.00,A,4825.1420522,N,00428.4545871,W,0.0,0.0,100626,999.9,E,D*2A
$GPGSV,4,1,13,01,39,119,46,02,14,127,40,03,64,055,48,04,56,162,44,1*6B
$GPGSV,4,2,13,06,31,303,42,09,29,195,41,12,03,338,,13,03,337,,1*66
$GPGSV,4,3,13,17,51,238,46,19,44,289,45,22,00,244,,28,14,043,35,1*6E
$GPGSV,4,4,13,31,18,072,40,1*5C
$GSGSV,3,1,10,01,33,195,,02,34,181,40,04,28,145,41,05,29,147,,1*66
$GSGSV,3,2,10,06,33,195,,07,05,106,,08,13,112,,17,34,167,42,1*66
$GSGSV,3,3,10,28,19,125,,39,17,237,,1*68
$GLGSV,2,1,08,68,47,039,45,69,78,202,47,70,25,215,41,76,08,343,,1*78
$GLGSV,2,2,08,77,06,027,,83,38,138,45,84,83,331,47,85,34,321,44,1*77
$GQGSV,1,1,00,1*65
$GAGSV,3,1,11,02,15,288,38,04,57,128,46,06,43,166,43,09,23,185,38,7*79
$GAGSV,3,2,11,10,59,104,46,11,84,025,43,12,34,109,38,19,32,050,37,7*7B
$GAGSV,3,3,11,25,05,239,34,28,52,083,44,30,06,337,,7*4A
$GBGSV,3,1,09,05,09,111,,07,16,043,29,10,16,055,28,11,11,315,29,1*7C
$GBGSV,3,2,09,13,07,146,32,26,01,024,,27,70,204,39,28,34,155,35,1*7E
$GBGSV,3,3,09,30,36,306,35,1*4A
$GIGSV,1,1,02,01,,,36,06,24,135,,1*4C
$GPGGA,134524.00,4825.1420514,N,00428.4545862,W,4,22,0.5,89.923,M,51.637,M,2.0,4095*6E
$GPRMC,134524.00,A,4825.1420514,N,00428.4545862,W,0.0,0.0,100626,999.9,E,D*2A
$GPGSV,4,1,13,01,39,119,45,02,14,127,40,03,64,055,48,04,56,162,45,1*69
$GPGSV,4,2,13,06,31,303,41,09,29,195,41,12,03,338,,13,03,337,,1*65
$GPGSV,4,3,13,17,51,238,46,19,44,289,45,22,00,244,,28,14,043,35,1*6E
$GPGSV,4,4,13,31,18,072,39,1*52
$GSGSV,3,1,10,01,33,195,,02,34,181,41,04,28,145,41,05,29,147,,1*67
$GSGSV,3,2,10,06,33,195,,07,05,106,,08,13,112,,17,34,167,42,1*66
$GSGSV,3,3,10,28,19,125,,39,17,237,,1*68
$GLGSV,2,1,08,68,47,039,45,69,78,202,47,70,25,215,41,76,08,343,,1*78
$GLGSV,2,2,08,77,06,027,,83,38,138,45,84,83,331,47,85,34,321,45,1*76
$GQGSV,1,1,00,1*65
$GAGSV,3,1,11,02,15,288,37,04,57,128,46,06,43,166,43,09,23,185,38,7*76
$GAGSV,3,2,11,10,59,104,46,11,84,025,43,12,34,109,38,19,32,050,37,7*7B
$GAGSV,3,3,11,25,05,239,34,28,52,083,44,30,06,337,,7*4A
$GBGSV,3,1,09,05,09,111,,07,16,043,30,10,16,055,28,11,11,315,28,1*75
$GBGSV,3,2,09,13,07,146,32,26,01,024,,27,70,204,39,28,34,155,35,1*7E
$GBGSV,3,3,09,30,36,306,35,1*4A
$GIGSV,1,1,02,01,,,36,06,24,135,,1*4C
$GPGGA,134525.00,4825.1420518,N,00428.4545878,W,4,22,0.5,89.920,M,51.637,M,3.0,4095*6A
$GPRMC,134525.00,A,4825.1420518,N,00428.4545878,W,0.0,0.0,100626,999.9,E,D*2C
$GPGSV,4,1,13,01,39,119,45,02,14,127,40,03,64,055,48,04,56,162,45,1*69
$GPGSV,4,2,13,06,31,303,41,09,29,195,42,12,03,338,,13,03,337,,1*66
$GPGSV,4,3,13,17,51,238,46,19,44,289,45,22,00,244,,28,14,043,35,1*6E
$GPGSV,4,4,13,31,18,072,39,1*52
$GSGSV,3,1,10,01,33,195,,02,34,181,41,04,28,145,42,05,29,147,,1*64
$GSGSV,3,2,10,06,33,195,,07,05,106,,08,13,112,,17,34,167,43,1*67
$GSGSV,3,3,10,28,19,125,,39,17,237,,1*68
$GLGSV,2,1,08,68,47,039,45,69,78,202,47,70,25,215,41,76,08,343,,1*78
$GLGSV,2,2,08,77,06,027,,83,38,138,46,84,83,331,47,85,34,321,45,1*75
$GQGSV,1,1,00,1*65
$GAGSV,3,1,11,02,15,288,37,04,57,128,46,06,43,166,43,09,23,185,39,7*77
$GAGSV,3,2,11,10,59,104,46,11,84,025,43,12,34,109,38,19,32,050,37,7*7B
$GAGSV,3,3,11,25,05,239,34,28,52,083,44,30,06,337,,7*4A
$GBGSV,3,1,09,05,09,111,,07,16,043,29,10,16,055,28,11,11,315,30,1*74
$GBGSV,3,2,09,13,07,146,32,26,01,024,,27,70,204,39,28,34,155,35,1*7E
$GBGSV,3,3,09,30,36,306,35,1*4A
$GIGSV,1,1,02,01,,,36,06,24,135,,1*4C
$GPGGA,134526.00,4825.1420512,N,00428.4545882,W,4,22,0.5,89.920,M,51.637,M,1.0,4095*64
$GPRMC,134526.00,A,4825.1420512,N,00428.4545882,W,0.0,0.0,100626,999.9,E,D*20
$GPGSV,4,1,13,01,39,119,45,02,14,127,40,03,64,055,48,04,56,162,45,1*69
$GPGSV,4,2,13,06,31,303,42,09,29,195,41,12,03,338,,13,03,337,,1*66
$GPGSV,4,3,13,17,51,238,46,19,44,289,46,22,00,244,,28,14,043,36,1*6E
$GPGSV,4,4,13,31,18,072,40,1*5C
$GSGSV,3,1,10,01,33,195,,02,34,181,41,04,28,145,42,05,29,147,,1*64
$GSGSV,3,2,10,06,33,195,,07,05,106,,08,13,112,,17,34,167,42,1*66
$GSGSV,3,3,10,28,19,125,,39,17,237,,1*68
$GLGSV,2,1,08,68,47,039,45,69,78,202,48,70,25,215,41,76,08,343,,1*77
$GLGSV,2,2,08,77,06,027,,83,38,138,45,84,83,331,47,85,34,321,45,1*76
$GQGSV,1,1,00,1*65
$GAGSV,3,1,11,02,15,288,38,04,57,128,46,06,43,166,44,09,23,185,38,7*7E
$GAGSV,3,2,11,10,59,104,46,11,84,025,43,12,34,109,38,19,32,050,37,7*7B
$GAGSV,3,3,11,25,05,239,34,28,52,083,45,30,06,337,,7*4B
$GBGSV,3,1,09,05,09,111,,07,16,043,29,10,16,055,27,11,11,315,30,1*7B
$GBGSV,3,2,09,13,07,146,33,26,01,024,,27,70,204,39,28,34,155,35,1*7F
$GBGSV,3,3,09,30,36,306,36,1*49
$GIGSV,1,1,02,01,,,36,06,24,135,,1*4C
$GPGGA,134527.00,4825.1420515,N,00428.4545869,W,4,22,0.5,89.923,M,51.637,M,2.0,4095*67
$GPRMC,134527.00,A,4825.1420515,N,00428.4545869,W,0.0,0.0,100626,999.9,E,D*23
$GPGSV,4,1,13,01,39,119,45,02,14,127,40,03,64,055,48,04,56,162,45,1*69
$GPGSV,4,2,13,06,31,303,41,09,29,195,41,12,03,338,,13,03,337,,1*65
$GPGSV,4,3,13,17,51,238,46,19,44,289,45,22,00,244,,28,14,043,35,1*6E
$GPGSV,4,4,13,31,18,072,39,1*52
$GSGSV,3,1,10,01,33,195,,02,34,181,42,04,28,145,42,05,29,147,,1*67
$GSGSV,3,2,10,06,33,195,,07,05,106,,08,13,112,,17,34,167,42,1*66
$GSGSV,3,3,10,28,19,125,,39,17,237,,1*68
$GLGSV,2,1,08,68,47,039,45,69,78,202,48,70,25,215,41,76,08,343,,1*77
$GLGSV,2,2,08,77,06,027,,83,38,138,45,84,83,331,47,85,34,321,45,1*76
$GQGSV,1,1,00,1*65
$GAGSV,3,1,11,02,15,288,38,04,57,128,46,06,43,166,44,09,23,185,38,7*7E
$GAGSV,3,2,11,10,59,104,46,11,84,025,43,12,34,109,38,19,32,050,36,7*7A
$GAGSV,3,3,11,25,05,239,34,28,52,083,45,30,06,337,,7*4B
$GBGSV,3,1,09,05,09,111,,07,16,043,30,10,16,055,27,11,11,315,29,1*7B
$GBGSV,3,2,09,13,07,146,33,26,01,024,,27,70,204,40,28,34,155,35,1*71
$GBGSV,3,3,09,30,36,306,36,1*49
$GIGSV,1,1,02,01,,,36,06,24,135,,1*4C
$GPGGA,134528.00,4825.1420505,N,00428.4545883,W,4,22,0.5,89.923,M,51.637,M,2.0,4095*6D
$GPRMC,134528.00,A,4825.1420505,N,00428.4545883,W,0.0,0.0,100626,999.9,E,D*29
$GPGSV,4,1,13,01,39,119,46,02,14,127,40,03,64,055,48,04,56,162,45,1*6A
$GPGSV,4,2,13,06,31,303,42,09,29,195,41,12,03,338,,13,03,337,,1*66
$GPGSV,4,3,13,17,51,238,46,19,44,289,46,22,00,244,,28,14,043,34,1*6C
$GPGSV,4,4,13,31,18,072,38,1*53
$GSGSV,3,1,10,01,33,195,,02,34,181,41,04,28,145,42,05,29,147,,1*64
$GSGSV,3,2,10,06,33,195,,07,05,106,,08,13,112,,17,34,167,42,1*66
$GSGSV,3,3,10,28,19,125,,39,17,237,,1*68
$GLGSV,2,1,08,68,47,039,45,69,78,202,47,70,25,215,41,76,08,343,,1*78
$GLGSV,2,2,08,77,06,027,,83,38,138,46,84,83,331,47,85,34,321,45,1*75
$GQGSV,1,1,00,1*65
$GAGSV,3,1,11,02,15,288,37,04,57,128,46,06,43,166,44,09,23,185,38,7*71
$GAGSV,3,2,11,10,59,104,47,11,84,025,42,12,34,109,38,19,32,050,36,7*7A
$GAGSV,3,3,11,25,05,239,34,28,52,083,44,30,06,337,,7*4A
$GBGSV,3,1,09,05,09,111,,07,16,043,30,10,16,055,27,11,11,315,28,1*7A
$GBGSV,3,2,09,13,07,146,33,26,01,024,,27,70,204,40,28,34,155,35,1*71
$GBGSV,3,3,09,30,37,306,36,1*48
$GIGSV,1,1,02,01,,,36,06,24,135,,1*4C
$GPGGA,134529.00,4825.1420511,N,00428.4545868,W,4,22,0.5,89.920,M,51.637,M,3.0,4095*6E
$GPRMC,134529.00,A,4825.1420511,N,00428.4545868,W,0.0,0.0,100626,999.9,E,D*28
$GPGSV,4,1,13,01,39,119,46,02,14,127,40,03,64,055,48,04,56,162,45,1*6A
$GPGSV,4,2,13,06,31,303,42,09,29,195,41,12,03,338,,13,03,337,,1*66
$GPGSV,4,3,13,17,51,238,46,19,44,289,46,22,00,244,,28,14,043,34,1*6C
$GPGSV,4,4,13,31,18,072,39,1*52
$GSGSV,3,1,10,01,33,195,,02,34,181,41,04,28,145,42,05,29,147,,1*64
$GSGSV,3,2,10,06,33,195,,07,05,106,,08,13,112,,17,34,167,42,1*66
$GSGSV,3,3,10,28,19,125,,39,17,237,,1*68
$GLGSV,2,1,08,68,47,039,46,69,78,202,48,70,25,215,42,76,08,343,,1*77
$GLGSV,2,2,08,77,06,027,,83,38,138,45,84,83,331,47,85,34,321,45,1*76
$GQGSV,1,1,00,1*65
$GAGSV,3,1,11,02,15,288,38,04,57,128,46,06,43,166,44,09,23,185,39,7*7F
$GAGSV,3,2,11,10,59,104,47,11,84,025,43,12,34,109,38,19,32,050,36,7*7B
$GAGSV,3,3,11,25,05,239,35,28,52,083,44,30,06,337,,7*4B
$GBGSV,3,1,09,05,09,111,,07,16,043,29,10,16,055,27,11,11,315,29,1*73
$GBGSV,3,2,09,13,07,146,34,26,01,024,,27,70,204,40,28,34,155,36,1*75
$GBGSV,3,3,09,30,37,306,35,1*4B
$GIGSV,1,1,02,01,,,36,06,24,135,,1*4C
$GPGGA,134530.00,4825.1420509,N,00428.4545854,W,4,22,0.5,89.921,M,51.637,M,2.0,4095*60
$GPRMC,134530.00,A,4825.1420509,N,00428.4545854,W,0.0,0.0,100626,999.9,E,D*26
$GPGSV,4,1,13,01,39,119,46,02,14,127,40,03,64,055,48,04,56,162,45,1*6A
$GPGSV,4,2,13,06,31,303,42,09,29,195,41,12,03,338,,13,03,337,,1*66
$GPGSV,4,3,13,17,51,238,46,19,44,289,46,22,00,244,,28,14,043,35,1*6D
$GPGSV,4,4,13,31,18,072,39,1*52
$GSGSV,3,1,10,01,33,195,,02,34,181,41,04,28,145,41,05,29,147,,1*67
$GSGSV,3,2,10,06,33,195,,07,05,106,,08,13,112,,17,34,167,42,1*66
$GSGSV,3,3,10,28,19,125,,39,17,237,,1*68
$GLGSV,2,1,08,68,47,039,45,69,78,202,48,70,25,215,42,76,08,343,,1*74
$GLGSV,2,2,08,77,06,027,,83,38,138,45,84,83,331,47,85,34,321,45,1*76
$GQGSV,1,1,00,1*65
$GAGSV,3,1,11,02,15,288,38,04,57,128,46,06,43,166,44,09,23,185,39,7*7F
$GAGSV,3,2,11,10,59,104,46,11,84,025,43,12,34,109,38,19,32,050,36,7*7A
$GAGSV,3,3,11,25,05,239,34,28,52,083,44,30,06,337,,7*4A
$GBGSV,3,1,09,05,09,111,,07,16,043,29,10,16,055,27,11,11,315,29,1*73
$GBGSV,3,2,09,13,07,146,33,26,01,024,,27,70,204,40,28,34,155,36,1*72
$GBGSV,3,3,09,30,37,306,36,1*48
$GIGSV,1,1,02,01,,,36,06,24,135,,1*4C
$GPGGA,134531.00,4825.1420499,N,00428.4545877,W,4,22,0.5,89.924,M,51.637,M,2.0,4095*6D
$GPRMC,134531.00,A,4825.1420499,N,00428.4545877,W,0.0,0.0,100626,999.9,E,D*2E
$GPGSV,4,1,13,01,39,119,46,02,14,127,40,03,64,055,48,04,56,162,45,1*6A
$GPGSV,4,2,13,06,31,303,42,09,29,195,41,12,03,338,,13,03,337,,1*66
$GPGSV,4,3,13,17,51,238,46,19,44,289,46,22,00,244,,28,14,043,35,1*6D
$GPGSV,4,4,13,31,18,072,39,1*52
$GSGSV,3,1,10,01,33,195,,02,34,181,41,04,28,145,42,05,29,147,,1*64
$GSGSV,3,2,10,06,33,195,,07,05,106,,08,13,112,,17,34,167,42,1*66
$GSGSV,3,3,10,28,19,125,,39,17,237,,1*68
$GLGSV,2,1,08,68,47,039,45,69,78,202,48,70,25,215,42,76,08,343,,1*74
$GLGSV,2,2,08,77,06,027,,83,38,138,45,84,83,331,47,85,34,321,45,1*76
$GQGSV,1,1,00,1*65
$GAGSV,3,1,11,02,15,288,37,04,57,128,46,06,43,166,44,09,23,185,39,7*70
$GAGSV,3,2,11,10,59,104,46,11,84,025,42,12,34,109,38,19,32,050,37,7*7A
$GAGSV,3,3,11,25,05,239,34,28,52,083,44,30,06,337,,7*4A
$GBGSV,3,1,09,05,09,111,,07,16,043,29,10,16,055,27,11,11,315,29,1*73
$GBGSV,3,2,09,13,07,146,33,26,01,024,,27,70,204,40,28,34,155,36,1*72
$GBGSV,3,3,09,30,37,306,36,1*48
$GIGSV,1,1,02,01,,,36,06,24,135,,1*4C
$GPGGA,134532.00,4825.1420502,N,00428.4545890,W,4,22,0.5,89.921,M,51.637,M,2.0,4095*61
$GPRMC,134532.00,A,4825.1420502,N,00428.4545890,W,0.0,0.0,100626,999.9,E,D*27
$GPGSV,4,1,13,01,39,119,46,02,14,127,39,03,64,055,48,04,56,162,45,1*64
$GPGSV,4,2,13,06,31,303,41,09,29,195,41,12,03,338,,13,03,337,,1*65
$GPGSV,4,3,13,17,51,238,46,19,44,289,46,22,00,244,,28,14,043,35,1*6D
$GPGSV,4,4,13,31,18,072,39,1*52
$GSGSV,3,1,10,01,33,195,,02,34,181,41,04,28,145,42,05,29,147,,1*64
$GSGSV,3,2,10,06,33,195,,07,05,106,,08,13,112,,17,34,167,43,1*67
$GSGSV,3,3,10,28,19,125,,39,17,237,,1*68
$GLGSV,2,1,08,68,47,039,45,69,78,202,48,70,25,215,42,76,08,343,,1*74
$GLGSV,2,2,08,77,06,027,,83,38,138,45,84,83,331,47,85,34,321,45,1*76
$GQGSV,1,1,00,1*65
$GAGSV,3,1,11,02,15,288,37,04,57,128,46,06,43,166,43,09,23,185,39,7*77
$GAGSV,3,2,11,10,59,104,47,11,84,025,43,12,34,109,38,19,32,050,36,7*7B
$GAGSV,3,3,11,25,05,239,34,28,52,083,44,30,06,337,,7*4A
$GBGSV,3,1,09,05,09,111,,07,16,043,29,10,16,055,27,11,11,315,29,1*73
$GBGSV,3,2,09,13,07,146,33,26,01,024,,27,70,204,40,28,34,155,36,1*72
$GBGSV,3,3,09,30,37,306,36,1*48
$GIGSV,1,1,02,01,,,36,06,24,135,,1*4C
$GPGGA,134533.00,4825.1420501,N,00428.4545895,W,4,22,0.5,89.924,M,51.637,M,3.0,4095*62
$GPRMC,134533.00,A,4825.1420501,N,00428.4545895,W,0.0,0.0,100626,999.9,E,D*20
$GPGSV,4,1,13,01,39,119,45,02,14,127,39,03,64,055,48,04,56,162,46,1*64
$GPGSV,4,2,13,06,31,303,41,09,29,195,41,12,03,338,,13,03,337,,1*65
$GPGSV,4,3,13,17,51,238,46,19,44,289,46,22,00,244,,28,14,043,36,1*6E
$GPGSV,4,4,13,31,18,072,39,1*52
$GSGSV,3,1,10,01,33,195,,02,34,181,41,04,28,145,42,05,29,147,,1*64
$GSGSV,3,2,10,06,33,195,,07,05,106,,08,13,112,,17,34,167,42,1*66
$GSGSV,3,3,10,28,19,125,,39,17,237,,1*68
$GLGSV,2,1,08,68,47,039,46,69,78,202,48,70,25,215,42,76,08,343,,1*77
$GLGSV,2,2,08,77,06,027,,83,37,138,45,84,83,331,47,85,34,321,45,1*79
$GQGSV,1,1,00,1*65
$GAGSV,3,1,11,02,15,288,37,04,57,128,46,06,43,166,43,09,24,185,39,7*70
$GAGSV,3,2,11,10,59,104,47,11,84,025,43,12,34,110,38,19,32,050,36,7*73
$GAGSV,3,3,11,25,05,239,34,28,52,083,44,30,06,337,,7*4A
$GBGSV,3,1,09,05,09,111,,07,16,043,29,10,16,055,27,11,11,315,30,1*7B
$GBGSV,3,2,09,13,07,146,34,26,01,024,,27,70,204,40,28,34,155,35,1*76
$GBGSV,3,3,09,30,37,306,36,1*48
$GIGSV,1,1,02,01,,,35,06,24,135,,1*4F
$GPGGA,134534.00,4825.1420503,N,00428.4545905,W,4,22,0.5,89.927,M,51.637,M,2.0,4095*6D
$GPRMC,134534.00,A,4825.1420503,N,00428.4545905,W,0.0,0.0,100626,999.9,E,D*2D
$GPGSV,4,1,13,01,39,119,45,02,14,127,39,03,64,055,48,04,56,162,46,1*64
$GPGSV,4,2,13,06,31,303,42,09,29,195,41,12,03,338,,13,03,337,,1*66
$GPGSV,4,3,13,17,51,238,46,19,44,289,45,22,00,244,,28,14,043,35,1*6E
$GPGSV,4,4,13,31,18,072,39,1*52
$GSGSV,3,1,10,01,33,195,,02,34,181,41,04,28,145,42,05,29,147,,1*64
$GSGSV,3,2,10,06,33,195,,07,05,106,,08,13,112,,17,34,167,43,1*67
$GSGSV,3,3,10,28,19,125,,39,17,237,,1*68
$GLGSV,2,1,08,68,47,039,46,69,78,202,48,70,25,215,42,76,08,343,,1*77
$GLGSV,2,2,08,77,06,027,,83,37,138,45,84,84,331,47,85,34,321,45,1*7E
$GQGSV,1,1,00,1*65
$GAGSV,3,1,11,02,15,288,36,04,57,128,46,06,43,166,44,09,24,185,39,7*76
$GAGSV,3,2,11,10,59,104,47,11,84,026,42,12,34,110,38,19,32,050,37,7*70
$GAGSV,3,3,11,25,05,239,35,28,52,083,44,30,06,337,,7*4B
$GBGSV,3,1,09,05,09,111,,07,16,043,29,10,16,055,27,11,11,315,30,1*7B
$GBGSV,3,2,09,13,07,146,34,26,01,024,,27,70,204,40,28,34,155,36,1*75
$GBGSV,3,3,09,30,37,306,35,1*4B
$GIGSV,1,1,02,01,,,36,06,24,135,,1*4C
$GPGGA,134535.00,4825.1420506,N,00428.4545888,W,4,22,0.5,89.924,M,51.637,M,1.0,4095*6D
$GPRMC,134535.00,A,4825.1420506,N,00428.4545888,W,0.0,0.0,100626,999.9,E,D*2D
$GPGSV,4,1,13,01,39,119,45,02,14,127,39,03,64,055,48,04,56,162,45,1*67
$GPGSV,4,2,13,06,31,303,41,09,29,195,41,12,03,338,,13,03,337,,1*65
$GPGSV,4,3,13,17,51,238,45,19,44,289,46,22,00,244,,28,14,043,35,1*6E
$GPGSV,4,4,13,31,18,071,40,1*5F
$GSGSV,3,1,10,01,33,195,,02,34,181,41,04,28,145,42,05,29,147,,1*64
$GSGSV,3,2,10,06,33,195,,07,05,106,,08,13,112,,17,34,167,43,1*67
$GSGSV,3,3,10,28,19,125,,39,17,237,,1*68
$GLGSV,2,1,08,68,47,039,46,69,78,,3,2,10,06,33,195,,07,05,106,,08,13,112,,17,34,167,42,1*66
$GSGSV,3,3,10,28,19,125,,39,17,237,,1*68
$GLGSV,2,1,08,68,47,039,46,69,78,202,48,70,25,215,42,76,08,343,,1*77
$GLGSV,2,2,08,77,06,027,,83,37,138,45,84,84,331,47,85,34,321,45,1*7E
$GQGSV,1,1,00,1*65
$GAGSV,3,1,11,02,15,288,36,04,57,128,46,06,43,166,44,09,24,185,38,7*77
$GAGSV,3,2,11,10,59,104,47,11,84,026,42,12,34,110,38,19,32,050,36,7*71
$GAGSV,3,3,11,25,05,238,35,28,52,083,45,30,06,337,,7*4B
$GBGSV,3,1,09,05,09,111,,07,16,043,29,10,16,055,28,11,11,315,30,1*74
$GBGSV,3,2,09,13,07,146,34,26,01,024,,27,70,204,40,28,34,155,36,1*75
$GBGSV,3,3,09,30,37,306,35,1*4B
$GIGSV,1,1,02,01,,,36,06,24,135,,1*4C
$GPGGA,134611.00,4825.1420517,N,00428.4545880,W,4,21,0.5,89.919,M,51.637,M,1.0,4095*6D
$GPRMC,134611.00,A,4825.1420517,N,00428.4545880,W,0.0,0.0,100626,999.9,E,D*20
$GPGSV,3,1,12,01,39,119,45,02,14,127,38,03,63,055,48,04,56,162,45,1*67
$GPGSV,3,2,12,06,31,303,41,09,30,195,41,12,03,337,,13,03,337,,1*64
$GPGSV,3,3,12,17,51,238,46,19,45,288,46,28,14,043,36,31,18,071,40,1*63
$GSGSV,3,1,10,01,33,195,,02,34,181,41,04,28,145,41,05,29,147,,1*67
$GSGSV,3,2,10,06,33,195,,07,05,106,,08,13,112,,17,34,167,43,1*67
$GSGSV,3,3,10,28,19,125,,39,17,237,,1*68
$GLGSV,2,1,08,68,46,039,45,69,78,202,48,70,25,215,41,76,08,342,,1*77
$GLGSV,2,2,08,77,06,027,,83,37,138,45,84,84,331,46,85,34,321,45,1*7F
$GQGSV,1,1,00,1*65
$GAGSV,3,1,11,02,14,288,37,04,58,128,45,06,44,166,44,09,24,185,38,7*7C
$GAGSV,3,2,11,10,58,104,47,11,84,028,43,12,34,110,37,19,32,050,36,7*70
$GAGSV,3,3,11,25,05,238,35,28,52,083,45,30,06,337,,7*4B
$GBGSV,3,1,09,05,09,111,,07,16,043,29,10,16,055,28,11,11,315,30,1*74
$GBGSV,3,2,09,13,07,146,34,26,01,024,,27,70,203,39,28,33,155,35,1*78
$GBGSV,3,3,09,30,37,306,36,1*48
$GIGSV,1,1,02,01,,,35,06,24,135,,1*4F
$GPGGA,134612.00,4825.1420514,N,00428.4545879,W,4,21,0.5,89.924,M,51.637,M,1.0,4095*65
$GPRMC,134612.00,A,4825.1420514,N,00428.4545879,W,0.0,0.0,100626,999.9,E,D*26
$GPGSV,3,1,12,01,39,119,45,02,14,127,37,03,63,055,48,04,56,162,45,1*68
$GPGSV,3,2,12,06,31,303,40,09,30,195,41,12,03,337,,13,03,337,,1*65
$GPGSV,3,3,12,17,51,238,47,19,45,288,45,28,14,043,36,31,18,071,40,1*61
$GSGSV,3,1,10,01,33,195,,02,34,181,41,04,28,145,41,05,29,147,,1*67
$GSGSV,3,2,10,06,33,195,,07,05,106,,08,13,112,,17,34,167,42,1*66
$GSGSV,3,3,10,28,19,125,,39,17,237,,1*68
$GLGSV,2,1,08,68,46,039,44,69,78,202,47,70,25,215,40,76,08,342,,1*78
$GLGSV,2,2,08,77,06,027,,83,37,138,45,84,84,331,46,85,34,321,44,1*7E
$GQGSV,1,1,00,1*65
$GAGSV,3,1,11,02,14,288,36,04,58,128,45,06,44,166,44,09,24,185,38,7*7D
$GAGSV,3,2,11,10,58,104,47,11,84,028,43,12,34,110,37,19,32,050,37,7*71
$GAGSV,3,3,11,25,05,238,34,28,52,083,45,30,06,337,,7*4A
$GBGSV,3,1,09,05,09,111,,07,16,043,29,10,16,055,28,11,11,315,31,1*75
$GBGSV,3,2,09,13,07,146,33,26,01,024,,27,70,203,39,28,33,155,35,1*7F
$GBGSV,3,3,09,30,37,306,35,1*4B
$GIGSV,1,1,02,01,,,35,06,24,135,,1*4F
$GPGGA,134613.00,4825.1420511,N,00428.4545868,W,4,21,0.5,89.924,M,51.637,M,2.0,4095*62
$GPRMC,134613.00,A,4825.1420511,N,00428.4545868,W,0.0,0.0,100626,999.9,E,D*22
$GPGSV,3,1,12,01,39,119,45,02,14,127,37,03,63,055,48,04,56,162,45,1*68
$GPGSV,3,2,12,06,31,303,41,09,30,195,41,12,03,337,,13,03,337,,1*64
$GPGSV,3,3,12,17,51,238,47,19,45,288,44,28,14,043,37,31,18,071,40,1*61
$GSGSV,3,1,10,01,33,195,,02,34,181,41,04,28,145,41,05,29,147,,1*67
$GSGSV,3,2,10,06,33,195,,07,05,106,,08,13,112,,17,34,167,42,1*66
$GSGSV,3,3,10,28,19,125,,39,17,237,,1*68
$GLGSV,2,1,08,68,46,039,45,69,78,202,47,70,25,215,40,76,08,342,,1*79
$GLGSV,2,2,08,77,06,027,,83,37,138,44,84,84,331,46,85,34,321,45,1*7E
$GQGSV,1,1,00,1*65
$GAGSV,3,1,11,02,14,288,37,04,58,128,46,06,44,166,44,09,24,185,38,7*7F
$GAGSV,3,2,11,10,58,104,47,11,84,028,43,12,34,110,37,19,32,050,37,7*71
$GAGSV,3,3,11,25,05,238,34,28,52,083,44,30,06,337,,7*4B
$GBGSV,3,1,09,05,09,111,,07,16,043,29,10,16,055,28,11,11,315,31,1*75
$GBGSV,3,2,09,13,07,146,33,26,01,024,,27,70,203,39,28,33,155,34,1*7E
$GBGSV,3,3,09,30,37,306,36,1*48
$GIGSV,1,1,02,01,,,35,06,24,135,,1*4F
$GPGGA,134614.00,4825.1420519,N,00428.4545857,W,4,21,0.5,89.923,M,51.637,M,1.0,4095*65
$GPRMC,134614.00,A,4825.1420519,N,00428.4545857,W,0.0,0.0,100626,999.9,E,D*21
$GPGSV,3,1,12,01,39,119,45,02,14,127,37,03,63,055,48,04,56,162,44,1*69
$GPGSV,3,2,12,06,31,303,40,09,30,195,41,12,03,337,,13,03,337,,1*65
$GPGSV,3,3,12,17,51,238,47,19,45,288,45,28,14,042,37,31,18,071,40,1*61
$GSGSV,3,1,10,01,33,195,,02,34,181,41,04,28,145,41,05,29,147,,1*67
$GSGSV,3,2,10,06,33,195,,07,05,106,,08,13,112,,17,34,167,42,1*66
$GSGSV,3,3,10,28,19,125,,39,17,237,,1*68
$GLGSV,2,1,08,68,46,039,45,69,78,202,47,70,25,215,41,76,08,342,,1*78
$GLGSV,2,2,08,77,06,027,,83,37,138,44,84,84,331,46,85,34,321,45,1*7E
$GQGSV,1,1,00,1*65
$GAGSV,3,1,11,02,14,288,37,04,58,128,46,06,44,166,44,09,24,185,38,7*7F
$GAGSV,3,2,11,10,58,104,46,11,84,028,43,12,34,110,37,19,32,050,36,7*71
$GAGSV,3,3,11,25,05,238,35,28,52,083,45,30,06,337,,7*4B
$GBGSV,3,1,09,05,09,111,,07,16,043,29,10,16,055,28,11,11,315,31,1*75
$GBGSV,3,2,09,13,07,146,33,26,01,024,,27,70,203,40,28,33,155,35,1*71
$GBGSV,3,3,09,30,37,306,36,1*48
$GIGSV,1,1,02,01,,,35,06,24,135,,1*4F
$GPGGA,134615.00,4825.1420514,N,00428.4545897,W,4,21,0.5,89.914,M,51.637,M,1.0,4095*61
$GPRMC,134615.00,A,4825.1420514,N,00428.4545897,W,0.0,0.0,100626,999.9,E,D*21
$GPGSV,3,1,12,01,39,119,45,02,14,127,37,03,63,055,48,04,56,162,44,1*69
$GPGSV,3,2,12,06,31,303,39,09,30,195,41,12,03,337,,13,03,337,,1*6B
$GPGSV,3,3,12,17,51,238,47,19,45,288,44,28,14,042,37,31,18,071,39,1*6E
$GSGSV,3,1,10,01,33,195,,02,34,181,41,04,28,145,41,05,29,147,,1*67
$GSGSV,3,2,10,06,33,195,,07,05,106,,08,13,112,,17,34,167,42,1*66
$GSGSV,3,3,10,28,19,125,,39,17,237,,1*68
$GLGSV,2,1,08,68,46,039,44,69,78,202,47,70,25,215,41,76,08,342,,1*79
$GLGSV,2,2,08,77,06,027,,83,37,138,44,84,84,331,46,85,34,321,45,1*7E
$GQGSV,1,1,00,1*65
$GAGSV,3,1,11,02,14,288,37,04,58,128,45,06,44,166,43,09,24,185,38,7*7B
$GAGSV,3,2,11,10,58,104,46,11,84,028,42,12,34,110,37,19,32,050,37,7*71
$GAGSV,3,3,11,25,05,238,35,28,52,083,45,30,06,337,,7*4B
$GBGSV,3,1,09,05,09,111,,07,16,043,29,10,16,055,28,11,11,315,31,1*75
$GBGSV,3,2,09,13,07,146,32,26,01,024,,27,70,203,39,28,33,155,35,1*7E
$GBGSV,3,3,09,30,37,306,36,1*48
$GIGSV,1,1,02,01,,,36,06,24,135,,1*4C
$GPGGA,134616.00,4825.1420521,N,00428.4545896,W,4,21,0.5,89.911,M,51.637,M,2.0,4095*63
$GPRMC,134616.00,A,4825.1420521,N,00428.4545896,W,0.0,0.0,100626,999.9,E,D*25
$GPGSV,3,1,12,01,39,119,45,02,14,127,36,03,63,055,48,04,56,162,44,1*68
$GPGSV,3,2,12,06,31,303,39,09,30,195,41,12,03,337,,13,03,337,,1*6B
$GPGSV,3,3,12,17,51,238,47,19,45,288,45,28,14,042,37,31,18,071,40,1*61
$GSGSV,3,1,10,01,33,195,,02,34,181,40,04,28,145,41,05,29,147,,1*66
$GSGSV,3,2,10,06,33,195,,07,05,106,,08,13,112,,17,34,167,42,1*66
$GSGSV,3,3,10,28,19,125,,39,17,237,,1*68
$GLGSV,2,1,08,68,46,039,44,69,78,202,47,70,25,215,41,76,08,342,,1*79
$GLGSV,2,2,08,77,06,027,,83,37,138,44,84,84,331,46,85,34,321,44,1*7F
$GQGSV,1,1,00,1*65
$GAGSV,3,1,11,02,14,288,37,04,58,128,45,06,44,166,44,09,24,185,39,7*7D
$GAGSV,3,2,11,10,58,104,46,11,84,028,43,12,34,110,37,19,32,050,37,7*70
$GAGSV,3,3,11,25,05,238,34,28,52,083,45,30,06,337,,7*4A
$GBGSV,3,1,09,05,09,111,,07,16,043,30,10,16,055,27,11,11,315,31,1*72
$GBGSV,3,2,09,13,07,146,33,26,01,024,,27,70,203,40,28,33,155,35,1*71
$GBGSV,3,3,09,30,37,306,35,1*4B
$GIGSV,1,1,02,01,,,35,06,24,135,,1*4F
$GPGGA,134617.00,4825.1420523,N,00428.4545895,W,4,21,0.5,89.914,M,51.637,M,3.0,4095*67
$GPRMC,134617.00,A,4825.1420523,N,00428.4545895,W,0.0,0.0,100626,999.9,E,D*25
$GPGSV,3,1,12,01,39,119,45,02,14,128,36,03,63,055,48,04,56,162,45,1*66
$GPGSV,3,2,12,06,31,303,40,09,30,195,41,12,03,337,,13,03,337,,1*65
$GPGSV,3,3,12,17,51,238,47,19,45,288,46,28,14,042,37,31,18,071,40,1*62
$GSGSV,3,1,10,01,33,195,,02,34,181,40,04,28,145,41,05,29,147,,1*66
$GSGSV,3,2,10,06,33,195,,07,05,106,,08,13,112,,17,34,167,42,1*66
$GSGSV,3,3,10,28,19,125,,39,17,237,,1*68
$GLGSV,2,1,08,68,46,039,45,69,78,202,47,70,25,215,41,76,08,342,,1*78
$GLGSV,2,2,08,77,06,027,,83,37,138,44,84,84,331,46,85,34,321,45,1*7E
$GQGSV,1,1,00,1*65
$GAGSV,3,1,11,02,14,288,38,04,58,128,45,06,44,166,44,09,24,185,39,7*72
$GAGSV,3,2,11,10,58,104,46,11,84,028,43,12,34,110,37,19,32,050,37,7*70
$GAGSV,3,3,11,25,05,238,34,28,52,082,45,30,06,337,,7*4B
$GBGSV,3,1,09,05,09,111,,07,16,043,29,10,16,055,28,11,11,315,31,1*75
$GBGSV,3,2,09,13,07,146,33,26,01,024,,27,70,203,40,28,33,155,35,1*71
$GBGSV,3,3,09,30,37,306,36,1*48
$GIGSV,1,1,02,01,,,36,06,24,135,,1*4C
$GPGGA,134618.00,4825.1420514,N,00428.4545889,W,4,21,0.5,89.927,M,51.637,M,2.0,4095*60
$GPRMC,134618.00,A,4825.1420514,N,00428.4545889,W,0.0,0.0,100626,999.9,E,D*23
$GPGSV,3,1,12,01,39,119,45,02,14,128,36,03,63,055,48,04,56,162,45,1*66
$GPGSV,3,2,12,06,31,303,40,09,30,195,41,12,03,337,,13,03,337,,1*65
$GPGSV,3,3,12,17,51,238,47,19,45,288,45,28,14,042,37,31,18,071,40,1*61
$GSGSV,3,1,10,01,33,195,,02,34,181,40,04,28,145,41,05,29,147,,1*66
$GSGSV,3,2,10,06,33,195,,07,05,106,,08,13,112,,17,34,167,42,1*66
$GSGSV,3,3,10,28,19,125,,39,17,237,,1*68
$GLGSV,2,1,08,68,46,039,45,69,78,202,47,70,25,215,40,76,08,342,,1*79
$GLGSV,2,2,08,77,06,027,,83,37,138,44,84,84,331,46,85,35,321,45,1*7F
$GQGSV,1,1,00,1*65
$GAGSV,3,1,11,02,14,288,38,04,58,128,45,06,44,166,44,09,24,185,39,7*72
$GAGSV,3,2,11,10,58,104,46,11,84,028,43,12,34,110,37,19,32,050,37,7*70
$GAGSV,3,3,11,25,05,238,34,28,52,082,45,30,06,337,,7*4B
$GBGSV,3,1,09,05,09,111,,07,16,043,29,10,16,055,28,11,11,315,31,1*75
$GBGSV,3,2,09,13,07,146,32,26,01,024,,27,70,203,40,28,33,155,35,1*70
$GBGSV,3,3,09,30,37,306,36,1*48
$GIGSV,1,1,02,01,,,36,06,24,135,,1*4C
$GPGGA,134619.00,4825.1420506,N,00428.4545905,W,4,21,0.5,89.931,M,51.637,M,3.0,4095*61
$GPRMC,134619.00,A,4825.1420506,N,00428.4545905,W,0.0,0.0,100626,999.9,E,D*24
$GPGSV,3,1,12,01,39,119,45,02,14,128,36,03,63,055,48,04,56,162,45,1*66
$GPGSV,3,2,12,06,31,303,40,09,30,195,41,12,03,337,,13,03,337,,1*65
$GPGSV,3,3,12,17,51,238,47,19,45,288,45,28,14,042,37,31,18,071,40,1*61
$GSGSV,3,1,10,01,33,195,,02,34,181,40,04,28,145,41,05,29,147,,1*66
$GSGSV,3,2,10,06,33,195,,07,05,106,,08,13,112,,17,34,167,42,1*66
$GSGSV,3,3,10,28,19,125,,39,17,237,,1*68
$GLGSV,2,1,08,68,46,039,45,69,78,202,47,70,25,215,40,76,08,342,,1*79
$GLGSV,2,2,08,77,06,027,,83,37,138,44,84,84,331,46,85,35,321,45,1*7F
$GQGSV,1,1,00,1*65
$GAGSV,3,1,11,02,14,288,37,04,58,128,45,06,44,166,44,09,24,185,38,7*7C
$GAGSV,3,2,11,10,58,104,46,11,84,028,43,12,34,110,37,19,32,050,37,7*70
$GAGSV,3,3,11,25,05,238,34,28,52,082,44,30,06,337,,7*4A
$GBGSV,3,1,09,05,09,111,,07,16,043,29,10,16,055,28,11,11,315,31,1*75
$GBGSV,3,2,09,13,07,146,32,26,01,024,,27,70,203,40,28,33,155,35,1*70
$GBGSV,3,3,09,30,37,306,36,1*48
$GIGSV,1,1,02,01,,,36,06,24,135,,1*4C
$GPGGA,134620.00,4825.1420510,N,00428.4545913,W,4,21,0.5,89.935,M,51.637,M,4.0,4095*68
$GPRMC,134620.00,A,4825.1420510,N,00428.4545913,W,0.0,0.0,100626,999.9,E,D*2E
$GPGSV,3,1,12,01,39,119,45,02,14,128,36,03,63,055,48,04,56,162,45,1*66
$GPGSV,3,2,12,06,31,303,41,09,30,195,41,12,03,337,,13,03,337,,1*64
$GPGSV,3,3,12,17,51,238,47,19,45,288,45,28,14,042,37,31,18,071,40,1*61
$GSGSV,3,1,10,01,33,195,,02,34,181,40,04,28,145,41,05,29,147,,1*66
$GSGSV,3,2,10,06,33,195,,07,05,106,,08,13,112,,17,34,167,42,1*66
$GSGSV,3,3,10,28,19,125,,39,17,237,,1*68
$GLGSV,2,1,08,68,46,039,45,69,78,202,47,70,25,215,40,76,08,342,,1*79
$GLGSV,2,2,08,77,06,027,,83,37,138,45,84,84,331,46,85,35,321,45,1*7E
$GQGSV,1,1,00,1*65
$GAGSV,3,1,11,02,14,288,37,04,58,128,46,06,44,166,44,09,24,185,38,7*7F
$GAGSV,3,2,11,10,58,104,47,11,84,028,42,12,34,110,37,19,32,050,37,7*70
$GAGSV,3,3,11,25,05,238,35,28,52,082,45,30,06,337,,7*4A
$GBGSV,3,1,09,05,09,111,,07,16,043,29,10,16,055,27,11,11,315,30,1*7B
$GBGSV,3,2,09,13,07,146,32,26,01,024,,27,70,203,40,28,33,155,36,1*73
$GBGSV,3,3,09,30,37,306,36,1*48
$GIGSV,1,1,02,01,,,36,06,24,135,,1*4C
$GPGGA,134621.00,4825.1420518,N,00428.4545923,W,4,21,0.5,89.937,M,51.637,M,5.0,4095*61
$GPRMC,134621.00,A,4825.1420518,N,00428.4545923,W,0.0,0.0,100626,999.9,E,D*24
$GPGSV,3,1,12,01,39,119,45,02,14,128,36,03,63,055,48,04,56,162,45,1*66
$GPGSV,3,2,12,06,31,303,41,09,30,195,41,12,03,337,,13,03,337,,1*64
$GPGSV,3,3,12,17,51,238,47,19,45,288,45,28,14,042,37,31,18,071,40,1*61
$GSGSV,3,1,10,01,33,195,,02,34,181,41,04,28,145,42,05,29,147,,1*64
$GSGSV,3,2,10,06,33,195,,07,05,106,,08,13,112,,17,34,167,42,1*66
$GSGSV,3,3,10,28,19,125,,39,17,237,,1*68
$GLGSV,2,1,08,68,46,039,45,69,78,203,47,70,25,215,40,76,08,342,,1*78
$GLGSV,2,2,08,77,06,027,,83,37,138,45,84,84,331,46,85,35,321,45,1*7E
$GQGSV,1,1,00,1*65
$GAGSV,3,1,11,02,14,288,37,04,58,128,45,06,44,166,44,09,24,185,38,7*7C
$GAGSV,3,2,11,10,58,104,46,11,84,028,43,12,34,110,37,19,32,050,36,7*71
$GAGSV,3,3,11,25,05,238,34,28,52,082,45,30,06,337,,7*4B
$GBGSV,3,1,09,05,09,111,,07,16,043,28,10,16,055,27,11,11,315,31,1*7B
$GBGSV,3,2,09,13,07,146,32,26,01,024,,27,70,203,39,28,33,155,35,1*7E
$GBGSV,3,3,09,30,37,306,36,1*48
$GIGSV,1,1,02,01,,,35,06,24,135,,1*4F
$GPGGA,134622.00,4825.1420517,N,00428.4545921,W,4,21,0.5,89.927,M,51.637,M,1.0,4095*6A
$GPRMC,134622.00,A,4825.1420517,N,00428.4545921,W,0.0,0.0,100626,999.9,E,D*2A
$GPGSV,3,1,12,01,39,119,45,02,14,128,36,03,63,055,48,04,56,162,45,1*66
$GPGSV,3,2,12,06,31,303,41,09,30,195,41,12,03,337,,13,03,337,,1*64
$GPGSV,3,3,12,17,51,238,47,19,45,288,45,28,14,042,36,31,18,071,40,1*60
$GSGSV,3,1,10,01,33,195,,02,34,181,41,04,28,145,41,05,29,147,,1*67
$GSGSV,3,2,10,06,33,195,,07,05,106,,08,13,112,,17,34,167,42,1*66
$GSGSV,3,3,10,28,19,125,,39,17,237,,1*68
$GLGSV,2,1,08,68,46,039,45,69,78,203,47,70,25,215,40,76,08,342,,1*78
$GLGSV,2,2,08,77,06,027,,83,37,138,45,84,84,331,47,85,35,321,45,1*7F
$GQGSV,1,1,00,1*65
$GAGSV,3,1,11,02,14,288,37,04,58,128,45,06,44,166,44,09,24,185,38,7*7C
$GAGSV,3,2,11,10,58,104,46,11,84,028,43,12,34,110,37,19,32,050,37,7*70
$GAGSV,3,3,11,25,05,238,34,28,52,082,45,30,06,337,,7*4B
$GBGSV,3,1,09,05,09,111,,07,16,043,29,10,16,055,28,11,11,315,31,1*75
$GBGSV,3,2,09,13,07,146,32,26,01,024,,27,70,203,39,28,33,155,34,1*7F
$GBGSV,3,3,09,30,37,306,35,1*4B
$GIGSV,1,1,02,01,,,36,06,24,135,,1*4C
$GPGGA,134623.00,4825.1420514,N,00428.4545877,W,4,21,0.5,89.923,M,51.637,M,1.0,4095*6E
$GPRMC,134623.00,A,4825.1420514,N,00428.4545877,W,0.0,0.0,100626,999.9,E,D*2A
$GPGSV,3,1,12,01,39,119,45,02,14,128,37,03,63,055,48,04,56,162,45,1*67
$GPGSV,3,2,12,06,31,303,41,09,30,195,41,12,03,337,,13,03,337,,1*64
$GPGSV,3,3,12,17,51,238,46,19,45,288,45,28,14,042,36,31,18,071,40,1*61
$GSGSV,3,1,10,01,33,195,,02,34,181,41,04,28,145,42,05,29,147,,1*64
$GSGSV,3,2,10,06,33,195,,07,05,106,,08,13,112,,17,34,167,42,1*66
$GSGSV,3,3,10,28,19,125,,39,17,237,,1*68
$GLGSV,2,1,08,68,46,039,44,69,78,203,47,70,25,215,40,76,08,342,,1*79
$GLGSV,2,2,08,77,06,027,,83,37,138,45,84,84,331,46,85,35,321,45,1*7E
$GQGSV,1,1,00,1*65
$GAGSV,3,1,11,02,14,288,37,04,58,128,45,06,44,166,44,09,24,185,38,7*7C
$GAGSV,3,2,11,10,58,104,46,11,84,029,43,12,34,110,37,19,32,050,37,7*71
$GAGSV,3,3,11,25,05,238,34,28,52,082,44,30,06,337,,7*4A
$GBGSV,3,1,09,05,09,111,,07,16,043,30,10,16,055,28,11,11,315,30,1*7C
$GBGSV,3,2,09,13,07,146,33,26,01,024,,27,70,203,39,28,33,155,35,1*7F
$GBGSV,3,3,09,30,37,306,36,1*48
$GIGSV,1,1,02,01,,,36,06,24,135,,1*4C
$GPGGA,134624.00,4825.1420515,N,00428.4545880,W,4,21,0.5,89.924,M,51.637,M,2.0,4095*64
$GPRMC,134624.00,A,4825.1420515,N,00428.4545880,W,0.0,0.0,100626,999.9,E,D*24
$GPGSV,3,1,12,01,39,119,44,02,14,128,37,03,63,055,48,04,56,162,45,1*66
$GPGSV,3,2,12,06,31,303,41,09,30,195,41,12,03,337,,13,03,337,,1*64
$GPGSV,3,3,12,17,51,238,47,19,45,288,45,28,14,042,35,31,18,071,40,1*63
$GSGSV,3,1,10,01,33,195,,02,34,181,41,04,28,145,42,05,29,147,,1*64
$GSGSV,3,2,10,06,33,195,,07,05,106,,08,13,112,,17,34,167,42,1*66
$GSGSV,3,3,10,28,19,125,,39,17,237,,1*68
$GLGSV,2,1,08,68,46,039,45,69,78,203,47,70,25,215,40,76,08,342,,1*78
$GLGSV,2,2,08,77,06,027,,83,37,138,45,84,84,331,46,85,35,321,45,1*7E
$GQGSV,1,1,00,1*65
$GAGSV,3,1,11,02,14,288,37,04,58,128,45,06,44,166,43,09,24,185,38,7*7B
$GAGSV,3,2,11,10,58,104,46,11,84,029,43,12,34,110,38,19,32,050,37,7*7E
$GAGSV,3,3,11,25,05,238,35,28,52,082,44,30,06,337,,7*4B
$GBGSV,3,1,09,05,09,111,,07,16,043,29,10,16,055,28,11,11,315,31,1*75
$GBGSV,3,2,09,13,07,146,33,26,01,024,,27,70,203,39,28,33,155,36,1*7C
$GBGSV,3,3,09,30,37,306,35,1*4B
$GIGSV,1,1,02,01,,,36,06,24,135,,1*4C
$GPGGA,134625.00,4825.1420508,N,00428.4545893,W,4,21,0.5,89.927,M,51.637,M,3.0,4095*69
$GPRMC,134625.00,A,4825.1420508,N,00428.4545893,W,0.0,0.0,100626,999.9,E,D*2B
$GPGSV,3,1,12,01,39,119,45,02,14,128,38,03,63,055,48,04,56,162,44,1*69
$GPGSV,3,2,12,06,31,303,41,09,30,195,42,12,03,337,,13,03,337,,1*67
$GPGSV,3,3,12,17,51,238,47,19,45,288,45,28,14,042,35,31,18,071,40,1*63
$GSGSV,3,1,10,01,33,195,,02,34,181,41,04,28,145,42,05,29,147,,1*64
$GSGSV,3,2,10,06,33,195,,07,05,106,,08,13,112,,17,34,167,42,1*66
$GSGSV,3,3,10,28,19,125,,39,17,237,,1*68
$GLGSV,2,1,08,68,46,039,45,69,78,203,47,70,25,215,40,76,08,342,,1*78
$GLGSV,2,2,08,77,06,027,,83,37,138,45,84,84,331,46,85,35,321,45,1*7E
$GQGSV,1,1,00,1*65
$GAGSV,3,1,11,02,14,288,37,04,58,128,45,06,44,166,43,09,24,185,38,7*7B
$GAGSV,3,2,11,10,58,104,46,11,84,029,43,12,34,110,38,19,32,050,37,7*7E
$GAGSV,3,3,11,25,05,238,34,28,52,082,44,30,06,337,,7*4A
$GBGSV,3,1,09,05,09,111,,07,16,043,30,10,16,055,28,11,11,315,31,1*7D
$GBGSV,3,2,09,13,07,146,32,26,01,023,,27,70,203,39,28,33,155,36,1*7A
$GBGSV,3,3,09,30,37,306,35,1*4B
$GIGSV,1,1,02,01,,,37,06,24,135,,1*4D
$GPGGA,134626.00,4825.1420511,N,00428.4545866,W,4,21,0.5,89.919,M,51.637,M,1.0,4095*67
$GPRMC,134626.00,A,4825.1420511,N,00428.4545866,W,0.0,0.0,100626,999.9,E,D*2A
$GPGSV,3,1,12,01,39,119,44,02,14,128,37,03,63,055,48,04,56,162,44,1*67
$GPGSV,3,2,12,06,31,303,41,09,30,195,41,12,03,337,,13,03,337,,1*64
$GPGSV,3,3,12,17,51,238,47,19,45,288,44,28,14,042,35,31,18,071,40,1*62
$GSGSV,3,1,10,01,33,195,,02,34,181,41,04,28,145,42,05,29,147,,1*64
$GSGSV,3,2,10,06,33,195,,07,05,106,,08,13,112,,17,34,167,43,1*67
$GSGSV,3,3,10,28,19,125,,39,17,237,,1*68
$GLGSV,2,1,08,68,46,039,45,69,78,203,47,70,25,215,40,76,08,342,,1*78
$GLGSV,2,2,08,77,06,027,,83,37,138,45,84,84,331,46,85,35,321,45,1*7E
$GQGSV,1,1,00,1*65
$GAGSV,3,1,11,02,14,288,37,04,58,128,45,06,44,166,44,09,24,185,39,7*7D
$GAGSV,3,2,11,10,58,104,46,11,84,029,43,12,34,110,38,19,32,050,37,7*7E
$GAGSV,3,3,11,25,05,238,34,28,52,082,44,30,06,337,,7*4A
$GBGSV,3,1,09,05,09,111,,07,16,043,30,10,16,055,28,11,11,315,31,1*7D
$GBGSV,3,2,09,13,07,146,32,26,01,023,,27,70,203,39,28,33,155,36,1*7A
$GBGSV,3,3,09,30,37,306,36,1*48
$GIGSV,1,1,02,01,,,37,06,24,135,,1*4D
$GPGGA,134627.00,4825.1420519,N,00428.4545885,W,4,21,0.5,89.918,M,51.637,M,1.0,4095*62
$GPRMC,134627.00,A,4825.1420519,N,00428.4545885,W,0.0,0.0,100626,999.9,E,D*2E
$GPGSV,3,1,12,01,39,119,44,02,14,128,37,03,63,055,48,04,56,162,45,1*66
$GPGSV,3,2,12,06,31,303,41,09,30,195,41,12,03,337,,13,03,337,,1*64
$GPGSV,3,3,12,17,51,238,46,19,45,288,45,28,14,042,35,31,18,071,40,1*62
$GSGSV,3,1,10,01,33,195,,02,34,181,41,04,28,145,41,05,29,147,,1*67
$GSGSV,3,2,10,06,33,195,,07,05,106,,08,13,112,,17,34,167,42,1*66
$GSGSV,3,3,10,28,19,125,,39,17,237,,1*68
$GLGSV,2,1,08,68,46,039,45,69,78,203,47,70,25,215,40,76,08,342,,1*78
$GLGSV,2,2,08,77,06,027,,83,37,138,45,84,84,331,46,85,35,321,45,1*7E
$GQGSV,1,1,00,1*65
$GAGSV,3,1,11,02,14,288,37,04,58,128,45,06,44,166,43,09,24,185,40,7*74
$GAGSV,3,2,11,10,58,104,46,11,84,029,43,12,34,110,38,19,32,050,37,7*7E
$GAGSV,3,3,11,25,05,238,34,28,52,082,44,30,06,337,,7*4A
$GBGSV,3,1,09,05,09,111,,07,16,043,30,10,16,055,28,11,11,315,31,1*7D
$GBGSV,3,2,09,13,07,146,32,26,01,023,,27,70,203,39,28,33,155,36,1*7A
$GBGSV,3,3,09,30,37,305,35,1*48
$GIGSV,1,1,02,01,,,37,06,24,135,,1*4D
$GPGGA,134628.00,4825.1420511,N,00428.4545883,W,4,21,0.5,89.919,M,51.637,M,2.0,4095*61
$GPRMC,134628.00,A,4825.1420511,N,00428.4545883,W,0.0,0.0,100626,999.9,E,D*2F
$GPGSV,3,1,12,01,39,119,44,02,14,128,37,03,63,055,47,04,56,162,45,1*69
$GPGSV,3,2,12,06,31,303,41,09,30,195,41,12,03,337,,13,03,337,,1*64
$GPGSV,3,3,12,17,51,238,46,19,45,288,45,28,14,042,35,31,18,071,40,1*62
$GSGSV,3,1,10,01,33,195,,02,34,181,41,04,28,145,41,05,29,147,,1*67
$GSGSV,3,2,10,06,33,195,,07,05,106,,08,13,112,,17,34,167,42,1*66
$GSGSV,3,3,10,28,19,125,,39,17,237,,1*68
$GLGSV,2,1,08,68,46,039,45,69,78,203,47,70,25,215,40,76,08,342,,1*78
$GLGSV,2,2,08,77,06,027,,83,37,138,45,84,84,331,46,85,35,321,45,1*7E
$GQGSV,1,1,00,1*65
$GAGSV,3,1,11,02,14,288,37,04,58,128,45,06,44,166,44,09,24,185,39,7*7D
$GAGSV,3,2,11,10,58,104,46,11,84,029,43,12,34,110,38,19,32,050,37,7*7E
$GAGSV,3,3,11,25,05,238,34,28,52,082,44,30,06,337,,7*4A
$GBGSV,3,1,09,05,09,111,,07,16,043,29,10,16,055,28,11,11,315,31,1*75
$GBGSV,3,2,09,13,07,146,33,26,01,023,,27,70,203,39,28,33,155,36,1*7B
$GBGSV,3,3,09,30,37,305,36,1*4B
$GIGSV,1,1,02,01,,,36,06,24,135,,1*4C
$GPGGA,134629.00,4825.1420499,N,00428.4545868,W,4,21,0.5,89.924,M,51.637,M,1.0,4095*69
$GPRMC,134629.00,A,4825.1420499,N,00428.4545868,W,0.0,0.0,100626,999.9,E,D*2A
$GPGSV,3,1,12,01,39,119,45,02,14,128,37,03,63,055,47,04,56,162,45,1*68
$GPGSV,3,2,12,06,31,303,41,09,30,195,41,12,03,337,,13,03,337,,1*64
$GPGSV,3,3,12,17,51,238,47,19,45,288,45,28,14,042,36,31,18,071,40,1*60
$GSGSV,3,1,10,01,33,195,,02,34,181,41,04,28,145,41,05,29,147,,1*67
$GSGSV,3,2,10,06,33,195,,07,05,106,,08,13,112,,17,34,167,43,1*67
$GSGSV,3,3,10,28,19,125,,39,17,237,,1*68
$GLGSV,2,1,08,68,46,039,46,69,78,203,47,70,25,215,40,76,08,342,,1*7B
$GLGSV,2,2,08,77,06,027,,83,37,138,45,84,84,331,47,85,35,321,45,1*7F
$GQGSV,1,1,00,1*65
$GAGSV,3,1,11,02,14,288,37,04,58,128,46,06,44,166,43,09,24,185,40,7*77
$GAGSV,3,2,11,10,58,104,46,11,84,029,43,12,33,110,37,19,32,050,37,7*76
$GAGSV,3,3,11,25,05,238,34,28,52,082,44,30,06,337,,7*4A
$GBGSV,3,1,09,05,09,111,,07,16,043,29,10,16,055,28,11,11,315,31,1*75
$GBGSV,3,2,09,13,07,146,33,26,01,023,,27,70,203,40,28,33,155,36,1*75
$GBGSV,3,3,09,30,37,305,36,1*4B
$GIGSV,1,1,02,01,,,36,06,24,135,,1*4C
$GPGGA,134630.00,4825.1420500,N,00428.4545845,W,4,21,0.5,89.922,M,51.637,M,2.0,4095*6A
$GPRMC,134630.00,A,4825.1420500,N,00428.4545845,W,0.0,0.0,100626,999.9,E,D*2C
$GPGSV,3,1,12,01,39,119,45,02,14,128,36,03,63,055,48,04,56,162,45,1*66
$GPGSV,3,2,12,06,31,303,41,09,30,195,42,12,03,337,,13,03,337,,1*67
$GPGSV,3,3,12,17,51,238,47,19,45,288,45,28,14,042,35,31,18,071,40,1*63
$GSGSV,3,1,10,01,33,195,,02,34,181,41,04,28,145,42,05,29,147,,1*64
$GSGSV,3,2,10,06,33,195,,07,05,106,,08,13,112,,17,34,167,42,1*66
$GSGSV,3,3,10,28,19,125,,39,17,237,,1*68
$GLGSV,2,1,08,68,46,039,45,69,78,203,47,70,25,215,40,76,08,342,,1*78
$GLGSV,2,2,08,77,06,027,,83,37,138,45,84,84,331,46,85,35,321,45,1*7E
$GQGSV,1,1,00,1*65
$GAGSV,3,1,11,02,14,288,37,04,58,128,45,06,44,166,43,09,24,185,40,7*74
$GAGSV,3,2,11,10,58,104,46,11,84,029,43,12,33,110,38,19,32,050,36,7*78
$GAGSV,3,3,11,25,05,238,34,28,52,082,44,30,06,337,,7*4A
$GBGSV,3,1,09,05,09,111,,07,16,043,29,10,16,055,27,11,11,315,31,1*7A
$GBGSV,3,2,09,13,07,146,33,26,01,023,,27,70,203,40,28,33,155,36,1*75
$GBGSV,3,3,09,30,37,305,35,1*48
$GIGSV,1,1,02,01,,,37,06,24,135,,1*4D
$GPGGA,134631.00,4825.1420492,N,00428.4545856,W,4,21,0.5,89.922,M,51.637,M,3.0,4095*62
$GPRMC,134631.00,A,4825.1420492,N,00428.4545856,W,0.0,0.0,100626,999.9,E,D*25
$GPGSV,3,1,12,01,39,119,45,02,14,128,37,03,63,055,48,04,57,162,45,1*66
$GPGSV,3,2,12,06,31,303,41,09,30,195,42,12,04,337,,13,03,337,,1*60
$GPGSV,3,3,12,17,51,238,47,19,45,288,45,28,14,042,36,31,18,071,40,1*60
$GSGSV,3,1,10,01,33,195,,02,34,181,41,04,28,145,41,05,29,147,,1*67
$GSGSV,3,2,10,06,33,195,,07,05,106,,08,13,112,,17,34,167,42,1*66
$GSGSV,3,3,10,28,19,125,,39,17,237,,1*68
$GLGSV,2,1,08,68,46,039,45,69,78,203,47,70,25,215,40,76,08,342,,1*78
$GLGSV,2,2,08,77,06,027,,83,37,138,45,84,84,331,46,85,35,321,45,1*7E
$GQGSV,1,1,00,1*65
$GAGSV,3,1,11,02,14,288,37,04,58,128,45,06,44,166,44,09,24,185,40,7*73
$GAGSV,3,2,11,10,58,104,46,11,84,029,43,12,33,110,38,19,32,050,37,7*79
$GAGSV,3,3,11,25,05,238,34,28,52,082,45,30,06,337,,7*4B
$GBGSV,3,1,09,05,09,111,,07,16,043,28,10,16,055,28,11,11,315,31,1*74
$GBGSV,3,2,09,13,07,146,32,26,01,023,,27,70,203,40,28,33,155,36,1*74
$GBGSV,3,3,09,30,37,305,36,1*4B
$GIGSV,1,1,02,01,,,36,06,24,135,,1*4C
$GPGGA,134632.00,4825.1420490,N,00428.4545839,W,4,21,0.5,89.919,M,51.637,M,4.0,4095*65
$GPRMC,134632.00,A,4825.1420490,N,00428.4545839,W,0.0,0.0,100626,999.9,E,D*2D
$GPGSV,3,1,12,01,39,119,45,02,14,128,36,03,63,055,48,04,57,162,45,1*67
$GPGSV,3,2,12,06,31,303,41,09,30,195,42,12,04,337,,13,03,337,,1*60
$GPGSV,3,3,12,17,51,238,47,19,45,288,45,28,14,042,36,31,18,071,40,1*60
$GSGSV,3,1,10,01,33,195,,02,34,181,41,04,28,145,42,05,29,147,,1*64
$GSGSV,3,2,10,06,33,195,,07,05,106,,08,13,112,,17,34,167,42,1*66
$GSGSV,3,3,10,28,19,125,,39,17,237,,1*68
$GLGSV,2,1,08,68,46,039,45,69,78,203,47,70,25,215,40,76,08,342,,1*78
$GLGSV,2,2,08,77,06,027,,83,37,138,45,84,84,331,46,85,35,321,45,1*7E
$GQGSV,1,1,00,1*65
$GAGSV,3,1,11,02,14,288,37,04,58,128,45,06,44,166,44,09,24,185,39,7*7D
$GAGSV,3,2,11,10,58,104,46,11,84,029,43,12,33,110,38,19,32,050,36,7*78
$GAGSV,3,3,11,25,05,238,34,28,52,082,45,30,06,337,,7*4B
$GBGSV,3,1,09,05,09,111,,07,16,043,29,10,16,055,27,11,11,315,31,1*7A
$GBGSV,3,2,09,13,07,146,32,26,01,023,,27,70,203,39,28,33,155,36,1*7A
$GBGSV,3,3,09,30,37,305,35,1*48
$GIGSV,1,1,02,01,,,36,06,24,135,,1*4C
$GPGGA,134633.00,4825.1420523,N,00428.4545860,W,4,21,0.5,89.917,M,51.637,M,1.0,4095*6A
$GPRMC,134633.00,A,4825.1420523,N,00428.4545860,W,0.0,0.0,100626,999.9,E,D*29
$GPGSV,3,1,12,01,39,119,45,02,14,128,37,03,63,055,48,04,57,162,45,1*66
$GPGSV,3,2,12,06,31,303,41,09,30,195,42,12,04,337,,13,03,337,,1*60
$GPGSV,3,3,12,17,51,237,47,19,45,288,45,28,14,042,36,31,18,071,39,1*61
$GSGSV,3,1,10,01,33,195,,02,34,181,41,04,28,145,42,05,29,147,,1*64
$GSGSV,3,2,10,06,33,195,,07,05,106,,08,13,112,,17,34,167,42,1*66
$GSGSV,3,3,10,28,19,125,,39,17,237,,1*68
$GLGSV,2,1,08,68,46,039,45,69,78,203,46,70,25,215,40,76,08,342,,1*79
$GLGSV,2,2,08,77,06,027,,83,37,138,45,84,84,331,47,85,35,321,44,1*7E
$GQGSV,1,1,00,1*65
$GAGSV,3,1,11,02,14,288,37,04,58,128,45,06,44,166,43,09,24,185,39,7*7A
$GAGSV,3,2,11,10,58,104,46,11,84,029,43,12,33,110,37,19,32,050,36,7*77
$GAGSV,3,3,11,25,05,238,34,28,52,082,45,30,06,337,,7*4B
$GBGSV,3,1,09,05,09,111,,07,16,043,28,10,16,055,28,11,11,315,31,1*74
$GBGSV,3,2,09,13,07,146,31,26,01,023,,27,70,203,39,28,33,155,35,1*7A
$GBGSV,3,3,09,30,37,305,35,1*48
$GIGSV,1,1,02,01,,,36,06,24,135,,1*4C
$GPGGA,134634.00,4825.1420510,N,00428.4545883,W,4,21,0.5,89.920,M,51.637,M,1.0,4095*64
$GPRMC,134634.00,A,4825.1420510,N,00428.4545883,W,0.0,0.0,100626,999.9,E,D*23
$GPGSV,3,1,12,01,39,119,45,02,14,128,37,03,63,055,48,04,57,162,44,1*67
$GPGSV,3,2,12,06,31,303,41,09,30,195,42,12,04,337,,13,03,337,,1*60
$GPGSV,3,3,12,17,51,237,47,19,45,288,45,28,14,042,35,31,18,071,40,1*6C
$GSGSV,3,1,10,01,33,195,,02,34,181,41,04,28,145,42,05,29,147,,1*64
$GSGSV,3,2,10,06,33,195,,07,05,106,,08,13,112,,17,34,167,42,1*66
$GSGSV,3,3,10,28,19,125,,39,17,237,,1*68
$GLGSV,2,1,08,68,46,039,45,69,78,203,47,70,25,215,39,76,08,342,,1*76
$GLGSV,2,2,08,77,06,027,,83,37,138,45,84,84,331,47,85,35,321,44,1*7E
$GQGSV,1,1,00,1*65
$GAGSV,3,1,11,02,14,288,37,04,58,128,45,06,44,166,43,09,24,185,38,7*7B
$GAGSV,3,2,11,10,58,104,46,11,84,029,43,12,33,110,38,19,32,050,37,7*79
$GAGSV,3,3,11,25,05,238,33,28,52,082,45,30,06,337,,7*4C
$GBGSV,3,1,09,05,09,111,,07,16,043,28,10,16,055,28,11,11,315,31,1*74
$GBGSV,3,2,09,13,07,146,32,26,01,023,,27,70,203,40,28,33,155,36,1*74
$GBGSV,3,3,09,30,37,305,36,1*4B
$GIGSV,1,1,02,01,,,36,06,24,135,,1*4C
$GPGGA,134635.00,4825.1420501,N,00428.4545883,W,4,21,0.5,89.919,M,51.637,M,2.0,4095*6C
$GPRMC,134635.00,A,4825.1420501,N,00428.4545883,W,0.0,0.0,100626,999.9,E,D*22
$GPGSV,3,1,12,01,39,119,45,02,13,128,37,03,63,055,48,04,57,162,45,1*61
$GPGSV,3,2,12,06,31,303,41,09,30,195,42,12,04,337,,13,03,337,,1*60
$GPGSV,3,3,12,17,51,237,47,19,45,288,45,28,14,042,36,31,18,071,40,1*6F
$GSGSV,3,1,10,01,33,195,,02,34,181,41,04,28,145,42,05,29,147,,1*64
$GSGSV,3,2,10,06,33,195,,07,05,106,,08,13,112,,17,34,167,42,1*66
$GSGSV,3,3,10,28,19,125,,39,17,237,,1*68
$GLGSV,2,1,08,68,46,039,44,69,78,203,47,70,25,215,40,76,08,342,,1*79
$GLGSV,2,2,08,77,06,027,,83,37,138,45,84,84,331,47,85,35,321,44,1*7E
$GQGSV,1,1,00,1*65
$GAGSV,3,1,11,02,14,288,37,04,58,128,46,06,44,166,43,09,24,185,39,7*79
$GAGSV,3,2,11,10,58,104,46,11,84,029,43,12,33,110,38,19,32,050,37,7*79
$GAGSV,3,3,11,25,05,238,33,28,52,082,45,30,06,337,,7*4C
$GBGSV,3,1,09,05,09,111,,07,16,043,29,10,16,055,28,11,11,315,31,1*75
$GBGSV,3,2,09,13,07,146,31,26,01,023,,27,70,203,40,28,33,155,36,1*77
$GBGSV,3,3,09,30,37,305,36,1*4B
$GIGSV,1,1,02,01,,,36,06,24,135,,1*4C
$GPGGA,134636.00,4825.1420502,N,00428.4545870,W,4,21,0.5,89.918,M,51.637,M,3.0,4095*60
$GPRMC,134636.00,A,4825.1420502,N,00428.4545870,W,0.0,0.0,100626,999.9,E,D*2E
$GPGSV,3,1,12,01,39,119,45,02,13,128,37,03,63,055,48,04,57,162,44,1*60
$GPGSV,3,2,12,06,31,303,41,09,30,195,42,12,04,337,,13,03,337,,1*60
$GPGSV,3,3,12,17,51,237,47,19,45,288,46,28,14,042,36,31,18,071,40,1*6C
$GSGSV,3,1,10,01,33,195,,02,34,181,41,04,28,145,42,05,29,147,,1*64
$GSGSV,3,2,10,06,33,195,,07,05,106,,08,13,112,,17,34,167,42,1*66
$GSGSV,3,3,10,28,19,125,,39,17,237,,1*68
$GLGSV,2,1,08,68,46,039,44,69,78,203,47,70,25,215,40,76,08,342,,1*79
$GLGSV,2,2,08,77,06,027,,83,37,138,45,84,84,331,47,85,35,321,44,1*7E
$GQGSV,1,1,00,1*65
$GAGSV,3,1,11,02,14,288,37,04,58,128,46,06,44,166,44,09,24,185,39,7*7E
$GAGSV,3,2,11,10,58,104,46,11,84,029,43,12,33,110,37,19,32,050,37,7*76
$GAGSV,3,3,11,25,05,238,33,28,52,082,44,30,06,337,,7*4D
$GBGSV,3,1,09,05,09,111,,07,16,043,29,10,16,055,28,11,11,315,31,1*75
$GBGSV,3,2,09,13,07,146,32,26,01,023,,27,70,203,40,28,33,155,35,1*77
$GBGSV,3,3,09,30,37,305,37,1*4A
$GIGSV,1,1,02,01,,,36,06,24,135,,1*4C
$GPGGA,134637.00,4825.1420512,N,00428.4545856,W,4,21,0.5,89.923,M,51.637,M,1.0,4095*6E
$GPRMC,134637.00,A,4825.1420512,N,00428.4545856,W,0.0,0.0,100626,999.9,E,D*2A
$GPGSV,3,1,12,01,39,119,45,02,13,128,37,03,63,055,48,04,57,162,45,1*61
$GPGSV,3,2,12,06,31,303,41,09,30,195,41,12,04,337,,13,03,337,,1*63
$GPGSV,3,3,12,17,51,237,47,19,45,288,45,28,14,042,36,31,18,071,40,1*6F
$GSGSV,3,1,10,01,33,195,,02,34,181,41,04,28,145,42,05,29,147,,1*64
$GSGSV,3,2,10,06,33,195,,07,05,106,,08,13,112,,17,34,167,42,1*66
$GSGSV,3,3,10,28,19,125,,39,17,237,,1*68
$GLGSV,2,1,08,68,46,039,44,69,78,203,47,70,25,215,40,76,08,342,,1*79
$GLGSV,2,2,08,77,06,027,,83,37,138,45,84,84,331,47,85,35,321,44,1*7E
$GQGSV,1,1,00,1*65
$GAGSV,3,1,11,02,14,288,36,04,58,128,46,06,44,166,43,09,24,185,38,7*79
$GAGSV,3,2,11,10,58,104,46,11,84,029,42,12,33,110,38,19,32,050,37,7*78
$GAGSV,3,3,11,25,05,238,33,28,52,082,44,30,06,337,,7*4D
$GBGSV,3,1,09,05,09,111,,07,16,043,29,10,16,055,28,11,11,315,31,1*75
$GBGSV,3,2,09,13,07,146,32,26,01,023,,27,70,203,40,28,33,155,36,1*74
$GBGSV,3,3,09,30,37,305,36,1*4B
$GIGSV,1,1,02,01,,,36,06,24,135,,1*4C
$GPGGA,134638.00,4825.1420519,N,00428.4545890,W,4,21,0.5,89.921,M,51.637,M,1.0,4095*62
$GPRMC,134638.00,A,4825.1420519,N,00428.4545890,W,0.0,0.0,100626,999.9,E,D*24
$GPGSV,3,1,12,01,39,119,45,02,13,128,37,03,63,055,48,04,57,162,45,1*61
$GPGSV,3,2,12,06,31,303,41,09,30,195,41,12,04,337,,13,03,337,,1*63
$GPGSV,3,3,12,17,51,237,47,19,45,288,45,28,14,042,36,31,18,071,40,1*6F
$GSGSV,3,1,10,01,33,195,,02,34,181,41,04,28,145,41,05,29,147,,1*67
$GSGSV,3,2,10,06,33,195,,07,05,106,,08,13,112,,17,34,167,42,1*66
$GSGSV,3,3,10,28,19,125,,39,17,237,,1*68
$GLGSV,2,1,08,68,46,039,44,69,79,203,47,70,25,215,40,76,08,342,,1*78
$GLGSV,2,2,08,77,06,027,,83,37,138,45,84,84,331,46,85,35,321,44,1*7F
$GQGSV,1,1,00,1*65
$GAGSV,3,1,11,02,14,288,37,04,58,128,45,06,44,166,43,09,24,185,38,7*7B
$GAGSV,3,2,11,10,58,104,46,11,84,029,43,12,33,110,37,19,32,050,37,7*76
$GAGSV,3,3,11,25,05,238,33,28,52,082,44,30,06,337,,7*4D
$GBGSV,3,1,09,05,09,111,,07,16,043,29,10,16,055,28,11,11,315,32,1*76
$GBGSV,3,2,09,13,07,146,31,26,01,023,,27,70,203,40,28,33,155,36,1*77
$GBGSV,3,3,09,30,37,305,36,1*4B
$GIGSV,1,1,02,01,,,36,06,24,135,,1*4C
$GPGGA,134639.00,4825.1420519,N,00428.4545887,W,4,21,0.5,89.919,M,51.637,M,2.0,4095*6D
$GPRMC,134639.00,A,4825.1420519,N,00428.4545887,W,0.0,0.0,100626,999.9,E,D*23
$GPGSV,3,1,12,01,39,119,45,02,13,128,37,03,63,055,48,04,57,162,45,1*61
$GPGSV,3,2,12,06,31,303,41,09,30,195,41,12,04,337,,13,03,337,,1*63
$GPGSV,3,3,12,17,51,237,47,19,45,288,45,28,14,042,36,31,18,071,39,1*61
$GSGSV,3,1,10,01,33,195,,02,34,181,41,04,28,145,41,05,29,147,,1*67
$GSGSV,3,2,10,06,33,195,,07,05,106,,08,13,112,,17,34,167,42,1*66
$GSGSV,3,3,10,28,19,125,,39,17,237,,1*68
$GLGSV,2,1,08,68,46,039,45,69,79,203,47,70,25,215,40,76,08,342,,1*79
$GLGSV,2,2,08,77,06,027,,83,37,138,45,84,84,331,46,85,35,321,45,1*7E
$GQGSV,1,1,00,1*65
$GAGSV,3,1,11,02,14,288,37,04,58,128,45,06,44,166,43,09,24,185,38,7*7B
$GAGSV,3,2,11,10,58,104,46,11,84,030,43,12,33,110,37,19,32,050,37,7*7E
$GAGSV,3,3,11,25,05,238,33,28,52,082,44,30,06,337,,7*4D
$GBGSV,3,1,09,05,09,111,,07,16,043,30,10,16,055,28,11,11,315,31,1*7D
$GBGSV,3,2,09,13,07,146,31,26,01,023,,27,70,203,40,28,33,155,35,1*74
$GBGSV,3,3,09,30,37,305,36,1*4B
$GIGSV,1,1,02,01,,,36,06,24,135,,1*4C
$GPGGA,134640.00,4825.1420521,N,00428.4545888,W,4,21,0.5,89.918,M,51.637,M,3.0,4095*67
$GPRMC,134640.00,A,4825.1420521,N,00428.4545888,W,0.0,0.0,100626,999.9,E,D*29
$GPGSV,3,1,12,01,39,119,45,02,13,128,37,03,63,055,48,04,57,162,45,1*61
$GPGSV,3,2,12,06,31,303,41,09,30,195,41,12,04,337,,13,03,337,,1*63
$GPGSV,3,3,12,17,51,237,47,19,45,288,45,28,14,042,35,31,18,071,39,1*62
$GSGSV,3,1,10,01,33,195,,02,34,181,41,04,28,145,42,05,29,147,,1*64
$GSGSV,3,2,10,06,33,195,,07,05,106,,08,13,112,,17,34,167,42,1*66
$GSGSV,3,3,10,28,19,125,,39,17,237,,1*68
$GLGSV,2,1,08,68,46,039,45,69,79,203,47,70,25,215,40,76,08,342,,1*79
$GLGSV,2,2,08,77,06,026,,83,37,138,45,84,84,331,47,85,35,321,45,1*7E
$GQGSV,1,1,00,1*65
$GAGSV,3,1,11,02,14,288,37,04,58,128,45,06,44,166,43,09,24,185,38,7*7B
$GAGSV,3,2,11,10,58,104,46,11,84,030,42,12,33,110,37,19,32,050,37,7*7F
$GAGSV,3,3,11,25,05,238,33,28,52,082,44,30,06,337,,7*4D
$GBGSV,3,1,09,05,09,111,,07,16,043,29,10,16,055,28,11,11,315,31,1*75
$GBGSV,3,2,09,13,06,146,31,26,01,023,,27,70,203,40,28,33,155,36,1*76
$GBGSV,3,3,09,30,37,305,36,1*4B
$GIGSV,1,1,02,01,,,37,06,24,135,,1*4D
$GPGGA,134641.00,4825.1420527,N,00428.4545883,W,4,21,0.5,89.925,M,51.637,M,1.0,4095*67
$GPRMC,134641.00,A,4825.1420527,N,00428.4545883,W,0.0,0.0,100626,999.9,E,D*25
$GPGSV,3,1,12,01,39,119,45,02,13,128,37,03,63,055,48,04,57,162,45,1*61
$GPGSV,3,2,12,06,31,303,41,09,30,195,41,12,04,337,,13,03,337,,1*63
$GPGSV,3,3,12,17,51,237,47,19,45,288,45,28,14,042,35,31,18,071,39,1*62
$GSGSV,3,1,10,01,33,195,,02,34,181,40,04,28,145,42,05,29,147,,1*65
$GSGSV,3,2,10,06,33,195,,07,05,106,,08,13,112,,17,34,167,42,1*66
$GSGSV,3,3,10,28,19,125,,39,17,237,,1*68
$GLGSV,2,1,08,68,46,039,45,69,79,203,47,70,25,215,40,76,08,342,,1*79
$GLGSV,2,2,08,77,06,026,,83,37,138,45,84,84,331,47,85,35,321,45,1*7E
$GQGSV,1,1,00,1*65
$GAGSV,3,1,11,02,14,288,37,04,58,128,45,06,44,166,43,09,24,185,39,7*7A
$GAGSV,3,2,11,10,58,104,46,11,84,030,42,12,33,110,37,19,32,049,37,7*77
$GAGSV,3,3,11,25,05,238,33,28,52,082,44,30,06,337,,7*4D
$GBGSV,3,1,09,05,09,111,,07,16,043,30,10,16,055,28,11,11,315,32,1*7E
$GBGSV,3,2,09,13,06,146,31,26,01,023,,27,70,203,40,28,33,155,35,1*75
$GBGSV,3,3,09,30,37,305,37,1*4A
$GIGSV,1,1,02,01,,,36,06,24,135,,1*4C
$GPGGA,134642.00,4825.1420513,N,00428.4545881,W,4,21,0.5,89.921,M,51.637,M,1.0,4095*65
$GPRMC,134642.00,A,4825.1420513,N,00428.4545881,W,0.0,0.0,100626,999.9,E,D*23
$GPGSV,3,1,12,01,39,119,45,02,13,128,37,03,63,055,48,04,57,162,45,1*61
$GPGSV,3,2,12,06,31,303,41,09,30,195,41,12,04,337,,13,03,337,,1*63
$GPGSV,3,3,12,17,51,237,47,19,45,288,45,28,14,042,36,31,18,071,39,1*61
$GSGSV,3,1,10,01,33,195,,02,34,181,40,04,28,145,42,05,29,147,,1*65
$GSGSV,3,2,10,06,33,195,,07,05,106,,08,13,112,,17,34,167,42,1*66
$GSGSV,3,3,10,28,19,125,,39,17,237,,1*68
$GLGSV,2,1,08,68,46,039,45,69,79,203,47,70,25,215,40,76,08,342,,1*79
$GLGSV,2,2,08,77,06,026,,83,37,138,45,84,84,331,46,85,35,321,44,1*7E
$GQGSV,1,1,00,1*65
$GAGSV,3,1,11,02,14,288,37,04,58,128,46,06,44,166,43,09,24,185,39,7*79
$GAGSV,3,2,11,10,58,104,46,11,84,030,43,12,33,110,37,19,32,049,37,7*76
$GAGSV,3,3,11,25,05,238,33,28,52,082,44,30,06,337,,7*4D
$GBGSV,3,1,09,05,09,111,,07,16,043,29,10,16,055,27,11,11,315,32,1*79
$GBGSV,3,2,09,13,06,146,31,26,01,023,,27,70,203,39,28,33,155,35,1*7B
$GBGSV,3,3,09,30,37,305,36,1*4B
$GIGSV,1,1,02,01,,,37,06,24,135,,1*4D
$GPGGA,134643.00,4825.1420521,N,00428.4545869,W,4,21,0.5,89.919,M,51.637,M,2.0,4095*6B
$GPRMC,134643.00,A,4825.1420521,N,00428.4545869,W,0.0,0.0,100626,999.9,E,D*25
$GPGSV,3,1,12,01,39,119,45,02,13,128,37,03,63,055,48,04,57,162,45,1*61
$GPGSV,3,2,12,06,31,303,41,09,30,195,41,12,04,337,,13,03,337,,1*63
$GPGSV,3,3,12,17,51,237,47,19,45,288,45,28,14,042,36,31,18,071,39,1*61
$GSGSV,3,1,10,01,33,195,,02,34,181,41,04,28,145,42,05,29,147,,1*64
$GSGSV,3,2,10,06,33,195,,07,05,106,,08,13,112,,17,34,167,43,1*67
$GSGSV,3,3,10,28,19,125,,39,17,237,,1*68
$GLGSV,2,1,08,68,46,039,45,69,79,203,48,70,25,215,40,76,08,342,,1*76
$GLGSV,2,2,08,77,06,026,,83,37,138,45,84,84,331,46,85,35,321,45,1*7F
$GQGSV,1,1,00,1*65
$GAGSV,3,1,11,02,14,288,37,04,58,128,46,06,44,166,43,09,24,185,39,7*79
$GAGSV,3,2,11,10,58,104,46,11,84,030,43,12,33,110,38,19,32,049,37,7*79
$GAGSV,3,3,11,25,05,238,33,28,52,082,45,30,06,337,,7*4C
$GBGSV,3,1,09,05,09,111,,07,16,043,29,10,16,055,28,11,11,315,32,1*76
$GBGSV,3,2,09,13,06,146,30,26,01,023,,27,70,203,40,28,33,155,36,1*77
$GBGSV,3,3,09,30,37,305,36,1*4B
$GIGSV,1,1,02,01,,,36,06,24,135,,1*4C
$GPGGA,134644.00,4825.1420518,N,00428.4545876,W,4,21,0.5,89.917,M,51.637,M,3.0,4095*67
$GPRMC,134644.00,A,4825.1420518,N,00428.4545876,W,0.0,0.0,100626,999.9,E,D*26
$GPGSV,3,1,12,01,39,119,45,02,13,128,36,03,63,055,48,04,57,162,45,1*60
$GPGSV,3,2,12,06,31,303,41,09,30,195,41,12,04,337,,13,03,337,,1*63
$GPGSV,3,3,12,17,51,237,46,19,45,288,45,28,14,042,36,31,18,071,40,1*6E
$GSGSV,3,1,10,01,33,195,,02,34,181,41,04,28,145,41,05,29,147,,1*67
$GSGSV,3,2,10,06,33,195,,07,05,106,,08,13,112,,17,34,167,42,1*66
$GSGSV,3,3,10,28,19,125,,39,17,237,,1*68
$GLGSV,2,1,08,68,46,039,45,69,79,203,47,70,25,215,40,76,08,342,,1*79
$GLGSV,2,2,08,77,06,026,,83,37,138,45,84,84,331,46,85,35,321,44,1*7E
$GQGSV,1,1,00,1*65
$GAGSV,3,1,11,02,14,288,37,04,58,128,46,06,44,166,43,09,24,185,39,7*79
$GAGSV,3,2,11,10,58,104,46,11,84,030,43,12,33,110,38,19,32,049,37,7*79
$GAGSV,3,3,11,25,05,238,32,28,52,082,45,30,06,337,,7*4D
$GBGSV,3,1,09,05,09,111,,07,16,043,30,10,16,055,28,11,11,315,32,1*7E
$GBGSV,3,2,09,13,06,146,30,26,01,023,,27,70,203,40,28,33,155,35,1*74
$GBGSV,3,3,09,30,37,305,36,1*4B
$GIGSV,1,1,02,01,,,36,06,24,135,,1*4C
$GPGGA,134645.00,4825.1420522,N,00428.4545888,W,4,22,0.5,89.916,M,51.637,M,1.0,4095*6E
$GPRMC,134645.00,A,4825.1420522,N,00428.4545888,W,0.0,0.0,100626,999.9,E,D*2F
$GPGSV,3,1,12,01,39,119,45,02,13,128,36,03,63,055,48,04,57,162,45,1*60
$GPGSV,3,2,12,06,31,303,41,09,30,195,41,12,04,337,,13,03,337,,1*63
$GPGSV,3,3,12,17,51,237,47,19,45,288,45,28,14,042,36,31,18,071,39,1*61
$GSGSV,3,1,10,01,33,195,,02,34,181,40,04,28,145,41,05,29,147,,1*66
$GSGSV,3,2,10,06,33,195,,07,05,106,,08,13,112,,17,34,167,42,1*66
$GSGSV,3,3,10,28,19,125,,39,17,237,,1*68
$GLGSV,2,1,08,68,46,039,45,69,79,203,47,70,25,215,40,76,08,342,,1*79
$GLGSV,2,2,08,77,06,026,,83,37,138,44,84,84,331,46,85,35,321,45,1*7E
$GQGSV,1,1,00,1*65
$GAGSV,3,1,11,02,14,288,37,04,58,128,46,06,44,166,43,09,24,185,39,7*79
$GAGSV,3,2,11,10,58,104,46,11,84,030,43,12,33,110,37,19,32,049,37,7*76
$GAGSV,3,3,11,25,05,238,32,28,52,082,44,30,06,337,,7*4C
$GBGSV,3,1,09,05,09,111,,07,16,043,29,10,16,055,27,11,11,315,32,1*79
$GBGSV,3,2,09,13,06,146,30,26,01,023,,27,70,203,40,28,33,155,35,1*74
$GBGSV,3,3,09,30,37,305,36,1*4B
$GIGSV,1,1,02,01,,,36,06,24,135,,1*4C
$GPGGA,134646.00,4825.1420516,N,00428.4545883,W,4,21,0.5,89.916,M,51.637,M,1.0,4095*62
$GPRMC,134646.00,A,4825.1420516,N,00428.4545883,W,0.0,0.0,100626,999.9,E,D*20
$GPGSV,3,1,12,01,39,119,44,02,13,128,37,03,63,055,48,04,57,162,46,1*63
$GPGSV,3,2,12,06,31,303,41,09,30,195,41,12,04,337,,13,03,337,,1*63
$GPGSV,3,3,12,17,51,237,47,19,45,288,45,28,14,042,35,31,18,071,40,1*6C
$GSGSV,3,1,10,01,33,195,,02,34,181,40,04,28,145,42,05,29,147,,1*65
$GSGSV,3,2,10,06,33,195,,07,05,106,,08,13,112,,17,34,167,42,1*66
$GSGSV,3,3,10,28,19,125,,39,17,237,,1*68
$GLGSV,2,1,08,68,46,039,45,69,79,203,47,70,26,215,40,76,08,342,,1*7A
$GLGSV,2,2,08,77,06,026,,83,37,138,45,84,84,331,46,85,35,321,44,1*7E
$GQGSV,1,1,00,1*65
$GAGSV,3,1,11,02,14,288,36,04,58,128,46,06,44,166,43,09,24,185,40,7*76
$GAGSV,3,2,11,10,58,104,47,11,84,030,43,12,33,110,37,19,32,049,37,7*77
$GAGSV,3,3,11,25,05,238,33,28,52,082,45,30,06,337,,7*4C
$GBGSV,3,1,09,05,09,111,,07,16,043,29,10,16,055,27,11,11,315,31,1*7A
$GBGSV,3,2,09,13,06,146,31,26,01,023,,27,70,203,40,28,33,155,36,1*76
$GBGSV,3,3,09,30,37,305,36,1*4B
$GIGSV,1,1,02,01,,,36,06,24,135,,1*4C
$GPGGA,134647.00,4825.1420519,N,00428.4545885,W,4,21,0.5,89.917,M,51.637,M,2.0,4095*68
$GPRMC,134647.00,A,4825.1420519,N,00428.4545885,W,0.0,0.0,100626,999.9,E,D*28
$GPGSV,3,1,12,01,39,119,45,02,13,128,37,03,63,055,48,04,57,162,45,1*61
$GPGSV,3,2,12,06,31,303,41,09,30,196,41,12,04,337,,13,03,337,,1*60
$GPGSV,3,3,12,17,51,237,47,19,45,288,45,28,14,042,35,31,18,071,40,1*6C
$GSGSV,3,1,10,01,33,195,,02,34,181,41,04,28,145,41,05,29,147,,1*67
$GSGSV,3,2,10,06,33,195,,07,05,106,,08,13,112,,17,34,167,42,1*66
$GSGSV,3,3,10,28,19,125,,39,17,237,,1*68
$GLGSV,2,1,08,68,46,039,45,69,79,203,47,70,26,215,40,76,08,342,,1*7A
$GLGSV,2,2,08,77,06,026,,83,37,138,45,84,84,331,46,85,35,321,44,1*7E
$GQGSV,1,1,00,1*65
$GAGSV,3,1,11,02,14,288,37,04,58,128,46,06,44,166,43,09,24,185,40,7*77
$GAGSV,3,2,11,10,58,104,47,11,84,030,43,12,33,110,37,19,32,049,36,7*76
$GAGSV,3,3,11,25,05,238,32,28,52,082,45,30,06,337,,7*4D
$GBGSV,3,1,09,05,09,111,,07,16,043,30,10,16,055,27,11,11,315,32,1*71
$GBGSV,3,2,09,13,06,146,30,26,01,023,,27,70,203,40,28,33,155,36,1*77
$GBGSV,3,3,09,30,37,305,36,1*4B
$GIGSV,1,1,02,01,,,36,06,24,135,,1*4C
$GPGGA,134648.00,4825.1420528,N,00428.4545886,W,4,21,0.5,89.912,M,51.637,M,3.0,4095*62
$GPRMC,134648.00,A,4825.1420528,N,00428.4545886,W,0.0,0.0,100626,999.9,E,D*26
$GPGSV,3,1,12,01,39,119,45,02,13,128,37,03,63,055,48,04,57,162,45,1*61
$GPGSV,3,2,12,06,31,303,41,09,30,196,41,12,04,337,,13,03,337,,1*60
$GPGSV,3,3,12,17,51,237,47,19,45,288,44,28,14,042,35,31,18,071,40,1*6D
$GSGSV,3,1,10,01,33,195,,02,34,181,41,04,28,145,41,05,29,147,,1*67
$GSGSV,3,2,10,06,33,195,,07,05,106,,08,13,112,,17,34,167,42,1*66
$GSGSV,3,3,10,28,19,125,,39,17,237,,1*68
$GLGSV,2,1,08,68,46,039,45,69,79,203,47,70,26,215,40,76,08,342,,1*7A
$GLGSV,2,2,08,77,06,026,,83,37,138,45,84,84,331,46,85,35,321,44,1*7E
$GQGSV,1,1,00,1*65
$GAGSV,3,1,11,02,14,288,37,04,58,128,46,06,44,166,44,09,24,185,39,7*7E
$GAGSV,3,2,11,10,58,104,46,11,84,030,43,12,33,110,37,19,32,049,37,7*76
$GAGSV,3,3,11,25,05,238,32,28,52,082,45,30,06,337,,7*4D
$GBGSV,3,1,09,05,09,111,,07,16,043,30,10,16,055,27,11,11,315,32,1*71
$GBGSV,3,2,09,13,06,146,30,26,01,023,,27,70,203,40,28,33,155,36,1*77
$GBGSV,3,3,09,30,37,305,36,1*4B
$GIGSV,1,1,02,01,,,36,06,24,135,,1*4C
$GPGGA,134649.00,4825.1420509,N,00428.4545887,W,4,21,0.5,89.927,M,51.637,M,1.0,4095*65
$GPRMC,134649.00,A,4825.1420509,N,00428.4545887,W,0.0,0.0,100626,999.9,E,D*25
$GPGSV,3,1,12,01,39,119,45,02,13,128,37,03,63,055,47,04,57,162,45,1*6E
$GPGSV,3,2,12,06,31,303,41,09,30,196,41,12,04,337,,13,03,337,,1*60
$GPGSV,3,3,12,17,51,237,46,19,45,288,45,28,14,042,35,31,18,071,40,1*6D
$GSGSV,3,1,10,01,33,195,,02,34,181,41,04,28,145,42,05,29,147,,1*64
$GSGSV,3,2,10,06,33,195,,07,05,106,,08,13,112,,17,34,167,42,1*66
$GSGSV,3,3,10,28,19,125,,39,17,237,,1*68
$GLGSV,2,1,08,68,46,039,45,69,79,203,47,70,26,215,40,76,08,342,,1*7A
$GLGSV,2,2,08,77,06,026,,83,37,138,45,84,84,331,47,85,35,321,44,1*7F
$GQGSV,1,1,00,1*65
$GAGSV,3,1,11,02,14,288,37,04,58,128,46,06,44,166,43,09,24,185,39,7*79
$GAGSV,3,2,11,10,58,104,46,11,84,030,43,12,33,110,37,19,32,049,36,7*77
$GAGSV,3,3,11,25,05,238,32,28,52,082,45,30,06,337,,7*4D
$GBGSV,3,1,09,05,09,111,,07,16,043,30,10,16,055,27,11,11,315,31,1*72
$GBGSV,3,2,09,13,06,146,29,26,01,023,,27,70,203,40,28,33,155,36,1*7F
$GBGSV,3,3,09,30,37,305,37,1*4A
$GIGSV,1,1,02,01,,,36,06,24,135,,1*4C
$GPGGA,134650.00,4825.1420521,N,00428.4545874,W,4,21,0.5,89.923,M,51.637,M,1.0,4095*6F
$GPRMC,134650.00,A,4825.1420521,N,00428.4545874,W,0.0,0.0,100626,999.9,E,D*2B
$GPGSV,3,1,12,01,39,119,45,02,13,128,37,03,63,055,48,04,57,162,45,1*61
$GPGSV,3,2,12,06,31,303,41,09,30,196,41,12,04,337,,13,03,337,,1*60
$GPGSV,3,3,12,17,51,237,46,19,45,288,45,28,14,042,35,31,18,071,40,1*6D
$GSGSV,3,1,10,01,33,195,,02,34,181,41,04,28,145,42,05,29,147,,1*64
$GSGSV,3,2,10,06,33,195,,07,05,106,,08,13,112,,17,34,167,42,1*66
$GSGSV,3,3,10,28,19,125,,39,17,237,,1*68
$GLGSV,2,1,08,68,46,039,45,69,79,203,47,70,26,215,40,76,08,342,,1*7A
$GLGSV,2,2,08,77,06,026,,83,37,138,45,84,84,331,47,85,35,321,44,1*7F
$GQGSV,1,1,00,1*65
$GAGSV,3,1,11,02,14,288,37,04,58,128,46,06,44,166,43,09,24,185,39,7*79
$GAGSV,3,2,11,10,58,104,46,11,84,030,43,12,33,110,38,19,32,049,36,7*78
$GAGSV,3,3,11,25,05,238,32,28,52,082,44,30,06,337,,7*4C
$GBGSV,3,1,09,05,09,111,,07,16,043,29,10,16,055,27,11,11,315,31,1*7A
$GBGSV,3,2,09,13,06,146,29,26,01,023,,27,70,203,40,28,33,155,36,1*7F
$GBGSV,3,3,09,30,37,305,36,1*4B
$GIGSV,1,1,02,01,,,35,06,24,135,,1*4F
$GPGGA,134651.00,4825.1420513,N,00428.4545885,W,4,21,0.5,89.924,M,51.637,M,2.0,4095*65
$GPRMC,134651.00,A,4825.1420513,N,00428.4545885,W,0.0,0.0,100626,999.9,E,D*25
$GPGSV,3,1,12,01,39,119,44,02,13,128,37,03,63,055,48,04,57,162,46,1*63
$GPGSV,3,2,12,06,31,303,41,09,30,196,41,12,04,337,,13,03,337,,1*60
$GPGSV,3,3,12,17,51,237,47,19,45,288,45,28,14,042,35,31,18,071,40,1*6C
$GSGSV,3,1,10,01,33,195,,02,34,181,41,04,28,145,42,05,29,147,,1*64
$GSGSV,3,2,10,06,33,195,,07,05,106,,08,13,112,,17,34,167,42,1*66
$GSGSV,3,3,10,28,19,125,,39,17,237,,1*68
$GLGSV,2,1,08,68,46,039,45,69,79,203,47,70,26,215,39,76,08,342,,1*74
$GLGSV,2,2,08,77,06,026,,83,37,138,44,84,84,330,46,85,35,321,44,1*7E
$GQGSV,1,1,00,1*65
$GAGSV,3,1,11,02,14,288,37,04,58,128,47,06,44,166,44,09,24,185,39,7*7F
$GAGSV,3,2,11,10,58,104,46,11,84,030,43,12,33,110,37,19,32,049,36,7*77
$GAGSV,3,3,11,25,05,238,32,28,52,082,44,30,06,337,,7*4C
$GBGSV,3,1,09,05,09,111,,07,16,043,30,10,16,055,27,11,11,315,31,1*72
$GBGSV,3,2,09,13,06,146,29,26,01,023,,27,70,203,40,28,33,155,36,1*7F
$GBGSV,3,3,09,30,37,305,36,1*4B
$GIGSV,1,1,02,01,,,36,06,24,135,,1*4C
$GPGGA,134652.00,4825.1420521,N,00428.4545874,W,4,21,0.5,89.919,M,51.637,M,3.0,4095*66
$GPRMC,134652.00,A,4825.1420521,N,00428.4545874,W,0.0,0.0,100626,999.9,E,D*29
$GPGSV,3,1,12,01,39,119,45,02,13,128,37,03,63,055,48,04,57,162,46,1*62
$GPGSV,3,2,12,06,31,303,41,09,30,196,41,12,04,337,,13,03,337,,1*60
$GPGSV,3,3,12,17,51,237,47,19,45,288,45,28,14,042,35,31,18,071,40,1*6C
$GSGSV,3,1,10,01,33,195,,02,34,181,41,04,28,145,41,05,29,147,,1*67
$GSGSV,3,2,10,06,33,195,,07,05,106,,08,13,112,,17,34,167,42,1*66
$GSGSV,3,3,10,28,19,125,,39,17,237,,1*68
$GLGSV,2,1,08,68,46,039,45,69,79,203,47,70,26,215,39,76,08,342,,1*74
$GLGSV,2,2,08,77,06,026,,83,37,138,45,84,84,330,46,85,35,321,44,1*7F
$GQGSV,1,1,00,1*65
$GAGSV,3,1,11,02,14,288,37,04,58,128,46,06,44,166,43,09,24,185,39,7*79
$GAGSV,3,2,11,10,58,104,46,11,84,030,43,12,33,110,38,19,32,049,37,7*79
$GAGSV,3,3,11,25,05,238,32,28,52,082,44,30,06,337,,7*4C
$GBGSV,3,1,09,05,09,111,,07,16,043,29,10,16,055,28,11,11,315,31,1*75
$GBGSV,3,2,09,13,06,146,28,26,01,023,,27,70,203,40,28,33,155,36,1*7E
$GBGSV,3,3,09,30,37,305,36,1*4B
$GIGSV,1,1,02,01,,,36,06,24,135,,1*4C
$GPGGA,134653.00,4825.1420506,N,00428.4545888,W,4,22,0.5,89.920,M,51.637,M,1.0,4095*6A
$GPRMC,134653.00,A,4825.1420506,N,00428.4545888,W,0.0,0.0,100626,999.9,E,D*2E
$GPGSV,3,1,12,01,39,119,45,02,13,128,37,03,63,055,48,04,57,162,46,1*62
$GPGSV,3,2,12,06,31,303,41,09,30,196,41,12,04,337,,13,03,337,,1*60
$GPGSV,3,3,12,17,51,237,47,19,45,288,45,28,14,042,35,31,18,071,40,1*6C
$GSGSV,3,1,10,01,33,195,,02,34,181,41,04,28,145,41,05,29,147,,1*67
$GSGSV,3,2,10,06,33,195,,07,05,106,,08,13,112,,17,34,167,42,1*66
$GSGSV,3,3,10,28,19,125,,39,17,237,,1*68
$GLGSV,2,1,08,68,46,039,45,69,79,203,47,70,26,215,39,76,08,342,,1*74
$GLGSV,2,2,08,77,06,026,,83,37,138,45,84,84,330,46,85,35,321,44,1*7F
$GQGSV,1,1,00,1*65
$GAGSV,3,1,11,02,14,288,37,04,58,128,46,06,44,166,43,09,24,185,38,7*78
$GAGSV,3,2,11,10,58,104,46,11,84,030,43,12,33,110,37,19,32,049,36,7*77
$GAGSV,3,3,11,25,05,238,33,28,52,082,44,30,06,337,,7*4D
$GBGSV,3,1,09,05,09,111,,07,16,043,29,10,16,055,27,11,11,315,31,1*7A
$GBGSV,3,2,09,13,06,146,28,26,01,023,,27,70,203,39,28,33,155,35,1*73
$GBGSV,3,3,09,30,37,305,36,1*4B
$GIGSV,1,1,02,01,,,35,06,24,135,,1*4F
$GPGGA,134654.00,4825.1420512,N,00428.4545874,W,4,22,0.5,89.924,M,51.637,M,1.0,4095*6F
$GPRMC,134654.00,A,4825.1420512,N,00428.4545874,W,0.0,0.0,100626,999.9,E,D*2F
$GPGSV,3,1,12,01,39,119,44,02,13,128,37,03,63,055,48,04,57,162,45,1*60
$GPGSV,3,2,12,06,31,303,41,09,30,196,41,12,04,337,,13,03,337,,1*60
$GPGSV,3,3,12,17,51,237,47,19,45,288,45,28,14,042,35,31,18,071,40,1*6C
$GSGSV,3,1,10,01,33,195,,02,34,181,40,04,28,145,41,05,29,147,,1*66
$GSGSV,3,2,10,06,33,195,,07,05,106,,08,13,112,,17,34,167,42,1*66
$GSGSV,3,3,10,28,19,125,,39,17,237,,1*68
$GLGSV,2,1,08,68,46,039,45,69,79,203,47,70,26,215,39,76,08,342,,1*74
$GLGSV,2,2,08,77,06,026,,83,37,138,45,84,84,330,46,85,35,321,44,1*7F
$GQGSV,1,1,00,1*65
$GAGSV,3,1,11,02,14,288,38,04,58,128,46,06,44,166,43,09,24,185,39,7*76
$GAGSV,3,2,11,10,58,104,46,11,84,030,43,12,33,110,38,19,32,049,37,7*79
$GAGSV,3,3,11,25,05,238,32,28,52,082,44,30,06,337,,7*4C
$GBGSV,3,1,09,05,09,111,,07,16,043,29,10,16,055,27,11,11,315,32,1*79
$GBGSV,3,2,09,13,06,146,28,26,01,023,,27,70,203,40,28,33,155,36,1*7E
$GBGSV,3,3,09,30,37,305,36,1*4B
$GIGSV,1,1,02,01,,,35,06,24,135,,1*4F
$GPGGA,134655.00,4825.1420508,N,00428.4545866,W,4,22,0.5,89.926,M,51.637,M,2.0,4095*67
$GPRMC,134655.00,A,4825.1420508,N,00428.4545866,W,0.0,0.0,100626,999.9,E,D*26
$GPGSV,3,1,12,01,39,119,45,02,13,128,37,03,63,055,48,04,57,162,46,1*62
$GPGSV,3,2,12,06,31,303,41,09,30,196,42,12,04,337,,13,03,337,,1*63
$GPGSV,3,3,12,17,51,237,47,19,45,288,45,28,14,042,36,31,18,071,40,1*6F
$GSGSV,3,1,10,01,33,195,,02,34,181,40,04,28,145,41,05,29,147,,1*66
$GSGSV,3,2,10,06,33,195,,07,05,106,,08,13,112,,17,34,167,42,1*66
$GSGSV,3,3,10,28,19,125,,39,17,237,,1*68
$GLGSV,2,1,08,68,46,039,45,69,79,203,47,70,26,215,39,76,08,342,,1*74
$GLGSV,2,2,08,77,06,026,,83,37,138,45,84,84,330,46,85,35,321,44,1*7F
$GQGSV,1,1,00,1*65
$GAGSV,3,1,11,02,14,288,38,04,58,128,46,06,44,166,43,09,24,185,39,7*76
$GAGSV,3,2,11,10,58,104,46,11,84,031,43,12,33,110,38,19,32,049,37,7*78
$GAGSV,3,3,11,25,05,238,32,28,52,082,44,30,06,337,,7*4C
$GBGSV,3,1,09,05,09,111,,07,16,043,30,10,16,055,28,11,11,315,32,1*7E
$GBGSV,3,2,09,13,06,146,28,26,01,023,,27,70,203,40,28,33,155,36,1*7E
$GBGSV,3,3,09,30,37,305,36,1*4B
$GIGSV,1,1,02,01,,,35,06,24,135,,1*4F
$GPGGA,134656.00,4825.1420509,N,00428.4545866,W,4,22,0.5,89.925,M,51.637,M,3.0,4095*67
$GPRMC,134656.00,A,4825.1420509,N,00428.4545866,W,0.0,0.0,100626,999.9,E,D*24
$GPGSV,3,1,12,01,38,119,45,02,13,128,37,03,63,055,48,04,57,162,46,1*63
$GPGSV,3,2,12,06,31,303,41,09,30,196,41,12,04,337,,13,03,337,,1*60
$GPGSV,3,3,12,17,51,237,47,19,45,288,45,28,14,042,35,31,18,071,40,1*6C
$GSGSV,3,1,10,01,33,195,,02,34,181,40,04,28,145,41,05,29,147,,1*66
$GSGSV,3,2,10,06,33,195,,07,05,106,,08,13,112,,17,34,167,42,1*66
$GSGSV,3,3,10,28,19,125,,39,17,237,,1*68
$GLGSV,2,1,08,68,46,039,45,69,79,203,47,70,26,215,39,76,08,342,,1*74
$GLGSV,2,2,08,77,06,026,,83,37,138,45,84,84,330,47,85,35,321,44,1*7E
$GQGSV,1,1,00,1*65
$GAGSV,3,1,11,02,14,288,38,04,58,128,46,06,44,166,43,09,24,185,38,7*77
$GAGSV,3,2,11,10,58,105,46,11,84,031,43,12,33,110,37,19,32,049,37,7*76
$GAGSV,3,3,11,25,05,238,33,28,52,082,44,30,06,337,,7*4D
$GBGSV,3,1,09,05,09,111,,07,16,043,30,10,16,055,28,11,11,315,32,1*7E
$GBGSV,3,2,09,13,06,146,29,26,01,023,,27,70,203,40,28,33,155,36,1*7F
$GBGSV,3,3,09,30,37,305,36,1*4B
$GIGSV,1,1,02,01,,,35,06,24,135,,1*4F
$GPGGA,134657.00,4825.1420520,N,00428.4545878,W,4,22,0.5,89.922,M,51.637,M,1.0,4095*67
$GPRMC,134657.00,A,4825.1420520,N,00428.4545878,W,0.0,0.0,100626,999.9,E,D*21
$GPGSV,3,1,12,01,38,119,45,02,13,128,37,03,63,055,48,04,57,162,46,1*63
$GPGSV,3,2,12,06,31,303,41,09,30,196,41,12,04,337,,13,03,337,,1*60
$GPGSV,3,3,12,17,51,237,47,19,45,288,45,28,14,042,35,31,18,071,40,1*6C
$GSGSV,3,1,10,01,33,195,,02,34,181,40,04,28,145,41,05,29,147,,1*66
$GSGSV,3,2,10,06,33,195,,07,05,106,,08,13,112,,17,34,167,42,1*66
$GSGSV,3,3,10,28,19,125,,39,17,237,,1*68
$GLGSV,2,1,08,68,46,039,45,69,79,203,47,70,26,215,39,76,08,342,,1*74
$GLGSV,2,2,08,77,06,026,,83,37,138,45,84,84,330,47,85,35,321,44,1*7E
$GQGSV,1,1,00,1*65
$GAGSV,3,1,11,02,14,288,38,04,58,128,46,06,44,166,43,09,24,185,38,7*77
$GAGSV,3,2,11,10,58,105,46,11,84,031,43,12,33,110,38,19,32,049,37,7*79
$GAGSV,3,3,11,25,05,238,32,28,52,082,44,30,06,337,,7*4C
$GBGSV,3,1,09,05,09,111,,07,16,043,30,10,16,055,27,11,11,315,32,1*71
$GBGSV,3,2,09,13,06,146,28,26,01,023,,27,70,202,40,28,33,155,36,1*7F
$GBGSV,3,3,09,30,37,305,36,1*4B
$GIGSV,1,1,02,01,,,35,06,24,135,,1*4F
$GPGGA,134658.00,4825.1420504,N,00428.4545883,W,4,22,0.5,89.920,M,51.637,M,1.0,4095*68
$GPRMC,134658.00,A,4825.1420504,N,00428.4545883,W,0.0,0.0,100626,999.9,E,D*2C
$GPGSV,3,1,12,01,38,119,45,02,13,128,37,03,63,055,48,04,57,162,46,1*63
$GPGSV,3,2,12,06,31,303,41,09,30,196,41,12,04,337,,13,03,337,,1*60
$GPGSV,3,3,12,17,51,237,46,19,45,288,45,28,14,042,35,31,18,071,39,1*63
$GSGSV,3,1,10,01,33,195,,02,34,181,40,04,28,145,41,05,29,147,,1*66
$GSGSV,3,2,10,06,33,195,,07,05,106,,08,13,112,,17,34,167,42,1*66
$GSGSV,3,3,10,28,19,125,,39,17,237,,1*68
$GLGSV,2,1,08,68,46,039,45,69,79,203,47,70,26,215,39,76,08,342,,1*74
$GLGSV,2,2,08,77,06,026,,83,37,138,44,84,84,330,46,85,35,321,44,1*7E
$GQGSV,1,1,00,1*65
$GAGSV,3,1,11,02,14,288,38,04,58,127,46,06,44,166,43,09,24,185,39,7*79
$GAGSV,3,2,11,10,58,105,46,11,84,031,43,12,33,110,37,19,32,049,36,7*77
$GAGSV,3,3,11,25,05,238,32,28,52,082,44,30,06,337,,7*4C
$GBGSV,3,1,09,05,09,111,,07,16,043,30,10,16,055,28,11,11,315,32,1*7E
$GBGSV,3,2,09,13,06,146,28,26,01,023,,27,70,202,39,28,33,155,36,1*71
$GBGSV,3,3,09,30,37,305,36,1*4B
$GIGSV,1,1,02,01,,,34,06,24,135,,1*4E
$GPGGA,134659.00,4825.1420512,N,00428.4545880,W,4,22,0.5,89.920,M,51.637,M,1.0,4095*6D
$GPRMC,134659.00,A,4825.1420512,N,00428.4545880,W,0.0,0.0,100626,999.9,E,D*29
$GPGSV,3,1,12,01,38,119,45,02,13,128,37,03,63,055,48,04,57,162,45,1*60
$GPGSV,3,2,12,06,31,303,40,09,30,196,40,12,04,337,,13,03,337,,1*60
$GPGSV,3,3,12,17,51,237,46,19,45,288,45,28,14,042,34,31,18,071,40,1*6C
$GSGSV,3,1,10,01,33,195,,02,34,181,41,04,28,145,42,05,29,147,,1*64
$GSGSV,3,2,10,06,33,195,,07,05,106,,08,13,112,,17,34,167,42,1*66
$GSGSV,3,3,10,28,19,125,,39,17,237,,1*68
$GLGSV,2,1,08,68,46,039,45,69,79,203,47,70,26,215,38,76,08,342,,1*75
$GLGSV,2,2,08,77,06,026,,83,37,138,44,84,84,330,46,85,35,321,45,1*7F
$GQGSV,1,1,00,1*65
$GAGSV,3,1,11,02,14,288,37,04,58,127,46,06,44,166,43,09,24,185,40,7*78
$GAGSV,3,2,11,10,58,105,46,11,84,031,43,12,33,110,37,19,32,049,37,7*76
$GAGSV,3,3,11,25,05,238,32,28,52,082,44,30,06,337,,7*4C
$GBGSV,3,1,09,05,09,111,,07,16,043,29,10,16,055,27,11,11,315,32,1*79
$GBGSV,3,2,09,13,06,146,28,26,01,023,,27,70,202,40,28,33,155,36,1*7F
$GBGSV,3,3,09,30,37,305,36,1*4B
$GIGSV,1,1,02,01,,,34,06,24,135,,1*4E
$GPGGA,134700.00,4825.1420505,N,00428.4545881,W,4,22,0.5,89.921,M,51.637,M,2.0,4095*65
$GPRMC,134700.00,A,4825.1420505,N,00428.4545881,W,0.0,0.0,100626,999.9,E,D*23
$GPGSV,3,1,12,01,38,119,46,02,13,128,38,03,63,055,47,04,57,162,45,1*63
$GPGSV,3,2,12,06,32,303,41,09,30,196,41,12,04,337,,13,03,337,,1*63
$GPGSV,3,3,12,17,50,237,46,19,45,288,45,28,14,042,35,31,18,071,40,1*6C
$GSGSV,3,1,10,01,33,195,,02,34,181,40,04,28,145,42,05,29,147,,1*65
$GSGSV,3,2,10,06,33,195,,07,05,106,,08,13,112,,17,34,167,42,1*66
$GSGSV,3,3,10,28,19,125,,39,17,237,,1*68
$GLGSV,2,1,08,68,46,039,45,69,79,203,47,70,26,216,39,76,08,342,,1*77
$GLGSV,2,2,08,77,06,026,,83,37,138,44,84,84,330,46,85,35,321,44,1*7E
$GQGSV,1,1,00,1*65
$GAGSV,3,1,11,02,14,288,38,04,58,127,46,06,44,166,43,09,24,185,39,7*79
$GAGSV,3,2,11,10,58,105,46,11,84,031,43,12,33,110,37,19,32,049,37,7*76
$GAGSV,3,3,11,25,05,238,32,28,52,082,45,30,06,337,,7*4D
$GBGSV,3,1,09,05,09,111,,07,16,043,28,10,16,055,28,11,11,315,32,1*77
$GBGSV,3,2,09,13,06,146,28,26,01,023,,27,70,202,40,28,33,155,36,1*7F
$GBGSV,3,3,09,30,37,305,37,1*4A
$GIGSV,1,1,02,01,,,35,06,24,135,,1*4F
$GPGGA,134701.00,4825.1420506,N,00428.4545889,W,4,22,0.5,89.927,M,51.637,M,2.0,4095*69
$GPRMC,134701.00,A,4825.1420506,N,00428.4545889,W,0.0,0.0,100626,999.9,E,D*29
$GPGSV,3,1,12,01,38,119,45,02,13,128,38,03,63,055,48,04,57,162,45,1*6F
$GPGSV,3,2,12,06,32,303,41,09,30,196,41,12,04,337,,13,03,337,,1*63
$GPGSV,3,3,12,17,50,237,46,19,45,288,45,28,14,042,34,31,18,071,40,1*6D
$GSGSV,3,1,10,01,33,195,,02,34,181,40,04,28,145,42,05,29,147,,1*65
$GSGSV,3,2,10,06,33,195,,07,05,106,,08,13,112,,17,34,167,42,1*66
$GSGSV,3,3,10,28,19,125,,39,17,237,,1*68
$GLGSV,2,1,08,68,46,039,45,69,79,203,47,70,26,216,39,76,08,342,,1*77
$GLGSV,2,2,08,77,06,026,,83,37,138,44,84,84,330,46,85,35,321,44,1*7E
$GQGSV,1,1,00,1*65
$GAGSV,3,1,11,02,14,288,38,04,58,127,47,06,44,166,44,09,24,185,39,7*7F
$GAGSV,3,2,11,10,58,105,46,11,84,031,42,12,33,110,37,19,32,049,37,7*77
$GAGSV,3,3,11,25,05,238,33,28,52,082,45,30,06,337,,7*4C
$GBGSV,3,1,09,05,09,111,,07,16,043,29,10,16,055,28,11,11,315,32,1*76
$GBGSV,3,2,09,13,06,146,29,26,01,023,,27,70,202,40,28,33,155,36,1*7E
$GBGSV,3,3,09,30,37,305,36,1*4B
$GIGSV,1,1,02,01,,,35,06,24,135,,1*4F
$GPGGA,134702.00,4825.1420506,N,00428.4545886,W,4,22,0.5,89.918,M,51.637,M,1.0,4095*6A
$GPRMC,134702.00,A,4825.1420506,N,00428.4545886,W,0.0,0.0,100626,999.9,E,D*25
$GPGSV,3,1,12,01,38,119,45,02,13,128,38,03,63,055,48,04,57,162,45,1*6F
$GPGSV,3,2,12,06,32,303,41,09,30,196,42,12,04,337,,13,03,337,,1*60
$GPGSV,3,3,12,17,50,237,46,19,45,288,45,28,14,042,35,31,18,071,40,1*6C
$GSGSV,3,1,10,01,33,195,,02,34,181,40,04,28,145,41,05,29,147,,1*66
$GSGSV,3,2,10,06,33,195,,07,05,106,,08,13,112,,17,34,167,42,1*66
$GSGSV,3,3,10,28,19,125,,39,17,237,,1*68
$GLGSV,2,1,08,68,46,039,45,69,79,203,47,70,26,216,39,76,08,342,,1*77
$GLGSV,2,2,08,77,06,026,,83,37,138,44,84,84,330,46,85,35,321,45,1*7F
$GQGSV,1,1,00,1*65
$GAGSV,3,1,11,02,14,288,38,04,58,127,46,06,44,166,43,09,24,185,39,7*79
$GAGSV,3,2,11,10,58,105,46,11,84,031,43,12,33,110,37,19,32,049,37,7*76
$GAGSV,3,3,11,25,05,238,33,28,52,082,44,30,06,337,,7*4D
$GBGSV,3,1,09,05,09,111,,07,16,043,28,10,16,055,28,11,11,315,32,1*77
$GBGSV,3,2,09,13,06,146,29,26,01,023,,27,70,202,40,28,33,155,36,1*7E
$GBGSV,3,3,09,30,37,305,36,1*4B
$GIGSV,1,1,02,01,,,34,06,24,135,,1*4E
$GPGGA,134703.00,4825.1420499,N,00428.4545879,W,4,22,0.5,89.920,M,51.637,M,2.0,4095*64
$GPRMC,134703.00,A,4825.1420499,N,00428.4545879,W,0.0,0.0,100626,999.9,E,D*23
$GPGSV,3,1,12,01,38,119,45,02,13,128,38,03,63,055,48,04,57,162,45,1*6F
$GPGSV,3,2,12,06,32,303,41,09,30,196,42,12,04,337,,13,03,337,,1*60
$GPGSV,3,3,12,17,50,237,46,19,45,288,44,28,14,042,35,31,18,071,40,1*6D
$GSGSV,3,1,10,01,33,195,,02,34,181,40,04,28,145,42,05,29,147,,1*65
$GSGSV,3,2,10,06,33,195,,07,05,106,,08,13,112,,17,34,167,42,1*66
$GSGSV,3,3,10,28,19,125,,39,17,237,,1*68
$GLGSV,2,1,08,68,46,039,45,69,79,203,47,70,26,216,38,76,08,342,,1*76
$GLGSV,2,2,08,77,06,026,,83,37,138,44,84,84,330,46,85,35,321,44,1*7E
$GQGSV,1,1,00,1*65
$GAGSV,3,1,11,02,14,288,37,04,58,127,46,06,44,166,43,09,24,185,39,7*76
$GAGSV,3,2,11,10,58,105,46,11,84,031,43,12,33,110,37,19,32,049,37,7*76
$GAGSV,3,3,11,25,05,238,33,28,52,082,44,30,06,337,,7*4D
$GBGSV,3,1,09,05,09,111,,07,16,043,30,10,16,055,28,11,11,315,32,1*7E
$GBGSV,3,2,09,13,06,146,28,26,01,023,,27,70,202,40,28,33,155,36,1*7F
$GBGSV,3,3,09,30,37,305,37,1*4A
$GIGSV,1,1,02,01,,,34,06,24,135,,1*4E
$GPGGA,134704.00,4825.1420494,N,00428.4545884,W,4,22,0.5,89.917,M,51.637,M,3.0,4095*69
$GPRMC,134704.00,A,4825.1420494,N,00428.4545884,W,0.0,0.0,100626,999.9,E,D*2B
$GPGSV,3,1,12,01,38,119,45,02,13,128,38,03,63,055,48,04,57,162,45,1*6F
$GPGSV,3,2,12,06,32,303,41,09,30,196,42,12,04,337,,13,03,337,,1*60
$GPGSV,3,3,12,17,50,237,46,19,45,288,45,28,14,042,36,31,18,071,40,1*6F
$GSGSV,3,1,10,01,33,195,,02,34,181,40,04,28,145,42,05,29,147,,1*65
$GSGSV,3,2,10,06,33,195,,07,05,106,,08,13,112,,17,34,167,42,1*66
$GSGSV,3,3,10,28,19,125,,39,17,237,,1*68
$GLGSV,2,1,08,68,46,039,45,69,79,203,47,70,26,216,39,76,08,342,,1*77
$GLGSV,2,2,08,77,06,026,,83,37,138,45,84,84,330,46,85,35,321,45,1*7E
$GQGSV,1,1,00,1*65
$GAGSV,3,1,11,02,14,288,38,04,58,127,47,06,44,166,43,09,24,185,39,7*78
$GAGSV,3,2,11,10,58,105,46,11,84,031,43,12,33,110,37,19,32,049,36,7*77
$GAGSV,3,3,11,25,05,238,33,28,52,082,44,30,06,337,,7*4D
$GBGSV,3,1,09,05,09,111,,07,16,043,30,10,16,055,28,11,11,315,32,1*7E
$GBGSV,3,2,09,13,06,146,28,26,01,023,,27,70,202,39,28,33,155,36,1*71
$GBGSV,3,3,09,30,37,305,37,1*4A
$GIGSV,1,1,02,01,,,35,06,24,135,,1*4F
$GPGGA,134705.00,4825.1420510,N,00428.4545886,W,4,22,0.5,89.920,M,51.637,M,1.0,4095*61
$GPRMC,134705.00,A,4825.1420510,N,00428.4545886,W,0.0,0.0,100626,999.9,E,D*25
$GPGSV,3,1,12,01,38,119,46,02,13,128,37,03,63,055,48,04,57,162,46,1*60
$GPGSV,3,2,12,06,32,303,41,09,30,196,41,12,04,337,,13,03,337,,1*63
$GPGSV,3,3,12,17,50,237,46,19,45,288,45,28,14,042,36,31,18,071,40,1*6F
$GSGSV,3,1,10,01,33,195,,02,34,181,40,04,28,145,41,05,29,147,,1*66
$GSGSV,3,2,10,06,33,195,,07,05,106,,08,13,112,,17,34,167,42,1*66
$GSGSV,3,3,10,28,19,125,,39,17,237,,1*68
$GLGSV,2,1,08,68,46,039,45,69,79,203,47,70,26,216,39,76,08,342,,1*77
$GLGSV,2,2,08,77,06,026,,83,37,138,45,84,84,330,46,85,35,321,44,1*7F
$GQGSV,1,1,00,1*65
$GAGSV,3,1,11,02,14,288,39,04,58,127,46,06,44,166,43,09,24,185,38,7*79
$GAGSV,3,2,11,10,58,105,46,11,84,031,43,12,33,110,37,19,32,049,36,7*77
$GAGSV,3,3,11,25,05,238,33,28,52,082,44,30,06,337,,7*4D
$GBGSV,3,1,09,05,09,111,,07,16,043,30,10,16,055,28,11,11,315,31,1*7D
$GBGSV,3,2,09,13,06,146,28,26,01,023,,27,70,202,40,28,33,155,36,1*7F
$GBGSV,3,3,09,30,37,305,36,1*4B
$GIGSV,1,1,02,01,,,34,06,24,135,,1*4E
$GPGGA,134706.00,4825.1420516,N,00428.4545885,W,4,22,0.5,89.920,M,51.637,M,1.0,4095*67
$GPRMC,134706.00,A,4825.1420516,N,00428.4545885,W,0.0,0.0,100626,999.9,E,D*23
$GPGSV,3,1,12,01,38,119,45,02,13,128,38,03,63,055,48,04,57,162,45,1*6F
$GPGSV,3,2,12,06,32,303,41,09,30,196,41,12,04,337,,13,03,337,,1*63
$GPGSV,3,3,12,17,50,237,46,19,45,288,45,28,14,042,36,31,18,071,40,1*6F
$GSGSV,3,1,10,01,33,195,,02,34,181,40,04,28,145,42,05,29,147,,1*65
$GSGSV,3,2,10,06,33,195,,07,05,106,,08,13,112,,17,34,167,42,1*66
$GSGSV,3,3,10,28,19,125,,39,17,237,,1*68
$GLGSV,2,1,08,68,46,039,45,69,79,203,47,70,26,216,39,76,08,342,,1*77
$GLGSV,2,2,08,77,06,026,,83,37,138,45,84,84,330,46,85,35,321,44,1*7F
$GQGSV,1,1,00,1*65
$GAGSV,3,1,11,02,14,288,39,04,58,127,46,06,44,166,43,09,24,185,38,7*79
$GAGSV,3,2,11,10,58,105,46,11,84,031,43,12,33,110,38,19,32,049,36,7*78
$GAGSV,3,3,11,25,05,238,32,28,52,082,45,30,06,337,,7*4D
$GBGSV,3,1,09,05,09,111,,07,16,043,30,10,16,055,28,11,11,315,31,1*7D
$GBGSV,3,2,09,13,06,146,29,26,01,023,,27,70,202,40,28,33,155,36,1*7E
$GBGSV,3,3,09,30,37,305,37,1*4A
$GIGSV,1,1,02,01,,,34,06,24,135,,1*4E
$GPGGA,134707.00,4825.1420523,N,00428.4545873,W,4,22,0.5,89.918,M,51.637,M,2.0,4095*61
$GPRMC,134707.00,A,4825.1420523,N,00428.4545873,W,0.0,0.0,100626,999.9,E,D*2D
$GPGSV,3,1,12,01,38,119,45,02,13,128,38,03,63,055,48,04,57,162,45,1*6F
$GPGSV,3,2,12,06,32,303,41,09,30,196,41,12,04,337,,13,03,337,,1*63
$GPGSV,3,3,12,17,50,237,46,19,45,288,44,28,14,042,35,31,18,071,40,1*6D
$GSGSV,3,1,10,01,33,195,,02,34,181,40,04,28,145,41,05,29,147,,1*66
$GSGSV,3,2,10,06,33,195,,07,05,106,,08,13,112,,17,34,167,42,1*66
$GSGSV,3,3,10,28,19,125,,39,17,237,,1*68
$GLGSV,2,1,08,68,46,039,45,69,79,203,46,70,26,216,40,76,08,342,,1*78
$GLGSV,2,2,08,77,06,026,,83,37,138,45,84,84,330,46,85,35,321,43,1*78
$GQGSV,1,1,00,1*65
$GAGSV,3,1,11,02,14,288,38,04,58,127,46,06,44,166,43,09,24,185,38,7*78
$GAGSV,3,2,11,10,58,105,46,11,84,031,43,12,33,110,37,19,32,049,37,7*76
$GAGSV,3,3,11,25,05,238,32,28,52,082,45,30,06,337,,7*4D
$GBGSV,3,1,09,05,09,111,,07,16,043,30,10,16,055,27,11,11,315,32,1*71
$GBGSV,3,2,09,13,06,146,29,26,01,023,,27,70,202,39,28,33,155,36,1*70
$GBGSV,3,3,09,30,37,305,36,1*4B
$GIGSV,1,1,02,01,,,34,06,24,135,,1*4E
$GPGGA,134708.00,4825.1420511,N,00428.4545894,W,4,22,0.5,89.916,M,51.637,M,1.0,4095*6B
$GPRMC,134708.00,A,4825.1420511,N,00428.4545894,W,0.0,0.0,100626,999.9,E,D*2A
$GPGSV,3,1,12,01,38,119,45,02,13,128,38,03,63,055,48,04,57,162,45,1*6F
$GPGSV,3,2,12,06,32,303,41,09,30,196,41,12,04,337,,13,03,337,,1*63
$GPGSV,3,3,12,17,50,237,46,19,45,288,44,28,14,042,35,31,18,071,40,1*6D
$GSGSV,3,1,10,01,33,195,,02,34,181,40,04,28,145,42,05,29,147,,1*65
$GSGSV,3,2,10,06,33,195,,07,05,106,,08,13,112,,17,34,167,42,1*66
$GSGSV,3,3,10,28,19,125,,39,17,237,,1*68
$GLGSV,2,1,08,68,46,039,45,69,79,203,46,70,26,216,40,76,08,342,,1*78
$GLGSV,2,2,08,77,06,026,,83,37,138,44,84,84,330,46,85,35,321,44,1*7E
$GQGSV,1,1,00,1*65
$GAGSV,3,1,11,02,14,288,38,04,58,127,46,06,44,166,43,09,24,185,38,7*78
$GAGSV,3,2,11,10,58,105,46,11,84,031,43,12,33,110,38,19,32,049,36,7*78
$GAGSV,3,3,11,25,05,238,32,28,52,082,45,30,06,337,,7*4D
$GBGSV,3,1,09,05,09,111,,07,16,043,30,10,16,055,28,11,11,315,32,1*7E
$GBGSV,3,2,09,13,06,146,27,26,01,023,,27,70,202,40,28,33,155,36,1*70
$GBGSV,3,3,09,30,37,305,36,1*4B
$GIGSV,1,1,02,01,,,34,06,24,135,,1*4E
$GPGGA,134709.00,4825.1420522,N,00428.4545866,W,4,22,0.5,89.924,M,51.637,M,1.0,4095*66
$GPRMC,134709.00,A,4825.1420522,N,00428.4545866,W,0.0,0.0,100626,999.9,E,D*26
$GPGSV,3,1,12,01,38,119,45,02,13,128,37,03,63,055,48,04,57,162,45,1*60
$GPGSV,3,2,12,06,32,303,41,09,30,196,41,12,04,337,,13,03,337,,1*63
$GPGSV,3,3,12,17,50,237,46,19,45,288,45,28,14,042,36,31,18,071,40,1*6F
$GSGSV,3,1,10,01,33,195,,02,34,181,40,04,28,145,41,05,29,147,,1*66
$GSGSV,3,2,10,06,33,195,,07,05,106,,08,13,112,,17,34,167,42,1*66
$GSGSV,3,3,10,28,19,125,,39,17,237,,1*68
$GLGSV,2,1,08,68,46,039,45,69,79,203,46,70,26,216,40,76,08,342,,1*78
$GLGSV,2,2,08,77,06,026,,83,37,138,44,84,84,330,46,85,35,321,44,1*7E
$GQGSV,1,1,00,1*65
$GAGSV,3,1,11,02,14,288,38,04,58,127,46,06,44,166,43,09,24,185,38,7*78
$GAGSV,3,2,11,10,58,105,46,11,84,031,43,12,33,110,38,19,32,049,37,7*79
$GAGSV,3,3,11,25,05,238,33,28,52,082,44,30,06,337,,7*4D
$GBGSV,3,1,09,05,09,111,,07,16,043,30,10,16,055,28,11,11,315,32,1*7E
$GBGSV,3,2,09,13,06,146,27,26,01,023,,27,70,202,40,28,33,155,36,1*70
$GBGSV,3,3,09,30,37,305,36,1*4B
$GIGSV,1,1,02,01,,,34,06,24,135,,1*4E
$GPGGA,134710.00,4825.1420518,N,00428.4545861,W,4,22,0.5,89.926,M,51.637,M,2.0,4095*61
$GPRMC,134710.00,A,4825.1420518,N,00428.4545861,W,0.0,0.0,100626,999.9,E,D*20
$GPGSV,3,1,12,01,38,119,45,02,13,128,37,03,63,055,48,04,57,162,45,1*60
$GPGSV,3,2,12,06,32,303,41,09,30,196,41,12,04,337,,13,03,337,,1*63
$GPGSV,3,3,12,17,50,237,46,19,45,288,45,28,14,042,36,31,18,071,41,1*6E
$GSGSV,3,1,10,01,33,195,,02,34,181,40,04,28,145,42,05,29,147,,1*65
$GSGSV,3,2,10,06,33,195,,07,05,106,,08,13,112,,17,34,167,42,1*66
$GSGSV,3,3,10,28,19,125,,39,17,237,,1*68
$GLGSV,2,1,08,68,46,039,45,69,79,203,47,70,26,216,40,76,08,342,,1*79
$GLGSV,2,2,08,77,06,026,,83,37,138,45,84,84,330,46,85,35,321,44,1*7F
$GQGSV,1,1,00,1*65
$GAGSV,3,1,11,02,14,288,38,04,58,127,46,06,44,166,43,09,24,185,39,7*79
$GAGSV,3,2,11,10,58,105,46,11,84,031,43,12,33,110,38,19,32,049,37,7*79
$GAGSV,3,3,11,25,05,238,33,28,52,082,44,30,06,337,,7*4D
$GBGSV,3,1,09,05,09,111,,07,16,043,30,10,16,055,28,11,11,315,32,1*7E
$GBGSV,3,2,09,13,06,146,27,26,01,023,,27,70,202,39,28,33,155,35,1*7D
$GBGSV,3,3,09,30,37,305,36,1*4B
$GIGSV,1,1,02,01,,,34,06,24,135,,1*4E
$GPGGA,134711.00,4825.1420518,N,00428.4545875,W,4,22,0.5,89.926,M,51.637,M,3.0,4095*64
$GPRMC,134711.00,A,4825.1420518,N,00428.4545875,W,0.0,0.0,100626,999.9,E,D*24
$GPGSV,3,1,12,01,38,119,45,02,13,128,37,03,63,055,48,04,57,162,45,1*60
$GPGSV,3,2,12,06,32,303,41,09,30,196,41,12,04,337,,13,03,337,,1*63
$GPGSV,3,3,12,17,50,237,46,19,45,288,45,28,14,042,36,31,18,071,41,1*6E
$GSGSV,3,1,10,01,33,195,,02,34,181,41,04,28,145,42,05,29,147,,1*64
$GSGSV,3,2,10,06,33,195,,07,05,106,,08,13,112,,17,34,167,42,1*66
$GSGSV,3,3,10,28,19,125,,39,17,237,,1*68
$GLGSV,2,1,08,68,46,039,45,69,79,203,47,70,26,216,41,76,08,342,,1*78
$GLGSV,2,2,08,77,06,026,,83,37,138,45,84,84,330,46,85,35,321,44,1*7F
$GQGSV,1,1,00,1*65
$GAGSV,3,1,11,02,14,288,38,04,58,127,46,06,44,166,43,09,24,185,39,7*79
$GAGSV,3,2,11,10,58,105,46,11,84,032,42,12,33,110,38,19,32,049,36,7*7A
$GAGSV,3,3,11,25,05,238,32,28,52,082,44,30,06,337,,7*4C
$GBGSV,3,1,09,05,09,111,,07,16,043,30,10,16,055,28,11,11,315,32,1*7E
$GBGSV,3,2,09,13,06,146,27,26,01,023,,27,70,202,40,28,33,155,35,1*73
$GBGSV,3,3,09,30,37,305,36,1*4B
$GIGSV,1,1,02,01,,,34,06,24,135,,1*4E
$GPGGA,134712.00,4825.1420513,N,00428.4545881,W,4,22,0.5,89.922,M,51.637,M,1.0,4095*61
$GPRMC,134712.00,A,4825.1420513,N,00428.4545881,W,0.0,0.0,100626,999.9,E,D*27
$GPGSV,3,1,12,01,38,119,45,02,13,128,37,03,63,055,48,04,57,162,45,1*60
$GPGSV,3,2,12,06,32,303,42,09,30,196,41,12,04,337,,13,03,337,,1*60
$GPGSV,3,3,12,17,50,237,46,19,45,288,45,28,14,042,36,31,18,071,40,1*6F
$GSGSV,3,1,10,01,33,195,,02,34,181,41,04,28,145,41,05,29,147,,1*67
$GSGSV,3,2,10,06,33,195,,07,05,106,,08,13,112,,17,34,167,42,1*66
$GSGSV,3,3,10,28,19,125,,39,17,237,,1*68
$GLGSV,2,1,08,68,46,039,45,69,79,203,47,70,26,216,40,76,08,342,,1*79
$GLGSV,2,2,08,77,06,026,,83,37,138,45,84,84,330,46,85,35,321,44,1*7F
$GQGSV,1,1,00,1*65
$GAGSV,3,1,11,02,14,288,39,04,58,127,46,06,44,166,43,09,24,185,39,7*78
$GAGSV,3,2,11,10,58,105,46,11,84,032,42,12,33,110,37,19,32,049,36,7*75
$GAGSV,3,3,11,25,05,238,32,28,52,082,44,30,06,337,,7*4C
$GBGSV,3,1,09,05,09,111,,07,16,043,30,10,16,055,28,11,11,315,32,1*7E
$GBGSV,3,2,09,13,06,146,27,26,01,023,,27,70,202,40,28,33,155,36,1*70
$GBGSV,3,3,09,30,37,305,36,1*4B
$GIGSV,1,1,02,01,,,34,06,24,135,,1*4E
$GPGGA,134713.00,4825.1420524,N,00428.4545869,W,4,22,0.5,89.922,M,51.637,M,1.0,4095*62
$GPRMC,134713.00,A,4825.1420524,N,00428.4545869,W,0.0,0.0,100626,999.9,E,D*24
$GPGSV,3,1,12,01,38,119,45,02,13,128,37,03,63,055,48,04,57,162,45,1*60
$GPGSV,3,2,12,06,32,303,41,09,30,196,41,12,04,337,,13,03,337,,1*63
$GPGSV,3,3,12,17,50,237,46,19,45,288,44,28,14,042,36,31,18,071,40,1*6E
$GSGSV,3,1,10,01,33,195,,02,34,181,41,04,28,145,41,05,29,147,,1*67
$GSGSV,3,2,10,06,33,195,,07,05,106,,08,13,112,,17,34,167,43,1*67
$GSGSV,3,3,10,28,19,125,,39,17,237,,1*68
$GLGSV,2,1,08,68,46,039,44,69,79,203,47,70,26,216,40,76,08,342,,1*78
$GLGSV,2,2,08,77,06,026,,83,37,138,45,84,84,330,46,85,35,321,44,1*7F
$GQGSV,1,1,00,1*65
$GAGSV,3,1,11,02,14,288,39,04,58,127,46,06,44,166,43,09,24,185,39,7*78
$GAGSV,3,2,11,10,58,105,46,11,84,032,43,12,33,110,38,19,32,049,36,7*7B
$GAGSV,3,3,11,25,05,238,33,28,52,082,44,30,06,337,,7*4D
$GBGSV,3,1,09,05,09,111,,07,16,043,30,10,16,055,28,11,11,315,32,1*7E
$GBGSV,3,2,09,13,06,146,28,26,01,023,,27,70,202,39,28,33,155,35,1*72
$GBGSV,3,3,09,30,37,305,36,1*4B
$GIGSV,1,1,02,01,,,34,06,24,135,,1*4E
$GPGGA,134714.00,4825.1420522,N,00428.4545868,W,4,22,0.5,89.920,M,51.637,M,2.0,4095*63
$GPRMC,134714.00,A,4825.1420522,N,00428.4545868,W,0.0,0.0,100626,999.9,E,D*24
$GPGSV,3,1,12,01,38,119,45,02,13,128,37,03,63,055,48,04,57,162,45,1*60
$GPGSV,3,2,12,06,32,303,41,09,30,196,41,12,04,337,,13,03,337,,1*63
$GPGSV,3,3,12,17,50,237,47,19,45,288,44,28,14,042,37,31,18,071,40,1*6E
$GSGSV,3,1,10,01,33,195,,02,34,181,41,04,28,145,41,05,29,147,,1*67
$GSGSV,3,2,10,06,33,195,,07,05,106,,08,13,112,,17,34,167,42,1*66
$GSGSV,3,3,10,28,19,125,,39,17,237,,1*68
$GLGSV,2,1,08,68,46,039,45,69,79,203,47,70,26,216,40,76,08,342,,1*79
$GLGSV,2,2,08,77,06,026,,83,37,138,45,84,84,330,46,85,35,321,44,1*7F
$GQGSV,1,1,00,1*65
$GAGSV,3,1,11,02,14,288,38,04,58,127,46,06,44,166,43,09,24,185,39,7*79
$GAGSV,3,2,11,10,58,105,46,11,84,032,43,12,33,110,38,19,32,049,36,7*7B
$GAGSV,3,3,11,25,05,238,33,28,52,082,44,30,06,337,,7*4D
$GBGSV,3,1,09,05,09,111,,07,16,043,30,10,16,055,28,11,11,315,31,1*7D
$GBGSV,3,2,09,13,06,146,27,26,01,023,,27,70,202,39,28,33,155,35,1*7D
$GBGSV,3,3,09,30,37,305,37,1*4A
$GIGSV,1,1,02,01,,,34,06,24,135,,1*4E
$GPGGA,134715.00,4825.1420528,N,00428.4545869,W,4,22,0.5,89.915,M,51.637,M,3.0,4095*6E
$GPRMC,134715.00,A,4825.1420528,N,00428.4545869,W,0.0,0.0,100626,999.9,E,D*2E
$GPGSV,3,1,12,01,38,119,45,02,13,128,38,03,63,055,48,04,57,162,45,1*6F
$GPGSV,3,2,12,06,32,303,41,09,30,196,41,12,04,337,,13,03,337,,1*63
$GPGSV,3,3,12,17,50,237,46,19,45,288,44,28,14,042,37,31,18,071,40,1*6F
$GSGSV,3,1,10,01,33,195,,02,34,181,40,04,28,145,41,05,29,147,,1*66
$GSGSV,3,2,10,06,33,195,,07,05,106,,08,13,112,,17,34,167,42,1*66
$GSGSV,3,3,10,28,19,125,,39,17,237,,1*68
$GLGSV,2,1,08,68,46,039,45,69,79,203,47,70,26,216,41,76,08,342,,1*78
$GLGSV,2,2,08,77,06,026,,83,37,138,45,84,84,330,46,85,35,321,44,1*7F
$GQGSV,1,1,00,1*65
$GAGSV,3,1,11,02,14,288,38,04,58,127,46,06,44,166,43,09,24,185,39,7*79
$GAGSV,3,2,11,10,58,105,46,11,84,032,43,12,33,110,37,19,32,049,36,7*74
$GAGSV,3,3,11,25,05,238,32,28,52,082,45,30,06,337,,7*4D
$GBGSV,3,1,09,05,09,111,,07,16,043,30,10,16,055,27,11,11,315,31,1*72
$GBGSV,3,2,09,13,06,146,27,26,01,023,,27,70,202,39,28,33,155,35,1*7D
$GBGSV,3,3,09,30,37,305,37,1*4A
$GIGSV,1,1,02,01,,,34,06,24,135,,1*4E
$GPGGA,134716.00,4825.1420533,N,00428.4545878,W,4,22,0.5,89.919,M,51.637,M,1.0,4095*69
$GPRMC,134716.00,A,4825.1420533,N,00428.4545878,W,0.0,0.0,100626,999.9,E,D*27
$GPGSV,3,1,12,01,38,119,44,02,13,128,38,03,63,055,48,04,57,162,45,1*6E
$GPGSV,3,2,12,06,32,303,41,09,30,196,41,12,04,337,,13,03,337,,1*63
$GPGSV,3,3,12,17,50,237,47,19,45,288,45,28,14,042,36,31,18,071,40,1*6E
$GSGSV,3,1,10,01,33,195,,02,34,181,41,04,28,145,41,05,29,147,,1*67
$GSGSV,3,2,10,06,33,195,,07,05,106,,08,13,112,,17,34,167,42,1*66
$GSGSV,3,3,10,28,19,125,,39,17,237,,1*68
$GLGSV,2,1,08,68,46,039,44,69,79,203,47,70,26,216,40,76,08,342,,1*78
$GLGSV,2,2,08,77,06,026,,83,37,138,45,84,84,330,46,85,35,321,44,1*7F
$GQGSV,1,1,00,1*65
$GAGSV,3,1,11,02,14,288,38,04,58,127,46,06,44,166,42,09,24,185,38,7*79
$GAGSV,3,2,11,10,58,105,46,11,84,032,43,12,33,110,37,19,32,049,36,7*74
$GAGSV,3,3,11,25,05,238,32,28,52,082,45,30,06,336,,7*4C
$GBGSV,3,1,09,05,09,111,,07,16,043,29,10,16,055,28,11,11,315,32,1*76
$GBGSV,3,2,09,13,06,146,28,26,01,023,,27,70,202,39,28,33,155,35,1*72
$GBGSV,3,3,09,30,37,305,36,1*4B
$GIGSV,1,1,02,01,,,34,06,24,135,,1*4E
$GPGGA,134717.00,4825.1420506,N,00428.4545900,W,4,22,0.5,89.917,M,51.637,M,1.0,4095*6E
$GPRMC,134717.00,A,4825.1420506,N,00428.4545900,W,0.0,0.0,100626,999.9,E,D*2E
$GPGSV,3,1,12,01,38,119,45,02,13,128,38,03,63,055,48,04,57,162,45,1*6F
$GPGSV,3,2,12,06,32,303,42,09,30,196,41,12,04,337,,13,03,337,,1*60
$GPGSV,3,3,12,17,50,237,47,19,45,288,45,28,14,042,37,31,18,071,40,1*6F
$GSGSV,3,1,10,01,33,195,,02,34,181,41,04,28,145,41,05,29,147,,1*67
$GSGSV,3,2,10,06,33,195,,07,05,106,,08,13,112,,17,34,167,42,1*66
$GSGSV,3,3,10,28,19,125,,39,17,237,,1*68
$GLGSV,2,1,08,68,46,039,44,69,79,203,47,70,26,216,40,76,08,342,,1*78
$GLGSV,2,2,08,77,06,026,,83,37,138,45,84,85,330,46,85,35,321,44,1*7E
$GQGSV,1,1,00,1*65
$GAGSV,3,1,11,02,14,288,39,04,58,127,46,06,44,166,43,09,24,185,39,7*78
$GAGSV,3,2,11,10,58,105,46,11,84,032,43,12,33,110,37,19,32,049,36,7*74
$GAGSV,3,3,11,25,05,238,32,28,52,082,45,30,06,336,,7*4C
$GBGSV,3,1,09,05,09,111,,07,16,043,30,10,16,055,28,11,11,315,32,1*7E
$GBGSV,3,2,09,13,06,146,28,26,01,023,,27,70,202,39,28,33,155,35,1*72
$GBGSV,3,3,09,30,37,305,36,1*4B
$GIGSV,1,1,02,01,,,34,06,24,135,,1*4E
$GPGGA,134718.00,4825.1420523,N,00428.4545898,W,4,22,0.5,89.920,M,51.637,M,2.0,4095*61
$GPRMC,134718.00,A,4825.1420523,N,00428.4545898,W,0.0,0.0,100626,999.9,E,D*26
$GPGSV,3,1,12,01,38,119,45,02,13,128,37,03,63,055,48,04,57,162,45,1*60
$GPGSV,3,2,12,06,32,303,42,09,30,196,40,12,04,337,,13,03,337,,1*61
$GPGSV,3,3,12,17,50,237,47,19,45,288,45,28,14,042,37,31,18,071,40,1*6F
$GSGSV,3,1,10,01,33,195,,02,34,181,41,04,28,145,41,05,29,147,,1*67
$GSGSV,3,2,10,06,33,195,,07,05,106,,08,13,112,,17,34,167,42,1*66
$GSGSV,3,3,10,28,19,125,,39,17,237,,1*68
$GLGSV,2,1,08,68,46,039,44,69,79,203,47,70,26,216,40,76,08,342,,1*78
$GLGSV,2,2,08,77,06,026,,83,37,138,44,84,85,330,46,85,35,321,44,1*7F
$GQGSV,1,1,00,1*65
$GAGSV,3,1,11,02,14,288,39,04,58,127,46,06,44,166,43,09,24,185,38,7*79
$GAGSV,3,2,11,10,58,105,46,11,84,032,43,12,33,110,37,19,32,049,36,7*74
$GAGSV,3,3,11,25,05,238,32,28,52,082,45,30,06,336,,7*4C
$GBGSV,3,1,09,05,09,111,,07,16,043,29,10,16,055,28,11,11,315,32,1*76
$GBGSV,3,2,09,13,06,146,27,26,01,023,,27,70,202,39,28,33,155,35,1*7D
$GBGSV,3,3,09,30,37,305,36,1*4B
$GIGSV,1,1,02,01,,,34,06,24,135,,1*4E
$GPGGA,134719.00,4825.1420525,N,00428.4545901,W,4,22,0.5,89.922,M,51.637,M,3.0,4095*64
$GPRMC,134719.00,A,4825.1420525,N,00428.4545901,W,0.0,0.0,100626,999.9,E,D*20
$GPGSV,3,1,12,01,38,119,45,02,13,128,37,03,63,055,48,04,57,162,45,1*60
$GPGSV,3,2,12,06,32,303,42,09,30,196,41,12,04,337,,13,03,337,,1*60
$GPGSV,3,3,12,17,50,237,46,19,45,288,45,28,14,042,36,31,18,071,40,1*6F
$GSGSV,3,1,10,01,33,195,,02,34,181,41,04,28,145,41,05,29,147,,1*67
$GSGSV,3,2,10,06,33,195,,07,05,106,,08,13,112,,17,34,167,42,1*66
$GSGSV,3,3,10,28,19,125,,39,17,237,,1*68
$GLGSV,2,1,08,68,46,039,45,69,79,203,47,70,26,216,41,76,08,342,,1*78
$GLGSV,2,2,08,77,06,026,,83,37,138,44,84,85,330,47,85,35,321,44,1*7E
$GQGSV,1,1,00,1*65
$GAGSV,3,1,11,02,14,288,39,04,58,127,46,06,44,166,43,09,24,185,38,7*79
$GAGSV,3,2,11,10,58,105,46,11,84,032,43,12,33,110,38,19,32,049,36,7*7B
$GAGSV,3,3,11,25,05,238,32,28,52,082,45,30,06,336,,7*4C
$GBGSV,3,1,09,05,09,111,,07,16,043,30,10,16,055,28,11,11,315,32,1*7E
$GBGSV,3,2,09,13,06,146,27,26,01,023,,27,70,202,39,28,33,155,35,1*7D
$GBGSV,3,3,09,30,37,305,36,1*4B
$GIGSV,1,1,02,01,,,35,06,24,135,,1*4F
$GPGGA,134720.00,4825.1420519,N,00428.4545878,W,4,22,0.5,89.916,M,51.637,M,1.0,4095*6B
$GPRMC,134720.00,A,4825.1420519,N,00428.4545878,W,0.0,0.0,100626,999.9,E,D*2A
$GPGSV,3,1,12,01,38,119,44,02,13,128,37,03,63,055,48,04,57,162,45,1*61
$GPGSV,3,2,12,06,32,303,42,09,30,196,41,12,04,337,,13,03,337,,1*60
$GPGSV,3,3,12,17,50,237,46,19,45,288,45,28,14,042,36,31,18,071,40,1*6F
$GSGSV,3,1,10,01,33,195,,02,34,181,41,04,28,145,41,05,29,147,,1*67
$GSGSV,3,2,10,06,33,195,,07,05,106,,08,13,112,,17,34,167,42,1*66
$GSGSV,3,3,10,28,19,125,,39,17,237,,1*68
$GLGSV,2,1,08,68,46,039,45,69,79,203,47,70,26,216,41,76,08,342,,1*78
$GLGSV,2,2,08,77,06,026,,83,37,138,44,84,85,330,46,85,35,321,44,1*7F
$GQGSV,1,1,00,1*65
$GAGSV,3,1,11,02,14,288,39,04,58,127,46,06,44,166,43,09,24,185,38,7*79
$GAGSV,3,2,11,10,58,105,46,11,84,032,43,12,33,110,37,19,32,049,36,7*74
$GAGSV,3,3,11,25,05,238,32,28,52,082,45,30,06,336,,7*4C
$GBGSV,3,1,09,05,09,111,,07,16,043,30,10,16,055,28,11,11,315,32,1*7E
$GBGSV,3,2,09,13,06,146,,26,01,023,,27,70,202,39,28,33,155,35,1*78
$GBGSV,3,3,09,30,37,305,36,1*4B
$GIGSV,1,1,02,01,,,34,06,24,135,,1*4E
$GPGGA,134721.00,4825.1420512,N,00428.4545893,W,4,22,0.5,89.924,M,51.637,M,1.0,4095*65
$GPRMC,134721.00,A,4825.1420512,N,00428.4545893,W,0.0,0.0,100626,999.9,E,D*25
$GPGSV,3,1,12,01,38,119,44,02,13,128,37,03,63,055,47,04,57,162,45,1*6E
$GPGSV,3,2,12,06,32,303,42,09,30,196,41,12,04,337,,13,03,337,,1*60
$GPGSV,3,3,12,17,50,237,46,19,45,288,45,28,14,042,36,31,18,071,39,1*61
$GSGSV,3,1,10,01,33,195,,02,34,181,40,04,28,145,41,05,29,147,,1*66
$GSGSV,3,2,10,06,33,195,,07,05,106,,08,13,112,,17,34,167,42,1*66
$GSGSV,3,3,10,28,19,125,,39,17,237,,1*68
$GLGSV,2,1,08,68,46,039,45,69,79,203,47,70,26,216,40,76,08,342,,1*79
$GLGSV,2,2,08,77,06,026,,83,37,138,44,84,85,330,46,85,35,321,44,1*7F
$GQGSV,1,1,00,1*65
$GAGSV,3,1,11,02,14,288,39,04,58,127,46,06,44,166,43,09,24,185,39,7*78
$GAGSV,3,2,11,10,58,105,46,11,84,032,42,12,33,110,37,19,32,049,36,7*75
$GAGSV,3,3,11,25,05,238,32,28,52,082,45,30,06,336,,7*4C
$GBGSV,3,1,09,05,09,111,,07,16,043,30,10,16,055,29,11,11,315,32,1*7F
$GBGSV,3,2,09,13,06,146,,26,01,023,,27,70,202,39,28,33,155,35,1*78
$GBGSV,3,3,09,30,37,305,36,1*4B
$GIGSV,1,1,02,01,,,34,06,24,135,,1*4E
$GPGGA,134722.00,4825.1420517,N,00428.4545882,W,4,22,0.5,89.924,M,51.637,M,2.0,4095*60
$GPRMC,134722.00,A,4825.1420517,N,00428.4545882,W,0.0,0.0,100626,999.9,E,D*23
$GPGSV,3,1,12,01,38,119,44,02,13,128,37,03,63,055,48,04,57,162,45,1*61
$GPGSV,3,2,12,06,32,303,42,09,30,196,41,12,04,337,,13,03,337,,1*60
$GPGSV,3,3,12,17,50,237,46,19,45,288,45,28,14,042,37,31,18,071,39,1*60
$GSGSV,3,1,10,01,33,195,,02,34,181,40,04,28,145,42,05,29,147,,1*65
$GSGSV,3,2,10,06,33,195,,07,05,106,,08,13,112,,17,34,167,42,1*66
$GSGSV,3,3,10,28,19,125,,39,17,237,,1*68
$GLGSV,2,1,08,68,46,039,44,69,79,203,47,70,26,216,41,76,08,342,,1*79
$GLGSV,2,2,08,77,06,026,,83,37,138,44,84,85,330,46,85,35,321,44,1*7F
$GQGSV,1,1,00,1*65
$GAGSV,3,1,11,02,14,288,39,04,58,127,46,06,44,166,43,09,24,185,38,7*79
$GAGSV,3,2,11,10,58,105,46,11,84,032,42,12,33,110,37,19,32,049,36,7*75
$GAGSV,3,3,11,25,05,238,32,28,52,082,45,30,06,336,,7*4C
$GBGSV,3,1,09,05,09,111,,07,16,043,30,10,16,055,28,11,11,315,32,1*7E
$GBGSV,3,2,09,13,06,146,,26,01,023,,27,70,202,40,28,33,155,35,1*76
$GBGSV,3,3,09,30,37,305,36,1*4B
$GIGSV,1,1,02,01,,,34,06,24,135,,1*4E
$GPGGA,134723.00,4825.1420524,N,00428.4545879,W,4,22,0.5,89.924,M,51.637,M,1.0,4095*66
$GPRMC,134723.00,A,4825.1420524,N,00428.4545879,W,0.0,0.0,100626,999.9,E,D*26
$GPGSV,3,1,12,01,38,119,45,02,13,128,38,03,63,055,48,04,57,162,45,1*6F
$GPGSV,3,2,12,06,32,303,42,09,30,196,41,12,04,337,,13,03,337,,1*60
$GPGSV,3,3,12,17,50,237,46,19,45,288,45,28,14,042,36,31,18,071,40,1*6F
$GSGSV,3,1,10,01,33,195,,02,34,181,40,04,28,145,42,05,29,147,,1*65
$GSGSV,3,2,10,06,33,195,,07,05,106,,08,13,112,,17,34,167,42,1*66
$GSGSV,3,3,10,28,19,125,,39,17,237,,1*68
$GLGSV,2,1,08,68,46,039,44,69,79,203,47,70,26,216,41,76,08,342,,1*79
$GLGSV,2,2,08,77,06,026,,83,37,138,44,84,85,330,46,85,35,321,45,1*7E
$GQGSV,1,1,00,1*65
$GAGSV,3,1,11,02,14,288,39,04,58,127,46,06,44,166,43,09,24,185,39,7*78
$GAGSV,3,2,11,10,58,105,46,11,84,032,42,12,33,110,37,19,32,049,36,7*75
$GAGSV,3,3,11,25,05,238,32,28,52,082,45,30,06,336,,7*4C
$GBGSV,3,1,09,05,09,111,,07,16,043,30,10,16,055,28,11,11,315,32,1*7E
$GBGSV,3,2,09,13,06,146,,26,01,023,,27,70,202,40,28,33,155,35,1*76
$GBGSV,3,3,09,30,37,305,36,1*4B
$GIGSV,1,1,02,01,,,34,06,24,135,,1*4E
$GPGGA,134724.00,4825.1420509,N,00428.4545885,W,4,22,0.5,89.921,M,51.637,M,1.0,4095*68
$GPRMC,134724.00,A,4825.1420509,N,00428.4545885,W,0.0,0.0,100626,999.9,E,D*2D
$GPGSV,3,1,12,01,38,119,44,02,13,128,38,03,63,055,48,04,57,162,45,1*6E
$GPGSV,3,2,12,06,32,303,42,09,30,196,41,12,04,337,,13,03,337,,1*60
$GPGSV,3,3,12,17,50,237,46,19,45,288,45,28,14,042,36,31,18,071,40,1*6F
$GSGSV,3,1,10,01,33,195,,02,34,181,41,04,28,145,41,05,29,147,,1*67
$GSGSV,3,2,10,06,33,195,,07,05,106,,08,13,112,,17,34,167,43,1*67
$GSGSV,3,3,10,28,19,125,,39,17,237,,1*68
$GLGSV,2,1,08,68,46,039,44,69,79,203,47,70,26,216,40,76,08,342,,1*78
$GLGSV,2,2,08,77,06,026,,83,37,138,44,84,85,330,46,85,35,321,44,1*7F
$GQGSV,1,1,00,1*65
$GAGSV,3,1,11,02,14,288,38,04,58,127,46,06,44,166,43,09,24,185,39,7*79
$GAGSV,3,2,11,10,58,105,46,11,84,032,42,12,33,110,37,19,32,049,36,7*75
$GAGSV,3,3,11,25,05,238,32,28,52,082,45,30,06,336,,7*4C
$GBGSV,3,1,09,05,09,111,,07,16,043,30,10,16,055,28,11,11,315,32,1*7E
$GBGSV,3,2,09,13,06,146,,26,01,023,,27,70,202,40,28,33,155,35,1*76
$GBGSV,3,3,09,30,37,305,36,1*4B
$GIGSV,1,1,02,01,,,34,06,24,135,,1*4E
$GPGGA,134725.00,4825.1420518,N,00428.4545893,W,4,22,0.5,89.923,M,51.637,M,2.0,4095*6F
$GPRMC,134725.00,A,4825.1420518,N,00428.4545893,W,0.0,0.0,100626,999.9,E,D*2B
$GPGSV,3,1,12,01,38,119,45,02,13,128,37,03,63,055,48,04,57,162,45,1*60
$GPGSV,3,2,12,06,32,303,41,09,30,196,41,12,04,337,,13,03,337,,1*63
$GPGSV,3,3,12,17,50,237,46,19,45,288,45,28,14,042,37,31,18,071,40,1*6E
$GSGSV,3,1,10,01,33,195,,02,34,181,41,04,28,145,41,05,29,147,,1*67
$GSGSV,3,2,10,06,33,195,,07,05,106,,08,13,112,,17,34,167,43,1*67
$GSGSV,3,3,10,28,19,125,,39,17,237,,1*68
$GLGSV,2,1,08,68,46,039,44,69,79,203,47,70,26,216,40,76,08,342,,1*78
$GLGSV,2,2,08,77,06,026,,83,37,138,45,84,85,330,46,85,35,321,44,1*7E
$GQGSV,1,1,00,1*65
$GAGSV,3,1,11,02,14,288,39,04,58,127,46,06,44,166,43,09,24,185,39,7*78
$GAGSV,3,2,11,10,58,105,46,11,84,032,42,12,33,110,37,19,32,049,36,7*75
$GAGSV,3,3,11,25,05,238,31,28,52,082,44,30,06,336,,7*4E
$GBGSV,3,1,09,05,09,111,,07,16,043,30,10,16,055,28,11,11,315,32,1*7E
$GBGSV,3,2,09,13,06,146,,26,01,023,,27,70,202,40,28,33,155,35,1*76
$GBGSV,3,3,09,30,37,305,36,1*4B
$GIGSV,1,1,02,01,,,34,06,24,135,,1*4E
$GPGGA,134726.00,4825.1420513,N,00428.4545893,W,4,22,0.5,89.921,M,51.637,M,3.0,4095*64
$GPRMC,134726.00,A,4825.1420513,N,00428.4545893,W,0.0,0.0,100626,999.9,E,D*23
$GPGSV,3,1,12,01,38,119,45,02,13,128,37,03,63,055,49,04,57,162,45,1*61
$GPGSV,3,2,12,06,32,303,42,09,30,196,41,12,04,337,,13,03,337,,1*60
$GPGSV,3,3,12,17,50,237,47,19,45,288,45,28,14,042,36,31,18,071,40,1*6E
$GSGSV,3,1,10,01,33,195,,02,34,181,41,04,28,145,42,05,29,147,,1*64
$GSGSV,3,2,10,06,33,195,,07,05,106,,08,13,112,,17,34,167,43,1*67
$GSGSV,3,3,10,28,19,125,,39,17,237,,1*68
$GLGSV,2,1,08,68,46,039,44,69,79,203,48,70,26,216,40,76,08,342,,1*77
$GLGSV,2,2,08,77,06,026,,83,37,138,44,84,85,330,46,85,35,321,45,1*7E
$GQGSV,1,1,00,1*65
$GAGSV,3,1,11,02,14,288,38,04,58,127,46,06,44,166,43,09,24,185,39,7*79
$GAGSV,3,2,11,10,58,105,46,11,84,032,43,12,33,110,37,19,32,049,36,7*74
$GAGSV,3,3,11,25,05,238,31,28,52,082,44,30,06,336,,7*4E
$GBGSV,3,1,09,05,09,111,,07,16,043,29,10,16,055,28,11,11,315,32,1*76
$GBGSV,3,2,09,13,06,146,,26,01,023,,27,70,202,40,28,33,155,35,1*76
$GBGSV,3,3,09,30,37,305,36,1*4B
$GIGSV,1,1,02,01,,,34,06,24,135,,1*4E
$GPGGA,134727.00,4825.1420514,N,00428.4545874,W,4,22,0.5,89.925,M,51.637,M,1.0,4095*6D
$GPRMC,134727.00,A,4825.1420514,N,00428.4545874,W,0.0,0.0,100626,999.9,E,D*2C
$GPGSV,3,1,12,01,38,119,45,02,13,128,37,03,63,055,48,04,57,162,45,1*60
$GPGSV,3,2,12,06,32,303,42,09,30,196,41,12,04,337,,13,03,337,,1*60
$GPGSV,3,3,12,17,50,237,46,19,45,288,45,28,14,042,36,31,18,071,40,1*6F
$GSGSV,3,1,10,01,33,195,,02,34,181,41,04,28,145,42,05,29,147,,1*64
$GSGSV,3,2,10,06,33,195,,07,05,106,,08,13,112,,17,34,167,42,1*66
$GSGSV,3,3,10,28,19,125,,39,17,237,,1*68
$GLGSV,2,1,08,68,46,039,44,69,79,203,47,70,26,216,39,76,08,342,,1*76
$GLGSV,2,2,08,77,06,026,,83,37,138,45,84,85,330,46,85,35,321,45,1*7F
$GQGSV,1,1,00,1*65
$GAGSV,3,1,11,02,14,288,38,04,58,127,46,06,44,166,43,09,24,185,39,7*79
$GAGSV,3,2,11,10,58,105,46,11,84,033,43,12,33,110,37,19,32,049,36,7*75
$GAGSV,3,3,11,25,05,238,30,28,52,082,45,30,06,336,,7*4E
$GBGSV,3,1,09,05,09,111,,07,16,043,29,10,16,055,28,11,11,315,32,1*76
$GBGSV,3,2,09,13,06,146,,26,01,023,,27,70,202,40,28,33,155,35,1*76
$GBGSV,3,3,09,30,37,305,36,1*4B
$GIGSV,1,1,02,01,,,34,06,24,135,,1*4E
$GPGGA,134728.00,4825.1420512,N,00428.4545885,W,4,22,0.5,89.916,M,51.637,M,1.0,4095*6A
$GPRMC,134728.00,A,4825.1420512,N,00428.4545885,W,0.0,0.0,100626,999.9,E,D*2B
$GPGSV,3,1,12,01,38,119,45,02,13,128,37,03,63,055,48,04,57,162,44,1*61
$GPGSV,3,2,12,06,32,303,41,09,30,196,41,12,04,337,,13,03,337,,1*63
$GPGSV,3,3,12,17,50,237,46,19,45,288,45,28,14,042,35,31,18,071,40,1*6C
$GSGSV,3,1,10,01,33,195,,02,34,181,41,04,28,145,41,05,29,147,,1*67
$GSGSV,3,2,10,06,33,195,,07,05,106,,08,13,112,,17,34,167,42,1*66
$GSGSV,3,3,10,28,19,125,,39,17,237,,1*68
$GLGSV,2,1,08,68,46,039,44,69,79,203,47,70,26,216,39,76,08,342,,1*76
$GLGSV,2,2,08,77,06,026,,83,37,138,44,84,85,330,45,85,35,321,45,1*7D
$GQGSV,1,1,00,1*65
$GAGSV,3,1,11,02,14,288,38,04,58,127,45,06,44,166,43,09,24,185,39,7*7A
$GAGSV,3,2,11,10,58,105,46,11,84,033,43,12,33,110,37,19,32,049,36,7*75
$GAGSV,3,3,11,25,05,238,31,28,52,082,45,30,06,336,,7*4F
$GBGSV,3,1,09,05,09,111,,07,16,043,30,10,16,055,27,11,11,315,32,1*71
$GBGSV,3,2,09,13,06,146,,26,01,023,,27,70,202,40,28,33,155,35,1*76
$GBGSV,3,3,09,30,37,305,36,1*4B
$GIGSV,1,1,02,01,,,35,06,24,135,,1*4F
$GPGGA,134729.00,4825.1420513,N,00428.4545885,W,4,22,0.5,89.917,M,51.637,M,2.0,4095*68
$GPRMC,134729.00,A,4825.1420513,N,00428.4545885,W,0.0,0.0,100626,999.9,E,D*2B
$GPGSV,3,1,12,01,38,119,45,02,13,128,37,03,63,055,48,04,57,162,45,1*60
$GPGSV,3,2,12,06,32,303,41,09,30,196,41,12,04,337,,13,03,337,,1*63
$GPGSV,3,3,12,17,50,237,46,19,45,288,45,28,14,042,35,31,18,071,40,1*6C
$GSGSV,3,1,10,01,33,195,,02,34,181,41,04,28,145,41,05,29,147,,1*67
$GSGSV,3,2,10,06,33,195,,07,05,106,,08,13,112,,17,34,167,43,1*67
$GSGSV,3,3,10,28,19,125,,39,17,237,,1*68
$GLGSV,2,1,08,68,46,039,44,69,79,203,47,70,26,216,40,76,08,342,,1*78
$GLGSV,2,2,08,77,06,026,,83,37,138,45,84,85,330,45,85,35,321,45,1*7C
$GQGSV,1,1,00,1*65
$GAGSV,3,1,11,02,14,288,39,04,58,127,46,06,44,166,43,09,24,185,39,7*78
$GAGSV,3,2,11,10,58,105,46,11,84,033,43,12,33,110,37,19,32,049,36,7*75
$GAGSV,3,3,11,25,05,238,30,28,52,082,45,30,06,336,,7*4E
$GBGSV,3,1,09,05,09,111,,07,16,043,30,10,16,055,27,11,11,315,32,1*71
$GBGSV,3,2,09,13,06,146,,26,01,023,,27,70,202,39,28,33,155,35,1*78
$GBGSV,3,3,09,30,37,305,37,1*4A
$GIGSV,1,1,02,01,,,35,06,24,135,,1*4F
$GPGGA,134730.00,4825.1420507,N,00428.4545887,W,4,22,0.5,89.923,M,51.637,M,1.0,4095*63
$GPRMC,134730.00,A,4825.1420507,N,00428.4545887,W,0.0,0.0,100626,999.9,E,D*24
$GPGSV,3,1,12,01,38,119,45,02,13,128,37,03,63,055,48,04,57,162,45,1*60
$GPGSV,3,2,12,06,32,303,41,09,30,196,41,12,04,337,,13,03,337,,1*63
$GPGSV,3,3,12,17,50,237,46,19,45,288,45,28,14,042,35,31,18,071,40,1*6C
$GSGSV,3,1,10,01,33,195,,02,34,181,41,04,28,145,41,05,29,147,,1*67
$GSGSV,3,2,10,06,33,195,,07,05,106,,08,13,112,,17,34,167,42,1*66
$GSGSV,3,3,10,28,19,125,,39,17,237,,1*68
$GLGSV,2,1,08,68,46,039,45,69,79,203,47,70,26,216,39,76,08,342,,1*77
$GLGSV,2,2,08,77,06,026,,83,37,138,44,84,85,330,45,85,35,321,44,1*7C
$GQGSV,1,1,00,1*65
$GAGSV,3,1,11,02,14,288,38,04,58,127,46,06,44,166,43,09,24,185,38,7*78
$GAGSV,3,2,11,10,58,105,46,11,84,033,43,12,33,110,37,19,32,049,36,7*75
$GAGSV,3,3,11,25,05,238,30,28,52,082,45,30,06,336,,7*4E
$GBGSV,3,1,09,05,09,111,,07,16,043,29,10,16,055,28,11,11,315,32,1*76
$GBGSV,3,2,09,13,06,146,,26,01,023,,27,70,202,39,28,33,155,35,1*78
$GBGSV,3,3,09,30,37,305,36,1*4B
$GIGSV,1,1,02,01,,,35,06,24,135,,1*4F
$GPGGA,134731.00,4825.1420502,N,00428.4545896,W,4,22,0.5,89.918,M,51.637,M,1.0,4095*6F
$GPRMC,134731.00,A,4825.1420502,N,00428.4545896,W,0.0,0.0,100626,999.9,E,D*20
$GPGSV,3,1,12,01,38,119,45,02,13,128,36,03,63,055,48,04,57,162,45,1*61
$GPGSV,3,2,12,06,32,303,41,09,30,196,40,12,04,337,,13,03,337,,1*62
$GPGSV,3,3,12,17,50,237,46,19,45,288,45,28,14,042,36,31,18,071,41,1*6E
$GSGSV,3,1,10,01,33,195,,02,34,181,41,04,28,145,41,05,29,147,,1*67
$GSGSV,3,2,10,06,33,195,,07,05,106,,08,13,112,,17,34,167,42,1*66
$GSGSV,3,3,10,28,19,125,,39,17,237,,1*68
$GLGSV,2,1,08,68,46,039,45,69,79,203,46,70,26,216,38,76,08,342,,1*77
$GLGSV,2,2,08,77,06,026,,83,37,138,44,84,85,330,46,85,35,321,45,1*7E
$GQGSV,1,1,00,1*65
$GAGSV,3,1,11,02,14,288,39,04,58,127,46,06,44,166,43,09,24,185,38,7*79
$GAGSV,3,2,11,10,58,105,46,11,84,033,43,12,33,110,37,19,32,049,36,7*75
$GAGSV,3,3,11,25,05,238,30,28,52,082,45,30,06,336,,7*4E
$GBGSV,3,1,09,05,09,111,,07,16,043,30,10,16,055,28,11,11,315,32,1*7E
$GBGSV,3,2,09,13,06,146,,26,01,023,,27,70,202,40,28,33,155,35,1*76
$GBGSV,3,3,09,30,37,305,36,1*4B
$GIGSV,1,1,02,01,,,35,06,24,135,,1*4F
$GPGGA,134732.00,4825.1420512,N,00428.4545879,W,4,22,0.5,89.918,M,51.637,M,2.0,4095*6F
$GPRMC,134732.00,A,4825.1420512,N,00428.4545879,W,0.0,0.0,100626,999.9,E,D*23
$GPGSV,3,1,12,01,38,119,45,02,13,128,36,03,63,055,48,04,57,162,45,1*61
$GPGSV,3,2,12,06,32,303,41,09,30,196,41,12,04,337,,13,03,337,,1*63
$GPGSV,3,3,12,17,50,237,45,19,45,287,45,28,14,042,36,31,18,071,40,1*63
$GSGSV,3,1,10,01,33,195,,02,34,181,41,04,28,145,41,05,29,147,,1*67
$GSGSV,3,2,10,06,33,195,,07,05,106,,08,13,112,,17,34,167,42,1*66
$GSGSV,3,3,10,28,19,125,,39,17,237,,1*68
$GLGSV,2,1,08,68,46,039,44,69,79,203,46,70,26,216,38,76,08,342,,1*76
$GLGSV,2,2,08,77,06,026,,83,37,138,44,84,85,330,45,85,35,321,45,1*7D
$GQGSV,1,1,00,1*65
$GAGSV,3,1,11,02,14,288,39,04,58,127,46,06,44,166,43,09,24,185,38,7*79
$GAGSV,3,2,11,10,58,105,46,11,84,033,43,12,33,110,37,19,32,049,36,7*75
$GAGSV,3,3,11,25,05,238,30,28,52,082,45,30,06,336,,7*4E
$GBGSV,3,1,09,05,09,111,,07,16,043,30,10,16,055,28,11,11,315,32,1*7E
$GBGSV,3,2,09,13,06,146,,26,01,023,,27,70,202,40,28,33,155,35,1*76
$GBGSV,3,3,09,30,37,305,35,1*48
$GIGSV,1,1,02,01,,,35,06,24,135,,1*4F
$GPGGA,134733.00,4825.1420513,N,00428.4545878,W,4,22,0.5,89.921,M,51.637,M,3.0,4095*65
$GPRMC,134733.00,A,4825.1420513,N,00428.4545878,W,0.0,0.0,100626,999.9,E,D*22
$GPGSV,3,1,12,01,38,119,45,02,13,128,37,03,63,055,48,04,57,162,45,1*60
$GPGSV,3,2,12,06,32,303,42,09,30,196,41,12,04,337,,13,03,337,,1*60
$GPGSV,3,3,12,17,50,237,46,19,45,287,45,28,14,042,36,31,18,071,40,1*60
$GSGSV,3,1,10,01,33,195,,02,34,181,41,04,28,145,41,05,29,147,,1*67
$GSGSV,3,2,10,06,33,195,,07,05,106,,08,13,112,,17,34,167,42,1*66
$GSGSV,3,3,10,28,19,125,,39,17,237,,1*68
$GLGSV,2,1,08,68,46,039,44,69,79,203,47,70,26,216,39,76,08,342,,1*76
$GLGSV,2,2,08,77,06,026,,83,36,138,45,84,85,330,46,85,35,321,45,1*7E
$GQGSV,1,1,00,1*65
$GAGSV,3,1,11,02,14,288,39,04,58,127,46,06,44,166,43,09,24,185,39,7*78
$GAGSV,3,2,11,10,58,105,46,11,84,033,43,12,33,110,37,19,32,049,37,7*74
$GAGSV,3,3,11,25,05,238,30,28,52,082,45,30,06,336,,7*4E
$GBGSV,3,1,09,05,09,111,,07,16,043,30,10,16,055,28,11,11,315,32,1*7E
$GBGSV,3,2,09,13,06,146,,26,01,023,,27,70,202,40,28,33,155,35,1*76
$GBGSV,3,3,09,30,37,305,35,1*48
$GIGSV,1,1,02,01,,,35,06,24,135,,1*4F
$GPGGA,134734.00,4825.1420503,N,00428.4545881,W,4,22,0.5,89.924,M,51.637,M,1.0,4095*62
$GPRMC,134734.00,A,4825.1420503,N,00428.4545881,W,0.0,0.0,100626,999.9,E,D*22
$GPGSV,3,1,12,01,38,119,46,02,13,128,37,03,63,055,48,04,57,162,44,1*62
$GPGSV,3,2,12,06,32,303,41,09,30,196,41,12,04,337,,13,03,337,,1*63
$GPGSV,3,3,12,17,50,237,46,19,45,287,45,28,14,042,36,31,18,071,40,1*60
$GSGSV,3,1,10,01,33,195,,02,34,181,41,04,28,145,41,05,29,147,,1*67
$GSGSV,3,2,10,06,33,195,,07,05,106,,08,13,112,,17,34,167,42,1*66
$GSGSV,3,3,10,28,19,125,,39,17,237,,1*68
$GLGSV,2,1,08,68,46,039,44,69,79,203,47,70,26,216,40,76,08,342,,1*78
$GLGSV,2,2,08,77,06,026,,83,36,138,44,84,85,330,46,85,35,321,44,1*7E
$GQGSV,1,1,00,1*65
$GAGSV,3,1,11,02,14,288,39,04,58,127,45,06,44,166,44,09,24,185,39,7*7C
$GAGSV,3,2,11,10,58,105,46,11,84,033,42,12,33,110,37,19,32,049,36,7*74
$GAGSV,3,3,11,25,05,238,30,28,52,082,44,30,06,336,,7*4F
$GBGSV,3,1,09,05,09,111,,07,16,043,30,10,16,055,28,11,11,315,31,1*7D
$GBGSV,3,2,09,13,06,146,,26,01,023,,27,70,202,40,28,33,155,36,1*75
$GBGSV,3,3,09,30,37,305,36,1*4B
$GIGSV,1,1,02,01,,,36,06,24,135,,1*4C
$GPGGA,134735.00,4825.1420519,N,00428.4545877,W,4,22,0.5,89.920,M,51.637,M,1.0,4095*65
$GPRMC,134735.00,A,4825.1420519,N,00428.4545877,W,0.0,0.0,100626,999.9,E,D*21
$GPGSV,3,1,12,01,38,119,45,02,13,128,37,03,63,055,48,04,57,162,45,1*60
$GPGSV,3,2,12,06,32,303,41,09,30,196,41,12,04,337,,13,03,337,,1*63
$GPGSV,3,3,12,17,50,237,46,19,45,287,45,28,14,042,37,31,18,071,40,1*61
$GSGSV,3,1,10,01,33,195,,02,34,181,41,04,28,145,42,05,29,147,,1*64
$GSGSV,3,2,10,06,33,195,,07,05,106,,08,13,112,,17,34,167,41,1*65
$GSGSV,3,3,10,28,19,125,,39,17,237,,1*68
$GLGSV,2,1,08,68,46,039,44,69,79,203,47,70,26,216,40,76,08,342,,1*78
$GLGSV,2,2,08,77,06,026,,83,36,138,45,84,85,330,46,85,35,321,44,1*7F
$GQGSV,1,1,00,1*65
$GAGSV,3,1,11,02,14,288,39,04,58,127,46,06,44,166,43,09,24,185,38,7*79
$GAGSV,3,2,11,10,58,105,46,11,84,033,43,12,33,110,37,19,32,049,36,7*75
$GAGSV,3,3,11,25,05,238,30,28,52,082,45,30,06,336,,7*4E
$GBGSV,3,1,09,05,09,111,,07,16,043,29,10,16,055,28,11,11,315,32,1*76
$GBGSV,3,2,09,13,06,146,,26,01,023,,27,70,202,40,28,33,155,35,1*76
$GBGSV,3,3,09,30,37,305,36,1*4B
$GIGSV,1,1,02,01,,,35,06,24,135,,1*4F
$GPGGA,134736.00,4825.1420510,N,00428.4545881,W,4,22,0.5,89.923,M,51.637,M,2.0,4095*66
$GPRMC,134736.00,A,4825.1420510,N,00428.4545881,W,0.0,0.0,100626,999.9,E,D*22
$GPGSV,3,1,12,01,38,119,45,02,13,128,38,03,63,055,48,04,57,162,44,1*6E
$GPGSV,3,2,12,06,32,303,41,09,30,196,41,12,04,337,,13,03,337,,1*63
$GPGSV,3,3,12,17,50,237,46,19,45,287,46,28,14,042,37,31,18,071,39,1*6C
$GSGSV,3,1,10,01,33,195,,02,34,181,41,04,28,145,42,05,29,147,,1*64
$GSGSV,3,2,10,06,33,195,,07,05,106,,08,13,112,,17,34,167,42,1*66
$GSGSV,3,3,10,28,19,125,,39,17,237,,1*68
$GLGSV,2,1,08,68,46,039,44,69,79,203,47,70,26,216,40,76,08,342,,1*78
$GLGSV,2,2,08,77,06,026,,83,36,138,45,84,85,330,46,85,35,321,44,1*7F
$GQGSV,1,1,00,1*65
$GAGSV,3,1,11,02,14,287,38,04,58,127,46,06,44,166,43,09,24,185,38,7*77
$GAGSV,3,2,11,10,58,105,46,11,84,033,42,12,33,110,36,19,32,049,36,7*75
$GAGSV,3,3,11,25,04,238,30,28,52,082,45,30,06,336,,7*4F
$GBGSV,3,1,09,05,09,111,,07,16,043,30,10,16,055,28,11,11,315,32,1*7E
$GBGSV,3,2,09,13,06,146,,26,01,023,,27,70,202,40,28,33,155,35,1*76
$GBGSV,3,3,09,30,37,305,36,1*4B
$GIGSV,1,1,02,01,,,36,06,24,135,,1*4C
$GPGGA,134737.00,4825.1420509,N,00428.4545872,W,4,22,0.5,89.924,M,51.637,M,3.0,4095*65
$GPRMC,134737.00,A,4825.1420509,N,00428.4545872,W,0.0,0.0,100626,999.9,E,D*27
$GPGSV,3,1,12,01,38,119,45,02,13,128,37,03,63,055,48,04,57,162,45,1*60
$GPGSV,3,2,12,06,32,303,41,09,30,196,41,12,04,337,,13,03,337,,1*63
$GPGSV,3,3,12,17,50,237,46,19,45,287,45,28,14,042,36,31,18,071,40,1*60
$GSGSV,3,1,10,01,33,195,,02,34,181,41,04,28,145,41,05,29,147,,1*67
$GSGSV,3,2,10,06,33,195,,07,05,106,,08,13,112,,17,34,167,42,1*66
$GSGSV,3,3,10,28,19,125,,39,17,237,,1*68
$GLGSV,2,1,08,68,46,039,44,69,79,203,47,70,26,216,40,76,08,342,,1*78
$GLGSV,2,2,08,77,06,026,,83,36,138,45,84,85,330,47,85,35,321,45,1*7F
$GQGSV,1,1,00,1*65
$GAGSV,3,1,11,02,14,287,38,04,58,127,46,06,44,166,43,09,24,185,39,7*76
$GAGSV,3,2,11,10,58,105,46,11,84,033,43,12,33,110,37,19,32,049,36,7*75
$GAGSV,3,3,11,25,04,238,30,28,52,082,45,30,06,336,,7*4F
$GBGSV,3,1,09,05,09,111,,07,16,043,30,10,16,055,28,11,11,315,32,1*7E
$GBGSV,3,2,09,13,06,146,,26,01,023,,27,70,202,40,28,33,155,35,1*76
$GBGSV,3,3,09,30,37,305,36,1*4B
$GIGSV,1,1,02,01,,,35,06,24,135,,1*4F
$GPGGA,134738.00,4825.1420503,N,00428.4545899,W,4,23,0.5,89.920,M,51.637,M,1.0,4095*62
$GPRMC,134738.00,A,4825.1420503,N,00428.4545899,W,0.0,0.0,100626,999.9,E,D*27
$GPGSV,3,1,12,01,38,119,45,02,13,128,37,03,63,055,48,04,57,162,45,1*60
$GPGSV,3,2,12,06,32,303,41,09,30,196,40,12,04,337,,13,03,337,,1*62
$GPGSV,3,3,12,17,50,237,46,19,45,287,45,28,14,042,36,31,18,071,40,1*60
$GSGSV,3,1,10,01,33,195,,02,34,181,41,04,28,145,41,05,29,147,,1*67
$GSGSV,3,2,10,06,33,195,,07,05,106,,08,13,112,,17,34,167,42,1*66
$GSGSV,3,3,10,28,19,125,,39,17,237,,1*68
$GLGSV,2,1,08,68,46,039,45,69,79,203,47,70,26,216,39,76,08,342,,1*77
$GLGSV,2,2,08,77,06,026,,83,36,138,44,84,85,330,46,85,35,321,45,1*7F
$GQGSV,1,1,00,1*65
$GAGSV,3,1,11,02,14,287,39,04,58,127,45,06,44,166,43,09,24,185,39,7*74
$GAGSV,3,2,11,10,58,105,46,11,84,033,43,12,33,110,37,19,32,049,36,7*75
$GAGSV,3,3,11,25,04,238,30,28,52,082,44,30,06,336,,7*4E
$GBGSV,3,1,09,05,09,111,,07,16,043,30,10,16,055,29,11,11,315,32,1*7F
$GBGSV,3,2,09,13,06,146,,26,01,023,,27,70,202,40,28,33,155,35,1*76
$GBGSV,3,3,09,30,37,305,36,1*4B
$GIGSV,1,1,02,01,,,34,06,24,135,,1*4E
$GPGGA,134739.00,4825.1420510,N,00428.4545876,W,4,23,0.5,89.919,M,51.637,M,1.0,4095*6A
$GPRMC,134739.00,A,4825.1420510,N,00428.4545876,W,0.0,0.0,100626,999.9,E,D*25
$GPGSV,3,1,12,01,38,119,45,02,13,128,37,03,63,055,48,04,57,162,45,1*60
$GPGSV,3,2,12,06,32,303,42,09,30,196,41,12,04,337,,13,03,337,,1*60
$GPGSV,3,3,12,17,50,237,46,19,45,287,45,28,14,042,36,31,18,071,40,1*60
$GSGSV,3,1,10,01,33,195,,02,34,181,41,04,28,145,41,05,29,147,,1*67
$GSGSV,3,2,10,06,33,195,,07,05,106,,08,13,112,,17,34,167,42,1*66
$GSGSV,3,3,10,28,19,125,,39,17,237,,1*68
$GLGSV,2,1,08,68,46,039,45,69,79,203,47,70,26,216,39,76,08,342,,1*77
$GLGSV,2,2,08,77,06,026,,83,36,138,44,84,85,330,46,85,35,321,44,1*7E
$GQGSV,1,1,00,1*65
$GAGSV,3,1,11,02,14,287,39,04,58,127,46,06,44,166,43,09,24,185,39,7*77
$GAGSV,3,2,11,10,58,105,46,11,84,033,43,12,33,110,37,19,32,049,36,7*75
$GAGSV,3,3,11,25,04,238,30,28,52,082,44,30,06,336,,7*4E
$GBGSV,3,1,09,05,09,111,,07,16,043,30,10,16,055,28,11,11,315,31,1*7D
$GBGSV,3,2,09,13,06,146,,26,01,023,,27,70,202,40,28,33,155,34,1*77
$GBGSV,3,3,09,30,37,305,36,1*4B
$GIGSV,1,1,02,01,,,35,06,24,135,,1*4F
$GPGGA,134740.00,4825.1420512,N,00428.4545869,W,4,23,0.5,89.915,M,51.637,M,2.0,4095*67
$GPRMC,134740.00,A,4825.1420512,N,00428.4545869,W,0.0,0.0,100626,999.9,E,D*27
$GPGSV,3,1,12,01,38,119,45,02,13,128,37,03,63,055,48,04,57,162,45,1*60
$GPGSV,3,2,12,06,32,303,42,09,30,196,41,12,04,337,,13,03,337,,1*60
$GPGSV,3,3,12,17,50,237,46,19,45,287,45,28,14,042,36,31,18,071,40,1*60
$GSGSV,3,1,10,01,33,195,,02,34,181,41,04,28,145,41,05,29,147,,1*67
$GSGSV,3,2,10,06,33,195,,07,05,106,,08,13,112,,17,34,167,42,1*66
$GSGSV,3,3,10,28,19,125,,39,17,237,,1*68
$GLGSV,2,1,08,68,46,039,45,69,79,203,47,70,26,216,40,76,08,342,,1*79
$GLGSV,2,2,08,77,06,026,,83,36,138,44,84,85,330,46,85,35,321,44,1*7E
$GQGSV,1,1,00,1*65
$GAGSV,3,1,11,02,14,287,39,04,58,127,46,06,44,166,43,09,24,185,39,7*77
$GAGSV,3,2,11,10,58,105,46,11,84,033,43,12,33,110,36,19,32,049,36,7*74
$GAGSV,3,3,11,25,04,238,30,28,52,082,45,30,06,336,,7*4F
$GBGSV,3,1,09,05,09,111,,07,16,043,30,10,16,055,29,11,11,315,32,1*7F
$GBGSV,3,2,09,13,06,146,,26,01,023,,27,70,202,40,28,33,155,35,1*76
$GBGSV,3,3,09,30,37,305,36,1*4B
$GIGSV,1,1,02,01,,,35,06,24,135,,1*4F
$GPGGA,134741.00,4825.1420511,N,00428.4545878,W,4,23,0.5,89.912,M,51.637,M,3.0,4095*63
$GPRMC,134741.00,A,4825.1420511,N,00428.4545878,W,0.0,0.0,100626,999.9,E,D*25
$GPGSV,3,1,12,01,38,119,45,02,13,128,37,03,63,055,48,04,57,161,45,1*63
$GPGSV,3,2,12,06,32,303,41,09,30,196,42,12,04,337,,13,03,337,,1*60
$GPGSV,3,3,12,17,50,237,46,19,45,287,45,28,14,042,36,31,18,071,40,1*60
$GSGSV,3,1,10,01,33,195,,02,34,181,40,04,28,145,41,05,29,147,,1*66
$GSGSV,3,2,10,06,33,195,,07,05,106,,08,13,112,,17,34,167,42,1*66
$GSGSV,3,3,10,28,19,125,,39,17,237,,1*68
$GLGSV,2,1,08,68,46,039,45,69,79,203,47,70,26,216,39,76,08,342,,1*77
$GLGSV,2,2,08,77,06,026,,83,36,138,45,84,85,330,47,85,35,321,45,1*7F
$GQGSV,1,1,00,1*65
$GAGSV,3,1,11,02,14,287,39,04,58,127,46,06,44,166,43,09,24,185,39,7*77
$GAGSV,3,2,11,10,58,105,46,11,84,033,43,12,33,110,37,19,32,049,36,7*75
$GAGSV,3,3,11,25,04,238,32,28,52,082,45,30,06,336,,7*4D
$GBGSV,3,1,09,05,09,111,,07,16,043,30,10,16,055,28,11,11,315,32,1*7E
$GBGSV,3,2,09,13,06,146,,26,01,023,,27,69,202,40,28,33,155,34,1*7F
$GBGSV,3,3,09,30,37,305,35,1*48
$GIGSV,1,1,02,01,,,35,06,24,135,,1*4F
$GPGGA,134742.00,4825.1420514,N,00428.4545878,W,4,22,0.5,89.924,M,51.637,M,1.0,4095*63
$GPRMC,134742.00,A,4825.1420514,N,00428.4545878,W,0.0,0.0,100626,999.9,E,D*23
$GPGSV,3,1,12,01,38,119,46,02,13,128,36,03,63,055,48,04,57,161,45,1*61
$GPGSV,3,2,12,06,32,303,41,09,30,196,41,12,04,337,,13,03,337,,1*63
$GPGSV,3,3,12,17,50,237,46,19,45,287,44,28,14,042,36,31,18,071,40,1*61
$GSGSV,3,1,10,01,33,195,,02,34,181,39,04,28,145,42,05,29,147,,1*6B
$GSGSV,3,2,10,06,33,195,,07,05,106,,08,13,112,,17,34,167,42,1*66
$GSGSV,3,3,10,28,19,125,,39,17,237,,1*68
$GLGSV,2,1,08,68,46,039,44,69,79,203,47,70,26,216,40,76,08,342,,1*78
$GLGSV,2,2,08,77,06,026,,83,36,138,44,84,85,330,46,85,35,321,44,1*7E
$GQGSV,1,1,00,1*65
$GAGSV,3,1,11,02,14,287,38,04,58,127,45,06,44,166,43,09,24,185,39,7*75
$GAGSV,3,2,11,10,58,105,46,11,84,033,43,12,33,110,37,19,32,049,36,7*75
$GAGSV,3,3,11,25,04,238,31,28,52,082,44,30,06,336,,7*4F
$GBGSV,3,1,09,05,09,111,,07,16,043,30,10,16,055,28,11,11,315,32,1*7E
$GBGSV,3,2,09,13,06,146,,26,01,023,,27,69,202,40,28,33,155,34,1*7F
$GBGSV,3,3,09,30,37,305,36,1*4B
$GIGSV,1,1,02,01,,,36,06,24,135,,1*4C
$GPGGA,134743.00,4825.1420516,N,00428.4545883,W,4,22,0.5,89.925,M,51.637,M,2.0,4095*66
$GPRMC,134743.00,A,4825.1420516,N,00428.4545883,W,0.0,0.0,100626,999.9,E,D*24
$GPGSV,3,1,12,01,38,119,45,02,13,128,35,03,63,056,48,04,57,161,46,1*61
$GPGSV,3,2,12,06,32,303,41,09,30,196,41,12,04,337,,13,03,337,,1*63
$GPGSV,3,3,12,17,50,237,46,19,45,287,44,28,14,042,37,31,18,071,40,1*60
$GSGSV,3,1,10,01,33,195,,02,34,181,40,04,28,145,41,05,29,147,,1*66
$GSGSV,3,2,10,06,33,195,,07,05,106,,08,13,112,,17,34,167,42,1*66
$GSGSV,3,3,10,28,19,125,,39,17,237,,1*68
$GLGSV,2,1,08,68,46,039,45,69,79,203,47,70,26,216,39,76,08,342,,1*77
$GLGSV,2,2,08,77,06,026,,83,36,138,44,84,85,330,46,85,35,321,44,1*7E
$GQGSV,1,1,00,1*65
$GAGSV,3,1,11,02,14,287,38,04,58,127,45,06,44,166,43,09,24,185,39,7*75
$GAGSV,3,2,11,10,58,105,47,11,84,034,43,12,33,110,37,19,32,049,36,7*73
$GAGSV,3,3,11,25,04,238,30,28,52,082,45,30,06,336,,7*4F
$GBGSV,3,1,09,05,09,111,,07,16,043,30,10,16,055,28,11,11,315,32,1*7E
$GBGSV,3,2,09,13,06,146,,26,01,023,,27,69,202,40,28,33,155,34,1*7F
$GBGSV,3,3,09,30,37,305,36,1*4B
$GIGSV,1,1,02,01,,,36,06,24,135,,1*4C
$GPGGA,134744.00,4825.1420517,N,00428.4545881,W,4,22,0.5,89.926,M,51.637,M,3.0,4095*60
$GPRMC,134744.00,A,4825.1420517,N,00428.4545881,W,0.0,0.0,100626,999.9,E,D*20
$GPGSV,3,1,12,01,38,119,46,02,13,128,35,03,63,056,48,04,57,161,45,1*61
$GPGSV,3,2,12,06,32,303,41,09,30,196,41,12,04,337,,13,03,337,,1*63
$GPGSV,3,3,12,17,50,237,46,19,45,287,45,28,14,042,37,31,18,071,39,1*6F
$GSGSV,3,1,10,01,33,195,,02,34,181,40,04,28,145,41,05,29,147,,1*66
$GSGSV,3,2,10,06,33,195,,07,05,106,,08,13,112,,17,34,167,41,1*65
$GSGSV,3,3,10,28,19,125,,39,17,237,,1*68
$GLGSV,2,1,08,68,46,039,45,69,79,203,47,70,26,216,40,76,08,342,,1*79
$GLGSV,2,2,08,77,06,026,,83,36,138,45,84,85,330,47,85,35,321,44,1*7E
$GQGSV,1,1,00,1*65
$GAGSV,3,1,11,02,14,287,39,04,58,127,45,06,44,166,43,09,24,185,39,7*74
$GAGSV,3,2,11,10,58,105,47,11,84,034,43,12,33,110,37,19,32,049,36,7*73
$GAGSV,3,3,11,25,04,238,30,28,52,082,45,30,06,336,,7*4F
$GBGSV,3,1,09,05,09,111,,07,16,043,30,10,16,055,28,11,11,315,32,1*7E
$GBGSV,3,2,09,13,06,146,,26,01,023,,27,69,202,40,28,33,155,34,1*7F
$GBGSV,3,3,09,30,37,305,36,1*4B
$GIGSV,1,1,02,01,,,36,06,24,135,,1*4C
$GPGGA,134745.00,4825.1420523,N,00428.4545884,W,4,22,0.5,89.929,M,51.637,M,4.0,4095*6B
$GPRMC,134745.00,A,4825.1420523,N,00428.4545884,W,0.0,0.0,100626,999.9,E,D*23
$GPGSV,3,1,12,01,38,119,45,02,13,128,35,03,63,056,48,04,57,161,45,1*62
$GPGSV,3,2,12,06,32,303,41,09,30,196,41,12,04,337,,13,03,337,,1*63
$GPGSV,3,3,12,17,50,237,46,19,45,287,45,28,14,042,37,31,18,071,40,1*61
$GSGSV,3,1,10,01,33,195,,02,34,181,40,04,28,145,41,05,29,147,,1*66
$GSGSV,3,2,10,06,33,195,,07,05,106,,08,13,112,,17,34,167,41,1*65
$GSGSV,3,3,10,28,19,125,,39,17,237,,1*68
$GLGSV,2,1,08,68,46,039,45,69,79,203,47,70,26,216,40,76,08,342,,1*79
$GLGSV,2,2,08,77,06,026,,83,36,138,44,84,85,330,47,85,35,321,44,1*7F
$GQGSV,1,1,00,1*65
$GAGSV,3,1,11,02,14,287,39,04,58,127,46,06,44,166,43,09,24,185,39,7*77
$GAGSV,3,2,11,10,58,105,46,11,84,034,43,12,33,110,37,19,32,049,36,7*72
$GAGSV,3,3,11,25,04,238,31,28,52,082,45,30,06,336,,7*4E
$GBGSV,3,1,09,05,09,111,,07,16,043,30,10,16,055,28,11,11,315,32,1*7E
$GBGSV,3,2,09,13,06,146,,26,01,023,,27,69,202,40,28,33,155,34,1*7F
$GBGSV,3,3,09,30,37,305,36,1*4B
$GIGSV,1,1,02,01,,,36,06,24,135,,1*4C
$GPGGA,134746.00,4825.1420519,N,00428.4545878,W,4,22,0.5,89.930,M,51.637,M,1.0,4095*6F
$GPRMC,134746.00,A,4825.1420519,N,00428.4545878,W,0.0,0.0,100626,999.9,E,D*2A
$GPGSV,3,1,12,01,38,119,46,02,13,128,36,03,63,056,48,04,57,161,46,1*61
$GPGSV,3,2,12,06,32,303,41,09,30,196,41,12,04,337,,13,03,337,,1*63
$GPGSV,3,3,12,17,50,237,46,19,45,287,44,28,14,042,37,31,18,071,40,1*60
$GSGSV,3,1,10,01,33,195,,02,34,181,41,04,28,145,41,05,29,147,,1*67
$GSGSV,3,2,10,06,33,195,,07,05,106,,08,13,112,,17,34,167,41,1*65
$GSGSV,3,3,10,28,19,125,,39,17,237,,1*68
$GLGSV,2,1,08,68,46,039,44,69,79,203,47,70,26,216,40,76,08,342,,1*78
$GLGSV,2,2,08,77,06,026,,83,36,138,44,84,85,330,46,85,35,321,45,1*7F
$GQGSV,1,1,00,1*65
$GAGSV,3,1,11,02,14,287,38,04,58,127,46,06,44,166,43,09,24,185,39,7*76
$GAGSV,3,2,11,10,58,105,46,11,84,034,43,12,33,110,37,19,32,049,36,7*72
$GAGSV,3,3,11,25,04,238,32,28,52,082,45,30,06,336,,7*4D
$GBGSV,3,1,09,05,09,111,,07,16,043,30,10,16,055,28,11,11,315,32,1*7E
$GBGSV,3,2,09,13,06,146,,26,01,023,,27,69,202,40,28,33,155,34,1*7F
$GBGSV,3,3,09,30,37,305,36,1*4B
$GIGSV,1,1,02,01,,,36,06,24,135,,1*4C
$GPGGA,134747.00,4825.1420505,N,00428.4545893,W,4,22,0.5,89.921,M,51.637,M,1.0,4095*66
$GPRMC,134747.00,A,4825.1420505,N,00428.4545893,W,0.0,0.0,100626,999.9,E,D*23
$GPGSV,3,1,12,01,38,119,46,02,13,128,36,03,63,056,48,04,57,161,46,1*61
$GPGSV,3,2,12,06,32,303,41,09,30,196,41,12,04,337,,13,03,337,,1*63
$GPGSV,3,3,12,17,50,237,46,19,45,287,45,28,14,042,36,31,18,071,39,1*6E
$GSGSV,3,1,10,01,33,195,,02,34,181,41,04,28,145,41,05,29,147,,1*67
$GSGSV,3,2,10,06,33,195,,07,05,106,,08,13,112,,17,34,167,41,1*65
$GSGSV,3,3,10,28,19,125,,39,17,237,,1*68
$GLGSV,2,1,08,68,46,039,44,69,79,203,47,70,26,216,40,76,08,342,,1*78
$GLGSV,2,2,08,77,06,026,,83,36,138,44,84,85,330,47,85,35,321,44,1*7F
$GQGSV,1,1,00,1*65
$GAGSV,3,1,11,02,14,287,38,04,58,127,45,06,44,166,43,09,24,185,40,7*7B
$GAGSV,3,2,11,10,58,105,46,11,84,034,43,12,33,110,37,19,32,049,36,7*72
$GAGSV,3,3,11,25,04,238,31,28,52,082,45,30,06,336,,7*4E
$GBGSV,3,1,09,05,09,111,,07,16,043,29,10,16,055,28,11,11,315,32,1*76
$GBGSV,3,2,09,13,06,146,,26,01,023,,27,69,202,40,28,33,155,34,1*7F
$GBGSV,3,3,09,30,37,305,36,1*4B
$GIGSV,1,1,02,01,,,36,06,24,135,,1*4C
$GPGGA,134748.00,4825.1420513,N,00428.4545897,W,4,22,0.5,89.924,M,51.637,M,2.0,4095*6C
$GPRMC,134748.00,A,4825.1420513,N,00428.4545897,W,0.0,0.0,100626,999.9,E,D*2F
$GPGSV,3,1,12,01,38,119,46,02,13,128,35,03,63,056,48,04,57,161,46,1*62
$GPGSV,3,2,12,06,32,303,41,09,31,196,41,12,04,337,,13,03,337,,1*62
$GPGSV,3,3,12,17,50,237,46,19,45,287,45,28,14,042,37,31,18,071,40,1*61
$GSGSV,3,1,10,01,33,195,,02,34,181,41,04,28,145,41,05,29,147,,1*67
$GSGSV,3,2,10,06,33,195,,07,05,106,,08,13,112,,17,34,167,42,1*66
$GSGSV,3,3,10,28,19,125,,39,17,237,,1*68
$GLGSV,2,1,08,68,46,039,45,69,79,203,47,70,26,216,41,76,08,342,,1*78
$GLGSV,2,2,08,77,06,026,,83,36,138,44,84,85,330,47,85,35,321,44,1*7F
$GQGSV,1,1,00,1*65
$GAGSV,3,1,11,02,14,287,38,04,58,127,45,06,44,166,43,09,24,185,39,7*75
$GAGSV,3,2,11,10,58,105,46,11,84,034,43,12,33,110,38,19,32,049,36,7*7D
$GAGSV,3,3,11,25,04,238,31,28,52,082,45,30,06,336,,7*4E
$GBGSV,3,1,09,05,09,111,,07,16,043,30,10,16,055,28,11,11,315,32,1*7E
$GBGSV,3,2,09,13,06,146,,26,01,023,,27,69,202,40,28,33,155,34,1*7F
$GBGSV,3,3,09,30,37,305,36,1*4B
$GIGSV,1,1,02,01,,,36,06,24,135,,1*4C
$GPGGA,134749.00,4825.1420515,N,00428.4545902,W,4,22,0.5,89.923,M,51.637,M,3.0,4095*60
$GPRMC,134749.00,A,4825.1420515,N,00428.4545902,W,0.0,0.0,100626,999.9,E,D*25
$GPGSV,3,1,12,01,38,119,46,02,13,128,35,03,63,056,48,04,57,161,45,1*61
$GPGSV,3,2,12,06,32,303,42,09,31,196,41,12,04,337,,13,03,337,,1*61
$GPGSV,3,3,12,17,50,237,46,19,45,287,45,28,14,042,38,31,18,071,40,1*6E
$GSGSV,3,1,10,01,33,195,,02,34,181,41,04,28,145,41,05,29,147,,1*67
$GSGSV,3,2,10,06,33,195,,07,05,106,,08,13,112,,17,34,167,42,1*66
$GSGSV,3,3,10,28,19,125,,39,17,237,,1*68
$GLGSV,2,1,08,68,46,039,45,69,79,203,47,70,26,216,41,76,08,342,,1*78
$GLGSV,2,2,08,77,06,026,,83,36,138,45,84,85,330,46,85,35,321,44,1*7F
$GQGSV,1,1,00,1*65
$GAGSV,3,1,11,02,14,287,38,04,58,127,46,06,44,166,43,09,24,185,39,7*76
$GAGSV,3,2,11,10,58,105,46,11,84,034,43,12,33,110,38,19,32,049,36,7*7D
$GAGSV,3,3,11,25,04,238,31,28,52,082,45,30,06,336,,7*4E
$GBGSV,3,1,09,05,09,111,,07,16,043,30,10,16,055,28,11,11,315,32,1*7E
$GBGSV,3,2,09,13,06,146,,26,01,023,,27,69,202,40,28,33,155,34,1*7F
$GBGSV,3,3,09,30,37,305,36,1*4B
$GIGSV,1,1,02,01,,,36,06,24,135,,1*4C
$GPGGA,134750.00,4825.1420521,N,00428.4545888,W,4,22,0.5,89.926,M,51.637,M,1.0,4095*6B
$GPRMC,134750.00,A,4825.1420521,N,00428.4545888,W,0.0,0.0,100626,999.9,E,D*29
$GPGSV,3,1,12,01,38,119,46,02,13,128,35,03,63,056,48,04,57,161,45,1*61
$GPGSV,3,2,12,06,32,303,42,09,31,196,41,12,04,337,,13,03,337,,1*61
$GPGSV,3,3,12,17,50,237,46,19,45,287,45,28,14,042,37,31,18,071,40,1*61
$GSGSV,3,1,10,01,33,195,,02,34,181,41,04,28,145,41,05,29,147,,1*67
$GSGSV,3,2,10,06,33,195,,07,05,106,,08,13,112,,17,34,167,42,1*66
$GSGSV,3,3,10,28,19,125,,39,17,237,,1*68
$GLGSV,2,1,08,68,46,039,45,69,79,203,47,70,26,216,41,76,08,342,,1*78
$GLGSV,2,2,08,77,06,026,,83,36,138,44,84,85,330,46,85,35,321,43,1*79
$GQGSV,1,1,00,1*65
$GAGSV,3,1,11,02,14,287,38,04,58,127,46,06,44,166,43,09,24,185,40,7*78
$GAGSV,3,2,11,10,58,105,46,11,84,034,43,12,33,110,37,19,32,049,36,7*72
$GAGSV,3,3,11,25,04,238,32,28,52,082,45,30,06,336,,7*4D
$GBGSV,3,1,09,05,09,111,,07,16,043,29,10,16,055,27,11,11,315,32,1*79
$GBGSV,3,2,09,13,06,146,,26,01,023,,27,69,202,40,28,33,155,34,1*7F
$GBGSV,3,3,09,30,37,305,37,1*4A
$GIGSV,1,1,02,01,,,36,06,24,135,,1*4C
$GPGGA,134751.00,4825.1420514,N,00428.4545876,W,4,22,0.5,89.917,M,51.637,M,1.0,4095*6F
$GPRMC,134751.00,A,4825.1420514,N,00428.4545876,W,0.0,0.0,100626,999.9,E,D*2F
$GPGSV,3,1,12,01,38,119,45,02,13,128,35,03,63,056,48,04,57,161,45,1*62
$GPGSV,3,2,12,06,32,303,42,09,31,196,41,12,04,337,,13,03,337,,1*61
$GPGSV,3,3,12,17,50,237,46,19,45,287,45,28,14,042,37,31,18,070,39,1*6E
$GSGSV,3,1,10,01,33,195,,02,34,181,41,04,28,145,41,05,29,147,,1*67
$GSGSV,3,2,10,06,33,195,,07,05,106,,08,13,112,,17,34,167,42,1*66
$GSGSV,3,3,10,28,19,125,,39,17,237,,1*68
$GLGSV,2,1,08,68,46,039,44,69,79,203,47,70,26,216,41,76,08,342,,1*79
$GLGSV,2,2,08,77,06,026,,83,36,138,44,84,85,330,46,85,35,321,44,1*7E
$GQGSV,1,1,00,1*65
$GAGSV,3,1,11,02,14,287,38,04,58,127,45,06,44,166,43,09,24,185,39,7*75
$GAGSV,3,2,11,10,58,105,46,11,84,034,42,12,33,110,38,19,32,049,36,7*7C
$GAGSV,3,3,11,25,04,238,32,28,52,082,45,30,06,336,,7*4D
$GBGSV,3,1,09,05,09,111,,07,16,043,29,10,16,055,28,11,11,315,32,1*76
$GBGSV,3,2,09,13,06,146,,26,01,023,,27,69,202,40,28,33,155,34,1*7F
$GBGSV,3,3,09,30,37,305,37,1*4A
$GIGSV,1,1,02,01,,,36,06,24,135,,1*4C
$GPGGA,134752.00,4825.1420509,N,00428.4545873,W,4,22,0.5,89.916,M,51.637,M,2.0,4095*67
$GPRMC,134752.00,A,4825.1420509,N,00428.4545873,W,0.0,0.0,100626,999.9,E,D*25
$GPGSV,3,1,12,01,38,119,45,02,13,128,35,03,63,056,48,04,57,161,46,1*61
$GPGSV,3,2,12,06,32,303,42,09,31,196,41,12,04,337,,13,03,337,,1*61
$GPGSV,3,3,12,17,50,237,46,19,45,287,45,28,14,042,37,31,18,070,39,1*6E
$GSGSV,3,1,10,01,33,195,,02,34,181,41,04,28,145,42,05,29,147,,1*64
$GSGSV,3,2,10,06,33,195,,07,05,106,,08,13,112,,17,34,167,43,1*67
$GSGSV,3,3,10,28,19,125,,39,17,237,,1*68
$GLGSV,2,1,08,68,46,039,44,69,79,203,47,70,26,216,41,76,08,342,,1*79
$GLGSV,2,2,08,77,06,026,,83,36,138,44,84,85,330,46,85,35,321,44,1*7E
$GQGSV,1,1,00,1*65
$GAGSV,3,1,11,02,14,287,38,04,58,127,46,06,44,166,43,09,24,185,39,7*76
$GAGSV,3,2,11,10,58,105,46,11,84,034,43,12,33,110,38,19,32,049,36,7*7D
$GAGSV,3,3,11,25,04,238,32,28,52,082,45,30,06,336,,7*4D
$GBGSV,3,1,09,05,09,111,,07,16,043,29,10,16,055,28,11,11,315,32,1*76
$GBGSV,3,2,09,13,06,146,,26,01,023,,27,69,202,40,28,33,155,33,1*78
$GBGSV,3,3,09,30,37,305,36,1*4B
$GIGSV,1,1,02,01,,,36,06,24,135,,1*4C
$GPGGA,134753.00,4825.1420512,N,00428.4545880,W,4,22,0.5,89.917,M,51.637,M,1.0,4095*62
$GPRMC,134753.00,A,4825.1420512,N,00428.4545880,W,0.0,0.0,100626,999.9,E,D*22
$GPGSV,3,1,12,01,38,119,46,02,13,128,36,03,63,056,49,04,57,161,46,1*60
$GPGSV,3,2,12,06,32,303,42,09,31,196,41,12,04,337,,13,03,337,,1*61
$GPGSV,3,3,12,17,50,237,46,19,45,287,45,28,14,042,37,31,18,070,40,1*60
$GSGSV,3,1,10,01,33,195,,02,34,181,41,04,28,145,42,05,29,147,,1*64
$GSGSV,3,2,10,06,33,195,,07,05,106,,08,13,112,,17,34,167,42,1*66
$GSGSV,3,3,10,28,19,125,,39,17,237,,1*68
$GLGSV,2,1,08,68,46,039,45,69,79,203,47,70,26,216,41,76,08,342,,1*78
$GLGSV,2,2,08,77,06,026,,83,36,138,44,84,85,330,46,85,35,321,44,1*7E
$GQGSV,1,1,00,1*65
$GAGSV,3,1,11,02,14,287,38,04,58,127,46,06,44,166,43,09,24,185,39,7*76
$GAGSV,3,2,11,10,58,105,46,11,84,034,43,12,33,110,37,19,32,049,36,7*72
$GAGSV,3,3,11,25,04,238,31,28,52,082,45,30,06,336,,7*4E
$GBGSV,3,1,09,05,09,111,,07,16,043,30,10,16,055,28,11,11,315,32,1*7E
$GBGSV,3,2,09,13,06,146,,26,01,023,,27,69,202,40,28,33,155,33,1*78
$GBGSV,3,3,09,30,37,305,36,1*4B
$GIGSV,1,1,02,01,,,36,06,24,135,,1*4C
$GPGGA,134754.00,4825.1420513,N,00428.4545891,W,4,22,0.5,89.918,M,51.637,M,1.0,4095*6B
$GPRMC,134754.00,A,4825.1420513,N,00428.4545891,W,0.0,0.0,100626,999.9,E,D*24
$GPGSV,3,1,12,01,38,119,46,02,13,128,36,03,63,056,48,04,57,161,46,1*61
$GPGSV,3,2,12,06,32,303,42,09,31,196,41,12,04,337,,13,03,337,,1*61
$GPGSV,3,3,12,17,50,237,46,19,45,287,45,28,14,042,37,31,18,070,40,1*60
$GSGSV,3,1,10,01,33,195,,02,34,181,40,04,28,145,42,05,29,147,,1*65
$GSGSV,3,2,10,06,33,195,,07,05,106,,08,13,112,,17,34,167,42,1*66
$GSGSV,3,3,10,28,19,125,,39,17,237,,1*68
$GLGSV,2,1,08,68,46,039,45,69,79,203,47,70,26,216,40,76,08,342,,1*79
$GLGSV,2,2,08,77,06,026,,83,36,138,44,84,85,330,46,85,35,321,44,1*7E
$GQGSV,1,1,00,1*65
$GAGSV,3,1,11,02,14,287,38,04,58,127,46,06,44,166,43,09,24,185,39,7*76
$GAGSV,3,2,11,10,58,105,46,11,84,034,42,12,33,110,37,19,32,049,36,7*73
$GAGSV,3,3,11,25,04,238,32,28,52,082,44,30,06,336,,7*4C
$GBGSV,3,1,09,05,09,111,,07,16,043,29,10,16,055,27,11,11,315,32,1*79
$GBGSV,3,2,09,13,06,146,,26,01,023,,27,69,202,40,28,33,155,33,1*78
$GBGSV,3,3,09,30,37,305,36,1*4B
$GIGSV,1,1,02,01,,,36,06,24,135,,1*4C
$GPGGA,134755.00,4825.1420515,N,00428.4545890,W,4,22,0.5,89.918,M,51.637,M,2.0,4095*6E
$GPRMC,134755.00,A,4825.1420515,N,00428.4545890,W,0.0,0.0,100626,999.9,E,D*22
$GPGSV,3,1,12,01,38,119,46,02,13,128,36,03,63,056,48,04,57,161,46,1*61
$GPGSV,3,2,12,06,32,303,42,09,31,196,41,12,04,337,,13,03,337,,1*61
$GPGSV,3,3,12,17,50,237,46,19,45,287,44,28,14,042,37,31,18,070,40,1*61
$GSGSV,3,1,10,01,33,195,,02,34,181,41,04,28,145,41,05,29,147,,1*67
$GSGSV,3,2,10,06,33,195,,07,05,106,,08,13,112,,17,34,167,42,1*66
$GSGSV,3,3,10,28,19,125,,39,17,237,,1*68
$GLGSV,2,1,08,68,46,039,45,69,79,203,47,70,26,216,40,76,08,342,,1*79
$GLGSV,2,2,08,77,06,026,,83,36,139,44,84,85,330,46,85,35,321,44,1*7F
$GQGSV,1,1,00,1*65
$GAGSV,3,1,11,02,14,287,39,04,58,127,46,06,44,166,42,09,24,185,38,7*77
$GAGSV,3,2,11,10,58,105,47,11,84,034,42,12,33,110,37,19,32,049,36,7*72
$GAGSV,3,3,11,25,04,238,32,28,52,082,44,30,06,336,,7*4C
$GBGSV,3,1,09,05,09,111,,07,16,043,30,10,16,055,29,11,12,315,32,1*7C
$GBGSV,3,2,09,13,06,146,,26,01,023,,27,69,202,39,28,33,155,33,1*76
$GBGSV,3,3,09,30,37,305,36,1*4B
$GIGSV,1,1,02,01,,,35,06,24,135,,1*4F
$GPGGA,134756.00,4825.1420525,N,00428.4545888,W,4,22,0.5,89.917,M,51.637,M,3.0,4095*69
$GPRMC,134756.00,A,4825.1420525,N,00428.4545888,W,0.0,0.0,100626,999.9,E,D*2B
$GPGSV,3,1,12,01,38,119,45,02,13,128,35,03,63,056,48,04,57,161,46,1*61
$GPGSV,3,2,12,06,32,303,42,09,31,196,41,12,04,337,,13,03,337,,1*61
$GPGSV,3,3,12,17,50,237,47,19,45,287,44,28,14,042,37,31,18,070,40,1*60
$GSGSV,3,1,10,01,33,195,,02,34,181,41,04,28,145,41,05,29,147,,1*67
$GSGSV,3,2,10,06,33,195,,07,05,106,,08,13,112,,17,34,167,42,1*66
$GSGSV,3,3,10,28,19,125,,39,17,237,,1*68
$GLGSV,2,1,08,68,46,039,45,69,79,203,47,70,26,216,40,76,08,342,,1*79
$GLGSV,2,2,08,77,06,026,,83,36,139,44,84,85,330,46,85,35,321,44,1*7F
$GQGSV,1,1,00,1*65
$GAGSV,3,1,11,02,14,287,39,04,58,127,46,06,44,166,42,09,24,185,39,7*76
$GAGSV,3,2,11,10,58,105,47,11,84,034,43,12,33,110,37,19,32,049,36,7*73
$GAGSV,3,3,11,25,04,238,32,28,52,082,45,30,06,336,,7*4D
$GBGSV,3,1,09,05,09,111,,07,16,043,29,10,16,055,28,11,12,315,32,1*75
$GBGSV,3,2,09,13,06,146,,26,01,023,,27,69,202,40,28,33,155,33,1*78
$GBGSV,3,3,09,30,37,305,36,1*4B
$GIGSV,1,1,02,01,,,36,06,24,135,,1*4C
$GPGGA,134757.00,4825.1420490,N,00428.4545883,W,4,22,0.5,89.916,M,51.637,M,1.0,4095*6F
$GPRMC,134757.00,A,4825.1420490,N,00428.4545883,W,0.0,0.0,100626,999.9,E,D*2E
$GPGSV,3,1,12,01,38,119,45,02,13,128,35,03,63,056,48,04,57,161,46,1*61
$GPGSV,3,2,12,06,32,303,41,09,31,196,41,12,04,337,,13,03,337,,1*62
$GPGSV,3,3,12,17,50,237,47,19,45,287,45,28,14,042,37,31,18,070,40,1*61
$GSGSV,3,1,10,01,33,195,,02,34,181,41,04,28,145,41,05,29,147,,1*67
$GSGSV,3,2,10,06,33,195,,07,05,106,,08,13,112,,17,34,167,42,1*66
$GSGSV,3,3,10,28,19,125,,39,17,237,,1*68
$GLGSV,2,1,08,68,46,039,45,69,79,203,47,70,26,216,40,76,08,342,,1*79
$GLGSV,2,2,08,77,06,026,,83,36,139,44,84,85,330,46,85,35,321,44,1*7F
$GQGSV,1,1,00,1*65
$GAGSV,3,1,11,02,14,287,38,04,58,127,46,06,44,166,42,09,24,185,39,7*77
$GAGSV,3,2,11,10,58,105,47,11,84,034,42,12,33,110,37,19,32,049,36,7*72
$GAGSV,3,3,11,25,04,238,33,28,52,082,45,30,06,336,,7*4C
$GBGSV,3,1,09,05,09,111,,07,16,043,30,10,16,055,28,11,12,315,32,1*7D
$GBGSV,3,2,09,13,06,146,,26,01,023,,27,69,202,40,28,33,155,33,1*78
$GBGSV,3,3,09,30,37,305,36,1*4B
$GIGSV,1,1,02,01,,,35,06,24,135,,1*4F
$GPGGA,134758.00,4825.1420527,N,00428.4545875,W,4,22,0.5,89.925,M,51.637,M,1.0,4095*64
$GPRMC,134758.00,A,4825.1420527,N,00428.4545875,W,0.0,0.0,100626,999.9,E,D*25
$GPGSV,3,1,12,01,38,119,45,02,13,128,35,03,63,056,48,04,57,161,46,1*61
$GPGSV,3,2,12,06,32,303,41,09,31,196,41,12,04,337,,13,03,337,,1*62
$GPGSV,3,3,12,17,50,237,47,19,45,287,45,28,14,042,36,31,18,070,40,1*60
$GSGSV,3,1,10,01,33,195,,02,34,181,41,04,28,145,41,05,29,147,,1*67
$GSGSV,3,2,10,06,33,195,,07,05,106,,08,13,112,,17,34,167,42,1*66
$GSGSV,3,3,10,28,19,125,,39,17,237,,1*68
$GLGSV,2,1,08,68,46,039,45,69,79,203,47,70,26,216,40,76,08,342,,1*79
$GLGSV,2,2,08,77,06,026,,83,36,139,44,84,85,330,46,85,35,321,44,1*7F
$GQGSV,1,1,00,1*65
$GAGSV,3,1,11,02,14,287,39,04,58,127,46,06,44,166,43,09,24,185,38,7*76
$GAGSV,3,2,11,10,58,105,46,11,84,034,42,12,33,110,37,19,32,049,36,7*73
$GAGSV,3,3,11,25,04,238,33,28,52,082,44,30,06,336,,7*4D
$GBGSV,3,1,09,05,09,111,,07,16,043,30,10,16,055,28,11,12,315,32,1*7D
$GBGSV,3,2,09,13,06,146,,26,01,023,,27,69,202,40,28,33,155,33,1*78
$GBGSV,3,3,09,30,37,305,36,1*4B
$GIGSV,1,1,02,01,,,36,06,24,135,,1*4C
$GPGGA,134759.00,4825.1420524,N,00428.4545873,W,4,22,0.5,89.928,M,51.637,M,2.0,4095*6E
$GPRMC,134759.00,A,4825.1420524,N,00428.4545873,W,0.0,0.0,100626,999.9,E,D*21
$GPGSV,3,1,12,01,38,119,45,02,13,128,35,03,63,056,48,04,57,161,46,1*61
$GPGSV,3,2,12,06,32,303,41,09,31,196,41,12,04,337,,13,03,336,,1*63
$GPGSV,3,3,12,17,50,237,47,19,45,287,45,28,14,042,37,31,18,070,40,1*61
$GSGSV,3,1,10,01,33,195,,02,34,181,40,04,28,145,41,05,29,147,,1*66
$GSGSV,3,2,10,06,33,195,,07,05,106,,08,13,112,,17,34,167,42,1*66
$GSGSV,3,3,10,28,19,125,,39,17,237,,1*68
$GLGSV,2,1,08,68,46,039,45,69,79,203,47,70,26,216,40,76,08,342,,1*79
$GLGSV,2,2,08,77,06,026,,83,36,139,45,84,85,330,46,85,35,321,44,1*7E
$GQGSV,1,1,00,1*65
$GAGSV,3,1,11,02,14,287,39,04,58,127,46,06,44,166,42,09,24,185,39,7*76
$GAGSV,3,2,11,10,58,105,47,11,84,035,42,12,33,110,37,19,32,049,36,7*73
$GAGSV,3,3,11,25,04,238,33,28,52,082,45,30,06,336,,7*4C
$GBGSV,3,1,09,05,09,111,,07,16,043,30,10,16,055,28,11,12,315,32,1*7D
$GBGSV,3,2,09,13,06,146,,26,01,023,,27,69,202,40,28,33,155,33,1*78
$GBGSV,3,3,09,30,37,305,36,1*4B
$GIGSV,1,1,02,01,,,37,06,24,135,,1*4D
$GPGGA,134800.00,4825.1420512,N,00428.4545877,W,4,22,0.5,89.928,M,51.637,M,3.0,4095*6D
$GPRMC,134800.00,A,4825.1420512,N,00428.4545877,W,0.0,0.0,100626,999.9,E,D*23
$GPGSV,3,1,12,01,38,119,45,02,13,128,36,03,63,056,48,04,57,161,46,1*62
$GPGSV,3,2,12,06,32,303,41,09,31,196,41,12,04,337,,13,03,336,,1*63
$GPGSV,3,3,12,17,50,237,47,19,45,287,45,28,14,042,37,31,18,070,40,1*61
$GSGSV,3,1,10,01,33,195,,02,34,181,41,04,28,145,41,05,29,147,,1*67
$GSGSV,3,2,10,06,33,195,,07,05,106,,08,13,112,,17,34,167,42,1*66
$GSGSV,3,3,10,28,19,125,,39,17,237,,1*68
$GLGSV,2,1,08,68,45,039,45,69,79,203,47,70,26,216,40,76,08,342,,1*7A
$GLGSV,2,2,08,77,06,026,,83,36,139,44,84,85,330,46,85,35,321,44,1*7F
$GQGSV,1,1,00,1*65
$GAGSV,3,1,11,02,14,287,38,04,58,127,46,06,44,166,43,09,24,185,39,7*76
$GAGSV,3,2,11,10,58,105,46,11,84,035,42,12,33,110,37,19,32,049,36,7*72
$GAGSV,3,3,11,25,04,238,33,28,52,081,45,30,06,336,,7*4F
$GBGSV,3,1,09,05,09,111,,07,16,043,30,10,16,055,29,11,12,315,32,1*7C
$GBGSV,3,2,09,13,06,146,,26,01,023,,27,69,202,40,28,33,155,33,1*78
$GBGSV,3,3,09,30,37,305,36,1*4B
$GIGSV,1,1,02,01,,,36,06,24,135,,1*4C
$GPGGA,134801.00,4825.1420519,N,00428.4545891,W,4,22,0.5,89.924,M,51.637,M,1.0,4095*61
$GPRMC,134801.00,A,4825.1420519,N,00428.4545891,W,0.0,0.0,100626,999.9,E,D*21
$GPGSV,3,1,12,01,38,119,45,02,13,128,35,03,63,056,48,04,57,161,46,1*61
$GPGSV,3,2,12,06,32,303,41,09,31,196,41,12,04,337,,13,03,336,,1*63
$GPGSV,3,3,12,17,50,237,47,19,45,287,45,28,14,042,37,31,18,070,40,1*61
$GSGSV,3,1,10,01,33,195,,02,34,181,41,04,28,145,41,05,29,147,,1*67
$GSGSV,3,2,10,06,33,195,,07,05,106,,08,13,112,,17,34,167,42,1*66
$GSGSV,3,3,10,28,19,125,,39,17,237,,1*68
$GLGSV,2,1,08,68,45,039,44,69,79,203,47,70,26,216,40,76,08,342,,1*7B
$GLGSV,2,2,08,77,06,026,,83,36,139,44,84,85,330,46,85,35,321,44,1*7F
$GQGSV,1,1,00,1*65
$GAGSV,3,1,11,02,14,287,38,04,58,127,46,06,44,166,43,09,24,185,39,7*76
$GAGSV,3,2,11,10,58,105,46,11,84,035,42,12,33,110,37,19,32,049,36,7*72
$GAGSV,3,3,11,25,04,238,32,28,52,081,45,30,06,336,,7*4E
$GBGSV,3,1,09,05,09,111,,07,16,043,30,10,16,055,28,11,12,315,32,1*7D
$GBGSV,3,2,09,13,06,146,,26,01,023,,27,69,202,39,28,33,155,33,1*76
$GBGSV,3,3,09,30,37,305,36,1*4B
$GIGSV,1,1,02,01,,,36,06,24,135,,1*4C
$GPGGA,134802.00,4825.1420516,N,00428.4545870,W,4,22,0.5,89.925,M,51.637,M,1.0,4095*63
$GPRMC,134802.00,A,4825.1420516,N,00428.4545870,W,0.0,0.0,100626,999.9,E,D*22
$GPGSV,3,1,12,01,38,119,45,02,13,128,34,03,63,056,48,04,57,161,46,1*60
$GPGSV,3,2,12,06,32,303,41,09,31,196,42,12,04,337,,13,03,336,,1*60
$GPGSV,3,3,12,17,50,237,46,19,45,287,45,28,14,042,37,31,18,070,39,1*6E
$GSGSV,3,1,10,01,33,195,,02,34,181,41,04,28,145,41,05,29,147,,1*67
$GSGSV,3,2,10,06,33,195,,07,05,106,,08,13,112,,17,34,167,42,1*66
$GSGSV,3,3,10,28,19,125,,39,17,237,,1*68
$GLGSV,2,1,08,68,45,039,44,69,79,203,47,70,26,216,40,76,08,342,,1*7B
$GLGSV,2,2,08,77,06,026,,83,36,139,44,84,85,330,46,85,35,321,45,1*7E
$GQGSV,1,1,00,1*65
$GAGSV,3,1,11,02,14,287,38,04,58,127,46,06,44,166,43,09,24,185,38,7*77
$GAGSV,3,2,11,10,58,105,46,11,84,035,42,12,33,110,37,19,32,049,36,7*72
$GAGSV,3,3,11,25,04,238,32,28,52,081,44,30,06,336,,7*4F
$GBGSV,3,1,09,05,09,111,,07,16,043,29,10,16,055,28,11,12,315,32,1*75
$GBGSV,3,2,09,13,06,146,,26,01,023,,27,69,202,39,28,33,155,33,1*76
$GBGSV,3,3,09,30,37,305,36,1*4B
$GIGSV,1,1,02,01,,,36,06,24,135,,1*4C
$GPGGA,134803.00,4825.1420510,N,00428.4545858,W,4,22,0.5,89.925,M,51.637,M,2.0,4095*6D
$GPRMC,134803.00,A,4825.1420510,N,00428.4545858,W,0.0,0.0,100626,999.9,E,D*2F
$GPGSV,3,1,12,01,38,119,45,02,13,128,35,03,63,056,48,04,57,161,46,1*61
$GPGSV,3,2,12,06,32,303,41,09,31,196,42,12,04,337,,13,03,336,,1*60
$GPGSV,3,3,12,17,50,237,46,19,45,287,45,28,14,042,37,31,18,070,39,1*6E
$GSGSV,3,1,10,01,33,195,,02,34,181,41,04,28,145,42,05,29,147,,1*64
$GSGSV,3,2,10,06,33,195,,07,05,106,,08,13,112,,17,34,167,42,1*66
$GSGSV,3,3,10,28,19,125,,39,17,237,,1*68
$GLGSV,2,1,08,68,45,039,44,69,79,203,47,70,26,216,40,76,08,342,,1*7B
$GLGSV,2,2,08,77,06,026,,83,36,139,44,84,85,330,46,85,35,321,45,1*7E
$GQGSV,1,1,00,1*65
$GAGSV,3,1,11,02,14,287,38,04,58,127,46,06,44,166,43,09,24,185,38,7*77
$GAGSV,3,2,11,10,58,105,46,11,84,035,42,12,33,110,37,19,32,049,37,7*73
$GAGSV,3,3,11,25,04,238,32,28,52,081,45,30,06,336,,7*4E
$GBGSV,3,1,09,05,09,111,,07,16,043,30,10,16,055,28,11,12,315,32,1*7D
$GBGSV,3,2,09,13,06,146,,26,01,023,,27,69,202,39,28,33,155,33,1*76
$GBGSV,3,3,09,30,37,305,36,1*4B
$GIGSV,1,1,02,01,,,36,06,24,135,,1*4C
$GPGGA,134804.00,4825.1420496,N,00428.4545845,W,4,22,0.5,89.922,M,51.637,M,3.0,4095*6F
$GPRMC,134804.00,A,4825.1420496,N,00428.4545845,W,0.0,0.0,100626,999.9,E,D*2B
$GPGSV,3,1,12,01,38,119,45,02,13,128,35,03,63,056,48,04,57,161,46,1*61
$GPGSV,3,2,12,06,32,303,41,09,31,196,42,12,04,337,,13,03,336,,1*60
$GPGSV,3,3,12,17,50,237,46,19,45,287,45,28,14,042,37,31,18,070,40,1*60
$GSGSV,3,1,10,01,33,195,,02,34,181,41,04,28,145,42,05,29,147,,1*64
$GSGSV,3,2,10,06,33,195,,07,05,106,,08,13,112,,17,34,167,42,1*66
$GSGSV,3,3,10,28,19,125,,39,17,237,,1*68
$GLGSV,2,1,08,68,45,039,44,69,79,203,47,70,26,216,40,76,08,342,,1*7B
$GLGSV,2,2,08,77,06,026,,83,36,139,44,84,85,330,46,85,35,321,45,1*7E
$GQGSV,1,1,00,1*65
$GAGSV,3,1,11,02,14,287,38,04,58,127,46,06,44,166,43,09,24,185,38,7*77
$GAGSV,3,2,11,10,58,105,46,11,84,035,43,12,33,110,37,19,32,049,37,7*72
$GAGSV,3,3,11,25,04,238,32,28,52,081,45,30,06,336,,7*4E
$GBGSV,3,1,09,05,09,111,,07,16,043,30,10,16,055,28,11,12,315,32,1*7D
$GBGSV,3,2,09,13,06,146,,26,01,023,,27,69,202,39,28,33,155,32,1*77
$GBGSV,3,3,09,30,37,305,36,1*4B
$GIGSV,1,1,02,01,,,36,06,24,135,,1*4C
$GPGGA,134805.00,4825.1420515,N,00428.4545889,W,4,22,0.5,89.924,M,51.637,M,1.0,4095*60
$GPRMC,134805.00,A,4825.1420515,N,00428.4545889,W,0.0,0.0,100626,999.9,E,D*20
$GPGSV,3,1,12,01,38,119,45,02,13,128,35,03,62,056,48,04,57,161,46,1*60
$GPGSV,3,2,12,06,32,303,41,09,31,196,42,12,04,337,,13,03,336,,1*60
$GPGSV,3,3,12,17,50,237,46,19,45,287,45,28,14,042,37,31,18,070,39,1*6E
$GSGSV,3,1,10,01,33,195,,02,34,181,41,04,28,145,42,05,29,147,,1*64
$GSGSV,3,2,10,06,33,195,,07,05,106,,08,13,112,,17,34,167,42,1*66
$GSGSV,3,3,10,28,19,125,,39,17,237,,1*68
$GLGSV,2,1,08,68,45,039,44,69,79,203,47,70,26,216,40,76,08,342,,1*7B
$GLGSV,2,2,08,77,06,026,,83,36,139,44,84,85,330,46,85,35,321,44,1*7F
$GQGSV,1,1,00,1*65
$GAGSV,3,1,11,02,14,287,38,04,58,127,46,06,44,166,43,09,24,185,38,7*77
$GAGSV,3,2,11,10,58,105,46,11,84,035,43,12,33,110,37,19,32,049,36,7*73
$GAGSV,3,3,11,25,04,238,32,28,52,081,44,30,06,336,,7*4F
$GBGSV,3,1,09,05,09,111,,07,16,043,30,10,16,055,27,11,12,315,33,1*73
$GBGSV,3,2,09,13,06,146,,26,01,023,,27,69,202,39,28,33,155,33,1*76
$GBGSV,3,3,09,30,37,305,36,1*4B
$GIGSV,1,1,02,01,,,36,06,24,135,,1*4C
$GPGGA,134806.00,4825.1420514,N,00428.4545881,W,4,22,0.5,89.916,M,51.637,M,1.0,4095*6B
$GPRMC,134806.00,A,4825.1420514,N,00428.4545881,W,0.0,0.0,100626,999.9,E,D*2A
$GPGSV,3,1,12,01,38,119,44,02,13,128,35,03,62,056,47,04,57,161,46,1*6E
$GPGSV,3,2,12,06,32,303,41,09,31,196,41,12,04,337,,13,03,336,,1*63
$GPGSV,3,3,12,17,50,237,47,19,45,287,45,28,14,042,36,31,18,070,39,1*6E
$GSGSV,3,1,10,01,33,195,,02,34,181,41,04,28,145,42,05,29,147,,1*64
$GSGSV,3,2,10,06,33,195,,07,05,106,,08,13,112,,17,34,167,42,1*66
$GSGSV,3,3,10,28,19,125,,39,17,237,,1*68
$GLGSV,2,1,08,68,45,039,44,69,79,203,47,70,26,216,40,76,08,342,,1*7B
$GLGSV,2,2,08,77,06,026,,83,36,139,44,84,85,330,46,85,35,321,44,1*7F
$GQGSV,1,1,00,1*65
$GAGSV,3,1,11,02,14,287,38,04,58,127,46,06,44,166,43,09,24,185,39,7*76
$GAGSV,3,2,11,10,58,105,46,11,84,035,43,12,33,110,37,19,32,049,37,7*72
$GAGSV,3,3,11,25,04,238,31,28,52,081,45,30,06,336,,7*4D
$GBGSV,3,1,09,05,09,111,,07,16,043,29,10,16,055,28,11,12,315,32,1*75
$GBGSV,3,2,09,13,06,146,,26,01,023,,27,69,202,39,28,32,155,33,1*77
$GBGSV,3,3,09,30,37,305,36,1*4B
$GIGSV,1,1,02,01,,,36,06,24,135,,1*4C
$GPGGA,134807.00,4825.1420509,N,00428.4545884,W,4,23,0.5,89.918,M,51.637,M,1.0,4095*6C
$GPRMC,134807.00,A,4825.1420509,N,00428.4545884,W,0.0,0.0,100626,999.9,E,D*22
$GPGSV,3,1,12,01,38,119,44,02,13,128,35,03,62,056,48,04,57,161,45,1*62
$GPGSV,3,2,12,06,32,303,41,09,31,196,41,12,04,337,,13,03,336,,1*63
$GPGSV,3,3,12,17,50,237,47,19,45,287,45,28,14,042,37,31,18,070,39,1*6F
$GSGSV,3,1,10,01,33,195,,02,34,181,41,04,28,145,42,05,29,147,,1*64
$GSGSV,3,2,10,06,33,195,,07,05,106,,08,13,112,,17,34,167,42,1*66
$GSGSV,3,3,10,28,19,125,,39,17,237,,1*68
$GLGSV,2,1,08,68,45,039,44,69,79,203,47,70,26,216,40,76,08,342,,1*7B
$GLGSV,2,2,08,77,06,026,,83,36,139,44,84,85,330,46,85,35,321,44,1*7F
$GQGSV,1,1,00,1*65
$GAGSV,3,1,11,02,14,287,38,04,58,127,46,06,44,166,43,09,24,185,38,7*77
$GAGSV,3,2,11,10,58,105,46,11,84,035,43,12,33,110,37,19,32,049,37,7*72
$GAGSV,3,3,11,25,04,238,32,28,52,081,45,30,06,336,,7*4E
$GBGSV,3,1,09,05,09,111,,07,16,043,30,10,16,055,28,11,12,315,32,1*7D
$GBGSV,3,2,09,13,06,146,,26,01,023,,27,69,202,39,28,32,155,33,1*77
$GBGSV,3,3,09,30,37,305,36,1*4B
$GIGSV,1,1,02,01,,,36,06,24,135,,1*4C
$GPGGA,134808.00,4825.1420512,N,00428.4545880,W,4,23,0.5,89.917,M,51.637,M,1.0,4095*62
$GPRMC,134808.00,A,4825.1420512,N,00428.4545880,W,0.0,0.0,100626,999.9,E,D*23
$GPGSV,3,1,12,01,38,119,44,02,13,128,36,03,62,056,48,04,57,161,45,1*61
$GPGSV,3,2,12,06,32,303,41,09,31,196,42,12,04,337,,13,03,336,,1*60
$GPGSV,3,3,12,17,50,237,47,19,45,287,44,28,14,042,37,31,18,070,39,1*6E
$GSGSV,3,1,10,01,33,195,,02,34,181,41,04,28,145,41,05,29,147,,1*67
$GSGSV,3,2,10,06,33,195,,07,05,106,,08,13,112,,17,34,167,42,1*66
$GSGSV,3,3,10,28,19,125,,39,17,237,,1*68
$GLGSV,2,1,08,68,45,039,44,69,79,203,47,70,26,216,39,76,08,342,,1*75
$GLGSV,2,2,08,77,06,026,,83,36,139,44,84,85,330,46,85,35,321,44,1*7F
$GQGSV,1,1,00,1*65
$GAGSV,3,1,11,02,14,287,38,04,58,127,46,06,44,166,43,09,24,185,38,7*77
$GAGSV,3,2,11,10,58,105,46,11,84,035,43,12,33,110,37,19,32,049,37,7*72
$GAGSV,3,3,11,25,04,238,32,28,52,081,45,30,06,336,,7*4E
$GBGSV,3,1,09,05,09,111,,07,16,043,29,10,16,055,28,11,12,315,32,1*75
$GBGSV,3,2,09,13,06,146,,26,01,023,,27,69,202,39,28,32,155,34,1*70
$GBGSV,3,3,09,30,37,305,37,1*4A
$GIGSV,1,1,02,01,,,36,06,24,135,,1*4C
$GPGGA,134809.00,4825.1420505,N,00428.4545882,W,4,23,0.5,89.920,M,51.637,M,2.0,4095*60
$GPRMC,134809.00,A,4825.1420505,N,00428.4545882,W,0.0,0.0,100626,999.9,E,D*26
$GPGSV,3,1,12,01,38,119,45,02,13,128,36,03,62,056,48,04,57,161,45,1*60
$GPGSV,3,2,12,06,32,303,41,09,31,196,42,12,04,337,,13,03,336,,1*60
$GPGSV,3,3,12,17,50,237,47,19,45,287,44,28,14,042,36,31,18,070,39,1*6F
$GSGSV,3,1,10,01,33,195,,02,34,181,40,04,28,145,42,05,29,147,,1*65
$GSGSV,3,2,10,06,33,195,,07,05,106,,08,13,112,,17,34,167,42,1*66
$GSGSV,3,3,10,28,19,125,,39,17,237,,1*68
$GLGSV,2,1,08,68,45,039,44,69,79,203,47,70,26,216,39,76,08,342,,1*75
$GLGSV,2,2,08,77,06,026,,83,36,139,44,84,85,330,46,85,35,321,44,1*7F
$GQGSV,1,1,00,1*65
$GAGSV,3,1,11,02,14,287,38,04,58,127,46,06,44,166,43,09,25,185,38,7*76
$GAGSV,3,2,11,10,58,105,46,11,84,035,42,12,33,110,37,19,32,049,37,7*73
$GAGSV,3,3,11,25,04,238,32,28,52,081,44,30,06,336,,7*4F
$GBGSV,3,1,09,05,09,111,,07,16,043,29,10,16,055,28,11,12,315,33,1*74
$GBGSV,3,2,09,13,06,146,,26,01,023,,27,69,202,39,28,32,155,34,1*70
$GBGSV,3,3,09,30,37,305,36,1*4B
$GIGSV,1,1,02,01,,,35,06,24,135,,1*4F
$GPGGA,134810.00,4825.1420501,N,00428.4545880,W,4,23,0.5,89.922,M,51.637,M,1.0,4095*6F
$GPRMC,134810.00,A,4825.1420501,N,00428.4545880,W,0.0,0.0,100626,999.9,E,D*28
$GPGSV,3,1,12,01,38,119,45,02,13,128,36,03,62,056,48,04,57,161,45,1*60
$GPGSV,3,2,12,06,32,303,41,09,31,196,42,12,04,337,,13,03,336,,1*60
$GPGSV,3,3,12,17,50,237,47,19,45,287,45,28,14,042,36,31,18,070,40,1*60
$GSGSV,3,1,10,01,33,195,,02,34,181,40,04,28,145,42,05,29,147,,1*65
$GSGSV,3,2,10,06,33,195,,07,05,106,,08,13,112,,17,34,167,42,1*66
$GSGSV,3,3,10,28,19,125,,39,17,237,,1*68
$GLGSV,2,1,08,68,45,039,44,69,79,203,47,70,26,216,39,76,08,342,,1*75
$GLGSV,2,2,08,77,06,026,,83,36,139,44,84,85,330,47,85,35,321,44,1*7E
$GQGSV,1,1,00,1*65
$GAGSV,3,1,11,02,14,287,39,04,58,127,46,06,44,166,43,09,25,185,38,7*77
$GAGSV,3,2,11,10,58,105,46,11,84,035,42,12,33,110,37,19,32,049,37,7*73
$GAGSV,3,3,11,25,04,238,32,28,52,081,44,30,06,336,,7*4F
$GBGSV,3,1,09,05,09,111,,07,16,043,30,10,16,055,28,11,12,315,33,1*7C
$GBGSV,3,2,09,13,06,146,,26,01,023,,27,69,202,40,28,32,155,33,1*79
$GBGSV,3,3,09,30,37,305,36,1*4B
$GIGSV,1,1,02,01,,,35,06,24,135,,1*4F
$GPGGA,134811.00,4825.1420515,N,00428.4545877,W,4,23,0.5,89.926,M,51.637,M,1.0,4095*67
$GPRMC,134811.00,A,4825.1420515,N,00428.4545877,W,0.0,0.0,100626,999.9,E,D*24
$GPGSV,3,1,12,01,38,119,45,02,13,128,37,03,62,056,48,04,57,161,45,1*61
$GPGSV,3,2,12,06,32,303,41,09,31,196,42,12,04,337,,13,03,336,,1*60
$GPGSV,3,3,12,17,50,237,47,19,45,287,45,28,14,042,36,31,18,070,40,1*60
$GSGSV,3,1,10,01,33,195,,02,34,181,40,04,28,145,42,05,29,147,,1*65
$GSGSV,3,2,10,06,33,195,,07,05,106,,08,13,112,,17,34,167,42,1*66
$GSGSV,3,3,10,28,19,125,,39,17,237,,1*68
$GLGSV,2,1,08,68,45,039,44,69,79,203,47,70,26,216,39,76,08,342,,1*75
$GLGSV,2,2,08,77,06,026,,83,36,139,44,84,85,330,47,85,35,321,44,1*7E
$GQGSV,1,1,00,1*65
$GAGSV,3,1,11,02,14,287,38,04,58,127,47,06,44,166,43,09,25,185,38,7*77
$GAGSV,3,2,11,10,58,105,46,11,84,035,42,12,33,110,37,19,32,049,36,7*72
$GAGSV,3,3,11,25,04,238,32,28,52,081,44,30,06,336,,7*4F
$GBGSV,3,1,09,05,09,111,,07,16,043,30,10,16,055,28,11,12,315,33,1*7C
$GBGSV,3,2,09,13,06,146,,26,01,023,,27,69,202,40,28,32,155,33,1*79
$GBGSV,3,3,09,30,37,305,36,1*4B
$GIGSV,1,1,02,01,,,36,06,24,135,,1*4C
$GPGGA,134812.00,4825.1420514,N,00428.4545884,W,4,23,0.5,89.924,M,51.637,M,1.0,4095*6B
$GPRMC,134812.00,A,4825.1420514,N,00428.4545884,W,0.0,0.0,100626,999.9,E,D*2A
$GPGSV,3,1,12,01,38,119,45,02,13,128,37,03,62,056,48,04,57,161,45,1*61
$GPGSV,3,2,12,06,32,303,42,09,31,196,42,12,04,337,,13,03,336,,1*63
$GPGSV,3,3,12,17,50,237,46,19,45,287,45,28,14,042,36,31,18,070,39,1*6F
$GSGSV,3,1,10,01,33,195,,02,34,181,41,04,28,145,42,05,29,147,,1*64
$GSGSV,3,2,10,06,33,195,,07,05,106,,08,13,112,,17,34,167,42,1*66
$GSGSV,3,3,10,28,19,125,,39,17,237,,1*68
$GLGSV,2,1,08,68,45,039,44,69,79,203,47,70,26,216,39,76,08,342,,1*75
$GLGSV,2,2,08,77,06,026,,83,36,139,44,84,85,330,46,85,35,321,44,1*7F
$GQGSV,1,1,00,1*65
$GAGSV,3,1,11,02,14,287,38,04,58,127,46,06,44,166,43,09,25,185,38,7*76
$GAGSV,3,2,11,10,58,105,46,11,84,035,42,12,33,110,37,19,32,049,36,7*72
$GAGSV,3,3,11,25,04,238,32,28,52,081,44,30,06,336,,7*4F
$GBGSV,3,1,09,05,09,111,,07,16,043,30,10,16,055,28,11,12,315,33,1*7C
$GBGSV,3,2,09,13,06,146,,26,01,023,,27,69,202,39,28,32,155,33,1*77
$GBGSV,3,3,09,30,37,305,36,1*4B
$GIGSV,1,1,02,01,,,36,06,24,135,,1*4C
$GPGGA,134813.00,4825.1420509,N,00428.4545903,W,4,23,0.5,89.918,M,51.637,M,2.0,4095*64
$GPRMC,134813.00,A,4825.1420509,N,00428.4545903,W,0.0,0.0,100626,999.9,E,D*29
$GPGSV,3,1,12,01,38,119,45,02,13,128,37,03,62,056,47,04,57,161,46,1*6D
$GPGSV,3,2,12,06,32,303,42,09,31,196,42,12,04,337,,13,03,336,,1*63
$GPGSV,3,3,12,17,50,236,47,19,45,287,45,28,14,042,37,31,18,070,39,1*6E
$GSGSV,3,1,10,01,33,195,,02,34,181,41,04,28,145,42,05,29,147,,1*64
$GSGSV,3,2,10,06,33,195,,07,05,106,,08,13,112,,17,34,167,42,1*66
$GSGSV,3,3,10,28,19,125,,39,17,237,,1*68
$GLGSV,2,1,08,68,45,039,44,69,79,203,47,70,26,216,39,76,08,342,,1*75
$GLGSV,2,2,08,77,06,026,,83,36,139,44,84,85,330,46,85,35,321,44,1*7F
$GQGSV,1,1,00,1*65
$GAGSV,3,1,11,02,14,287,38,04,58,127,46,06,44,166,43,09,25,185,38,7*76
$GAGSV,3,2,11,10,58,105,46,11,84,035,43,12,33,110,37,19,32,049,37,7*72
$GAGSV,3,3,11,25,04,238,31,28,52,081,45,30,06,336,,7*4D
$GBGSV,3,1,09,05,09,111,,07,16,043,29,10,16,055,28,11,12,315,33,1*74
$GBGSV,3,2,09,13,06,146,,26,01,023,,27,69,202,40,28,32,155,33,1*79
$GBGSV,3,3,09,30,37,305,36,1*4B
$GIGSV,1,1,02,01,,,35,06,24,135,,1*4F
$GPGGA,134814.00,4825.1420518,N,00428.4545904,W,4,23,0.5,89.917,M,51.637,M,1.0,4095*68
$GPRMC,134814.00,A,4825.1420518,N,00428.4545904,W,0.0,0.0,100626,999.9,E,D*29
$GPGSV,3,1,12,01,38,119,45,02,13,128,36,03,62,056,48,04,57,161,46,1*63
$GPGSV,3,2,12,06,32,303,41,09,31,196,42,12,04,337,,13,03,336,,1*60
$GPGSV,3,3,12,17,50,236,47,19,45,287,46,28,14,042,37,31,18,070,40,1*63
$GSGSV,3,1,10,01,33,195,,02,34,181,41,04,28,145,42,05,29,147,,1*64
$GSGSV,3,2,10,06,33,195,,07,05,106,,08,13,112,,17,34,167,42,1*66
$GSGSV,3,3,10,28,19,125,,39,17,237,,1*68
$GLGSV,2,1,08,68,45,039,45,69,79,203,47,70,26,216,40,76,08,342,,1*7A
$GLGSV,2,2,08,77,06,026,,83,36,139,44,84,85,330,46,85,35,321,45,1*7E
$GQGSV,1,1,00,1*65
$GAGSV,3,1,11,02,14,287,38,04,58,127,46,06,44,166,43,09,25,185,38,7*76
$GAGSV,3,2,11,10,58,105,46,11,84,035,42,12,33,110,37,19,32,049,36,7*72
$GAGSV,3,3,11,25,04,238,31,28,52,081,44,30,06,336,,7*4C
$GBGSV,3,1,09,05,09,111,,07,16,043,30,10,16,055,28,11,12,315,32,1*7D
$GBGSV,3,2,09,13,06,146,,26,01,023,,27,69,202,39,28,32,155,33,1*77
$GBGSV,3,3,09,30,37,305,36,1*4B
$GIGSV,1,1,02,01,,,35,06,24,135,,1*4F
$GPGGA,134815.00,4825.1420518,N,00428.4545884,W,4,23,0.5,89.919,M,51.637,M,1.0,4095*6E
$GPRMC,134815.00,A,4825.1420518,N,00428.4545884,W,0.0,0.0,100626,999.9,E,D*21
$GPGSV,3,1,12,01,38,119,46,02,13,128,36,03,62,056,48,04,57,161,46,1*60
$GPGSV,3,2,12,06,32,303,41,09,31,196,42,12,04,336,,13,03,336,,1*61
$GPGSV,3,3,12,17,50,236,46,19,45,287,45,28,14,042,37,31,18,070,40,1*61
$GSGSV,3,1,10,01,33,195,,02,34,181,41,04,28,145,41,05,29,147,,1*67
$GSGSV,3,2,10,06,33,195,,07,05,106,,08,13,112,,17,34,167,41,1*65
$GSGSV,3,3,10,28,19,125,,39,17,237,,1*68
$GLGSV,2,1,08,68,45,039,44,69,79,203,47,70,26,216,40,76,08,342,,1*7B
$GLGSV,2,2,08,77,06,026,,83,36,139,44,84,85,330,46,85,35,321,45,1*7E
$GQGSV,1,1,00,1*65
$GAGSV,3,1,11,02,14,287,38,04,58,127,47,06,45,166,43,09,25,185,38,7*76
$GAGSV,3,2,11,10,58,105,46,11,84,036,43,12,33,110,38,19,32,049,36,7*7F
$GAGSV,3,3,11,25,04,238,31,28,52,081,44,30,06,336,,7*4C
$GBGSV,3,1,09,05,09,111,,07,16,043,30,10,16,055,28,11,12,315,33,1*7C
$GBGSV,3,2,09,13,06,146,,26,01,023,,27,69,201,39,28,32,155,33,1*74
$GBGSV,3,3,09,30,37,305,36,1*4B
$GIGSV,1,1,02,01,,,35,06,24,135,,1*4F
$GPGGA,134816.00,4825.1420520,N,00428.4545875,W,4,23,0.5,89.921,M,51.637,M,1.0,4095*63
$GPRMC,134816.00,A,4825.1420520,N,00428.4545875,W,0.0,0.0,100626,999.9,E,D*27
$GPGSV,3,1,12,01,38,119,46,02,13,128,37,03,62,056,48,04,57,161,46,1*61
$GPGSV,3,2,12,06,32,303,42,09,31,196,41,12,04,336,,13,03,336,,1*61
$GPGSV,3,3,12,17,50,236,46,19,45,287,46,28,14,042,36,31,18,070,40,1*63
$GSGSV,3,1,10,01,33,195,,02,34,181,40,04,28,145,42,05,29,147,,1*65
$GSGSV,3,2,10,06,33,195,,07,05,106,,08,13,112,,17,34,167,42,1*66
$GSGSV,3,3,10,28,19,125,,39,17,237,,1*68
$GLGSV,2,1,08,68,45,039,44,69,79,203,47,70,26,216,40,76,08,342,,1*7B
$GLGSV,2,2,08,77,06,026,,83,36,139,44,84,85,330,46,85,35,321,45,1*7E
$GQGSV,1,1,00,1*65
$GAGSV,3,1,11,02,14,287,38,04,58,127,47,06,45,166,43,09,25,185,38,7*76
$GAGSV,3,2,11,10,58,105,46,11,84,036,43,12,33,110,38,19,32,049,36,7*7F
$GAGSV,3,3,11,25,04,238,32,28,52,081,44,30,06,336,,7*4F
$GBGSV,3,1,09,05,09,111,,07,16,043,30,10,16,055,28,11,12,315,33,1*7C
$GBGSV,3,2,09,13,06,146,,26,01,023,,27,69,201,39,28,32,155,34,1*73
$GBGSV,3,3,09,30,37,305,36,1*4B
$GIGSV,1,1,02,01,,,35,06,24,135,,1*4F
$GPGGA,134817.00,4825.1420519,N,00428.4545876,W,4,23,0.5,89.928,M,51.637,M,2.0,4095*61
$GPRMC,134817.00,A,4825.1420519,N,00428.4545876,W,0.0,0.0,100626,999.9,E,D*2F
$GPGSV,3,1,12,01,38,119,46,02,13,128,36,03,62,056,48,04,57,161,46,1*60
$GPGSV,3,2,12,06,32,303,42,09,31,196,41,12,04,336,,13,03,336,,1*61
$GPGSV,3,3,12,17,50,236,47,19,45,287,46,28,14,042,37,31,18,070,40,1*63
$GSGSV,3,1,10,01,33,195,,02,34,181,41,04,28,145,42,05,29,147,,1*64
$GSGSV,3,2,10,06,33,195,,07,05,106,,08,13,112,,17,34,167,42,1*66
$GSGSV,3,3,10,28,19,125,,39,17,237,,1*68
$GLGSV,2,1,08,68,45,039,45,69,79,203,47,70,26,216,39,76,08,342,,1*74
$GLGSV,2,2,08,77,06,026,,83,36,139,43,84,85,330,46,85,35,321,44,1*78
$GQGSV,1,1,00,1*65
$GAGSV,3,1,11,02,14,287,38,04,58,127,47,06,45,166,43,09,25,185,38,7*76
$GAGSV,3,2,11,10,58,105,46,11,84,036,43,12,33,110,38,19,32,049,36,7*7F
$GAGSV,3,3,11,25,04,238,31,28,52,081,45,30,06,336,,7*4D
$GBGSV,3,1,09,05,09,111,,07,16,043,30,10,16,055,29,11,12,315,33,1*7D
$GBGSV,3,2,09,13,06,146,,26,01,023,,27,69,201,39,28,32,155,34,1*73
$GBGSV,3,3,09,30,37,305,36,1*4B
$GIGSV,1,1,02,01,,,35,06,24,135,,1*4F
$GPGGA,134818.00,4825.1420523,N,00428.4545875,W,4,23,0.5,89.930,M,51.637,M,1.0,4095*6E
$GPRMC,134818.00,A,4825.1420523,N,00428.4545875,W,0.0,0.0,100626,999.9,E,D*2A
$GPGSV,3,1,12,01,38,119,46,02,13,128,37,03,62,056,48,04,57,161,45,1*62
$GPGSV,3,2,12,06,32,303,42,09,31,196,41,12,04,336,,13,03,336,,1*61
$GPGSV,3,3,12,17,50,236,47,19,45,287,46,28,14,042,37,31,18,070,40,1*63
$GSGSV,3,1,10,01,33,195,,02,34,181,41,04,28,145,42,05,29,147,,1*64
$GSGSV,3,2,10,06,33,195,,07,05,106,,08,13,112,,17,34,167,42,1*66
$GSGSV,3,3,10,28,19,125,,39,17,237,,1*68
$GLGSV,2,1,08,68,45,039,45,69,80,203,47,70,26,216,40,76,08,342,,1*7C
$GLGSV,2,2,08,77,06,026,,83,36,139,44,84,85,330,46,85,36,321,44,1*7C
$GQGSV,1,1,00,1*65
$GAGSV,3,1,11,02,14,287,38,04,58,127,46,06,45,166,43,09,25,185,38,7*77
$GAGSV,3,2,11,10,58,105,46,11,84,036,43,12,33,110,37,19,32,049,36,7*70
$GAGSV,3,3,11,25,04,238,32,28,52,081,45,30,06,336,,7*4E
$GBGSV,3,1,09,05,09,111,,07,16,043,30,10,16,055,28,11,12,315,34,1*7B
$GBGSV,3,2,09,13,06,146,,26,01,023,,27,69,201,38,28,32,155,34,1*72
$GBGSV,3,3,09,30,37,305,36,1*4B
$GIGSV,1,1,02,01,,,35,06,24,135,,1*4F
$GPGGA,134819.00,4825.1420525,N,00428.4545877,W,4,23,0.5,89.921,M,51.637,M,1.0,4095*6B
$GPRMC,134819.00,A,4825.1420525,N,00428.4545877,W,0.0,0.0,100626,999.9,E,D*2F
$GPGSV,3,1,12,01,38,119,46,02,13,128,37,03,62,056,47,04,57,161,45,1*6D
$GPGSV,3,2,12,06,32,303,42,09,31,196,42,12,04,336,,13,03,336,,1*62
$GPGSV,3,3,12,17,50,236,47,19,45,287,46,28,14,042,37,31,18,070,40,1*63
$GSGSV,3,1,10,01,33,195,,02,34,181,41,04,28,145,41,05,29,147,,1*67
$GSGSV,3,2,10,06,33,195,,07,05,106,,08,13,112,,17,34,167,43,1*67
$GSGSV,3,3,10,28,19,125,,39,17,237,,1*68
$GLGSV,2,1,08,68,45,039,44,69,80,203,47,70,26,216,40,76,08,341,,1*7E
$GLGSV,2,2,08,77,06,026,,83,36,139,44,84,85,330,46,85,36,321,44,1*7C
$GQGSV,1,1,00,1*65
$GAGSV,3,1,11,02,14,287,38,04,58,127,46,06,45,166,43,09,25,185,38,7*77
$GAGSV,3,2,11,10,58,105,46,11,84,036,43,12,33,110,37,19,32,049,36,7*70
$GAGSV,3,3,11,25,04,238,31,28,52,081,44,30,06,336,,7*4C
$GBGSV,3,1,09,05,09,111,,07,16,043,30,10,16,055,28,11,12,315,33,1*7C
$GBGSV,3,2,09,13,06,146,,26,01,023,,27,69,201,39,28,32,155,35,1*72
$GBGSV,3,3,09,30,37,305,36,1*4B
$GIGSV,1,1,02,01,,,35,06,24,135,,1*4F
$GPGGA,134820.00,4825.1420519,N,00428.4545902,W,4,23,0.5,89.925,M,51.637,M,2.0,4095*6A
$GPRMC,134820.00,A,4825.1420519,N,00428.4545902,W,0.0,0.0,100626,999.9,E,D*29
$GPGSV,3,1,12,01,38,119,46,02,13,128,37,03,62,056,48,04,57,161,45,1*62
$GPGSV,3,2,12,06,32,303,42,09,31,196,41,12,04,336,,13,03,336,,1*61
$GPGSV,3,3,12,17,50,236,47,19,45,287,45,28,14,042,37,31,18,070,40,1*60
$GSGSV,3,1,10,01,33,195,,02,34,181,40,04,28,145,41,05,29,147,,1*66
$GSGSV,3,2,10,06,33,195,,07,05,106,,08,13,112,,17,34,167,43,1*67
$GSGSV,3,3,10,28,19,125,,39,17,237,,1*68
$GLGSV,2,1,08,68,45,039,44,69,80,203,47,70,26,216,40,76,08,341,,1*7E
$GLGSV,2,2,08,77,06,026,,83,36,139,44,84,85,330,46,85,36,321,44,1*7C
$GQGSV,1,1,00,1*65
$GAGSV,3,1,11,02,14,287,38,04,58,127,46,06,45,166,43,09,25,185,38,7*77
$GAGSV,3,2,11,10,58,105,46,11,84,036,42,12,33,110,38,19,32,049,36,7*7E
$GAGSV,3,3,11,25,04,238,32,28,52,081,45,30,06,336,,7*4E
$GBGSV,3,1,09,05,09,111,,07,16,043,30,10,16,055,28,11,12,315,33,1*7C
$GBGSV,3,2,09,13,06,146,,26,01,023,,27,69,201,39,28,32,155,34,1*73
$GBGSV,3,3,09,30,37,305,36,1*4B
$GIGSV,1,1,02,01,,,35,06,24,135,,1*4F
$GPGGA,134821.00,4825.1420525,N,00428.4545886,W,4,23,0.5,89.924,M,51.637,M,3.0,4095*69
$GPRMC,134821.00,A,4825.1420525,N,00428.4545886,W,0.0,0.0,100626,999.9,E,D*2A
$GPGSV,3,1,12,01,38,119,46,02,13,128,37,03,62,056,48,04,57,161,45,1*62
$GPGSV,3,2,12,06,32,303,41,09,31,196,41,12,04,336,,13,03,336,,1*62
$GPGSV,3,3,12,17,50,236,46,19,45,287,45,28,14,042,37,31,18,070,41,1*60
$GSGSV,3,1,10,01,33,195,,02,34,181,40,04,28,145,41,05,29,147,,1*66
$GSGSV,3,2,10,06,33,195,,07,05,106,,08,13,112,,17,34,167,43,1*67
$GSGSV,3,3,10,28,19,125,,39,17,237,,1*68
$GLGSV,2,1,08,68,45,039,45,69,80,203,47,70,26,216,40,76,08,341,,1*7F
$GLGSV,2,2,08,77,06,026,,83,36,139,45,84,85,330,46,85,36,321,44,1*7D
$GQGSV,1,1,00,1*65
$GAGSV,3,1,11,02,14,287,39,04,58,127,46,06,45,166,44,09,25,185,38,7*71
$GAGSV,3,2,11,10,58,105,46,11,84,036,42,12,33,110,37,19,32,049,36,7*71
$GAGSV,3,3,11,25,04,238,31,28,52,081,45,30,06,336,,7*4D
$GBGSV,3,1,09,05,09,111,,07,16,043,30,10,16,055,28,11,12,315,33,1*7C
$GBGSV,3,2,09,13,06,146,,26,01,023,,27,69,201,39,28,32,155,34,1*73
$GBGSV,3,3,09,30,37,305,36,1*4B
$GIGSV,1,1,02,01,,,35,06,24,135,,1*4F
$GPGGA,134822.00,4825.1420515,N,00428.4545864,W,4,22,0.5,89.921,M,51.637,M,1.0,4095*63
$GPRMC,134822.00,A,4825.1420515,N,00428.4545864,W,0.0,0.0,100626,999.9,E,D*26
$GPGSV,3,1,12,01,38,119,46,02,13,128,37,03,62,056,48,04,57,161,45,1*62
$GPGSV,3,2,12,06,32,303,41,09,31,196,41,12,04,336,,13,03,336,,1*62
$GPGSV,3,3,12,17,50,236,46,19,45,287,45,28,14,042,37,31,18,070,40,1*61
$GSGSV,3,1,10,01,33,195,,02,34,181,40,04,28,145,42,05,29,147,,1*65
$GSGSV,3,2,10,06,33,195,,07,05,106,,08,13,112,,17,34,167,42,1*66
$GSGSV,3,3,10,28,19,125,,39,17,237,,1*68
$GLGSV,2,1,08,68,45,039,45,69,80,203,47,70,26,216,41,76,08,341,,1*7E
$GLGSV,2,2,08,77,06,026,,83,36,139,44,84,85,330,46,85,36,321,44,1*7C
$GQGSV,1,1,00,1*65
$GAGSV,3,1,11,02,14,287,38,04,58,127,46,06,45,166,43,09,25,185,38,7*77
$GAGSV,3,2,11,10,58,105,46,11,84,036,42,12,33,110,37,19,32,049,36,7*71
$GAGSV,3,3,11,25,04,238,31,28,52,081,45,30,06,336,,7*4D
$GBGSV,3,1,09,05,09,111,,07,16,043,29,10,16,055,28,11,12,315,33,1*74
$GBGSV,3,2,09,13,06,146,,26,01,023,,27,69,201,39,28,32,155,34,1*73
$GBGSV,3,3,09,30,37,305,36,1*4B
$GIGSV,1,1,02,01,,,35,06,24,135,,1*4F
$GPGGA,134823.00,4825.1420520,N,00428.4545887,W,4,23,0.5,89.917,M,51.637,M,1.0,4095*6D
$GPRMC,134823.00,A,4825.1420520,N,00428.4545887,W,0.0,0.0,100626,999.9,E,D*2C
$GPGSV,3,1,12,01,38,119,46,02,13,128,37,03,62,056,48,04,57,161,44,1*63
$GPGSV,3,2,12,06,32,303,41,09,31,196,42,12,04,336,,13,03,336,,1*61
$GPGSV,3,3,12,17,50,236,47,19,45,287,45,28,14,042,36,31,18,070,40,1*61
$GSGSV,3,1,10,01,33,195,,02,34,181,40,04,28,145,42,05,29,147,,1*65
$GSGSV,3,2,10,06,33,195,,07,05,106,,08,13,112,,17,34,167,42,1*66
$GSGSV,3,3,10,28,19,125,,39,17,237,,1*68
$GLGSV,2,1,08,68,45,039,45,69,80,203,47,70,26,216,40,76,08,341,,1*7F
$GLGSV,2,2,08,77,06,026,,83,36,139,44,84,85,330,46,85,36,321,44,1*7C
$GQGSV,1,1,00,1*65
$GAGSV,3,1,11,02,14,287,38,04,58,127,47,06,45,166,43,09,25,185,38,7*76
$GAGSV,3,2,11,10,58,105,46,11,84,036,42,12,33,110,37,19,32,049,36,7*71
$GAGSV,3,3,11,25,04,238,32,28,52,081,45,30,06,336,,7*4E
$GBGSV,3,1,09,05,09,111,,07,16,043,29,10,16,055,28,11,12,315,33,1*74
$GBGSV,3,2,09,13,06,146,,26,01,023,,27,69,201,39,28,32,155,33,1*74
$GBGSV,3,3,09,30,37,305,36,1*4B
$GIGSV,1,1,02,01,,,35,06,24,135,,1*4F
$GPGGA,134824.00,4825.1420523,N,00428.4545887,W,4,23,0.5,89.915,M,51.637,M,2.0,4095*68
$GPRMC,134824.00,A,4825.1420523,N,00428.4545887,W,0.0,0.0,100626,999.9,E,D*28
$GPGSV,3,1,12,01,38,119,45,02,13,128,37,03,62,056,48,04,57,161,45,1*61
$GPGSV,3,2,12,06,32,303,42,09,31,196,42,12,04,336,,13,03,336,,1*62
$GPGSV,3,3,12,17,50,236,47,19,45,287,45,28,14,042,37,31,18,070,41,1*61
$GSGSV,3,1,10,01,33,195,,02,34,181,41,04,28,145,41,05,29,147,,1*67
$GSGSV,3,2,10,06,33,195,,07,05,106,,08,13,112,,17,34,167,42,1*66
$GSGSV,3,3,10,28,19,125,,39,17,237,,1*68
$GLGSV,2,1,08,68,45,039,44,69,80,203,47,70,26,216,40,76,08,341,,1*7E
$GLGSV,2,2,08,77,06,026,,83,36,139,44,84,85,330,46,85,36,321,45,1*7D
$GQGSV,1,1,00,1*65
$GAGSV,3,1,11,02,14,287,38,04,58,127,46,06,45,166,43,09,25,185,38,7*77
$GAGSV,3,2,11,10,58,105,45,11,84,036,43,12,33,110,38,19,32,049,37,7*7D
$GAGSV,3,3,11,25,04,238,32,28,52,081,44,30,06,336,,7*4F
$GBGSV,3,1,09,05,09,111,,07,16,043,29,10,16,055,27,11,12,315,32,1*7A
$GBGSV,3,2,09,13,06,147,,26,01,023,,27,69,201,39,28,32,155,33,1*75
$GBGSV,3,3,09,30,38,305,36,1*44
$GIGSV,1,1,02,01,,,35,06,24,135,,1*4F
$GPGGA,134825.00,4825.1420536,N,00428.4545884,W,4,23,0.5,89.918,M,51.637,M,3.0,4095*62
$GPRMC,134825.00,A,4825.1420536,N,00428.4545884,W,0.0,0.0,100626,999.9,E,D*2E
$GPGSV,3,1,12,01,38,119,45,02,13,128,37,03,62,056,47,04,57,161,45,1*6E
$GPGSV,3,2,12,06,32,303,42,09,31,196,42,12,04,336,,13,03,336,,1*62
$GPGSV,3,3,12,17,50,236,47,19,45,287,45,28,14,042,36,31,18,070,41,1*60
$GSGSV,3,1,10,01,33,195,,02,34,181,41,04,28,145,41,05,29,147,,1*67
$GSGSV,3,2,10,06,33,195,,07,05,106,,08,13,112,,17,34,167,42,1*66
$GSGSV,3,3,10,28,19,125,,39,17,237,,1*68
$GLGSV,2,1,08,68,45,039,44,69,80,203,47,70,26,216,40,76,08,341,,1*7E
$GLGSV,2,2,08,77,06,026,,83,36,139,44,84,85,330,46,85,36,321,45,1*7D
$GQGSV,1,1,00,1*65
$GAGSV,3,1,11,02,14,287,38,04,58,127,46,06,45,166,43,09,25,185,38,7*77
$GAGSV,3,2,11,10,58,105,46,11,84,036,43,12,33,110,38,19,32,049,37,7*7E
$GAGSV,3,3,11,25,04,238,32,28,52,081,44,30,06,336,,7*4F
$GBGSV,3,1,09,05,09,111,,07,16,043,30,10,16,055,28,11,12,315,33,1*7C
$GBGSV,3,2,09,13,06,147,,26,01,023,,27,69,201,39,28,32,155,33,1*75
$GBGSV,3,3,09,30,38,305,36,1*44
$GIGSV,1,1,02,01,,,35,06,24,135,,1*4F
$GPGGA,134826.00,4825.1420532,N,00428.4545875,W,4,23,0.5,89.925,M,51.637,M,1.0,4095*67
$GPRMC,134826.00,A,4825.1420532,N,00428.4545875,W,0.0,0.0,100626,999.9,E,D*27
$GPGSV,3,1,12,01,38,119,46,02,13,128,37,03,62,056,47,04,57,161,44,1*6C
$GPGSV,3,2,12,06,32,303,42,09,31,196,42,12,04,336,,13,03,336,,1*62
$GPGSV,3,3,12,17,50,236,46,19,45,287,45,28,14,042,36,31,18,070,40,1*60
$GSGSV,3,1,10,01,33,195,,02,34,181,40,04,28,145,41,05,29,147,,1*66
$GSGSV,3,2,10,06,33,195,,07,05,106,,08,13,112,,17,34,167,42,1*66
$GSGSV,3,3,10,28,19,125,,39,17,237,,1*68
$GLGSV,2,1,08,68,45,039,44,69,80,203,47,70,26,216,41,76,08,341,,1*7F
$GLGSV,2,2,08,77,06,026,,83,36,139,43,84,85,330,46,85,36,321,44,1*7B
$GQGSV,1,1,00,1*65
$GAGSV,3,1,11,02,14,287,38,04,58,127,46,06,45,166,43,09,25,185,38,7*77
$GAGSV,3,2,11,10,58,105,46,11,84,036,42,12,33,110,38,19,32,049,37,7*7F
$GAGSV,3,3,11,25,04,238,32,28,52,081,44,30,06,336,,7*4F
$GBGSV,3,1,09,05,09,111,,07,16,043,30,10,16,055,28,11,12,315,32,1*7D
$GBGSV,3,2,09,13,06,147,,26,01,023,,27,69,201,39,28,32,155,33,1*75
$GBGSV,3,3,09,30,38,305,36,1*44
$GIGSV,1,1,02,01,,,34,06,24,135,,1*4E
$GPGGA,134827.00,4825.1420501,N,00428.4545874,W,4,23,0.5,89.919,M,51.637,M,1.0,4095*68
$GPRMC,134827.00,A,4825.1420501,N,00428.4545874,W,0.0,0.0,100626,999.9,E,D*27
$GPGSV,3,1,12,01,38,119,46,02,13,128,37,03,62,056,47,04,57,161,44,1*6C
$GPGSV,3,2,12,06,32,303,42,09,31,196,42,12,04,336,,13,03,336,,1*62
$GPGSV,3,3,12,17,50,236,47,19,45,287,45,28,14,042,36,31,18,070,40,1*61
$GSGSV,3,1,10,01,33,195,,02,34,181,41,04,28,145,41,05,29,147,,1*67
$GSGSV,3,2,10,06,33,195,,07,05,106,,08,13,112,,17,34,167,42,1*66
$GSGSV,3,3,10,28,19,125,,39,17,237,,1*68
$GLGSV,2,1,08,68,45,039,44,69,80,203,47,70,26,216,41,76,08,341,,1*7F
$GLGSV,2,2,08,77,06,026,,83,36,139,43,84,85,330,46,85,36,321,44,1*7B
$GQGSV,1,1,00,1*65
$GAGSV,3,1,11,02,14,287,38,04,58,127,46,06,45,166,43,09,25,185,38,7*77
$GAGSV,3,2,11,10,58,105,46,11,84,036,42,12,33,110,37,19,32,049,36,7*71
$GAGSV,3,3,11,25,04,238,31,28,52,081,45,30,06,336,,7*4D
$GBGSV,3,1,09,05,09,111,,07,16,042,30,10,16,055,28,11,12,315,32,1*7C
$GBGSV,3,2,09,13,06,147,,26,01,023,,27,69,201,39,28,32,155,34,1*72
$GBGSV,3,3,09,30,38,305,36,1*44
$GIGSV,1,1,02,01,,,34,06,24,135,,1*4E
$GPGGA,134828.00,4825.1420516,N,00428.4545881,W,4,23,0.5,89.922,M,51.637,M,1.0,4095*63
$GPRMC,134828.00,A,4825.1420516,N,00428.4545881,W,0.0,0.0,100626,999.9,E,D*24
$GPGSV,3,1,12,01,38,119,46,02,13,128,37,03,62,056,48,04,57,161,45,1*62
$GPGSV,3,2,12,06,32,303,42,09,31,196,42,12,04,336,,13,03,336,,1*62
$GPGSV,3,3,12,17,50,236,47,19,45,287,45,28,14,042,36,31,18,070,40,1*61
$GSGSV,3,1,10,01,33,195,,02,34,181,40,04,28,145,41,05,29,147,,1*66
$GSGSV,3,2,10,06,33,195,,07,05,106,,08,13,112,,17,34,167,42,1*66
$GSGSV,3,3,10,28,19,125,,39,17,237,,1*68
$GLGSV,2,1,08,68,45,039,44,69,80,203,47,70,26,216,40,76,08,341,,1*7E
$GLGSV,2,2,08,77,06,026,,83,36,139,44,84,85,330,46,85,36,321,44,1*7C
$GQGSV,1,1,00,1*65
$GAGSV,3,1,11,02,14,287,38,04,58,127,46,06,45,166,43,09,25,185,38,7*77
$GAGSV,3,2,11,10,58,105,46,11,84,036,42,12,33,110,37,19,32,049,36,7*71
$GAGSV,3,3,11,25,04,238,31,28,52,081,45,30,06,336,,7*4D
$GBGSV,3,1,09,05,09,111,,07,16,042,30,10,16,055,27,11,12,315,32,1*73
$GBGSV,3,2,09,13,06,147,,26,01,023,,27,69,201,39,28,32,155,33,1*75
$GBGSV,3,3,09,30,38,305,36,1*44
$GIGSV,1,1,02,01,,,34,06,24,135,,1*4E
$GPGGA,134829.00,4825.1420502,N,00428.4545888,W,4,23,0.5,89.914,M,51.637,M,1.0,4095*6B
$GPRMC,134829.00,A,4825.1420502,N,00428.4545888,W,0.0,0.0,100626,999.9,E,D*29
$GPGSV,3,1,12,01,38,119,45,02,13,128,37,03,62,056,47,04,57,161,44,1*6F
$GPGSV,3,2,12,06,32,303,42,09,31,196,42,12,04,336,,13,03,336,,1*62
$GPGSV,3,3,12,17,50,236,46,19,45,287,45,28,14,042,37,31,18,070,40,1*61
$GSGSV,3,1,10,01,33,195,,02,34,181,41,04,28,145,42,05,29,147,,1*64
$GSGSV,3,2,10,06,33,195,,07,05,106,,08,13,112,,17,34,167,42,1*66
$GSGSV,3,3,10,28,19,125,,39,17,237,,1*68
$GLGSV,2,1,08,68,45,039,45,69,80,203,47,70,26,216,40,76,08,341,,1*7F
$GLGSV,2,2,08,77,06,026,,83,36,139,44,84,85,330,46,85,36,321,44,1*7C
$GQGSV,1,1,00,1*65
$GAGSV,3,1,11,02,14,287,38,04,58,127,46,06,45,166,43,09,25,185,38,7*77
$GAGSV,3,2,11,10,58,105,46,11,84,036,42,12,33,110,37,19,32,049,36,7*71
$GAGSV,3,3,11,25,04,238,31,28,52,081,45,30,06,336,,7*4D
$GBGSV,3,1,09,05,09,111,,07,16,042,30,10,16,055,27,11,12,315,33,1*72
$GBGSV,3,2,09,13,06,147,,26,01,023,,27,69,201,39,28,32,155,34,1*72
$GBGSV,3,3,09,30,38,305,36,1*44
$GIGSV,1,1,02,01,,,34,06,24,135,,1*4E
$GPGGA,134830.00,4825.1420511,N,00428.4545886,W,4,23,0.5,89.920,M,51.637,M,2.0,4095*6B
$GPRMC,134830.00,A,4825.1420511,N,00428.4545886,W,0.0,0.0,100626,999.9,E,D*2D
$GPGSV,3,1,12,01,38,119,45,02,13,128,37,03,62,056,47,04,57,161,45,1*6E
$GPGSV,3,2,12,06,32,303,42,09,31,196,41,12,04,336,,13,03,336,,1*61
$GPGSV,3,3,12,17,50,236,46,19,45,287,45,28,14,042,37,31,18,070,41,1*60
$GSGSV,3,1,10,01,33,195,,02,34,181,40,04,28,145,42,05,29,147,,1*65
$GSGSV,3,2,10,06,33,195,,07,05,106,,08,13,112,,17,34,167,42,1*66
$GSGSV,3,3,10,28,19,125,,39,17,237,,1*68
$GLGSV,2,1,08,68,45,039,45,69,80,203,47,70,26,216,40,76,08,341,,1*7F
$GLGSV,2,2,08,77,06,026,,83,36,139,44,84,85,330,46,85,36,321,44,1*7C
$GQGSV,1,1,00,1*65
$GAGSV,3,1,11,02,14,287,38,04,58,127,46,06,45,166,43,09,25,185,38,7*77
$GAGSV,3,2,11,10,58,105,46,11,84,036,42,12,33,110,37,19,32,049,36,7*71
$GAGSV,3,3,11,25,04,238,31,28,52,081,45,30,06,336,,7*4D
$GBGSV,3,1,09,05,09,111,,07,16,042,30,10,16,055,28,11,12,315,33,1*7D
$GBGSV,3,2,09,13,06,147,,26,01,023,,27,69,201,39,28,32,155,34,1*72
$GBGSV,3,3,09,30,38,305,36,1*44
$GIGSV,1,1,02,01,,,34,06,24,135,,1*4E
$GPGGA,134831.00,4825.1420507,N,00428.4545894,W,4,23,0.5,89.918,M,51.637,M,3.0,4095*64
$GPRMC,134831.00,A,4825.1420507,N,00428.4545894,W,0.0,0.0,100626,999.9,E,D*28
$GPGSV,3,1,12,01,38,119,45,02,13,128,37,03,62,056,47,04,57,161,45,1*6E
$GPGSV,3,2,12,06,32,303,42,09,31,196,42,12,04,336,,13,03,336,,1*62
$GPGSV,3,3,12,17,50,236,47,19,45,287,45,28,14,042,37,31,18,070,40,1*60
$GSGSV,3,1,10,01,33,195,,02,34,181,40,04,28,145,41,05,29,147,,1*66
$GSGSV,3,2,10,06,33,195,,07,05,106,,08,13,112,,17,34,167,41,1*65
$GSGSV,3,3,10,28,19,125,,39,17,237,,1*68
$GLGSV,2,1,08,68,45,039,45,69,80,203,47,70,26,216,41,76,08,341,,1*7E
$GLGSV,2,2,08,77,06,026,,83,36,139,44,84,85,330,46,85,36,321,44,1*7C
$GQGSV,1,1,00,1*65
$GAGSV,3,1,11,02,14,287,38,04,58,127,46,06,45,166,43,09,25,185,38,7*77
$GAGSV,3,2,11,10,58,105,46,11,84,037,43,12,33,110,37,19,32,049,37,7*70
$GAGSV,3,3,11,25,04,238,30,28,52,081,45,30,06,336,,7*4C
$GBGSV,3,1,09,05,09,111,,07,16,042,30,10,16,055,28,11,12,315,33,1*7D
$GBGSV,3,2,09,13,06,147,,26,01,023,,27,69,201,39,28,32,155,34,1*72
$GBGSV,3,3,09,30,38,305,36,1*44
$GIGSV,1,1,02,01,,,34,06,24,135,,1*4E
$GPGGA,134832.00,4825.1420508,N,00428.4545868,W,4,22,0.5,89.917,M,51.637,M,1.0,4095*67
$GPRMC,134832.00,A,4825.1420508,N,00428.4545868,W,0.0,0.0,100626,999.9,E,D*27
$GPGSV,3,1,12,01,38,119,45,02,13,128,37,03,62,056,47,04,57,161,45,1*6E
$GPGSV,3,2,12,06,32,303,42,09,31,196,41,12,04,336,,13,03,336,,1*61
$GPGSV,3,3,12,17,50,236,47,19,45,287,45,28,14,042,37,31,18,070,40,1*60
$GSGSV,3,1,10,01,33,195,,02,34,181,41,04,28,145,41,05,29,147,,1*67
$GSGSV,3,2,10,06,33,195,,07,05,106,,08,13,112,,17,34,167,42,1*66
$GSGSV,3,3,10,28,19,125,,39,17,237,,1*68
$GLGSV,2,1,08,68,45,039,44,69,80,203,47,70,26,216,41,76,08,341,,1*7F
$GLGSV,2,2,08,77,06,026,,83,36,139,44,84,85,330,46,85,36,321,44,1*7C
$GQGSV,1,1,00,1*65
$GAGSV,3,1,11,02,14,287,38,04,58,127,46,06,45,166,43,09,25,185,37,7*78
$GAGSV,3,2,11,10,58,105,46,11,84,037,43,12,33,110,37,19,32,049,37,7*70
$GAGSV,3,3,11,25,04,238,30,28,52,081,45,30,06,336,,7*4C
$GBGSV,3,1,09,05,09,111,,07,16,042,30,10,16,055,28,11,12,315,32,1*7C
$GBGSV,3,2,09,13,06,147,,26,01,023,,27,69,201,39,28,32,155,34,1*72
$GBGSV,3,3,09,30,38,305,36,1*44
$GIGSV,1,1,02,01,,,34,06,24,135,,1*4E
$GPGGA,134833.00,4825.1420505,N,00428.4545871,W,4,22,0.5,89.918,M,51.637,M,1.0,4095*6C
$GPRMC,134833.00,A,4825.1420505,N,00428.4545871,W,0.0,0.0,100626,999.9,E,D*23
$GPGSV,3,1,12,01,38,119,45,02,13,128,37,03,62,056,47,04,57,161,44,1*6F
$GPGSV,3,2,12,06,32,303,41,09,31,196,41,12,04,336,,13,03,336,,1*62
$GPGSV,3,3,12,17,50,236,47,19,45,287,45,28,14,042,36,31,18,070,40,1*61
$GSGSV,3,1,10,01,33,195,,02,34,181,41,04,28,145,41,05,29,147,,1*67
$GSGSV,3,2,10,06,33,195,,07,05,106,,08,13,112,,17,34,167,42,1*66
$GSGSV,3,3,10,28,19,125,,39,17,237,,1*68
$GLGSV,2,1,08,68,45,039,44,69,80,203,48,70,26,216,41,76,08,341,,1*70
$GLGSV,2,2,08,77,06,026,,83,36,139,44,84,85,330,46,85,36,321,44,1*7C
$GQGSV,1,1,00,1*65
$GAGSV,3,1,11,02,14,287,38,04,58,127,46,06,45,166,43,09,25,185,38,7*77
$GAGSV,3,2,11,10,58,105,46,11,84,037,43,12,33,110,37,19,32,049,36,7*71
$GAGSV,3,3,11,25,04,238,30,28,52,081,45,30,06,336,,7*4C
$GBGSV,3,1,09,05,09,111,,07,16,042,30,10,16,055,28,11,12,315,32,1*7C
$GBGSV,3,2,09,13,06,147,,26,01,023,,27,69,201,39,28,32,155,33,1*75
$GBGSV,3,3,09,30,38,305,36,1*44
$GIGSV,1,1,02,01,,,34,06,24,135,,1*4E
$GPGGA,134834.00,4825.1420518,N,00428.4545873,W,4,22,0.5,89.914,M,51.637,M,2.0,4095*6A
$GPRMC,134834.00,A,4825.1420518,N,00428.4545873,W,0.0,0.0,100626,999.9,E,D*2A
$GPGSV,3,1,12,01,38,119,46,02,13,128,38,03,62,056,47,04,57,161,44,1*63
$GPGSV,3,2,12,06,32,303,41,09,31,196,42,12,04,336,,13,03,336,,1*61
$GPGSV,3,3,12,17,50,236,47,19,45,287,45,28,14,042,37,31,18,070,40,1*60
$GSGSV,3,1,10,01,33,195,,02,34,181,40,04,28,145,41,05,29,147,,1*66
$GSGSV,3,2,10,06,33,195,,07,05,106,,08,13,112,,17,34,167,43,1*67
$GSGSV,3,3,10,28,19,125,,39,17,237,,1*68
$GLGSV,2,1,08,68,45,039,45,69,80,203,47,70,26,216,40,76,08,341,,1*7F
$GLGSV,2,2,08,77,06,026,,83,36,139,44,84,85,330,46,85,36,321,44,1*7C
$GQGSV,1,1,00,1*65
$GAGSV,3,1,11,02,14,287,38,04,58,127,46,06,45,166,42,09,25,185,38,7*76
$GAGSV,3,2,11,10,58,105,45,11,84,037,43,12,33,110,37,19,32,049,37,7*73
$GAGSV,3,3,11,25,04,238,31,28,52,081,45,30,06,336,,7*4D
$GBGSV,3,1,09,05,09,111,,07,16,042,29,10,16,055,29,11,12,315,32,1*75
$GBGSV,3,2,09,13,06,147,,26,01,023,,27,69,201,39,28,32,155,34,1*72
$GBGSV,3,3,09,30,38,305,36,1*44
$GIGSV,1,1,02,01,,,34,06,24,135,,1*4E
$GPGGA,134835.00,4825.1420509,N,00428.4545877,W,4,22,0.5,89.916,M,51.637,M,3.0,4095*6C
$GPRMC,134835.00,A,4825.1420509,N,00428.4545877,W,0.0,0.0,100626,999.9,E,D*2F
$GPGSV,3,1,12,01,38,119,46,02,13,128,38,03,62,056,47,04,57,161,45,1*62
$GPGSV,3,2,12,06,32,303,42,09,31,196,41,12,04,336,,13,03,336,,1*61
$GPGSV,3,3,12,17,50,236,47,19,45,287,46,28,14,042,37,31,18,070,40,1*63
$GSGSV,3,1,10,01,33,195,,02,34,181,41,04,28,145,41,05,29,147,,1*67
$GSGSV,3,2,10,06,33,195,,07,05,106,,08,13,112,,17,34,167,43,1*67
$GSGSV,3,3,10,28,19,125,,39,17,237,,1*68
$GLGSV,2,1,08,68,45,039,45,69,80,203,47,70,26,216,41,76,08,341,,1*7E
$GLGSV,2,2,08,77,06,026,,83,36,139,44,84,85,330,46,85,36,321,44,1*7C
$GQGSV,1,1,00,1*65
$GAGSV,3,1,11,02,14,287,38,04,58,127,46,06,45,166,43,09,25,185,38,7*77
$GAGSV,3,2,11,10,58,105,46,11,84,037,43,12,33,110,37,19,32,049,37,7*70
$GAGSV,3,3,11,25,04,238,31,28,52,081,45,30,06,336,,7*4D
$GBGSV,3,1,09,05,09,111,,07,16,042,31,10,16,055,28,11,12,315,33,1*7C
$GBGSV,3,2,09,13,06,147,,26,01,023,,27,69,201,40,28,32,155,34,1*7C
$GBGSV,3,3,09,30,38,305,36,1*44
$GIGSV,1,1,02,01,,,34,06,24,135,,1*4E
$GPGGA,134836.00,4825.1420500,N,00428.4545883,W,4,22,0.5,89.926,M,51.637,M,1.0,4095*6C
$GPRMC,134836.00,A,4825.1420500,N,00428.4545883,W,0.0,0.0,100626,999.9,E,D*2E
$GPGSV,3,1,12,01,38,119,45,02,13,128,38,03,62,056,47,04,57,161,44,1*60
$GPGSV,3,2,12,06,32,303,42,09,31,196,41,12,04,336,,13,03,336,,1*61
$GPGSV,3,3,12,17,50,236,47,19,45,287,45,28,14,042,37,31,18,070,40,1*60
$GSGSV,3,1,10,01,33,195,,02,34,181,41,04,28,145,41,05,29,147,,1*67
$GSGSV,3,2,10,06,33,195,,07,05,106,,08,13,112,,17,34,167,43,1*67
$GSGSV,3,3,10,28,19,125,,39,17,237,,1*68
$GLGSV,2,1,08,68,45,039,45,69,80,203,47,70,26,216,40,76,08,341,,1*7F
$GLGSV,2,2,08,77,06,026,,83,36,139,44,84,85,330,46,85,36,321,44,1*7C
$GQGSV,1,1,00,1*65
$GAGSV,3,1,11,02,14,287,38,04,58,127,45,06,45,166,43,09,25,185,38,7*74
$GAGSV,3,2,11,10,58,105,46,11,84,037,43,12,33,110,37,19,32,049,37,7*70
$GAGSV,3,3,11,25,04,238,30,28,52,081,45,30,06,336,,7*4C
$GBGSV,3,1,09,05,09,111,,07,16,042,30,10,16,055,28,11,12,315,33,1*7D
$GBGSV,3,2,09,13,06,147,,26,01,023,,27,69,201,40,28,32,155,34,1*7C
$GBGSV,3,3,09,30,38,305,36,1*44
$GIGSV,1,1,02,01,,,34,06,24,135,,1*4E
$GPGGA,134837.00,4825.1420506,N,00428.4545887,W,4,22,0.5,89.921,M,51.637,M,1.0,4095*68
$GPRMC,134837.00,A,4825.1420506,N,00428.4545887,W,0.0,0.0,100626,999.9,E,D*2D
$GPGSV,3,1,12,01,38,119,46,02,13,128,38,03,62,056,47,04,57,161,44,1*63
$GPGSV,3,2,12,06,32,303,42,09,31,196,41,12,04,336,,13,03,336,,1*61
$GPGSV,3,3,12,17,50,236,47,19,45,287,45,28,14,042,38,31,18,070,40,1*6F
$GSGSV,3,1,10,01,33,195,,02,34,181,41,04,28,145,41,05,29,147,,1*67
$GSGSV,3,2,10,06,33,195,,07,05,106,,08,13,112,,17,34,167,43,1*67
$GSGSV,3,3,10,28,19,125,,39,17,237,,1*68
$GLGSV,2,1,08,68,45,039,44,69,80,203,47,70,26,216,41,76,08,341,,1*7F
$GLGSV,2,2,08,77,06,026,,83,36,139,44,84,85,330,46,85,36,321,44,1*7C
$GQGSV,1,1,00,1*65
$GAGSV,3,1,11,02,14,287,39,04,58,127,45,06,45,166,43,09,25,185,39,7*74
$GAGSV,3,2,11,10,58,105,46,11,84,037,43,12,33,110,37,19,32,049,37,7*70
$GAGSV,3,3,11,25,04,238,31,28,52,081,45,30,06,336,,7*4D
$GBGSV,3,1,09,05,09,111,,07,16,042,30,10,16,055,28,11,12,315,33,1*7D
$GBGSV,3,2,09,13,06,147,,26,01,023,,27,69,201,39,28,32,155,34,1*72
$GBGSV,3,3,09,30,38,305,36,1*44
$GIGSV,1,1,02,01,,,34,06,24,135,,1*4E
$GPGGA,134838.00,4825.1420494,N,00428.4545882,W,4,22,0.5,89.922,M,51.637,M,2.0,4095*68
$GPRMC,134838.00,A,4825.1420494,N,00428.4545882,W,0.0,0.0,100626,999.9,E,D*2D
$GPGSV,3,1,12,01,38,119,46,02,13,128,38,03,62,056,48,04,57,161,44,1*6C
$GPGSV,3,2,12,06,32,303,42,09,31,196,41,12,04,336,,13,03,336,,1*61
$GPGSV,3,3,12,17,50,236,46,19,45,287,45,28,14,042,38,31,18,070,40,1*6E
$GSGSV,3,1,10,01,33,195,,02,34,181,41,04,28,145,41,05,29,147,,1*67
$GSGSV,3,2,10,06,33,195,,07,05,106,,08,14,112,,17,34,167,42,1*61
$GSGSV,3,3,10,28,19,125,,39,17,237,,1*68
$GLGSV,2,1,08,68,45,039,45,69,80,203,47,70,26,216,41,76,08,341,,1*7E
$GLGSV,2,2,08,77,06,026,,83,36,139,44,84,85,330,47,85,36,321,45,1*7C
$GQGSV,1,1,00,1*65
$GAGSV,3,1,11,02,14,287,38,04,58,127,45,06,45,166,43,09,25,185,39,7*75
$GAGSV,3,2,11,10,58,105,46,11,84,037,43,12,33,110,37,19,32,049,36,7*71
$GAGSV,3,3,11,25,04,238,32,28,52,081,45,30,06,336,,7*4E
$GBGSV,3,1,09,05,09,111,,07,16,042,30,10,16,055,27,11,12,315,33,1*72
$GBGSV,3,2,09,13,06,147,,26,01,023,,27,69,201,40,28,32,155,35,1*7D
$GBGSV,3,3,09,30,38,305,36,1*44
$GIGSV,1,1,02,01,,,34,06,24,135,,1*4E
$GPGGA,134839.00,4825.1420489,N,00428.4545880,W,4,22,0.5,89.921,M,51.637,M,3.0,4095*65
$GPRMC,134839.00,A,4825.1420489,N,00428.4545880,W,0.0,0.0,100626,999.9,E,D*22
$GPGSV,3,1,12,01,38,119,46,02,13,128,37,03,62,056,47,04,57,161,44,1*6C
$GPGSV,3,2,12,06,32,303,41,09,31,196,41,12,04,336,,13,03,336,,1*62
$GPGSV,3,3,12,17,50,236,46,19,45,287,46,28,14,042,38,31,18,070,40,1*6D
$GSGSV,3,1,10,01,33,195,,02,34,181,41,04,28,145,41,05,29,147,,1*67
$GSGSV,3,2,10,06,33,195,,07,05,106,,08,14,112,,17,34,167,42,1*61
$GSGSV,3,3,10,28,19,125,,39,17,237,,1*68
$GLGSV,2,1,08,68,45,039,45,69,80,203,47,70,26,216,41,76,08,341,,1*7E
$GLGSV,2,2,08,77,06,026,,83,36,139,44,84,85,330,47,85,36,321,45,1*7C
$GQGSV,1,1,00,1*65
$GAGSV,3,1,11,02,14,287,38,04,58,127,45,06,45,166,43,09,25,185,39,7*75
$GAGSV,3,2,11,10,58,105,46,11,84,037,43,12,33,110,37,19,32,049,36,7*71
$GAGSV,3,3,11,25,04,238,31,28,52,081,45,30,06,336,,7*4D
$GBGSV,3,1,09,05,09,111,,07,16,042,29,10,16,055,28,11,12,315,32,1*74
$GBGSV,3,2,09,13,06,147,,26,01,023,,27,69,201,40,28,32,155,34,1*7C
$GBGSV,3,3,09,30,38,305,36,1*44
$GIGSV,1,1,02,01,,,34,06,24,135,,1*4E
$GPGGA,134840.00,4825.1420509,N,00428.4545881,W,4,22,0.5,89.922,M,51.637,M,1.0,4095*62
$GPRMC,134840.00,A,4825.1420509,N,00428.4545881,W,0.0,0.0,100626,999.9,E,D*24
$GPGSV,3,1,12,01,38,119,46,02,13,128,37,03,62,056,48,04,57,161,44,1*63
$GPGSV,3,2,12,06,32,303,42,09,31,196,41,12,04,336,,13,03,336,,1*61
$GPGSV,3,3,12,17,50,236,46,19,45,287,45,28,14,042,38,31,18,070,40,1*6E
$GSGSV,3,1,10,01,33,195,,02,34,181,41,04,28,145,41,05,29,147,,1*67
$GSGSV,3,2,10,06,33,195,,07,05,106,,08,14,112,,17,34,167,42,1*61
$GSGSV,3,3,10,28,19,125,,39,17,237,,1*68
$GLGSV,2,1,08,68,45,039,45,69,80,203,47,70,26,216,41,76,08,341,,1*7E
$GLGSV,2,2,08,77,06,026,,83,36,139,44,84,85,330,46,85,36,321,45,1*7D
$GQGSV,1,1,00,1*65
$GAGSV,3,1,11,02,14,287,38,04,58,127,45,06,45,166,43,09,25,185,39,7*75
$GAGSV,3,2,11,10,58,105,46,11,84,037,42,12,33,110,37,19,32,049,36,7*70
$GAGSV,3,3,11,25,04,238,31,28,52,081,44,30,06,336,,7*4C
$GBGSV,3,1,09,05,09,111,,07,16,042,30,10,16,055,28,11,12,315,32,1*7C
$GBGSV,3,2,09,13,06,147,,26,01,023,,27,69,201,40,28,32,155,34,1*7C
$GBGSV,3,3,09,30,38,305,36,1*44
$GIGSV,1,1,02,01,,,34,06,24,135,,1*4E
$GPGGA,134841.00,4825.1420512,N,00428.4545886,W,4,22,0.5,89.918,M,51.637,M,1.0,4095*67
$GPRMC,134841.00,A,4825.1420512,N,00428.4545886,W,0.0,0.0,100626,999.9,E,D*28
$GPGSV,3,1,12,01,38,119,46,02,13,128,37,03,62,056,48,04,57,161,44,1*63
$GPGSV,3,2,12,06,32,303,41,09,31,196,41,12,04,336,,13,03,336,,1*62
$GPGSV,3,3,12,17,50,236,46,19,45,287,44,28,14,042,37,31,18,070,41,1*61
$GSGSV,3,1,10,01,33,195,,02,34,181,40,04,28,145,41,05,29,147,,1*66
$GSGSV,3,2,10,06,33,195,,07,05,106,,08,14,112,,17,34,167,42,1*61
$GSGSV,3,3,10,28,19,125,,39,17,237,,1*68
$GLGSV,2,1,08,68,45,039,44,69,80,203,47,70,26,216,41,76,08,341,,1*7F
$GLGSV,2,2,08,77,06,026,,83,36,139,43,84,85,330,46,85,36,321,45,1*7A
$GQGSV,1,1,00,1*65
$GAGSV,3,1,11,02,14,287,38,04,58,127,45,06,45,166,43,09,25,185,39,7*75
$GAGSV,3,2,11,10,58,105,46,11,84,037,43,12,33,110,37,19,32,049,37,7*70
$GAGSV,3,3,11,25,04,238,31,28,52,081,44,30,06,336,,7*4C
$GBGSV,3,1,09,05,09,111,,07,16,042,30,10,16,055,28,11,12,315,33,1*7D
$GBGSV,3,2,09,13,06,147,,26,01,023,,27,69,201,39,28,32,155,34,1*72
$GBGSV,3,3,09,30,38,305,36,1*44
$GIGSV,1,1,02,01,,,34,06,24,135,,1*4E
$GPGGA,134842.00,4825.1420506,N,00428.4545889,W,4,22,0.5,89.921,M,51.637,M,2.0,4095*67
$GPRMC,134842.00,A,4825.1420506,N,00428.4545889,W,0.0,0.0,100626,999.9,E,D*21
$GPGSV,3,1,12,01,38,119,45,02,13,128,38,03,62,056,48,04,57,161,44,1*6F
$GPGSV,3,2,12,06,32,303,41,09,31,196,41,12,04,336,,13,03,336,,1*62
$GPGSV,3,3,12,17,50,236,46,19,45,287,45,28,14,042,37,31,18,070,40,1*61
$GSGSV,3,1,10,01,33,195,,02,34,181,41,04,28,145,42,05,29,147,,1*64
$GSGSV,3,2,10,06,33,195,,07,05,106,,08,14,112,,17,34,167,42,1*61
$GSGSV,3,3,10,28,19,125,,39,17,237,,1*68
$GLGSV,2,1,08,68,45,039,45,69,80,203,47,70,26,216,41,76,08,341,,1*7E
$GLGSV,2,2,08,77,06,026,,83,36,139,43,84,85,330,46,85,36,321,44,1*7B
$GQGSV,1,1,00,1*65
$GAGSV,3,1,11,02,14,287,38,04,58,126,46,06,45,166,43,09,25,185,39,7*77
$GAGSV,3,2,11,10,58,105,46,11,84,037,42,12,33,110,37,19,32,049,37,7*71
$GAGSV,3,3,11,25,04,238,32,28,52,081,45,30,06,336,,7*4E
$GBGSV,3,1,09,05,09,111,,07,16,042,30,10,16,055,28,11,12,315,33,1*7D
$GBGSV,3,2,09,13,06,147,,26,01,023,,27,69,201,40,28,32,155,34,1*7C
$GBGSV,3,3,09,30,38,305,36,1*44
$GIGSV,1,1,02,01,,,34,06,24,135,,1*4E
$GPGGA,134843.00,4825.1420505,N,00428.4545885,W,4,22,0.5,89.925,M,51.637,M,2.0,4095*6D
$GPRMC,134843.00,A,4825.1420505,N,00428.4545885,W,0.0,0.0,100626,999.9,E,D*2F
$GPGSV,3,1,12,01,38,119,45,02,13,128,38,03,62,056,48,04,58,161,44,1*60
$GPGSV,3,2,12,06,32,303,41,09,31,196,41,12,04,336,,13,03,336,,1*62
$GPGSV,3,3,12,17,50,236,46,19,45,287,45,28,14,042,37,31,18,070,40,1*61
$GSGSV,3,1,10,01,33,195,,02,34,181,41,04,28,145,42,05,29,147,,1*64
$GSGSV,3,2,10,06,33,195,,07,05,106,,08,14,112,,17,34,167,43,1*60
$GSGSV,3,3,10,28,19,125,,39,17,237,,1*68
$GLGSV,2,1,08,68,45,039,44,69,80,203,47,70,26,216,40,76,08,341,,1*7E
$GLGSV,2,2,08,77,06,026,,83,36,139,43,84,85,330,46,85,36,321,45,1*7A
$GQGSV,1,1,00,1*65
$GAGSV,3,1,11,02,14,287,38,04,58,126,46,06,45,166,43,09,25,185,39,7*77
$GAGSV,3,2,11,10,58,105,46,11,84,037,43,12,33,110,37,19,32,049,37,7*70
$GAGSV,3,3,11,25,04,238,32,28,52,081,45,30,06,336,,7*4E
$GBGSV,3,1,09,05,09,111,,07,16,042,30,10,16,055,28,11,12,315,33,1*7D
$GBGSV,3,2,09,13,06,147,,26,01,023,,27,69,201,40,28,32,155,35,1*7D
$GBGSV,3,3,09,30,38,305,36,1*44
$GIGSV,1,1,02,01,,,33,06,24,135,,1*49
$GPGGA,134844.00,4825.1420510,N,00428.4545890,W,4,22,0.5,89.918,M,51.637,M,1.0,4095*67
$GPRMC,134844.00,A,4825.1420510,N,00428.4545890,W,0.0,0.0,100626,999.9,E,D*28
$GPGSV,3,1,12,01,38,119,45,02,13,128,38,03,62,056,48,04,58,161,44,1*60
$GPGSV,3,2,12,06,32,303,41,09,31,196,41,12,04,336,,13,03,336,,1*62
$GPGSV,3,3,12,17,50,236,46,19,45,287,45,28,14,041,37,31,18,070,40,1*62
$GSGSV,3,1,10,01,33,195,,02,34,181,41,04,28,145,42,05,29,147,,1*64
$GSGSV,3,2,10,06,33,195,,07,05,106,,08,14,112,,17,34,167,42,1*61
$GSGSV,3,3,10,28,19,125,,39,17,237,,1*68
$GLGSV,2,1,08,68,45,039,44,69,80,203,47,70,26,216,40,76,08,341,,1*7E
$GLGSV,2,2,08,77,06,026,,83,36,139,44,84,85,330,46,85,36,321,44,1*7C
$GQGSV,1,1,00,1*65
$GAGSV,3,1,11,02,14,287,38,04,58,126,45,06,45,166,43,09,25,185,39,7*74
$GAGSV,3,2,11,10,58,105,46,11,84,037,43,12,33,110,37,19,32,049,36,7*71
$GAGSV,3,3,11,25,04,238,32,28,52,081,45,30,06,336,,7*4E
$GBGSV,3,1,09,05,09,111,,07,16,042,30,10,16,055,28,11,12,315,33,1*7D
$GBGSV,3,2,09,13,06,147,,26,01,023,,27,69,201,39,28,32,155,34,1*72
$GBGSV,3,3,09,30,38,305,36,1*44
$GIGSV,1,1,02,01,,,34,06,24,135,,1*4E
$GPGGA,134845.00,4825.1420525,N,00428.4545883,W,4,22,0.5,89.918,M,51.637,M,2.0,4095*61
$GPRMC,134845.00,A,4825.1420525,N,00428.4545883,W,0.0,0.0,100626,999.9,E,D*2D
$GPGSV,3,1,12,01,38,119,45,02,13,128,38,03,62,056,48,04,58,161,44,1*60
$GPGSV,3,2,12,06,32,303,42,09,31,196,41,12,04,336,,13,03,336,,1*61
$GPGSV,3,3,12,17,50,236,46,19,45,287,45,28,14,041,36,31,18,070,40,1*63
$GSGSV,3,1,10,01,33,195,,02,34,181,40,04,28,145,42,05,29,147,,1*65
$GSGSV,3,2,10,06,33,195,,07,05,106,,08,14,112,,17,34,167,42,1*61
$GSGSV,3,3,10,28,19,125,,39,17,237,,1*68
$GLGSV,2,1,08,68,45,039,44,69,80,203,47,70,26,216,40,76,08,341,,1*7E
$GLGSV,2,2,08,77,06,026,,83,36,139,44,84,85,330,46,85,36,321,44,1*7C
$GQGSV,1,1,00,1*65
$GAGSV,3,1,11,02,14,287,38,04,58,126,46,06,45,166,43,09,25,185,39,7*77
$GAGSV,3,2,11,10,58,105,46,11,84,037,43,12,33,110,37,19,32,049,36,7*71
$GAGSV,3,3,11,25,04,238,32,28,52,081,45,30,06,336,,7*4E
$GBGSV,3,1,09,05,09,111,,07,16,042,30,10,16,055,29,11,12,315,34,1*7B
$GBGSV,3,2,09,13,06,147,,26,01,023,,27,69,201,39,28,32,155,34,1*72
$GBGSV,3,3,09,30,38,305,36,1*44
$GIGSV,1,1,02,01,,,34,06,24,135,,1*4E
$GPGGA,134846.00,4825.1420522,N,00428.4545893,W,4,22,0.5,89.924,M,51.637,M,3.0,4095*6A
$GPRMC,134846.00,A,4825.1420522,N,00428.4545893,W,0.0,0.0,100626,999.9,E,D*28
$GPGSV,3,1,12,01,38,119,46,02,13,128,38,03,62,056,48,04,58,161,44,1*63
$GPGSV,3,2,12,06,32,303,41,09,31,196,41,12,04,336,,13,03,336,,1*62
$GPGSV,3,3,12,17,50,236,46,19,45,287,46,28,14,041,36,31,18,070,40,1*60
$GSGSV,3,1,10,01,33,195,,02,34,181,40,04,28,145,42,05,29,147,,1*65
$GSGSV,3,2,10,06,33,195,,07,05,106,,08,14,112,,17,34,167,42,1*61
$GSGSV,3,3,10,28,19,125,,39,17,237,,1*68
$GLGSV,2,1,08,68,45,039,44,69,80,203,47,70,26,216,40,76,08,341,,1*7E
$GLGSV,2,2,08,77,06,026,,83,36,139,44,84,85,330,47,85,36,321,45,1*7C
$GQGSV,1,1,00,1*65
$GAGSV,3,1,11,02,14,287,38,04,58,126,45,06,45,166,43,09,25,185,39,7*74
$GAGSV,3,2,11,10,58,105,46,11,84,038,43,12,33,110,37,19,32,049,36,7*7E
$GAGSV,3,3,11,25,04,238,32,28,52,081,45,30,06,336,,7*4E
$GBGSV,3,1,09,05,09,111,,07,16,042,30,10,16,055,27,11,12,315,33,1*72
$GBGSV,3,2,09,13,06,147,,26,01,023,,27,69,201,39,28,32,155,34,1*72
$GBGSV,3,3,09,30,38,305,36,1*44
$GIGSV,1,1,02,01,,,34,06,24,135,,1*4E
$GPGGA,134847.00,4825.1420505,N,00428.4545891,W,4,23,0.5,89.926,M,51.637,M,1.0,4095*6D
$GPRMC,134847.00,A,4825.1420505,N,00428.4545891,W,0.0,0.0,100626,999.9,E,D*2E
$GPGSV,3,1,12,01,38,119,46,02,13,128,38,03,62,056,48,04,58,161,44,1*63
$GPGSV,3,2,12,06,32,303,41,09,31,196,41,12,04,336,,13,03,336,,1*62
$GPGSV,3,3,12,17,50,236,46,19,45,287,46,28,14,041,36,31,18,070,41,1*61
$GSGSV,3,1,10,01,33,195,,02,34,181,41,04,28,145,41,05,29,147,,1*67
$GSGSV,3,2,10,06,33,195,,07,05,106,,08,14,112,,17,34,167,42,1*61
$GSGSV,3,3,10,28,19,125,,39,17,237,,1*68
$GLGSV,2,1,08,68,45,039,44,69,80,204,47,70,26,216,40,76,08,341,,1*79
$GLGSV,2,2,08,77,06,026,,83,36,139,44,84,85,330,47,85,36,321,45,1*7C
$GQGSV,1,1,00,1*65
$GAGSV,3,1,11,02,14,287,38,04,58,126,45,06,45,166,43,09,25,185,39,7*74
$GAGSV,3,2,11,10,58,105,45,11,84,038,43,12,33,110,37,19,32,049,36,7*7D
$GAGSV,3,3,11,25,04,238,32,28,52,081,44,30,06,336,,7*4F
$GBGSV,3,1,09,05,09,111,,07,16,042,30,10,16,055,28,11,12,315,32,1*7C
$GBGSV,3,2,09,13,06,147,,26,01,023,,27,69,201,39,28,32,155,33,1*75
$GBGSV,3,3,09,30,38,305,36,1*44
$GIGSV,1,1,02,01,,,34,06,24,135,,1*4E
$GPGGA,134848.00,4825.1420508,N,00428.4545885,W,4,22,0.5,89.923,M,51.637,M,1.0,4095*6E
$GPRMC,134848.00,A,4825.1420508,N,00428.4545885,W,0.0,0.0,100626,999.9,E,D*29
$GPGSV,3,1,12,01,38,119,46,02,13,128,39,03,62,056,47,04,58,161,45,1*6C
$GPGSV,3,2,12,06,32,303,42,09,31,196,41,12,04,336,,13,03,336,,1*61
$GPGSV,3,3,12,17,50,236,46,19,45,287,46,28,14,041,36,31,18,070,40,1*60
$GSGSV,3,1,10,01,33,195,,02,34,181,41,04,28,145,42,05,29,147,,1*64
$GSGSV,3,2,10,06,33,195,,07,05,106,,08,14,112,,17,34,167,42,1*61
$GSGSV,3,3,10,28,19,125,,39,17,237,,1*68
$GLGSV,2,1,08,68,45,039,44,69,80,204,47,70,26,216,40,76,08,341,,1*79
$GLGSV,2,2,08,77,06,026,,83,36,139,44,84,85,330,46,85,36,321,45,1*7D
$GQGSV,1,1,00,1*65
$GAGSV,3,1,11,02,14,287,38,04,58,126,45,06,45,166,43,09,25,185,38,7*75
$GAGSV,3,2,11,10,58,105,45,11,84,038,43,12,33,110,37,19,32,049,37,7*7C
$GAGSV,3,3,11,25,04,238,32,28,52,081,44,30,06,336,,7*4F
$GBGSV,3,1,09,05,09,111,,07,16,042,29,10,16,055,27,11,12,315,32,1*7B
$GBGSV,3,2,09,13,06,147,,26,01,023,,27,69,201,39,28,32,155,34,1*72
$GBGSV,3,3,09,30,38,305,36,1*44
$GIGSV,1,1,02,01,,,34,06,24,135,,1*4E
$GPGGA,134849.00,4825.1420525,N,00428.4545883,W,4,22,0.5,89.917,M,51.637,M,2.0,4095*62
$GPRMC,134849.00,A,4825.1420525,N,00428.4545883,W,0.0,0.0,100626,999.9,E,D*21
$GPGSV,3,1,12,01,38,119,46,02,13,128,38,03,62,056,47,04,58,161,45,1*6D
$GPGSV,3,2,12,06,32,303,42,09,31,196,41,12,04,336,,13,03,336,,1*61
$GPGSV,3,3,12,17,50,236,46,19,45,287,46,28,14,041,36,31,18,070,40,1*60
$GSGSV,3,1,10,01,33,195,,02,34,181,41,04,28,145,42,05,29,147,,1*64
$GSGSV,3,2,10,06,33,195,,07,05,106,,08,14,112,,17,34,167,42,1*61
$GSGSV,3,3,10,28,19,125,,39,17,237,,1*68
$GLGSV,2,1,08,68,45,039,44,69,80,204,47,70,27,216,40,76,08,341,,1*78
$GLGSV,2,2,08,77,06,026,,83,36,139,44,84,85,330,46,85,36,321,45,1*7D
$GQGSV,1,1,00,1*65
$GAGSV,3,1,11,02,14,287,38,04,58,126,45,06,45,166,43,09,25,185,38,7*75
$GAGSV,3,2,11,10,58,105,46,11,84,038,44,12,33,111,37,19,32,049,36,7*78
$GAGSV,3,3,11,25,04,238,32,28,52,081,44,30,06,336,,7*4F
$GBGSV,3,1,09,05,09,111,,07,16,042,30,10,16,055,28,11,12,315,32,1*7C
$GBGSV,3,2,09,13,06,147,,26,01,023,,27,69,201,40,28,32,155,34,1*7C
$GBGSV,3,3,09,30,38,305,36,1*44
$GIGSV,1,1,02,01,,,35,06,24,135,,1*4F
$GPGGA,134850.00,4825.1420525,N,00428.4545884,W,4,22,0.5,89.921,M,51.637,M,3.0,4095*69
$GPRMC,134850.00,A,4825.1420525,N,00428.4545884,W,0.0,0.0,100626,999.9,E,D*2E
$GPGSV,3,1,12,01,38,119,45,02,13,128,39,03,62,056,48,04,58,161,45,1*60
$GPGSV,3,2,12,06,32,303,41,09,31,196,41,12,04,336,,13,03,336,,1*62
$GPGSV,3,3,12,17,50,236,46,19,45,287,46,28,14,041,37,31,18,070,40,1*61
$GSGSV,3,1,10,01,33,195,,02,34,181,41,04,28,145,42,05,29,147,,1*64
$GSGSV,3,2,10,06,33,195,,07,05,106,,08,14,112,,17,34,167,42,1*61
$GSGSV,3,3,10,28,19,125,,39,17,237,,1*68
$GLGSV,2,1,08,68,45,039,45,69,80,204,47,70,27,216,40,76,08,341,,1*79
$GLGSV,2,2,08,77,06,026,,83,36,139,43,84,85,330,46,85,36,321,45,1*7A
$GQGSV,1,1,00,1*65
$GAGSV,3,1,11,02,14,287,38,04,58,126,45,06,45,166,44,09,25,185,38,7*72
$GAGSV,3,2,11,10,58,105,46,11,84,038,43,12,33,111,37,19,32,049,36,7*7F
$GAGSV,3,3,11,25,04,238,33,28,52,081,45,30,06,336,,7*4F
$GBGSV,3,1,09,05,09,111,,07,16,042,30,10,16,055,28,11,12,315,33,1*7D
$GBGSV,3,2,09,13,06,147,,26,01,023,,27,69,201,40,28,32,155,34,1*7C
$GBGSV,3,3,09,30,38,305,36,1*44
$GIGSV,1,1,02,01,,,35,06,24,135,,1*4F
$GPGGA,134851.00,4825.1420516,N,00428.4545892,W,4,22,0.5,89.923,M,51.637,M,1.0,4095*6F
$GPRMC,134851.00,A,4825.1420516,N,00428.4545892,W,0.0,0.0,100626,999.9,E,D*28
$GPGSV,3,1,12,01,38,119,45,02,13,128,39,03,62,056,48,04,58,161,45,1*60
$GPGSV,3,2,12,06,32,303,41,09,31,196,41,12,04,336,,13,03,336,,1*62
$GPGSV,3,3,12,17,50,236,46,19,45,287,46,28,14,041,37,31,18,070,40,1*61
$GSGSV,3,1,10,01,33,195,,02,34,181,41,04,28,145,41,05,29,147,,1*67
$GSGSV,3,2,10,06,33,195,,07,05,106,,08,14,112,,17,34,167,42,1*61
$GSGSV,3,3,10,28,19,125,,39,17,237,,1*68
$GLGSV,2,1,08,68,45,039,45,69,80,204,46,70,27,216,40,76,08,341,,1*78
$GLGSV,2,2,08,77,06,026,,83,36,139,44,84,85,330,46,85,36,321,46,1*7E
$GQGSV,1,1,00,1*65
$GAGSV,3,1,11,02,14,287,39,04,58,126,45,06,45,166,44,09,25,185,38,7*73
$GAGSV,3,2,11,10,58,105,46,11,84,038,42,12,33,111,37,19,32,049,36,7*7E
$GAGSV,3,3,11,25,04,238,32,28,52,081,45,30,06,336,,7*4E
$GBGSV,3,1,09,05,09,111,,07,16,042,30,10,16,055,29,11,12,315,32,1*7D
$GBGSV,3,2,09,13,06,147,,26,01,023,,27,69,201,40,28,32,155,34,1*7C
$GBGSV,3,3,09,30,38,305,36,1*44
$GIGSV,1,1,02,01,,,34,06,24,135,,1*4E
$GPGGA,134852.00,4825.1420507,N,00428.4545894,W,4,22,0.5,89.921,M,51.637,M,1.0,4095*68
$GPRMC,134852.00,A,4825.1420507,N,00428.4545894,W,0.0,0.0,100626,999.9,E,D*2D
$GPGSV,3,1,12,01,38,120,45,02,13,128,38,03,62,056,48,04,58,161,45,1*6B
$GPGSV,3,2,12,06,32,303,41,09,31,196,41,12,04,336,,13,03,336,,1*62
$GPGSV,3,3,12,17,50,236,46,19,45,287,46,28,14,041,37,31,18,070,40,1*61
$GSGSV,3,1,10,01,33,195,,02,34,181,41,04,28,145,42,05,29,147,,1*64
$GSGSV,3,2,10,06,33,195,,07,05,106,,08,14,112,,17,34,167,42,1*61
$GSGSV,3,3,10,28,19,125,,39,17,237,,1*68
$GLGSV,2,1,08,68,45,039,45,69,80,204,46,70,27,216,40,76,08,341,,1*78
$GLGSV,2,2,08,77,06,026,,83,36,139,43,84,85,330,46,85,36,321,45,1*7A
$GQGSV,1,1,00,1*65
$GAGSV,3,1,11,02,14,287,38,04,58,126,45,06,45,166,44,09,25,185,38,7*72
$GAGSV,3,2,11,10,58,105,46,11,84,038,42,12,33,111,37,19,32,049,36,7*7E
$GAGSV,3,3,11,25,04,238,33,28,52,081,45,30,06,336,,7*4F
$GBGSV,3,1,09,05,09,111,,07,16,042,30,10,16,055,29,11,12,315,33,1*7C
$GBGSV,3,2,09,13,06,147,,26,01,023,,27,69,201,40,28,32,155,34,1*7C
$GBGSV,3,3,09,30,38,305,36,1*44
$GIGSV,1,1,02,01,,,34,06,24,135,,1*4E
$GPGGA,134853.00,4825.1420507,N,00428.4545887,W,4,22,0.5,89.918,M,51.637,M,2.0,4095*62
$GPRMC,134853.00,A,4825.1420507,N,00428.4545887,W,0.0,0.0,100626,999.9,E,D*2E
$GPGSV,3,1,12,01,38,120,45,02,13,128,38,03,62,056,48,04,58,161,45,1*6B
$GPGSV,3,2,12,06,32,303,41,09,31,196,41,12,04,336,,13,03,336,,1*62
$GPGSV,3,3,12,17,50,236,46,19,45,287,46,28,14,041,37,31,18,070,41,1*60
$GSGSV,3,1,10,01,33,195,,02,34,181,41,04,28,145,41,05,29,147,,1*67
$GSGSV,3,2,10,06,33,195,,07,05,106,,08,14,112,,17,34,167,42,1*61
$GSGSV,3,3,10,28,19,125,,39,17,237,,1*68
$GLGSV,2,1,08,68,45,039,45,69,80,204,47,70,27,216,40,76,08,341,,1*79
$GLGSV,2,2,08,77,06,026,,83,36,139,43,84,85,330,46,85,36,321,45,1*7A
$GQGSV,1,1,00,1*65
$GAGSV,3,1,11,02,14,287,38,04,58,126,45,06,45,166,43,09,25,185,38,7*75
$GAGSV,3,2,11,10,58,105,46,11,84,038,43,12,33,111,37,19,32,049,36,7*7F
$GAGSV,3,3,11,25,04,238,32,28,52,081,45,30,06,336,,7*4E
$GBGSV,3,1,09,05,09,111,,07,16,042,30,10,16,055,29,11,12,315,32,1*7D
$GBGSV,3,2,09,13,06,147,,26,01,023,,27,69,201,39,28,32,155,33,1*75
$GBGSV,3,3,09,30,38,305,36,1*44
$GIGSV,1,1,02,01,,,34,06,24,135,,1*4E
$GPGGA,134854.00,4825.1420524,N,00428.4545868,W,4,22,0.5,89.919,M,51.637,M,1.0,4095*67
$GPRMC,134854.00,A,4825.1420524,N,00428.4545868,W,0.0,0.0,100626,999.9,E,D*29
$GPGSV,3,1,12,01,38,120,46,02,13,128,38,03,62,056,48,04,58,161,45,1*68
$GPGSV,3,2,12,06,32,303,41,09,31,196,42,12,04,336,,13,03,336,,1*61
$GPGSV,3,3,12,17,50,236,46,19,45,287,46,28,14,041,37,31,18,070,40,1*61
$GSGSV,3,1,10,01,33,195,,02,34,181,41,04,28,145,41,05,29,147,,1*67
$GSGSV,3,2,10,06,33,195,,07,05,106,,08,14,112,,17,34,167,42,1*61
$GSGSV,3,3,10,28,19,125,,39,17,237,,1*68
$GLGSV,2,1,08,68,45,039,45,69,80,204,47,70,27,216,40,76,08,341,,1*79
$GLGSV,2,2,08,77,06,026,,83,36,139,43,84,85,330,46,85,36,321,45,1*7A
$GQGSV,1,1,00,1*65
$GAGSV,3,1,11,02,14,287,38,04,58,126,46,06,45,166,43,09,25,185,38,7*76
$GAGSV,3,2,11,10,58,105,46,11,84,038,43,12,33,111,37,19,32,049,36,7*7F
$GAGSV,3,3,11,25,04,238,32,28,52,081,44,30,06,336,,7*4F
$GBGSV,3,1,09,05,09,111,,07,16,042,30,10,16,055,28,11,12,315,32,1*7C
$GBGSV,3,2,09,13,06,147,,26,01,023,,27,69,201,39,28,32,155,34,1*72
$GBGSV,3,3,09,30,38,305,36,1*44
$GIGSV,1,1,02,01,,,35,06,24,135,,1*4F
$GPGGA,134855.00,4825.1420514,N,00428.4545884,W,4,23,0.5,89.923,M,51.637,M,1.0,4095*6F
$GPRMC,134855.00,A,4825.1420514,N,00428.4545884,W,0.0,0.0,100626,999.9,E,D*29
$GPGSV,3,1,12,01,38,120,46,02,13,128,38,03,62,056,48,04,58,161,45,1*68
$GPGSV,3,2,12,06,32,303,41,09,31,196,41,12,04,336,,13,03,336,,1*62
$GPGSV,3,3,12,17,50,236,46,19,45,287,45,28,14,041,37,31,18,070,40,1*62
$GSGSV,3,1,10,01,33,195,,02,34,181,41,04,28,145,41,05,29,147,,1*67
$GSGSV,3,2,10,06,33,195,,07,05,106,,08,14,112,,17,34,167,42,1*61
$GSGSV,3,3,10,28,19,125,,39,17,237,,1*68
$GLGSV,2,1,08,68,45,039,45,69,80,204,46,70,27,216,40,76,08,341,,1*78
$GLGSV,2,2,08,77,06,026,,83,36,139,43,84,85,330,46,85,36,321,45,1*7A
$GQGSV,1,1,00,1*65
$GAGSV,3,1,11,02,14,287,38,04,58,126,46,06,45,166,43,09,25,185,38,7*76
$GAGSV,3,2,11,10,58,105,46,11,84,038,43,12,33,111,37,19,32,049,36,7*7F
$GAGSV,3,3,11,25,04,238,33,28,52,081,44,30,06,336,,7*4E
$GBGSV,3,1,09,05,09,111,,07,16,042,29,10,16,055,28,11,12,315,32,1*74
$GBGSV,3,2,09,13,06,147,,26,01,023,,27,69,201,40,28,32,155,34,1*7C
$GBGSV,3,3,09,30,38,305,36,1*44
$GIGSV,1,1,02,01,,,35,06,24,135,,1*4F
$GPGGA,134856.00,4825.1420510,N,00428.4545885,W,4,23,0.5,89.923,M,51.637,M,2.0,4095*6A
$GPRMC,134856.00,A,4825.1420510,N,00428.4545885,W,0.0,0.0,100626,999.9,E,D*2F
$GPGSV,3,1,12,01,38,120,45,02,13,128,38,03,62,056,47,04,58,161,45,1*64
$GPGSV,3,2,12,06,32,303,42,09,31,196,41,12,04,336,,13,03,336,,1*61
$GPGSV,3,3,12,17,50,236,46,19,45,287,45,28,14,041,37,31,18,070,40,1*62
$GSGSV,3,1,10,01,33,195,,02,34,181,41,04,28,145,41,05,29,147,,1*67
$GSGSV,3,2,10,06,33,195,,07,05,106,,08,14,112,,17,34,167,42,1*61
$GSGSV,3,3,10,28,19,125,,39,17,237,,1*68
$GLGSV,2,1,08,68,45,039,45,69,80,204,47,70,27,216,40,76,08,341,,1*79
$GLGSV,2,2,08,77,06,026,,83,36,139,43,84,85,330,46,85,36,321,45,1*7A
$GQGSV,1,1,00,1*65
$GAGSV,3,1,11,02,14,287,38,04,58,126,45,06,45,166,43,09,25,185,38,7*75
$GAGSV,3,2,11,10,58,105,46,11,84,038,43,12,33,111,37,19,31,049,36,7*7C
$GAGSV,3,3,11,25,04,238,33,28,52,081,45,30,06,336,,7*4F
$GBGSV,3,1,09,05,09,111,,07,16,042,30,10,16,055,29,11,12,315,32,1*7D
$GBGSV,3,2,09,13,06,147,,26,01,023,,27,69,201,39,28,32,155,34,1*72
$GBGSV,3,3,09,30,38,305,36,1*44
$GIGSV,1,1,02,01,,,35,06,24,135,,1*4F
$GPGGA,134857.00,4825.1420510,N,00428.4545885,W,4,23,0.5,89.926,M,51.637,M,3.0,4095*6F
$GPRMC,134857.00,A,4825.1420510,N,00428.4545885,W,0.0,0.0,100626,999.9,E,D*2E
$GPGSV,3,1,12,01,38,120,45,02,13,128,38,03,62,056,48,04,58,161,45,1*6B
$GPGSV,3,2,12,06,32,303,41,09,31,196,41,12,04,336,,13,03,336,,1*62
$GPGSV,3,3,12,17,50,236,46,19,45,287,45,28,14,041,37,31,18,070,40,1*62
$GSGSV,3,1,10,01,33,195,,02,34,181,41,04,28,145,41,05,29,147,,1*67
$GSGSV,3,2,10,06,33,195,,07,05,106,,08,14,112,,17,34,167,42,1*61
$GSGSV,3,3,10,28,19,125,,39,17,237,,1*68
$GLGSV,2,1,08,68,45,039,45,69,80,204,47,70,27,216,41,76,08,341,,1*78
$GLGSV,2,2,08,77,06,026,,83,36,139,43,84,85,330,46,85,36,321,45,1*7A
$GQGSV,1,1,00,1*65
$GAGSV,3,1,11,02,14,287,38,04,58,126,45,06,45,166,43,09,25,185,38,7*75
$GAGSV,3,2,11,10,58,105,46,11,84,038,43,12,33,111,37,19,31,049,36,7*7C
$GAGSV,3,3,11,25,04,238,33,28,52,081,45,30,06,336,,7*4F
$GBGSV,3,1,09,05,09,111,,07,16,042,29,10,16,055,29,11,12,315,33,1*74
$GBGSV,3,2,09,13,06,147,,26,01,023,,27,69,201,39,28,32,155,34,1*72
$GBGSV,3,3,09,30,38,305,36,1*44
$GIGSV,1,1,02,01,,,35,06,24,135,,1*4F
$GPGGA,134858.00,4825.1420510,N,00428.4545862,W,4,23,0.5,89.923,M,51.637,M,1.0,4095*6E
$GPRMC,134858.00,A,4825.1420510,N,00428.4545862,W,0.0,0.0,100626,999.9,E,D*28
$GPGSV,3,1,12,01,38,120,45,02,13,128,38,03,62,056,48,04,58,161,45,1*6B
$GPGSV,3,2,12,06,32,303,41,09,31,196,41,12,04,336,,13,03,336,,1*62
$GPGSV,3,3,12,17,50,236,45,19,45,287,45,28,14,041,37,31,18,070,40,1*61
$GSGSV,3,1,10,01,33,195,,02,34,181,41,04,28,145,42,05,29,147,,1*64
$GSGSV,3,2,10,06,33,195,,07,05,106,,08,14,112,,17,34,167,42,1*61
$GSGSV,3,3,10,28,19,125,,39,17,237,,1*68
$GLGSV,2,1,08,68,45,039,45,69,80,204,47,70,27,216,41,76,08,341,,1*78
$GLGSV,2,2,08,77,06,026,,83,36,139,43,84,85,330,46,85,36,321,45,1*7A
$GQGSV,1,1,00,1*65
$GAGSV,3,1,11,02,14,287,37,04,58,126,46,06,45,166,43,09,25,185,38,7*79
$GAGSV,3,2,11,10,58,105,45,11,84,038,43,12,33,111,37,19,31,049,36,7*7F
$GAGSV,3,3,11,25,04,238,33,28,52,081,45,30,06,336,,7*4F
$GBGSV,3,1,09,05,09,111,,07,16,042,30,10,16,055,28,11,12,315,33,1*7D
$GBGSV,3,2,09,13,06,147,,26,01,023,,27,69,201,39,28,32,155,34,1*72
$GBGSV,3,3,09,30,38,305,36,1*44
$GIGSV,1,1,02,01,,,35,06,24,135,,1*4F
$GPGGA,134859.00,4825.1420509,N,00428.4545883,W,4,23,0.5,89.917,M,51.637,M,1.0,4095*6F
$GPRMC,134859.00,A,4825.1420509,N,00428.4545883,W,0.0,0.0,100626,999.9,E,D*2E
$GPGSV,3,1,12,01,38,120,46,02,13,128,37,03,62,056,47,04,58,161,45,1*68
$GPGSV,3,2,12,06,32,303,41,09,31,196,41,12,04,336,,13,03,336,,1*62
$GPGSV,3,3,12,17,50,236,46,19,45,287,45,28,14,041,37,31,18,070,41,1*63
$GSGSV,3,1,10,01,33,195,,02,34,181,41,04,28,145,41,05,29,147,,1*67
$GSGSV,3,2,10,06,33,195,,07,05,106,,08,14,112,,17,34,167,42,1*61
$GSGSV,3,3,10,28,19,125,,39,17,237,,1*68
$GLGSV,2,1,08,68,45,039,45,69,80,204,47,70,27,216,41,76,08,341,,1*78
$GLGSV,2,2,08,77,06,026,,83,36,139,43,84,85,330,46,85,36,321,45,1*7A
$GQGSV,1,1,00,1*65
$GAGSV,3,1,11,02,14,287,38,04,58,126,46,06,45,166,43,09,25,185,38,7*76
$GAGSV,3,2,11,10,58,105,45,11,84,038,43,12,33,111,37,19,31,049,37,7*7E
$GAGSV,3,3,11,25,04,238,34,28,52,081,45,30,06,336,,7*48
$GBGSV,3,1,09,05,09,111,,07,16,042,29,10,16,055,28,11,12,315,33,1*75
$GBGSV,3,2,09,13,06,147,,26,01,023,,27,69,201,39,28,32,155,34,1*72
$GBGSV,3,3,09,30,38,305,36,1*44
$GIGSV,1,1,02,01,,,35,06,24,135,,1*4F
$GPGGA,134900.00,4825.1420502,N,00428.4545878,W,4,23,0.5,89.918,M,51.637,M,2.0,4095*61
$GPRMC,134900.00,A,4825.1420502,N,00428.4545878,W,0.0,0.0,100626,999.9,E,D*2C
$GPGSV,3,1,12,01,38,120,45,02,13,128,38,03,62,056,47,04,58,161,46,1*67
$GPGSV,3,2,12,06,32,303,41,09,31,196,41,12,04,336,,13,03,336,,1*62
$GPGSV,3,3,12,17,50,236,46,19,45,287,45,28,14,041,38,31,18,070,41,1*6C
$GSGSV,3,1,10,01,33,195,,02,34,181,41,04,28,145,42,05,29,147,,1*64
$GSGSV,3,2,10,06,33,195,,07,05,106,,08,14,112,,17,34,167,42,1*61
$GSGSV,3,3,10,28,19,125,,39,17,237,,1*68
$GLGSV,2,1,08,68,45,039,45,69,80,204,47,70,27,216,40,76,08,341,,1*79
$GLGSV,2,2,08,77,06,026,,83,36,139,43,84,86,330,46,85,36,321,44,1*78
$GQGSV,1,1,00,1*65
$GAGSV,3,1,11,02,14,287,38,04,58,126,46,06,45,166,43,09,25,185,38,7*76
$GAGSV,3,2,11,10,58,105,45,11,84,038,43,12,33,111,37,19,31,049,36,7*7F
$GAGSV,3,3,11,25,04,238,33,28,52,081,45,30,06,336,,7*4F
$GBGSV,3,1,09,05,09,111,,07,16,042,30,10,16,055,29,11,12,315,33,1*7C
$GBGSV,3,2,09,13,06,147,,26,01,023,,27,69,201,40,28,32,155,34,1*7C
$GBGSV,3,3,09,30,38,305,36,1*44
$GIGSV,1,1,02,01,,,35,06,24,135,,1*4F
$GPGGA,134901.00,4825.1420502,N,00428.4545880,W,4,23,0.5,89.918,M,51.637,M,1.0,4095*64
$GPRMC,134901.00,A,4825.1420502,N,00428.4545880,W,0.0,0.0,100626,999.9,E,D*2A
$GPGSV,3,1,12,01,38,120,44,02,13,128,38,03,62,056,47,04,58,161,45,1*65
$GPGSV,3,2,12,06,32,303,41,09,31,196,40,12,04,336,,13,03,336,,1*63
$GPGSV,3,3,12,17,50,236,46,19,45,287,45,28,14,041,37,31,18,070,41,1*63
$GSGSV,3,1,10,01,33,195,,02,34,181,41,04,28,145,41,05,29,147,,1*67
$GSGSV,3,2,10,06,33,195,,07,05,106,,08,14,112,,17,34,167,42,1*61
$GSGSV,3,3,10,28,19,125,,39,17,237,,1*68
$GLGSV,2,1,08,68,45,039,45,69,80,204,47,70,27,216,41,76,08,341,,1*78
$GLGSV,2,2,08,77,06,026,,83,36,139,43,84,86,330,46,85,36,321,44,1*78
$GQGSV,1,1,00,1*65
$GAGSV,3,1,11,02,14,287,38,04,58,126,46,06,45,166,43,09,25,185,38,7*76
$GAGSV,3,2,11,10,58,105,46,11,84,038,43,12,33,111,37,19,31,049,37,7*7D
$GAGSV,3,3,11,25,04,238,33,28,52,081,45,30,06,336,,7*4F
$GBGSV,3,1,09,05,09,111,,07,16,042,30,10,16,055,28,11,12,315,33,1*7D
$GBGSV,3,2,09,13,06,147,,26,01,023,,27,69,201,39,28,32,155,35,1*73
$GBGSV,3,3,09,30,38,305,35,1*47
$GIGSV,1,1,02,01,,,35,06,24,135,,1*4F
$GPGGA,134902.00,4825.1420511,N,00428.4545875,W,4,23,0.5,89.919,M,51.637,M,1.0,4095*6E
$GPRMC,134902.00,A,4825.1420511,N,00428.4545875,W,0.0,0.0,100626,999.9,E,D*21
$GPGSV,3,1,12,01,38,120,44,02,13,128,38,03,62,056,47,04,58,161,46,1*66
$GPGSV,3,2,12,06,32,303,41,09,31,196,41,12,04,336,,13,03,336,,1*62
$GPGSV,3,3,12,17,50,236,46,19,45,287,45,28,14,041,37,31,18,070,40,1*62
$GSGSV,3,1,10,01,33,195,,02,34,181,41,04,28,145,41,05,29,147,,1*67
$GSGSV,3,2,10,06,33,195,,07,05,106,,08,14,112,,17,34,167,42,1*61
$GSGSV,3,3,10,28,19,125,,39,17,237,,1*68
$GLGSV,2,1,08,68,45,039,45,69,80,204,46,70,27,216,41,76,08,341,,1*79
$GLGSV,2,2,08,77,06,025,,83,36,139,43,84,86,330,46,85,36,321,44,1*7B
$GQGSV,1,1,00,1*65
$GAGSV,3,1,11,02,14,287,38,04,58,126,46,06,45,166,43,09,25,185,38,7*76
$GAGSV,3,2,11,10,58,105,46,11,84,039,43,12,33,111,36,19,31,049,36,7*7C
$GAGSV,3,3,11,25,04,238,33,28,52,081,44,30,06,336,,7*4E
$GBGSV,3,1,09,05,09,111,,07,16,042,29,10,16,054,28,11,12,315,32,1*75
$GBGSV,3,2,09,13,06,147,,26,01,023,,27,69,201,40,28,32,155,34,1*7C
$GBGSV,3,3,09,30,38,305,36,1*44
$GIGSV,1,1,02,01,,,35,06,24,135,,1*4F
$GPGGA,134903.00,4825.1420504,N,00428.4545878,W,4,22,0.5,89.917,M,51.637,M,1.0,4095*69
$GPRMC,134903.00,A,4825.1420504,N,00428.4545878,W,0.0,0.0,100626,999.9,E,D*29
$GPGSV,3,1,12,01,38,120,45,02,13,128,39,03,62,056,47,04,58,161,46,1*66
$GPGSV,3,2,12,06,32,303,41,09,31,196,41,12,04,336,,13,03,336,,1*62
$GPGSV,3,3,12,17,50,236,46,19,45,287,45,28,14,041,37,31,18,070,40,1*62
$GSGSV,3,1,10,01,33,195,,02,34,181,41,04,28,145,41,05,29,147,,1*67
$GSGSV,3,2,10,06,33,195,,07,05,106,,08,14,112,,17,34,167,42,1*61
$GSGSV,3,3,10,28,19,125,,39,17,237,,1*68
$GLGSV,2,1,08,68,45,039,45,69,80,204,47,70,27,216,41,76,08,341,,1*78
$GLGSV,2,2,08,77,06,025,,83,36,139,43,84,86,330,46,85,36,321,44,1*7B
$GQGSV,1,1,00,1*65
$GAGSV,3,1,11,02,14,287,38,04,58,126,46,06,45,166,42,09,25,185,38,7*77
$GAGSV,3,2,11,10,58,105,46,11,84,039,43,12,33,111,36,19,31,049,36,7*7C
$GAGSV,3,3,11,25,04,238,32,28,52,081,45,30,06,336,,7*4E
$GBGSV,3,1,09,05,09,111,,07,16,042,29,10,16,054,28,11,12,315,33,1*74
$GBGSV,3,2,09,13,06,147,,26,01,023,,27,69,201,40,28,32,155,34,1*7C
$GBGSV,3,3,09,30,38,305,36,1*44
$GIGSV,1,1,02,01,,,35,06,24,135,,1*4F
$GPGGA,134904.00,4825.1420508,N,00428.4545877,W,4,22,0.5,89.915,M,51.637,M,2.0,4095*6C
$GPRMC,134904.00,A,4825.1420508,N,00428.4545877,W,0.0,0.0,100626,999.9,E,D*2D
$GPGSV,3,1,12,01,38,120,45,02,13,128,40,03,62,056,48,04,58,161,46,1*67
$GPGSV,3,2,12,06,32,303,42,09,31,196,40,12,04,336,,13,03,336,,1*60
$GPGSV,3,3,12,17,50,236,46,19,45,287,45,28,14,041,38,31,18,070,40,1*6D
$GSGSV,3,1,10,01,33,195,,02,34,181,41,04,28,145,42,05,29,147,,1*64
$GSGSV,3,2,10,06,33,195,,07,05,106,,08,14,112,,17,34,167,42,1*61
$GSGSV,3,3,10,28,19,125,,39,17,237,,1*68
$GLGSV,2,1,08,68,45,039,45,69,80,204,47,70,27,216,40,76,08,341,,1*79
$GLGSV,2,2,08,77,06,025,,83,36,139,43,84,86,330,46,85,36,321,44,1*7B
$GQGSV,1,1,00,1*65
$GAGSV,3,1,11,02,14,287,38,04,58,126,46,06,45,166,43,09,25,185,38,7*76
$GAGSV,3,2,11,10,57,105,46,11,84,039,43,12,33,111,36,19,31,049,36,7*73
$GAGSV,3,3,11,25,04,238,33,28,52,081,45,30,06,336,,7*4F
$GBGSV,3,1,09,05,09,111,,07,16,042,30,10,16,054,28,11,12,315,33,1*7C
$GBGSV,3,2,09,13,06,147,,26,01,023,,27,69,201,40,28,32,155,34,1*7C
$GBGSV,3,3,09,30,38,305,36,1*44
$GIGSV,1,1,02,01,,,35,06,24,135,,1*4F
$GPGGA,134905.00,4825.1420504,N,00428.4545873,W,4,22,0.5,89.912,M,51.637,M,1.0,4095*61
$GPRMC,134905.00,A,4825.1420504,N,00428.4545873,W,0.0,0.0,100626,999.9,E,D*24
$GPGSV,3,1,12,01,38,120,46,02,13,128,40,03,62,056,48,04,58,161,46,1*64
$GPGSV,3,2,12,06,32,303,42,09,31,196,40,12,04,336,,13,03,336,,1*60
$GPGSV,3,3,12,17,50,236,46,19,45,287,46,28,14,041,37,31,18,070,40,1*61
$GSGSV,3,1,10,01,33,195,,02,34,181,41,04,28,145,42,05,29,147,,1*64
$GSGSV,3,2,10,06,33,195,,07,05,106,,08,14,112,,17,34,167,42,1*61
$GSGSV,3,3,10,28,19,125,,39,17,237,,1*68
$GLGSV,2,1,08,68,45,039,45,69,80,204,47,70,27,216,41,76,08,341,,1*78
$GLGSV,2,2,08,77,06,025,,83,36,139,43,84,86,330,46,85,36,321,44,1*7B
$GQGSV,1,1,00,1*65
$GAGSV,3,1,11,02,14,287,38,04,58,126,46,06,45,166,43,09,25,185,38,7*76
$GAGSV,3,2,11,10,57,105,46,11,84,039,43,12,33,111,37,19,31,049,36,7*72
$GAGSV,3,3,11,25,04,238,32,28,52,081,44,30,06,336,,7*4F
$GBGSV,3,1,09,05,09,111,,07,16,042,30,10,16,054,27,11,12,315,33,1*73
$GBGSV,3,2,09,13,06,147,,26,01,023,,27,69,201,40,28,32,155,34,1*7C
$GBGSV,3,3,09,30,38,305,36,1*44
$GIGSV,1,1,02,01,,,36,06,24,135,,1*4C
$GPGGA,134906.00,4825.1420508,N,00428.4545887,W,4,22,0.5,89.919,M,51.637,M,1.0,4095*6E
$GPRMC,134906.00,A,4825.1420508,N,00428.4545887,W,0.0,0.0,100626,999.9,E,D*20
$GPGSV,3,1,12,01,38,120,45,02,13,128,40,03,62,056,48,04,58,161,46,1*67
$GPGSV,3,2,12,06,32,303,42,09,31,196,41,12,04,336,,13,03,336,,1*61
$GPGSV,3,3,12,17,50,236,46,19,45,287,45,28,14,041,37,31,18,070,40,1*62
$GSGSV,3,1,10,01,33,195,,02,34,181,41,04,28,145,41,05,29,147,,1*67
$GSGSV,3,2,10,06,33,195,,07,05,106,,08,14,112,,17,34,167,42,1*61
$GSGSV,3,3,10,28,19,125,,39,17,237,,1*68
$GLGSV,2,1,08,68,45,039,45,69,80,204,47,70,27,216,41,76,08,341,,1*78
$GLGSV,2,2,08,77,06,025,,83,36,139,43,84,86,330,46,85,36,321,45,1*7A
$GQGSV,1,1,00,1*65
$GAGSV,3,1,11,02,14,287,38,04,58,126,46,06,45,166,43,09,25,185,38,7*76
$GAGSV,3,2,11,10,57,105,46,11,84,039,43,12,33,111,37,19,31,049,36,7*72
$GAGSV,3,3,11,25,04,238,32,28,52,081,45,30,06,336,,7*4E
$GBGSV,3,1,09,05,09,111,,07,16,042,29,10,16,054,28,11,12,315,32,1*75
$GBGSV,3,2,09,13,06,147,,26,01,023,,27,69,201,39,28,32,155,34,1*72
$GBGSV,3,3,09,30,38,305,36,1*44
$GIGSV,1,1,02,01,,,35,06,24,135,,1*4F
$GPGGA,134907.00,4825.1420511,N,00428.4545881,W,4,22,0.5,89.917,M,51.637,M,2.0,4095*6C
$GPRMC,134907.00,A,4825.1420511,N,00428.4545881,W,0.0,0.0,100626,999.9,E,D*2F
$GPGSV,3,1,12,01,38,120,45,02,13,128,40,03,62,056,48,04,58,161,45,1*64
$GPGSV,3,2,12,06,32,303,42,09,31,196,41,12,04,336,,13,03,336,,1*61
$GPGSV,3,3,12,17,50,236,46,19,45,287,45,28,14,041,37,31,18,070,39,1*6C
$GSGSV,3,1,10,01,33,195,,02,34,181,40,04,28,145,41,05,29,147,,1*66
$GSGSV,3,2,10,06,33,195,,07,05,106,,08,14,112,,17,34,167,42,1*61
$GSGSV,3,3,10,28,19,125,,39,17,237,,1*68
$GLGSV,2,1,08,68,45,039,45,69,80,204,47,70,27,216,41,76,08,341,,1*78
$GLGSV,2,2,08,77,06,025,,83,36,139,43,84,86,330,45,85,36,321,45,1*79
$GQGSV,1,1,00,1*65
$GAGSV,3,1,11,02,14,287,38,04,58,126,46,06,45,166,43,09,25,185,38,7*76
$GAGSV,3,2,11,10,57,106,46,11,84,039,43,12,33,111,37,19,31,049,36,7*71
$GAGSV,3,3,11,25,04,238,32,28,52,081,45,30,06,336,,7*4E
$GBGSV,3,1,09,05,09,111,,07,16,042,30,10,16,054,29,11,12,315,32,1*7C
$GBGSV,3,2,09,13,06,147,,26,01,023,,27,69,201,40,28,32,155,33,1*7B
$GBGSV,3,3,09,30,38,305,35,1*47
$GIGSV,1,1,02,01,,,36,06,24,135,,1*4C
$GPGGA,134908.00,4825.1420513,N,00428.4545876,W,4,22,0.5,89.917,M,51.637,M,3.0,4095*68
$GPRMC,134908.00,A,4825.1420513,N,00428.4545876,W,0.0,0.0,100626,999.9,E,D*2A
$GPGSV,3,1,12,01,38,120,46,02,13,128,40,03,62,056,48,04,58,161,45,1*67
$GPGSV,3,2,12,06,32,303,41,09,31,196,41,12,04,336,,13,03,336,,1*62
$GPGSV,3,3,12,17,50,236,46,19,45,287,45,28,14,041,37,31,18,070,40,1*62
$GSGSV,3,1,10,01,33,195,,02,34,181,40,04,28,145,41,05,29,147,,1*66
$GSGSV,3,2,10,06,33,195,,07,05,106,,08,14,112,,17,34,167,42,1*61
$GSGSV,3,3,10,28,19,125,,39,17,237,,1*68
$GLGSV,2,1,08,68,45,039,45,69,80,204,47,70,27,216,41,76,08,341,,1*78
$GLGSV,2,2,08,77,06,025,,83,36,139,43,84,86,330,46,85,36,321,45,1*7A
$GQGSV,1,1,00,1*65
$GAGSV,3,1,11,02,14,287,37,04,58,126,46,06,45,166,43,09,25,185,38,7*79
$GAGSV,3,2,11,10,57,106,46,11,84,039,43,12,33,111,37,19,31,049,37,7*70
$GAGSV,3,3,11,25,04,238,32,28,52,081,45,30,06,336,,7*4E
$GBGSV,3,1,09,05,09,111,,07,16,042,29,10,16,054,28,11,12,315,32,1*75
$GBGSV,3,2,09,13,06,147,,26,01,023,,27,69,201,39,28,32,155,33,1*75
$GBGSV,3,3,09,30,38,305,36,1*44
$GIGSV,1,1,02,01,,,36,06,24,135,,1*4C
$GPGGA,134909.00,4825.1420510,N,00428.4545862,W,4,22,0.5,89.922,M,51.637,M,1.0,4095*6B
$GPRMC,134909.00,A,4825.1420510,N,00428.4545862,W,0.0,0.0,100626,999.9,E,D*2D
$GPGSV,3,1,12,01,38,120,45,02,13,128,40,03,62,056,48,04,58,161,45,1*64
$GPGSV,3,2,12,06,32,303,41,09,31,196,40,12,04,336,,13,03,336,,1*63
$GPGSV,3,3,12,17,50,236,46,19,45,286,44,28,14,041,37,31,18,070,40,1*62
$GSGSV,3,1,10,01,33,195,,02,34,181,41,04,28,145,41,05,29,147,,1*67
$GSGSV,3,2,10,06,33,195,,07,05,106,,08,14,112,,17,34,167,42,1*61
$GSGSV,3,3,10,28,19,125,,39,17,237,,1*68
$GLGSV,2,1,08,68,45,039,45,69,80,204,47,70,27,216,40,76,08,341,,1*79
$GLGSV,2,2,08,77,06,025,,83,36,139,42,84,86,330,46,85,36,321,44,1*7A
$GQGSV,1,1,00,1*65
$GAGSV,3,1,11,02,14,287,38,04,58,126,45,06,45,166,43,09,25,185,38,7*75
$GAGSV,3,2,11,10,57,106,46,11,84,039,43,12,33,111,37,19,31,049,37,7*70
$GAGSV,3,3,11,25,04,238,31,28,52,081,45,30,06,336,,7*4D
$GBGSV,3,1,09,05,09,111,,07,16,042,29,10,16,054,28,11,12,315,32,1*75
$GBGSV,3,2,09,13,06,147,,26,01,023,,27,69,201,39,28,32,155,33,1*75
$GBGSV,3,3,09,30,38,305,35,1*47
$GIGSV,1,1,02,01,,,36,06,24,135,,1*4C
$GPGGA,134910.00,4825.1420504,N,00428.4545877,W,4,23,0.5,89.917,M,51.637,M,1.0,4095*65
$GPRMC,134910.00,A,4825.1420504,N,00428.4545877,W,0.0,0.0,100626,999.9,E,D*24
$GPGSV,3,1,12,01,38,120,45,02,13,128,40,03,62,056,48,04,58,161,45,1*64
$GPGSV,3,2,12,06,32,303,42,09,31,196,41,12,04,336,,13,03,336,,1*61
$GPGSV,3,3,12,17,50,236,46,19,45,286,45,28,14,041,37,31,18,070,39,1*6D
$GSGSV,3,1,10,01,33,195,,02,34,181,41,04,28,145,42,05,29,147,,1*64
$GSGSV,3,2,10,06,33,195,,07,05,106,,08,14,112,,17,34,167,41,1*62
$GSGSV,3,3,10,28,19,125,,39,17,237,,1*68
$GLGSV,2,1,08,68,45,039,45,69,80,204,47,70,27,216,40,76,08,341,,1*79
$GLGSV,2,2,08,77,06,025,,83,36,139,42,84,86,330,46,85,36,321,44,1*7A
$GQGSV,1,1,00,1*65
$GAGSV,3,1,11,02,14,287,37,04,58,126,46,06,45,166,43,09,25,185,38,7*79
$GAGSV,3,2,11,10,57,106,46,11,84,039,43,12,33,111,37,19,31,049,36,7*71
$GAGSV,3,3,11,25,04,238,32,28,52,081,45,30,06,336,,7*4E
$GBGSV,3,1,09,05,09,111,,07,16,042,30,10,16,054,28,11,12,315,33,1*7C
$GBGSV,3,2,09,13,06,147,,26,01,023,,27,69,201,39,28,32,155,34,1*72
$GBGSV,3,3,09,30,38,305,35,1*47
$GIGSV,1,1,02,01,,,35,06,24,135,,1*4F
$GPGGA,134911.00,4825.1420507,N,00428.4545876,W,4,23,0.5,89.919,M,51.637,M,2.0,4095*6B
$GPRMC,134911.00,A,4825.1420507,N,00428.4545876,W,0.0,0.0,100626,999.9,E,D*27
$GPGSV,3,1,12,01,38,120,46,02,13,128,40,03,62,056,48,04,58,161,45,1*67
$GPGSV,3,2,12,06,32,303,42,09,31,196,41,12,04,336,,13,03,336,,1*61
$GPGSV,3,3,12,17,50,236,46,19,45,286,45,28,14,041,37,31,18,070,39,1*6D
$GSGSV,3,1,10,01,33,195,,02,34,181,41,04,28,145,42,05,29,147,,1*64
$GSGSV,3,2,10,06,33,195,,07,05,106,,08,14,112,,17,34,167,41,1*62
$GSGSV,3,3,10,28,19,125,,39,17,237,,1*68
$GLGSV,2,1,08,68,45,039,44,69,80,204,47,70,27,216,40,76,08,341,,1*78
$GLGSV,2,2,08,77,06,025,,83,36,139,42,84,86,330,46,85,36,321,44,1*7A
$GQGSV,1,1,00,1*65
$GAGSV,3,1,11,02,14,287,37,04,58,126,46,06,45,166,43,09,25,185,38,7*79
$GAGSV,3,2,11,10,57,106,46,11,84,039,43,12,33,111,37,19,31,049,36,7*71
$GAGSV,3,3,11,25,04,238,31,28,52,081,44,30,06,336,,7*4C
$GBGSV,3,1,09,05,09,111,,07,16,042,30,10,16,054,28,11,12,315,33,1*7C
$GBGSV,3,2,09,13,06,147,,26,01,023,,27,69,201,40,28,32,155,34,1*7C
$GBGSV,3,3,09,30,38,305,35,1*47
$GIGSV,1,1,02,01,,,35,06,24,135,,1*4F
$GPGGA,134912.00,4825.1420509,N,00428.4545896,W,4,23,0.5,89.921,M,51.637,M,1.0,4095*60
$GPRMC,134912.00,A,4825.1420509,N,00428.4545896,W,0.0,0.0,100626,999.9,E,D*24
$GPGSV,3,1,12,01,38,120,46,02,13,128,40,03,62,056,47,04,58,161,45,1*68
$GPGSV,3,2,12,06,32,303,42,09,31,196,40,12,04,336,,13,03,336,,1*60
$GPGSV,3,3,12,17,50,236,46,19,45,286,44,28,14,041,37,31,18,070,39,1*6C
$GSGSV,3,1,10,01,33,195,,02,34,181,41,04,28,145,41,05,29,147,,1*67
$GSGSV,3,2,10,06,33,195,,07,05,106,,08,14,112,,17,34,167,42,1*61
$GSGSV,3,3,10,28,19,125,,39,17,237,,1*68
$GLGSV,2,1,08,68,45,039,44,69,80,204,47,70,27,216,41,76,08,341,,1*79
$GLGSV,2,2,08,77,06,025,,83,36,139,42,84,86,330,46,85,36,321,44,1*7A
$GQGSV,1,1,00,1*65
$GAGSV,3,1,11,02,14,287,37,04,58,126,46,06,45,166,43,09,25,185,38,7*79
$GAGSV,3,2,11,10,57,106,46,11,84,039,42,12,33,111,37,19,31,049,36,7*70
$GAGSV,3,3,11,25,04,238,31,28,52,081,44,30,06,336,,7*4C
$GBGSV,3,1,09,05,09,111,,07,16,042,29,10,16,054,28,11,12,315,33,1*74
$GBGSV,3,2,09,13,06,147,,26,01,023,,27,69,201,40,28,32,155,34,1*7C
$GBGSV,3,3,09,30,38,305,35,1*47
$GIGSV,1,1,02,01,,,35,06,24,135,,1*4F
$GPGGA,134913.00,4825.1420505,N,00428.4545909,W,4,22,0.5,89.919,M,51.637,M,1.0,4095*60
$GPRMC,134913.00,A,4825.1420505,N,00428.4545909,W,0.0,0.0,100626,999.9,E,D*2E
$GPGSV,3,1,12,01,38,120,46,02,12,128,41,03,62,056,47,04,58,161,45,1*68
$GPGSV,3,2,12,06,32,303,42,09,31,196,41,12,04,336,,13,03,336,,1*61
$GPGSV,3,3,12,17,50,236,46,19,45,286,44,28,14,041,37,31,18,070,39,1*6C
$GSGSV,3,1,10,01,33,195,,02,34,181,41,04,28,145,41,05,29,147,,1*67
$GSGSV,3,2,10,06,33,195,,07,05,106,,08,14,112,,17,34,167,41,1*62
$GSGSV,3,3,10,28,19,125,,39,17,237,,1*68
$GLGSV,2,1,08,68,45,039,44,69,80,204,46,70,27,216,40,76,08,341,,1*79
$GLGSV,2,2,08,77,06,025,,83,36,139,43,84,86,330,45,85,36,321,44,1*78
$GQGSV,1,1,00,1*65
$GAGSV,3,1,11,02,14,287,38,04,58,126,46,06,45,166,42,09,25,185,38,7*77
$GAGSV,3,2,11,10,57,106,46,11,84,039,42,12,33,111,37,19,31,049,37,7*71
$GAGSV,3,3,11,25,04,238,31,28,52,081,45,30,06,336,,7*4D
$GBGSV,3,1,09,05,09,111,,07,16,042,29,10,16,054,28,11,12,315,33,1*74
$GBGSV,3,2,09,13,06,147,,26,01,023,,27,69,201,40,28,32,155,34,1*7C
$GBGSV,3,3,09,30,38,305,35,1*47
$GIGSV,1,1,02,01,,,35,06,24,135,,1*4F
$GPGGA,134914.00,4825.1420528,N,00428.4545889,W,4,22,0.5,89.922,M,51.637,M,2.0,4095*6A
$GPRMC,134914.00,A,4825.1420528,N,00428.4545889,W,0.0,0.0,100626,999.9,E,D*2F
$GPGSV,3,1,12,01,38,120,44,02,12,128,40,03,62,056,47,04,58,161,46,1*68
$GPGSV,3,2,12,06,32,303,42,09,31,196,41,12,04,336,,13,03,336,,1*61
$GPGSV,3,3,12,17,50,236,46,19,45,286,44,28,14,041,37,31,18,070,40,1*62
$GSGSV,3,1,10,01,33,195,,02,34,181,41,04,28,145,41,05,29,147,,1*67
$GSGSV,3,2,10,06,33,195,,07,05,106,,08,14,112,,17,34,167,42,1*61
$GSGSV,3,3,10,28,19,125,,39,17,237,,1*68
$GLGSV,2,1,08,68,45,039,45,69,80,204,47,70,27,216,40,76,08,341,,1*79
$GLGSV,2,2,08,77,06,025,,83,36,139,43,84,86,330,46,85,36,321,44,1*7B
$GQGSV,1,1,00,1*65
$GAGSV,3,1,11,02,14,287,37,04,58,126,46,06,45,166,42,09,25,185,38,7*78
$GAGSV,3,2,11,10,57,106,46,11,84,039,42,12,33,111,37,19,31,049,36,7*70
$GAGSV,3,3,11,25,04,238,31,28,52,081,44,30,06,336,,7*4C
$GBGSV,3,1,09,05,09,111,,07,16,042,29,10,16,054,28,11,12,315,33,1*74
$GBGSV,3,2,09,13,06,147,,26,01,023,,27,69,201,40,28,32,155,34,1*7C
$GBGSV,3,3,09,30,38,305,35,1*47
$GIGSV,1,1,02,01,,,36,06,24,135,,1*4C
$GPGGA,134915.00,4825.1420524,N,00428.4545899,W,4,22,0.5,89.925,M,51.637,M,3.0,4095*60
$GPRMC,134915.00,A,4825.1420524,N,00428.4545899,W,0.0,0.0,100626,999.9,E,D*23
$GPGSV,3,1,12,01,38,120,44,02,12,128,40,03,62,056,48,04,58,161,46,1*67
$GPGSV,3,2,12,06,32,303,42,09,31,196,41,12,04,336,,13,03,336,,1*61
$GPGSV,3,3,12,17,50,236,46,19,45,286,45,28,14,041,38,31,18,070,40,1*6C
$GSGSV,3,1,10,01,33,195,,02,34,181,41,04,28,145,41,05,29,147,,1*67
$GSGSV,3,2,10,06,33,195,,07,05,106,,08,14,112,,17,34,167,42,1*61
$GSGSV,3,3,10,28,19,125,,39,17,237,,1*68
$GLGSV,2,1,08,68,45,039,45,69,80,204,47,70,27,216,41,76,08,341,,1*78
$GLGSV,2,2,08,77,06,025,,83,36,139,43,84,86,330,46,85,36,321,44,1*7B
$GQGSV,1,1,00,1*65
$GAGSV,3,1,11,02,14,287,37,04,58,126,46,06,45,166,43,09,25,185,38,7*79
$GAGSV,3,2,11,10,57,106,46,11,84,039,43,12,33,111,37,19,31,049,36,7*71
$GAGSV,3,3,11,25,04,238,31,28,52,081,45,30,06,336,,7*4D
$GBGSV,3,1,09,05,09,111,,07,16,042,29,10,16,054,28,11,12,315,32,1*75
$GBGSV,3,2,09,13,06,147,,26,01,023,,27,69,201,39,28,32,155,33,1*75
$GBGSV,3,3,09,30,38,305,35,1*47
$GIGSV,1,1,02,01,,,36,06,24,135,,1*4C
$GPGGA,134916.00,4825.1420496,N,00428.4545896,W,4,23,0.5,89.922,M,51.637,M,1.0,4095*60
$GPRMC,134916.00,A,4825.1420496,N,00428.4545896,W,0.0,0.0,100626,999.9,E,D*27
$GPGSV,3,1,12,01,38,120,45,02,12,128,40,03,62,056,47,04,58,161,46,1*69
$GPGSV,3,2,12,06,32,303,42,09,31,196,41,12,04,336,,13,03,336,,1*61
$GPGSV,3,3,12,17,50,236,46,19,45,286,45,28,14,041,37,31,18,070,40,1*63
$GSGSV,3,1,10,01,33,195,,02,34,181,41,04,28,145,41,05,29,147,,1*67
$GSGSV,3,2,10,06,33,195,,07,05,106,,08,14,112,,17,34,167,42,1*61
$GSGSV,3,3,10,28,19,125,,39,17,237,,1*68
$GLGSV,2,1,08,68,45,039,44,69,80,204,47,70,27,216,40,76,08,341,,1*78
$GLGSV,2,2,08,77,06,025,,83,36,139,43,84,86,329,46,85,36,321,44,1*73
$GQGSV,1,1,00,1*65
$GAGSV,3,1,11,02,14,287,37,04,58,126,46,06,45,166,43,09,25,185,38,7*79
$GAGSV,3,2,11,10,57,106,46,11,84,039,43,12,33,111,37,19,31,049,37,7*70
$GAGSV,3,3,11,25,04,238,31,28,52,081,44,30,06,336,,7*4C
$GBGSV,3,1,09,05,09,111,,07,16,042,28,10,16,054,28,11,12,315,32,1*74
$GBGSV,3,2,09,13,06,147,,26,01,023,,27,69,201,40,28,32,155,34,1*7C
$GBGSV,3,3,09,30,38,305,35,1*47
$GIGSV,1,1,02,01,,,36,06,24,135,,1*4C
$GPGGA,134917.00,4825.1420515,N,00428.4545888,W,4,23,0.5,89.922,M,51.637,M,1.0,4095*64
$GPRMC,134917.00,A,4825.1420515,N,00428.4545888,W,0.0,0.0,100626,999.9,E,D*23
$GPGSV,3,1,12,01,38,120,45,02,12,128,40,03,62,056,47,04,58,161,46,1*69
$GPGSV,3,2,12,06,32,303,42,09,31,196,42,12,04,336,,13,03,336,,1*62
$GPGSV,3,3,12,17,50,236,46,19,45,286,45,28,14,041,38,31,18,070,40,1*6C
$GSGSV,3,1,10,01,33,195,,02,34,181,41,04,28,145,41,05,29,147,,1*67
$GSGSV,3,2,10,06,33,195,,07,05,106,,08,14,112,,17,34,167,41,1*62
$GSGSV,3,3,10,28,19,125,,39,17,237,,1*68
$GLGSV,2,1,08,68,45,039,44,69,80,204,47,70,27,216,41,76,08,341,,1*79
$GLGSV,2,2,08,77,06,025,,83,36,139,43,84,86,329,46,85,36,321,44,1*73
$GQGSV,1,1,00,1*65
$GAGSV,3,1,11,02,14,287,37,04,58,126,46,06,45,166,42,09,25,185,38,7*78
$GAGSV,3,2,11,10,57,106,46,11,84,039,43,12,33,111,37,19,31,049,36,7*71
$GAGSV,3,3,11,25,04,238,31,28,52,081,44,30,06,336,,7*4C
$GBGSV,3,1,09,05,09,111,,07,16,042,29,10,16,054,28,11,12,315,33,1*74
$GBGSV,3,2,09,13,06,147,,26,01,023,,27,69,201,40,28,32,155,34,1*7C
$GBGSV,3,3,09,30,38,305,36,1*44
$GIGSV,1,1,02,01,,,36,06,24,135,,1*4C
$GPGGA,134918.00,4825.1420514,N,00428.4545883,W,4,23,0.5,89.923,M,51.637,M,2.0,4095*63
$GPRMC,134918.00,A,4825.1420514,N,00428.4545883,W,0.0,0.0,100626,999.9,E,D*26
$GPGSV,3,1,12,01,38,120,44,02,12,128,41,03,62,056,47,04,58,161,46,1*69
$GPGSV,3,2,12,06,32,303,42,09,31,196,41,12,04,336,,13,03,336,,1*61
$GPGSV,3,3,12,17,50,236,46,19,45,286,45,28,14,041,38,31,18,070,39,1*62
$GSGSV,3,1,10,01,33,195,,02,34,181,41,04,28,145,41,05,29,147,,1*67
$GSGSV,3,2,10,06,33,195,,07,05,106,,08,14,112,,17,34,167,41,1*62
$GSGSV,3,3,10,28,19,125,,39,17,237,,1*68
$GLGSV,2,1,08,68,45,039,44,69,80,204,47,70,27,216,40,76,08,341,,1*78
$GLGSV,2,2,08,77,06,025,,83,36,139,43,84,86,329,46,85,36,321,44,1*73
$GQGSV,1,1,00,1*65
$GAGSV,3,1,11,02,14,287,37,04,58,126,47,06,45,166,42,09,25,185,38,7*79
$GAGSV,3,2,11,10,57,106,46,11,84,040,43,12,33,111,37,19,31,049,36,7*7F
$GAGSV,3,3,11,25,04,238,30,28,52,081,44,30,06,336,,7*4D
$GBGSV,3,1,09,05,09,111,,07,16,042,29,10,16,054,28,11,12,315,32,1*75
$GBGSV,3,2,09,13,06,147,,26,01,023,,27,69,201,40,28,32,155,33,1*7B
$GBGSV,3,3,09,30,38,305,35,1*47
$GIGSV,1,1,02,01,,,36,06,24,135,,1*4C
$GPGGA,134919.00,4825.1420516,N,00428.4545879,W,4,23,0.5,89.926,M,51.637,M,3.0,4095*61
$GPRMC,134919.00,A,4825.1420516,N,00428.4545879,W,0.0,0.0,100626,999.9,E,D*20
$GPGSV,3,1,12,01,38,120,45,02,12,128,41,03,62,056,47,04,58,161,46,1*68
$GPGSV,3,2,12,06,32,303,42,09,31,196,41,12,04,336,,13,03,336,,1*61
$GPGSV,3,3,12,17,50,236,46,19,45,286,45,28,14,041,38,31,18,070,40,1*6C
$GSGSV,3,1,10,01,33,195,,02,34,181,41,04,28,145,41,05,29,147,,1*67
$GSGSV,3,2,10,06,33,195,,07,05,106,,08,14,112,,17,34,167,42,1*61
$GSGSV,3,3,10,28,19,125,,39,17,237,,1*68
$GLGSV,2,1,08,68,45,039,45,69,80,204,47,70,27,216,40,76,08,341,,1*79
$GLGSV,2,2,08,77,06,025,,83,36,139,43,84,86,329,46,85,36,321,43,1*74
$GQGSV,1,1,00,1*65
$GAGSV,3,1,11,02,14,287,37,04,58,126,47,06,45,166,43,09,25,185,38,7*78
$GAGSV,3,2,11,10,57,106,46,11,84,040,43,12,33,111,38,19,31,049,37,7*71
$GAGSV,3,3,11,25,04,238,30,28,52,081,44,30,06,336,,7*4D
$GBGSV,3,1,09,05,09,111,,07,16,042,29,10,16,054,28,11,12,315,32,1*75
$GBGSV,3,2,09,13,06,147,,26,01,023,,27,69,201,40,28,32,155,33,1*7B
$GBGSV,3,3,09,30,38,305,35,1*47
$GIGSV,1,1,02,01,,,36,06,24,135,,1*4C
$GPGGA,134920.00,4825.1420524,N,00428.4545891,W,4,23,0.5,89.927,M,51.637,M,1.0,4095*6F
$GPRMC,134920.00,A,4825.1420524,N,00428.4545891,W,0.0,0.0,100626,999.9,E,D*2D
$GPGSV,3,1,12,01,37,120,44,02,12,128,41,03,62,056,47,04,58,161,46,1*66
$GPGSV,3,2,12,06,32,303,42,09,31,196,41,12,04,336,,13,03,336,,1*61
$GPGSV,3,3,12,17,50,236,46,19,45,286,45,28,14,041,37,31,18,070,40,1*63
$GSGSV,3,1,10,01,33,195,,02,34,181,41,04,28,145,41,05,29,147,,1*67
$GSGSV,3,2,10,06,33,195,,07,05,106,,08,14,112,,17,34,167,42,1*61
$GSGSV,3,3,10,28,19,125,,39,17,237,,1*68
$GLGSV,2,1,08,68,45,039,44,69,80,204,47,70,27,216,41,76,08,341,,1*79
$GLGSV,2,2,08,77,06,025,,83,36,139,43,84,86,329,46,85,36,321,43,1*74
$GQGSV,1,1,00,1*65
$GAGSV,3,1,11,02,14,287,37,04,58,126,46,06,45,166,42,09,25,185,38,7*78
$GAGSV,3,2,11,10,57,106,46,11,84,040,43,12,33,111,38,19,31,049,36,7*70
$GAGSV,3,3,11,25,04,238,30,28,52,081,44,30,06,336,,7*4D
$GBGSV,3,1,09,05,09,111,,07,16,042,30,10,16,054,28,11,12,315,33,1*7C
$GBGSV,3,2,09,13,06,147,,26,01,023,,27,69,201,40,28,32,155,33,1*7B
$GBGSV,3,3,09,30,38,305,36,1*44
$GIGSV,1,1,02,01,,,36,06,24,135,,1*4C
$GPGGA,134921.00,4825.1420508,N,00428.4545893,W,4,23,0.5,89.926,M,51.637,M,1.0,4095*63
$GPRMC,134921.00,A,4825.1420508,N,00428.4545893,W,0.0,0.0,100626,999.9,E,D*20
$GPGSV,3,1,12,01,37,120,45,02,12,128,40,03,62,056,47,04,58,161,46,1*66
$GPGSV,3,2,12,06,32,303,42,09,31,196,41,12,04,336,,13,03,336,,1*61
$GPGSV,3,3,12,17,50,236,46,19,45,286,45,28,14,041,38,31,18,070,40,1*6C
$GSGSV,3,1,10,01,33,195,,02,34,181,41,04,28,145,41,05,29,147,,1*67
$GSGSV,3,2,10,06,33,195,,07,05,106,,08,14,112,,17,34,167,41,1*62
$GSGSV,3,3,10,28,19,125,,39,17,237,,1*68
$GLGSV,2,1,08,68,45,039,45,69,80,204,46,70,27,216,40,76,08,341,,1*78
$GLGSV,2,2,08,77,06,025,,83,36,139,43,84,86,329,46,85,36,321,43,1*74
$GQGSV,1,1,00,1*65
$GAGSV,3,1,11,02,14,287,37,04,58,126,46,06,45,166,43,09,25,185,38,7*79
$GAGSV,3,2,11,10,57,106,46,11,84,040,43,12,33,111,38,19,31,049,36,7*70
$GAGSV,3,3,11,25,04,238,30,28,52,081,44,30,06,336,,7*4D
$GBGSV,3,1,09,05,09,111,,07,16,042,29,10,16,054,28,11,12,315,33,1*74
$GBGSV,3,2,09,13,06,147,,26,01,023,,27,69,201,39,28,32,155,33,1*75
$GBGSV,3,3,09,30,38,305,36,1*44
$GIGSV,1,1,02,01,,,36,06,24,135,,1*4C
$GPGGA,134922.00,4825.1420511,N,00428.4545870,W,4,23,0.5,89.918,M,51.637,M,1.0,4095*68
$GPRMC,134922.00,A,4825.1420511,N,00428.4545870,W,0.0,0.0,100626,999.9,E,D*26
$GPGSV,3,1,12,01,37,120,45,02,12,128,40,03,62,056,47,04,58,161,45,1*65
$GPGSV,3,2,12,06,32,303,41,09,31,196,41,12,04,336,,13,03,336,,1*62
$GPGSV,3,3,12,17,50,236,46,19,45,286,45,28,14,041,37,31,18,070,39,1*6D
$GSGSV,3,1,10,01,33,195,,02,34,181,40,04,28,145,41,05,29,147,,1*66
$GSGSV,3,2,10,06,33,195,,07,05,106,,08,14,112,,17,34,167,41,1*62
$GSGSV,3,3,10,28,19,125,,39,17,237,,1*68
$GLGSV,2,1,08,68,45,039,44,69,80,204,47,70,27,216,41,76,08,341,,1*79
$GLGSV,2,2,08,77,06,025,,83,36,139,43,84,86,329,46,85,36,321,44,1*73
$GQGSV,1,1,00,1*65
$GAGSV,3,1,11,02,14,287,37,04,58,126,46,06,45,166,43,09,25,185,38,7*79
$GAGSV,3,2,11,10,57,106,46,11,84,040,42,12,33,111,38,19,31,049,36,7*71
$GAGSV,3,3,11,25,04,238,29,28,52,081,45,30,06,336,,7*44
$GBGSV,3,1,09,05,09,111,,07,16,042,29,10,16,054,28,11,12,315,33,1*74
$GBGSV,3,2,09,13,06,147,,26,01,023,,27,69,201,39,28,32,155,34,1*72
$GBGSV,3,3,09,30,38,305,36,1*44
$GIGSV,1,1,02,01,,,36,06,24,135,,1*4C
$GPGGA,134923.00,4825.1420505,N,00428.4545891,W,4,23,0.5,89.924,M,51.637,M,1.0,4095*6C
$GPRMC,134923.00,A,4825.1420505,N,00428.4545891,W,0.0,0.0,100626,999.9,E,D*2D
$GPGSV,3,1,12,01,37,120,45,02,12,128,39,03,62,056,47,04,58,161,45,1*6B
$GPGSV,3,2,12,06,32,303,42,09,31,196,42,12,04,336,,13,03,336,,1*62
$GPGSV,3,3,12,17,50,236,46,19,45,286,45,28,14,041,37,31,18,070,39,1*6D
$GSGSV,3,1,10,01,33,195,,02,34,181,40,04,28,145,40,05,29,147,,1*67
$GSGSV,3,2,10,06,33,195,,07,05,106,,08,14,112,,17,34,167,41,1*62
$GSGSV,3,3,10,28,19,125,,39,17,237,,1*68
$GLGSV,2,1,08,68,45,039,45,69,80,204,47,70,27,216,40,76,08,341,,1*79
$GLGSV,2,2,08,77,06,025,,83,36,139,44,84,86,329,46,85,36,321,44,1*74
$GQGSV,1,1,00,1*65
$GAGSV,3,1,11,02,14,287,37,04,58,126,46,06,45,166,43,09,25,185,39,7*78
$GAGSV,3,2,11,10,57,106,46,11,84,040,42,12,33,111,37,19,31,049,36,7*7E
$GAGSV,3,3,11,25,04,238,30,28,52,081,45,30,06,336,,7*4C
$GBGSV,3,1,09,05,09,111,,07,16,042,29,10,16,054,28,11,12,315,33,1*74
$GBGSV,3,2,09,13,06,147,,26,01,023,,27,69,201,40,28,32,155,34,1*7C
$GBGSV,3,3,09,30,38,305,36,1*44
$GIGSV,1,1,02,01,,,36,06,24,135,,1*4C
$GPGGA,134924.00,4825.1420513,N,00428.4545886,W,4,23,0.5,89.923,M,51.637,M,2.0,4095*6E
$GPRMC,134924.00,A,4825.1420513,N,00428.4545886,W,0.0,0.0,100626,999.9,E,D*2B
$GPGSV,3,1,12,01,37,120,45,02,12,128,39,03,62,056,47,04,58,161,45,1*6B
$GPGSV,3,2,12,06,33,303,42,09,31,196,41,12,04,336,,13,03,336,,1*60
$GPGSV,3,3,12,17,50,236,46,19,45,286,45,28,14,041,37,31,18,070,39,1*6D
$GSGSV,3,1,10,01,33,195,,02,34,181,40,04,28,145,41,05,29,147,,1*66
$GSGSV,3,2,10,06,33,195,,07,05,106,,08,14,112,,17,34,167,42,1*61
$GSGSV,3,3,10,28,19,125,,39,17,237,,1*68
$GLGSV,2,1,08,68,45,039,45,69,80,204,47,70,27,216,39,76,08,341,,1*77
$GLGSV,2,2,08,77,06,025,,83,36,139,43,84,86,329,46,85,36,321,44,1*73
$GQGSV,1,1,00,1*65
$GAGSV,3,1,11,02,14,287,37,04,58,126,45,06,45,166,43,09,25,185,39,7*7B
$GAGSV,3,2,11,10,57,106,46,11,84,040,42,12,33,111,37,19,31,049,36,7*7E
$GAGSV,3,3,11,25,04,238,29,28,52,081,45,30,06,336,,7*44
$GBGSV,3,1,09,05,09,111,,07,16,042,30,10,16,054,28,11,12,315,32,1*7D
$GBGSV,3,2,09,13,06,147,,26,01,023,,27,69,201,40,28,32,155,34,1*7C
$GBGSV,3,3,09,30,38,305,36,1*44
$GIGSV,1,1,02,01,,,36,06,24,135,,1*4C
$GPGGA,134925.00,4825.1420521,N,00428.4545881,W,4,23,0.5,89.923,M,51.637,M,1.0,4095*6A
$GPRMC,134925.00,A,4825.1420521,N,00428.4545881,W,0.0,0.0,100626,999.9,E,D*2C
$GPGSV,3,1,12,01,37,120,45,02,12,128,40,03,62,056,48,04,58,161,45,1*6A
$GPGSV,3,2,12,06,33,303,42,09,31,196,41,12,04,336,,13,03,336,,1*60
$GPGSV,3,3,12,17,50,236,46,19,45,286,45,28,14,041,36,31,18,070,39,1*6C
$GSGSV,3,1,10,01,33,195,,02,34,181,40,04,28,145,41,05,29,147,,1*66
$GSGSV,3,2,10,06,33,195,,07,05,106,,08,14,112,,17,34,167,42,1*61
$GSGSV,3,3,10,28,19,125,,39,17,237,,1*68
$GLGSV,2,1,08,68,45,039,45,69,80,204,48,70,27,216,40,76,08,341,,1*76
$GLGSV,2,2,08,77,06,025,,83,36,139,44,84,86,329,47,85,36,321,45,1*74
$GQGSV,1,1,00,1*65
$GAGSV,3,1,11,02,14,287,37,04,58,126,46,06,45,166,43,09,25,185,39,7*78
$GAGSV,3,2,11,10,57,106,46,11,84,040,43,12,33,111,37,19,31,049,36,7*7F
$GAGSV,3,3,11,25,04,238,30,28,52,081,44,30,06,336,,7*4D
$GBGSV,3,1,09,05,09,111,,07,16,042,29,10,16,054,28,11,12,315,33,1*74
$GBGSV,3,2,09,13,05,147,,26,01,023,,27,69,201,40,28,32,155,34,1*7F
$GBGSV,3,3,09,30,38,305,36,1*44
$GIGSV,1,1,02,01,,,36,06,24,135,,1*4C
$GPGGA,134926.00,4825.1420510,N,00428.4545889,W,4,23,0.5,89.918,M,51.637,M,1.0,4095*6B
$GPRMC,134926.00,A,4825.1420510,N,00428.4545889,W,0.0,0.0,100626,999.9,E,D*25
$GPGSV,3,1,12,01,37,120,45,02,12,128,40,03,62,056,48,04,58,161,45,1*6A
$GPGSV,3,2,12,06,33,303,41,09,31,196,41,12,04,336,,13,03,336,,1*63
$GPGSV,3,3,12,17,50,236,46,19,45,286,45,28,14,041,37,31,18,070,39,1*6D
$GSGSV,3,1,10,01,33,195,,02,34,181,40,04,28,145,41,05,29,147,,1*66
$GSGSV,3,2,10,06,33,195,,07,05,106,,08,14,112,,17,34,167,43,1*60
$GSGSV,3,3,10,28,19,125,,39,17,237,,1*68
$GLGSV,2,1,08,68,45,039,44,69,80,204,47,70,27,216,40,76,08,341,,1*78
$GLGSV,2,2,08,77,06,025,,83,36,139,44,84,86,329,46,85,36,321,44,1*74
$GQGSV,1,1,00,1*65
$GAGSV,3,1,11,02,14,287,37,04,58,126,46,06,45,166,43,09,25,185,39,7*78
$GAGSV,3,2,11,10,57,106,46,11,84,040,42,12,33,111,37,19,31,049,37,7*7F
$GAGSV,3,3,11,25,04,238,29,28,52,081,45,30,06,336,,7*44
$GBGSV,3,1,09,05,09,111,,07,16,042,29,10,16,054,28,11,12,315,32,1*75
$GBGSV,3,2,09,13,05,147,,26,01,023,,27,69,201,39,28,32,155,34,1*71
$GBGSV,3,3,09,30,38,305,36,1*44
$GIGSV,1,1,02,01,,,35,06,24,135,,1*4F
$GPGGA,134927.00,4825.1420499,N,00428.4545886,W,4,23,0.5,89.922,M,51.637,M,1.0,4095*6C
$GPRMC,134927.00,A,4825.1420499,N,00428.4545886,W,0.0,0.0,100626,999.9,E,D*2B
$GPGSV,3,1,12,01,37,120,45,02,12,128,40,03,62,056,47,04,58,161,45,1*65
$GPGSV,3,2,12,06,33,303,41,09,31,196,41,12,04,336,,13,03,336,,1*63
$GPGSV,3,3,12,17,50,236,46,19,45,286,44,28,14,041,38,31,18,070,40,1*6D
$GSGSV,3,1,10,01,33,195,,02,34,181,41,04,28,145,41,05,29,147,,1*67
$GSGSV,3,2,10,06,33,195,,07,05,106,,08,14,112,,17,34,167,42,1*61
$GSGSV,3,3,10,28,19,125,,39,17,237,,1*68
$GLGSV,2,1,08,68,45,039,45,69,80,204,47,70,27,216,40,76,08,341,,1*79
$GLGSV,2,2,08,77,06,025,,83,36,139,44,84,86,329,46,85,36,321,44,1*74
$GQGSV,1,1,00,1*65
$GAGSV,3,1,11,02,14,287,37,04,58,126,45,06,45,166,43,09,25,185,39,7*7B
$GAGSV,3,2,11,10,57,106,46,11,84,040,42,12,33,111,38,19,31,049,36,7*71
$GAGSV,3,3,11,25,04,238,30,28,52,081,45,30,06,336,,7*4C
$GBGSV,3,1,09,05,09,111,,07,16,042,29,10,16,054,28,11,12,315,32,1*75
$GBGSV,3,2,09,13,05,147,,26,01,022,,27,69,201,39,28,32,155,34,1*70
$GBGSV,3,3,09,30,38,305,36,1*44
$GIGSV,1,1,02,01,,,35,06,24,135,,1*4F
$GPGGA,134928.00,4825.1420505,N,00428.4545877,W,4,22,0.5,89.924,M,51.637,M,2.0,4095*6D
$GPRMC,134928.00,A,4825.1420505,N,00428.4545877,W,0.0,0.0,100626,999.9,E,D*2E
$GPGSV,3,1,12,01,37,120,45,02,12,128,40,03,62,056,47,04,58,161,44,1*64
$GPGSV,3,2,12,06,33,303,41,09,31,196,41,12,04,336,,13,03,336,,1*63
$GPGSV,3,3,12,17,50,236,46,19,45,286,44,28,14,041,37,31,18,070,39,1*6C
$GSGSV,3,1,10,01,33,195,,02,34,181,41,04,28,145,42,05,29,147,,1*64
$GSGSV,3,2,10,06,33,195,,07,05,106,,08,14,112,,17,34,167,42,1*61
$GSGSV,3,3,10,28,19,125,,39,17,237,,1*68
$GLGSV,2,1,08,68,45,039,45,69,80,204,47,70,27,216,40,76,08,341,,1*79
$GLGSV,2,2,08,77,06,025,,83,36,139,44,84,86,329,46,85,36,321,44,1*74
$GQGSV,1,1,00,1*65
$GAGSV,3,1,11,02,14,287,37,04,58,126,46,06,45,166,43,09,25,185,39,7*78
$GAGSV,3,2,11,10,57,106,46,11,84,040,42,12,33,111,37,19,31,049,36,7*7E
$GAGSV,3,3,11,25,04,238,30,28,52,081,45,30,06,336,,7*4C
$GBGSV,3,1,09,05,09,111,,07,16,042,29,10,16,054,28,11,12,315,32,1*75
$GBGSV,3,2,09,13,05,147,,26,01,022,,27,69,201,40,28,32,155,34,1*7E
$GBGSV,3,3,09,30,38,305,36,1*44
$GIGSV,1,1,02,01,,,35,06,24,135,,1*4F
$GPGGA,134929.00,4825.1420506,N,00428.4545879,W,4,22,0.5,89.924,M,51.637,M,1.0,4095*62
$GPRMC,134929.00,A,4825.1420506,N,00428.4545879,W,0.0,0.0,100626,999.9,E,D*22
$GPGSV,3,1,12,01,37,120,44,02,12,128,40,03,62,056,47,04,58,161,45,1*64
$GPGSV,3,2,12,06,33,303,42,09,31,196,41,12,04,336,,13,03,336,,1*60
$GPGSV,3,3,12,17,50,236,46,19,45,286,45,28,14,041,38,31,18,070,40,1*6C
$GSGSV,3,1,10,01,33,195,,02,34,181,41,04,28,145,42,05,29,147,,1*64
$GSGSV,3,2,10,06,33,195,,07,05,106,,08,14,112,,17,34,167,42,1*61
$GSGSV,3,3,10,28,19,125,,39,17,237,,1*68
$GLGSV,2,1,08,68,45,039,45,69,80,204,47,70,27,216,40,76,08,341,,1*79
$GLGSV,2,2,08,77,06,025,,83,36,139,45,84,86,329,47,85,36,321,44,1*74
$GQGSV,1,1,00,1*65
$GAGSV,3,1,11,02,14,287,37,04,58,126,46,06,45,166,43,09,25,185,39,7*78
$GAGSV,3,2,11,10,57,106,46,11,84,040,42,12,33,111,37,19,31,049,36,7*7E
$GAGSV,3,3,11,25,04,238,30,28,52,081,45,30,06,336,,7*4C
$GBGSV,3,1,09,05,09,111,,07,16,042,30,10,16,054,29,11,12,315,33,1*7D
$GBGSV,3,2,09,13,05,147,,26,01,022,,27,69,201,40,28,32,155,34,1*7E
$GBGSV,3,3,09,30,38,305,36,1*44
$GIGSV,1,1,02,01,,,36,06,24,135,,1*4C
$GPGGA,134930.00,4825.1420514,N,00428.4545882,W,4,23,0.5,89.918,M,51.637,M,1.0,4095*63
$GPRMC,134930.00,A,4825.1420514,N,00428.4545882,W,0.0,0.0,100626,999.9,E,D*2D
$GPGSV,3,1,12,01,37,120,44,02,12,128,40,03,62,056,48,04,58,161,45,1*6B
$GPGSV,3,2,12,06,33,303,42,09,31,196,41,12,04,336,,13,03,336,,1*60
$GPGSV,3,3,12,17,50,236,46,19,45,286,45,28,14,041,38,31,18,070,40,1*6C
$GSGSV,3,1,10,01,33,195,,02,34,181,41,04,28,145,41,05,29,147,,1*67
$GSGSV,3,2,10,06,33,195,,07,05,106,,08,14,112,,17,34,167,42,1*61
$GSGSV,3,3,10,28,19,125,,39,17,237,,1*68
$GLGSV,2,1,08,68,45,039,45,69,80,204,47,70,27,216,40,76,08,341,,1*79
$GLGSV,2,2,08,77,06,025,,83,36,139,44,84,86,329,46,85,36,321,44,1*74
$GQGSV,1,1,00,1*65
$GAGSV,3,1,11,02,14,287,37,04,58,126,46,06,45,166,43,09,25,185,39,7*78
$GAGSV,3,2,11,10,57,106,46,11,84,040,42,12,33,111,37,19,31,049,36,7*7E
$GAGSV,3,3,11,25,04,238,31,28,52,081,45,30,06,336,,7*4D
$GBGSV,3,1,09,05,09,111,,07,16,042,29,10,16,054,28,11,12,315,32,1*75
$GBGSV,3,2,09,13,05,147,,26,01,022,,27,69,201,39,28,32,155,34,1*70
$GBGSV,3,3,09,30,38,305,35,1*47
$GIGSV,1,1,02,01,,,36,06,24,135,,1*4C
$GPGGA,134931.00,4825.1420506,N,00428.4545888,W,4,23,0.5,89.922,M,51.637,M,1.0,4095*62
$GPRMC,134931.00,A,4825.1420506,N,00428.4545888,W,0.0,0.0,100626,999.9,E,D*25
$GPGSV,3,1,12,01,37,120,45,02,12,128,40,03,62,056,48,04,58,161,45,1*6A
$GPGSV,3,2,12,06,33,303,42,09,31,196,41,12,04,336,,13,03,336,,1*60
$GPGSV,3,3,12,17,50,236,46,19,45,286,44,28,14,041,38,31,18,070,40,1*6D
$GSGSV,3,1,10,01,33,195,,02,34,181,40,04,28,145,41,05,29,147,,1*66
$GSGSV,3,2,10,06,33,195,,07,05,106,,08,14,112,,17,34,167,42,1*61
$GSGSV,3,3,10,28,19,125,,39,17,237,,1*68
$GLGSV,2,1,08,68,45,039,45,69,80,204,47,70,27,216,40,76,08,341,,1*79
$GLGSV,2,2,08,77,06,025,,83,36,139,44,84,86,329,46,85,36,321,44,1*74
$GQGSV,1,1,00,1*65
$GAGSV,3,1,11,02,14,287,37,04,58,126,46,06,45,166,43,09,25,185,39,7*78
$GAGSV,3,2,11,10,57,106,46,11,84,040,43,12,33,111,37,19,31,049,36,7*7F
$GAGSV,3,3,11,25,04,238,31,28,52,081,45,30,06,336,,7*4D
$GBGSV,3,1,09,05,09,111,,07,16,042,28,10,16,054,28,11,12,315,33,1*75
$GBGSV,3,2,09,13,05,147,,26,01,022,,27,69,201,39,28,32,155,33,1*77
$GBGSV,3,3,09,30,38,305,35,1*47
$GIGSV,1,1,02,01,,,36,06,24,135,,1*4C
$GPGGA,134932.00,4825.1420504,N,00428.4545879,W,4,23,0.5,89.924,M,51.637,M,2.0,4095*68
$GPRMC,134932.00,A,4825.1420504,N,00428.4545879,W,0.0,0.0,100626,999.9,E,D*2A
$GPGSV,3,1,12,01,37,120,45,02,12,128,40,03,62,056,48,04,58,161,45,1*6A
$GPGSV,3,2,12,06,33,303,42,09,31,196,41,12,04,336,,13,03,336,,1*60
$GPGSV,3,3,12,17,50,236,47,19,45,286,44,28,14,041,38,31,18,070,41,1*6D
$GSGSV,3,1,10,01,33,195,,02,34,181,41,04,28,145,41,05,29,147,,1*67
$GSGSV,3,2,10,06,33,195,,07,05,106,,08,14,112,,17,34,167,42,1*61
$GSGSV,3,3,10,28,19,125,,39,17,237,,1*68
$GLGSV,2,1,08,68,45,038,44,69,80,204,47,70,27,216,40,76,08,341,,1*79
$GLGSV,2,2,08,77,06,025,,83,36,139,44,84,86,329,46,85,36,321,44,1*74
$GQGSV,1,1,00,1*65
$GAGSV,3,1,11,02,14,287,37,04,58,126,46,06,45,166,43,09,25,185,39,7*78
$GAGSV,3,2,11,10,57,106,46,11,84,040,42,12,33,111,37,19,31,049,36,7*7E
$GAGSV,3,3,11,25,04,238,31,28,52,081,45,30,06,336,,7*4D
$GBGSV,3,1,09,05,09,111,,07,16,042,29,10,16,054,28,11,12,315,33,1*74
$GBGSV,3,2,09,13,05,147,,26,01,022,,27,69,201,40,28,32,155,32,1*78
$GBGSV,3,3,09,30,38,305,35,1*47
$GIGSV,1,1,02,01,,,36,06,24,135,,1*4C
$GPGGA,134933.00,4825.1420494,N,00428.4545875,W,4,23,0.5,89.924,M,51.637,M,1.0,4095*6E
$GPRMC,134933.00,A,4825.1420494,N,00428.4545875,W,0.0,0.0,100626,999.9,E,D*2F
$GPGSV,3,1,12,01,37,120,46,02,12,128,40,03,62,056,48,04,58,161,45,1*69
$GPGSV,3,2,12,06,33,303,42,09,31,196,41,12,04,336,,13,03,336,,1*60
$GPGSV,3,3,12,17,50,236,47,19,45,286,44,28,13,041,38,31,18,070,40,1*6B
$GSGSV,3,1,10,01,33,195,,02,34,181,41,04,28,145,41,05,29,147,,1*67
$GSGSV,3,2,10,06,33,195,,07,05,106,,08,14,112,,17,34,167,42,1*61
$GSGSV,3,3,10,28,19,125,,39,17,237,,1*68
$GLGSV,2,1,08,68,45,038,45,69,80,204,47,70,27,216,40,76,08,341,,1*78
$GLGSV,2,2,08,77,06,025,,83,35,139,44,84,86,329,46,85,36,321,45,1*76
$GQGSV,1,1,00,1*65
$GAGSV,3,1,11,02,14,287,37,04,58,126,46,06,45,166,43,09,25,185,39,7*78
$GAGSV,3,2,11,10,57,106,46,11,84,041,42,12,33,111,37,19,31,049,36,7*7F
$GAGSV,3,3,11,25,04,238,31,28,52,081,45,30,06,336,,7*4D
$GBGSV,3,1,09,05,09,111,,07,16,042,29,10,16,054,29,11,12,315,33,1*75
$GBGSV,3,2,09,13,05,147,,26,01,022,,27,69,201,39,28,32,155,33,1*77
$GBGSV,3,3,09,30,38,305,35,1*47
$GIGSV,1,1,02,01,,,35,06,24,135,,1*4F
$GPGGA,134934.00,4825.1420500,N,00428.4545886,W,4,23,0.5,89.923,M,51.637,M,1.0,4095*6E
$GPRMC,134934.00,A,4825.1420500,N,00428.4545886,W,0.0,0.0,100626,999.9,E,D*28
$GPGSV,3,1,12,01,37,120,45,02,12,128,40,03,62,056,48,04,58,161,43,1*6C
$GPGSV,3,2,12,06,33,303,43,09,31,196,41,12,04,336,,13,03,336,,1*61
$GPGSV,3,3,12,17,50,236,46,19,45,286,43,28,13,041,38,31,18,070,40,1*6D
$GSGSV,3,1,10,01,33,195,,02,34,181,41,04,28,145,41,05,29,147,,1*67
$GSGSV,3,2,10,06,33,195,,07,05,106,,08,14,112,,17,34,167,42,1*61
$GSGSV,3,3,10,28,19,125,,39,17,237,,1*68
$GLGSV,2,1,08,68,45,038,44,69,80,204,47,70,27,216,40,76,08,341,,1*79
$GLGSV,2,2,08,77,06,025,,83,35,139,44,84,86,329,46,85,36,321,44,1*77
$GQGSV,1,1,00,1*65
$GAGSV,3,1,11,02,14,287,37,04,58,126,46,06,45,166,43,09,25,185,39,7*78
$GAGSV,3,2,11,10,57,106,46,11,84,041,42,12,33,111,37,19,31,049,36,7*7F
$GAGSV,3,3,11,25,04,238,32,28,52,081,45,30,06,336,,7*4E
$GBGSV,3,1,09,05,09,111,,07,16,042,28,10,16,054,28,11,12,315,33,1*75
$GBGSV,3,2,09,13,05,147,,26,01,022,,27,69,201,39,28,32,155,32,1*76
$GBGSV,3,3,09,30,38,305,35,1*47
$GIGSV,1,1,02,01,,,35,06,24,135,,1*4F
$GPGGA,134935.00,4825.1420492,N,00428.4545877,W,4,23,0.5,89.925,M,51.637,M,1.0,4095*6D
$GPRMC,134935.00,A,4825.1420492,N,00428.4545877,W,0.0,0.0,100626,999.9,E,D*2D
$GPGSV,3,1,12,01,37,120,45,02,12,128,40,03,62,056,48,04,58,161,43,1*6C
$GPGSV,3,2,12,06,33,303,42,09,31,196,41,12,04,336,,13,03,336,,1*60
$GPGSV,3,3,12,17,50,236,47,19,45,286,44,28,13,041,38,31,18,070,39,1*65
$GSGSV,3,1,10,01,33,195,,02,34,181,41,04,28,145,41,05,29,147,,1*67
$GSGSV,3,2,10,06,33,195,,07,05,106,,08,14,112,,17,34,167,42,1*61
$GSGSV,3,3,10,28,19,125,,39,17,237,,1*68
$GLGSV,2,1,08,68,45,038,44,69,80,204,46,70,27,216,40,76,08,341,,1*78
$GLGSV,2,2,08,77,06,025,,83,35,139,44,84,86,329,46,85,36,321,45,1*76
$GQGSV,1,1,00,1*65
$GAGSV,3,1,11,02,14,287,37,04,58,126,46,06,45,166,43,09,25,185,39,7*78
$GAGSV,3,2,11,10,57,106,46,11,84,041,42,12,33,111,37,19,31,049,36,7*7F
$GAGSV,3,3,11,25,04,238,31,28,52,081,45,30,06,336,,7*4D
$GBGSV,3,1,09,05,09,111,,07,16,042,29,10,16,054,29,11,12,315,32,1*74
$GBGSV,3,2,09,13,05,147,,26,01,022,,27,69,201,39,28,32,155,33,1*77
$GBGSV,3,3,09,30,38,305,36,1*44
$GIGSV,1,1,02,01,,,35,06,24,135,,1*4F
$GPGGA,134936.00,4825.1420512,N,00428.4545881,W,4,22,0.5,89.922,M,51.637,M,2.0,4095*6B
$GPRMC,134936.00,A,4825.1420512,N,00428.4545881,W,0.0,0.0,100626,999.9,E,D*2E
$GPGSV,3,1,12,01,37,120,45,02,12,128,40,03,62,056,48,04,58,161,44,1*6B
$GPGSV,3,2,12,06,33,303,42,09,31,196,41,12,04,336,,13,03,336,,1*60
$GPGSV,3,3,12,17,50,236,46,19,45,286,44,28,13,041,38,31,18,070,40,1*6A
$GSGSV,3,1,10,01,33,195,,02,34,181,41,04,28,145,41,05,29,147,,1*67
$GSGSV,3,2,10,06,33,195,,07,05,106,,08,14,112,,17,34,167,42,1*61
$GSGSV,3,3,10,28,19,125,,39,17,237,,1*68
$GLGSV,2,1,08,68,45,038,44,69,80,204,47,70,27,216,40,76,08,341,,1*79
$GLGSV,2,2,08,77,06,025,,83,35,139,44,84,86,329,46,85,36,321,45,1*76
$GQGSV,1,1,00,1*65
$GAGSV,3,1,11,02,14,287,37,04,58,126,46,06,45,166,43,09,25,185,39,7*78
$GAGSV,3,2,11,10,57,106,46,11,84,041,42,12,33,111,37,19,31,049,37,7*7E
$GAGSV,3,3,11,25,04,238,31,28,52,081,45,30,06,336,,7*4D
$GBGSV,3,1,09,05,09,111,,07,16,042,29,10,16,054,28,11,12,315,32,1*75
$GBGSV,3,2,09,13,05,147,,26,01,022,,27,69,201,39,28,32,155,33,1*77
$GBGSV,3,3,09,30,38,305,36,1*44
$GIGSV,1,1,02,01,,,35,06,24,135,,1*4F
$GPGGA,134937.00,4825.1420513,N,00428.4545875,W,4,22,0.5,89.917,M,51.637,M,1.0,4095*65
$GPRMC,134937.00,A,4825.1420513,N,00428.4545875,W,0.0,0.0,100626,999.9,E,D*25
$GPGSV,3,1,12,01,37,120,45,02,12,128,40,03,62,056,48,04,58,161,44,1*6B
$GPGSV,3,2,12,06,33,303,42,09,31,196,42,12,04,336,,13,03,336,,1*63
$GPGSV,3,3,12,17,50,236,46,19,45,286,45,28,13,041,38,31,18,070,41,1*6A
$GSGSV,3,1,10,01,33,195,,02,34,181,41,04,28,145,41,05,29,147,,1*67
$GSGSV,3,2,10,06,33,195,,07,05,106,,08,14,112,,17,34,167,43,1*60
$GSGSV,3,3,10,28,19,125,,39,17,237,,1*68
$GLGSV,2,1,08,68,45,038,45,69,80,204,47,70,27,216,40,76,08,341,,1*78
$GLGSV,2,2,08,77,06,025,,83,35,139,44,84,86,329,46,85,36,321,45,1*76
$GQGSV,1,1,00,1*65
$GAGSV,3,1,11,02,14,287,37,04,58,126,46,06,45,166,43,09,25,185,39,7*78
$GAGSV,3,2,11,10,57,106,46,11,84,041,42,12,33,111,37,19,31,049,36,7*7F
$GAGSV,3,3,11,25,04,238,31,28,52,081,45,30,06,336,,7*4D
$GBGSV,3,1,09,05,09,111,,07,16,042,29,10,16,054,28,11,12,315,32,1*75
$GBGSV,3,2,09,13,05,147,,26,01,022,,27,69,201,39,28,32,155,34,1*70
$GBGSV,3,3,09,30,38,305,35,1*47
$GIGSV,1,1,02,01,,,35,06,24,135,,1*4F
$GPGGA,134938.00,4825.1420504,N,00428.4545879,W,4,23,0.5,89.920,M,51.637,M,1.0,4095*65
$GPRMC,134938.00,A,4825.1420504,N,00428.4545879,W,0.0,0.0,100626,999.9,E,D*20
$GPGSV,3,1,12,01,37,120,45,02,12,128,40,03,62,056,48,04,58,161,44,1*6B
$GPGSV,3,2,12,06,33,303,42,09,31,196,41,12,04,336,,13,03,336,,1*60
$GPGSV,3,3,12,17,50,236,46,19,45,286,45,28,13,041,38,31,18,070,40,1*6B
$GSGSV,3,1,10,01,33,195,,02,34,181,41,04,28,145,41,05,29,147,,1*67
$GSGSV,3,2,10,06,33,195,,07,05,106,,08,14,112,,17,34,167,42,1*61
$GSGSV,3,3,10,28,19,125,,39,17,237,,1*68
$GLGSV,2,1,08,68,45,038,45,69,80,204,47,70,27,216,40,76,08,341,,1*78
$GLGSV,2,2,08,77,06,025,,83,35,139,43,84,86,329,46,85,36,321,45,1*71
$GQGSV,1,1,00,1*65
$GAGSV,3,1,11,02,14,287,37,04,58,126,46,06,45,166,43,09,25,185,39,7*78
$GAGSV,3,2,11,10,57,106,46,11,84,041,42,12,33,111,37,19,31,049,36,7*7F
$GAGSV,3,3,11,25,04,238,31,28,52,081,45,30,06,336,,7*4D
$GBGSV,3,1,09,05,09,111,,07,16,042,30,10,16,054,28,11,12,315,32,1*7D
$GBGSV,3,2,09,13,05,147,,26,01,022,,27,69,200,39,28,32,155,33,1*76
$GBGSV,3,3,09,30,38,305,36,1*44
$GIGSV,1,1,02,01,,,34,06,24,135,,1*4E
$GPGGA,134939.00,4825.1420498,N,00428.4545869,W,4,23,0.5,89.916,M,51.637,M,2.0,4095*67
$GPRMC,134939.00,A,4825.1420498,N,00428.4545869,W,0.0,0.0,100626,999.9,E,D*24
$GPGSV,3,1,12,01,37,120,46,02,12,128,40,03,62,056,48,04,58,161,44,1*68
$GPGSV,3,2,12,06,33,303,42,09,31,196,41,12,04,336,,13,03,336,,1*60
$GPGSV,3,3,12,17,50,236,47,19,45,286,45,28,13,041,38,31,18,070,40,1*6A
$GSGSV,3,1,10,01,33,195,,02,34,181,41,04,28,145,41,05,29,147,,1*67
$GSGSV,3,2,10,06,33,195,,07,05,106,,08,14,112,,17,34,167,42,1*61
$GSGSV,3,3,10,28,19,125,,39,17,237,,1*68
$GLGSV,2,1,08,68,45,038,45,69,80,204,47,70,27,216,40,76,08,341,,1*78
$GLGSV,2,2,08,77,06,025,,83,35,139,44,84,86,329,46,85,36,321,44,1*77
$GQGSV,1,1,00,1*65
$GAGSV,3,1,11,02,14,287,36,04,58,126,46,06,45,166,44,09,25,185,39,7*7E
$GAGSV,3,2,11,10,57,106,46,11,84,041,43,12,33,111,37,19,31,049,36,7*7E
$GAGSV,3,3,11,25,04,238,32,28,52,081,45,30,06,336,,7*4E
$GBGSV,3,1,09,05,09,111,,07,16,042,29,10,16,054,28,11,12,315,32,1*75
$GBGSV,3,2,09,13,05,147,,26,01,022,,27,69,200,39,28,32,155,34,1*71
$GBGSV,3,3,09,30,38,305,36,1*44
$GIGSV,1,1,02,01,,,35,06,24,135,,1*4F
$GPGGA,134940.00,4825.1420488,N,00428.4545857,W,4,23,0.5,89.922,M,51.637,M,3.0,4095*63
$GPRMC,134940.00,A,4825.1420488,N,00428.4545857,W,0.0,0.0,100626,999.9,E,D*26
$GPGSV,3,1,12,01,37,120,45,02,12,128,41,03,62,056,48,04,58,161,44,1*6A
$GPGSV,3,2,12,06,33,303,42,09,31,196,42,12,04,336,,13,03,336,,1*63
$GPGSV,3,3,12,17,50,236,46,19,45,286,45,28,13,041,38,31,18,070,40,1*6B
$GSGSV,3,1,10,01,33,195,,02,34,181,41,04,28,145,42,05,29,147,,1*64
$GSGSV,3,2,10,06,33,195,,07,05,106,,08,14,112,,17,34,167,42,1*61
$GSGSV,3,3,10,28,19,125,,39,17,237,,1*68
$GLGSV,2,1,08,68,45,038,45,69,80,204,47,70,27,216,40,76,08,341,,1*78
$GLGSV,2,2,08,77,06,025,,83,35,139,44,84,86,329,47,85,36,321,45,1*77
$GQGSV,1,1,00,1*65
$GAGSV,3,1,11,02,14,287,37,04,58,126,46,06,45,166,44,09,25,185,39,7*7F
$GAGSV,3,2,11,10,57,106,46,11,84,041,43,12,33,111,37,19,31,049,36,7*7E
$GAGSV,3,3,11,25,04,238,32,28,52,081,44,30,06,336,,7*4F
$GBGSV,3,1,09,05,09,111,,07,16,042,28,10,16,054,28,11,12,315,31,1*77
$GBGSV,3,2,09,13,05,147,,26,01,022,,27,69,200,39,28,32,155,34,1*71
$GBGSV,3,3,09,30,38,305,36,1*44
$GIGSV,1,1,02,01,,,35,06,24,135,,1*4F
$GPGGA,134941.00,4825.1420497,N,00428.4545868,W,4,23,0.5,89.923,M,51.637,M,1.0,4095*63
$GPRMC,134941.00,A,4825.1420497,N,00428.4545868,W,0.0,0.0,100626,999.9,E,D*25
$GPGSV,3,1,12,01,37,120,45,02,12,128,41,03,62,056,48,04,58,161,45,1*6B
$GPGSV,3,2,12,06,33,303,42,09,31,196,41,12,04,336,,13,03,336,,1*60
$GPGSV,3,3,12,17,50,236,46,19,45,286,45,28,13,041,38,31,18,070,40,1*6B
$GSGSV,3,1,10,01,33,195,,02,34,181,41,04,28,145,41,05,29,147,,1*67
$GSGSV,3,2,10,06,33,195,,07,05,106,,08,14,112,,17,34,167,41,1*62
$GSGSV,3,3,10,28,19,125,,39,17,237,,1*68
$GLGSV,2,1,08,68,45,038,44,69,80,204,47,70,27,216,40,76,08,341,,1*79
$GLGSV,2,2,08,77,06,025,,83,35,139,44,84,86,329,46,85,36,321,45,1*76
$GQGSV,1,1,00,1*65
$GAGSV,3,1,11,02,14,287,37,04,58,126,46,06,45,166,44,09,25,185,39,7*7F
$GAGSV,3,2,11,10,57,106,46,11,84,041,42,12,33,111,37,19,31,049,36,7*7F
$GAGSV,3,3,11,25,04,238,32,28,52,081,44,30,06,336,,7*4F
$GBGSV,3,1,09,05,09,111,,07,16,042,29,10,16,054,28,11,12,315,31,1*76
$GBGSV,3,2,09,13,05,147,,26,01,022,,27,69,200,40,28,32,155,34,1*7F
$GBGSV,3,3,09,30,38,305,36,1*44
$GIGSV,1,1,02,01,,,35,06,24,135,,1*4F
$GPGGA,134942.00,4825.1420513,N,00428.4545893,W,4,23,0.5,89.921,M,51.637,M,1.0,4095*6B
$GPRMC,134942.00,A,4825.1420513,N,00428.4545893,W,0.0,0.0,100626,999.9,E,D*2F
$GPGSV,3,1,12,01,37,120,45,02,12,128,40,03,62,056,47,04,58,161,45,1*65
$GPGSV,3,2,12,06,33,303,42,09,31,196,41,12,04,336,,13,03,336,,1*60
$GPGSV,3,3,12,17,50,236,46,19,45,286,45,28,13,041,38,31,18,070,40,1*6B
$GSGSV,3,1,10,01,33,195,,02,34,181,41,04,28,145,41,05,29,147,,1*67
$GSGSV,3,2,10,06,33,195,,07,05,106,,08,14,112,,17,34,167,41,1*62
$GSGSV,3,3,10,28,19,125,,39,17,237,,1*68
$GLGSV,2,1,08,68,45,038,44,69,80,204,47,70,27,216,41,76,08,341,,1*78
$GLGSV,2,2,08,77,06,025,,83,35,139,44,84,86,329,46,85,36,321,45,1*76
$GQGSV,1,1,00,1*65
$GAGSV,3,1,11,02,14,287,37,04,58,126,46,06,45,166,43,09,25,185,38,7*79
$GAGSV,3,2,11,10,57,106,47,11,84,041,42,12,33,111,37,19,31,049,36,7*7E
$GAGSV,3,3,11,25,04,238,33,28,52,081,45,30,06,336,,7*4F
$GBGSV,3,1,09,05,09,111,,07,16,042,28,10,16,054,27,11,12,315,31,1*78
$GBGSV,3,2,09,13,05,147,,26,01,022,,27,69,200,39,28,32,155,34,1*71
$GBGSV,3,3,09,30,38,305,37,1*45
$GIGSV,1,1,02,01,,,34,06,24,135,,1*4E
$GPGGA,134943.00,4825.1420523,N,00428.4545910,W,4,23,0.5,89.925,M,51.637,M,2.0,4095*64
$GPRMC,134943.00,A,4825.1420523,N,00428.4545910,W,0.0,0.0,100626,999.9,E,D*27
$GPGSV,3,1,12,01,37,120,45,02,12,128,40,03,62,056,48,04,58,161,44,1*6B
$GPGSV,3,2,12,06,33,303,42,09,31,196,41,12,04,336,,13,03,336,,1*60
$GPGSV,3,3,12,17,50,236,46,19,45,286,45,28,13,041,38,31,18,070,40,1*6B
$GSGSV,3,1,10,01,33,195,,02,34,181,41,04,28,145,41,05,29,147,,1*67
$GSGSV,3,2,10,06,33,195,,07,05,106,,08,14,112,,17,34,167,41,1*62
$GSGSV,3,3,10,28,19,125,,39,17,237,,1*68
$GLGSV,2,1,08,68,45,038,45,69,80,204,47,70,27,216,41,76,08,341,,1*79
$GLGSV,2,2,08,77,06,025,,83,35,139,43,84,86,329,45,85,36,321,44,1*73
$GQGSV,1,1,00,1*65
$GAGSV,3,1,11,02,14,287,37,04,58,126,46,06,45,166,43,09,25,185,38,7*79
$GAGSV,3,2,11,10,57,106,46,11,84,041,42,12,33,111,37,19,31,049,36,7*7F
$GAGSV,3,3,11,25,04,238,34,28,52,081,44,30,06,336,,7*49
$GBGSV,3,1,09,05,09,111,,07,16,042,29,10,16,054,28,11,12,315,32,1*75
$GBGSV,3,2,09,13,05,147,,26,01,022,,27,69,200,39,28,32,155,34,1*71
$GBGSV,3,3,09,30,38,305,36,1*44
$GIGSV,1,1,02,01,,,34,06,24,135,,1*4E
$GPGGA,134944.00,4825.1420521,N,00428.4545907,W,4,23,0.5,89.922,M,51.637,M,3.0,4095*61
$GPRMC,134944.00,A,4825.1420521,N,00428.4545907,W,0.0,0.0,100626,999.9,E,D*24
$GPGSV,3,1,12,01,37,120,45,02,12,128,40,03,62,056,48,04,58,161,44,1*6B
$GPGSV,3,2,12,06,33,303,42,09,31,196,41,12,04,336,,13,03,336,,1*60
$GPGSV,3,3,12,17,50,236,47,19,45,286,45,28,13,041,38,31,18,070,40,1*6A
$GSGSV,3,1,10,01,33,195,,02,34,181,41,04,28,145,42,05,29,147,,1*64
$GSGSV,3,2,10,06,33,195,,07,05,106,,08,14,112,,17,34,167,42,1*61
$GSGSV,3,3,10,28,19,125,,39,17,237,,1*68
$GLGSV,2,1,08,68,45,038,45,69,80,204,47,70,27,216,41,76,08,341,,1*79
$GLGSV,2,2,08,77,06,025,,83,35,139,43,84,86,329,46,85,36,321,45,1*71
$GQGSV,1,1,00,1*65
$GAGSV,3,1,11,02,14,287,37,04,58,126,45,06,45,166,43,09,25,185,38,7*7A
$GAGSV,3,2,11,10,57,106,46,11,84,041,43,12,33,111,37,19,31,049,36,7*7E
$GAGSV,3,3,11,25,04,238,34,28,52,080,44,30,06,336,,7*48
$GBGSV,3,1,09,05,09,111,,07,16,042,28,10,16,054,27,11,12,315,31,1*78
$GBGSV,3,2,09,13,05,147,,26,01,022,,27,69,200,40,28,32,155,34,1*7F
$GBGSV,3,3,09,30,38,305,36,1*44
$GIGSV,1,1,02,01,,,35,06,24,135,,1*4F
$GPGGA,134945.00,4825.1420527,N,00428.4545910,W,4,23,0.5,89.922,M,51.637,M,1.0,4095*62
$GPRMC,134945.00,A,4825.1420527,N,00428.4545910,W,0.0,0.0,100626,999.9,E,D*25
$GPGSV,3,1,12,01,37,120,45,02,12,128,40,03,62,056,48,04,58,161,44,1*6B
$GPGSV,3,2,12,06,33,303,42,09,31,196,41,12,04,336,,13,03,336,,1*60
$GPGSV,3,3,12,17,50,236,47,19,45,286,45,28,13,041,38,31,18,070,40,1*6A
$GSGSV,3,1,10,01,33,195,,02,34,181,41,04,28,145,42,05,29,147,,1*64
$GSGSV,3,2,10,06,33,195,,07,05,106,,08,14,112,,17,34,167,42,1*61
$GSGSV,3,3,10,28,19,125,,39,17,237,,1*68
$GLGSV,2,1,08,68,45,038,45,69,80,204,47,70,27,216,41,76,08,341,,1*79
$GLGSV,2,2,08,77,06,025,,83,35,139,44,84,86,329,46,85,36,321,45,1*76
$GQGSV,1,1,00,1*65
$GAGSV,3,1,11,02,14,287,37,04,58,126,46,06,45,166,43,09,25,185,39,7*78
$GAGSV,3,2,11,10,57,106,46,11,84,041,42,12,33,111,38,19,31,049,36,7*70
$GAGSV,3,3,11,25,04,238,33,28,52,080,45,30,06,336,,7*4E
$GBGSV,3,1,09,05,09,111,,07,16,042,28,10,16,054,28,11,12,315,31,1*77
$GBGSV,3,2,09,13,05,147,,26,01,022,,27,69,200,40,28,32,155,34,1*7F
$GBGSV,3,3,09,30,38,305,36,1*44
$GIGSV,1,1,02,01,,,35,06,24,135,,1*4F
$GPGGA,134946.00,4825.1420523,N,00428.4545889,W,4,22,0.5,89.921,M,51.637,M,1.0,4095*66
$GPRMC,134946.00,A,4825.1420523,N,00428.4545889,W,0.0,0.0,100626,999.9,E,D*23
$GPGSV,3,1,12,01,37,120,45,02,12,128,41,03,62,056,48,04,58,161,45,1*6B
$GPGSV,3,2,12,06,33,303,42,09,31,196,41,12,04,336,,13,03,336,,1*60
$GPGSV,3,3,12,17,50,236,46,19,45,286,45,28,13,041,38,31,18,070,40,1*6B
$GSGSV,3,1,10,01,33,195,,02,34,181,41,04,28,145,42,05,29,147,,1*64
$GSGSV,3,2,10,06,33,195,,07,05,106,,08,14,112,,17,34,167,42,1*61
$GSGSV,3,3,10,28,19,125,,39,17,237,,1*68
$GLGSV,2,1,08,68,45,038,45,69,80,204,47,70,27,216,40,76,08,341,,1*78
$GLGSV,2,2,08,77,06,025,,83,35,139,43,84,86,329,46,85,36,321,45,1*71
$GQGSV,1,1,00,1*65
$GAGSV,3,1,11,02,14,287,37,04,58,126,46,06,45,166,43,09,25,185,38,7*79
$GAGSV,3,2,11,10,57,106,46,11,84,041,43,12,32,111,38,19,31,049,36,7*70
$GAGSV,3,3,11,25,04,238,33,28,52,080,44,30,06,336,,7*4F
$GBGSV,3,1,09,05,09,111,,07,16,042,28,10,16,054,28,11,12,315,31,1*77
$GBGSV,3,2,09,13,05,147,,26,01,022,,27,69,200,39,28,32,155,34,1*71
$GBGSV,3,3,09,30,38,305,36,1*44
$GIGSV,1,1,02,01,,,35,06,24,135,,1*4F
$GPGGA,134947.00,4825.1420518,N,00428.4545881,W,4,22,0.5,89.918,M,51.637,M,2.0,4095*6E
$GPRMC,134947.00,A,4825.1420518,N,00428.4545881,W,0.0,0.0,100626,999.9,E,D*22
$GPGSV,3,1,12,01,37,120,46,02,12,128,41,03,62,056,47,04,58,161,45,1*67
$GPGSV,3,2,12,06,33,303,42,09,31,196,42,12,04,336,,13,03,336,,1*63
$GPGSV,3,3,12,17,50,236,46,19,45,286,45,28,13,041,38,31,18,070,40,1*6B
$GSGSV,3,1,10,01,33,195,,02,34,181,41,04,28,145,41,05,29,147,,1*67
$GSGSV,3,2,10,06,33,195,,07,05,106,,08,14,112,,17,34,167,42,1*61
$GSGSV,3,3,10,28,19,125,,39,17,237,,1*68
$GLGSV,2,1,08,68,45,038,45,69,80,204,47,70,27,216,40,76,08,341,,1*78
$GLGSV,2,2,08,77,06,025,,83,35,139,43,84,86,329,46,85,36,321,45,1*71
$GQGSV,1,1,00,1*65
$GAGSV,3,1,11,02,14,287,37,04,58,126,46,06,45,166,43,09,25,185,39,7*78
$GAGSV,3,2,11,10,57,106,46,11,84,041,42,12,32,111,38,19,31,049,36,7*71
$GAGSV,3,3,11,25,04,238,34,28,52,080,45,30,06,336,,7*49
$GBGSV,3,1,09,05,09,111,,07,16,042,29,10,16,054,28,11,12,315,32,1*75
$GBGSV,3,2,09,13,05,147,,26,01,022,,27,69,200,39,28,32,155,34,1*71
$GBGSV,3,3,09,30,38,305,35,1*47
$GIGSV,1,1,02,01,,,35,06,24,135,,1*4F
$GPGGA,134948.00,4825.1420519,N,00428.4545880,W,4,22,0.5,89.919,M,51.637,M,3.0,4095*61
$GPRMC,134948.00,A,4825.1420519,N,00428.4545880,W,0.0,0.0,100626,999.9,E,D*2D
$GPGSV,3,1,12,01,37,120,45,02,12,128,41,03,62,056,47,04,58,161,44,1*65
$GPGSV,3,2,12,06,33,303,43,09,31,196,41,12,04,336,,13,03,336,,1*61
$GPGSV,3,3,12,17,50,236,46,19,45,286,45,28,13,041,38,31,18,070,39,1*65
$GSGSV,3,1,10,01,33,195,,02,34,181,41,04,28,145,41,05,29,147,,1*67
$GSGSV,3,2,10,06,33,195,,07,05,106,,08,14,112,,17,34,167,42,1*61
$GSGSV,3,3,10,28,19,125,,39,17,237,,1*68
$GLGSV,2,1,08,68,45,038,45,69,80,204,48,70,27,216,40,76,08,341,,1*77
$GLGSV,2,2,08,77,06,025,,83,35,139,44,84,86,329,47,85,36,321,45,1*77
$GQGSV,1,1,00,1*65
$GAGSV,3,1,11,02,14,287,37,04,58,126,45,06,45,166,44,09,25,185,39,7*7C
$GAGSV,3,2,11,10,57,106,46,11,84,041,43,12,32,111,38,19,31,049,36,7*70
$GAGSV,3,3,11,25,04,238,35,28,52,080,45,30,06,336,,7*48
$GBGSV,3,1,09,05,09,111,,07,16,042,28,10,16,054,28,11,12,315,32,1*74
$GBGSV,3,2,09,13,05,147,,26,01,022,,27,69,200,39,28,32,155,34,1*71
$GBGSV,3,3,09,30,38,305,35,1*47
$GIGSV,1,1,02,01,,,34,06,24,135,,1*4E
$GPGGA,134949.00,4825.1420515,N,00428.4545896,W,4,23,0.5,89.921,M,51.637,M,1.0,4095*63
$GPRMC,134949.00,A,4825.1420515,N,00428.4545896,W,0.0,0.0,100626,999.9,E,D*27
$GPGSV,3,1,12,01,37,120,45,02,12,128,41,03,62,056,48,04,58,161,44,1*6A
$GPGSV,3,2,12,06,33,303,42,09,31,196,41,12,04,336,,13,03,336,,1*60
$GPGSV,3,3,12,17,50,236,46,19,45,286,45,28,13,041,37,31,18,070,39,1*6A
$GSGSV,3,1,10,01,33,195,,02,34,181,41,04,28,145,42,05,29,147,,1*64
$GSGSV,3,2,10,06,33,195,,07,05,106,,08,14,112,,17,34,167,42,1*61
$GSGSV,3,3,10,28,19,125,,39,17,237,,1*68
$GLGSV,2,1,08,68,45,038,45,69,80,204,47,70,27,216,40,76,08,341,,1*78
$GLGSV,2,2,08,77,06,025,,83,35,139,43,84,86,329,47,85,36,321,44,1*71
$GQGSV,1,1,00,1*65
$GAGSV,3,1,11,02,14,287,37,04,58,126,45,06,45,166,43,09,25,185,39,7*7B
$GAGSV,3,2,11,10,57,106,47,11,84,042,42,12,32,111,37,19,31,049,36,7*7C
$GAGSV,3,3,11,25,04,238,34,28,52,080,45,30,06,336,,7*49
$GBGSV,3,1,09,05,09,111,,07,16,042,29,10,16,054,28,11,12,315,32,1*75
$GBGSV,3,2,09,13,05,147,,26,01,022,,27,69,200,39,28,32,155,34,1*71
$GBGSV,3,3,09,30,38,305,36,1*44
$GIGSV,1,1,02,01,,,34,06,24,135,,1*4E
$GPGGA,134950.00,4825.1420518,N,00428.4545883,W,4,23,0.5,89.921,M,51.637,M,1.0,4095*62
$GPRMC,134950.00,A,4825.1420518,N,00428.4545883,W,0.0,0.0,100626,999.9,E,D*26
$GPGSV,3,1,12,01,37,120,45,02,12,128,40,03,62,056,48,04,58,161,45,1*6A
$GPGSV,3,2,12,06,33,303,42,09,31,196,41,12,04,336,,13,03,336,,1*60
$GPGSV,3,3,12,17,50,236,46,19,45,286,45,28,13,041,38,31,18,070,40,1*6B
$GSGSV,3,1,10,01,33,195,,02,34,181,41,04,28,145,41,05,29,147,,1*67
$GSGSV,3,2,10,06,33,195,,07,05,106,,08,14,112,,17,34,167,42,1*61
$GSGSV,3,3,10,28,19,125,,39,17,237,,1*68
$GLGSV,2,1,08,68,45,038,45,69,80,204,47,70,27,216,40,76,08,341,,1*78
$GLGSV,2,2,08,77,06,025,,83,35,139,43,84,86,329,46,85,36,321,44,1*70
$GQGSV,1,1,00,1*65
$GAGSV,3,1,11,02,14,287,37,04,58,126,45,06,45,166,44,09,25,185,39,7*7C
$GAGSV,3,2,11,10,57,106,47,11,84,042,42,12,32,111,38,19,31,049,36,7*73
$GAGSV,3,3,11,25,04,238,33,28,52,080,45,30,06,336,,7*4E
$GBGSV,3,1,09,05,09,111,,07,16,042,28,10,16,054,28,11,12,315,32,1*74
$GBGSV,3,2,09,13,05,147,,26,01,022,,27,69,200,39,28,32,155,34,1*71
$GBGSV,3,3,09,30,38,305,36,1*44
$GIGSV,1,1,02,01,,,34,06,24,135,,1*4E
$GPGGA,134951.00,4825.1420523,N,00428.4545879,W,4,23,0.5,89.919,M,51.637,M,2.0,4095*66
$GPRMC,134951.00,A,4825.1420523,N,00428.4545879,W,0.0,0.0,100626,999.9,E,D*2A
$GPGSV,3,1,12,01,37,120,45,02,12,128,40,03,62,056,47,04,58,161,45,1*65
$GPGSV,3,2,12,06,33,303,42,09,31,196,41,12,04,336,,13,03,336,,1*60
$GPGSV,3,3,12,17,50,236,46,19,45,286,45,28,13,041,38,31,18,070,41,1*6A
$GSGSV,3,1,10,01,33,195,,02,34,181,41,04,28,145,41,05,29,147,,1*67
$GSGSV,3,2,10,06,33,195,,07,05,106,,08,14,112,,17,34,167,42,1*61
$GSGSV,3,3,10,28,19,125,,39,17,237,,1*68
$GLGSV,2,1,08,68,45,038,45,69,80,204,47,70,27,216,40,76,08,341,,1*78
$GLGSV,2,2,08,77,06,025,,83,35,139,43,84,86,329,46,85,36,321,44,1*70
$GQGSV,1,1,00,1*65
$GAGSV,3,1,11,02,14,287,37,04,58,126,45,06,45,166,43,09,25,185,39,7*7B
$GAGSV,3,2,11,10,57,106,46,11,84,042,42,12,32,111,37,19,31,049,36,7*7D
$GAGSV,3,3,11,25,04,238,33,28,52,080,45,30,06,336,,7*4E
$GBGSV,3,1,09,05,09,111,,07,16,042,28,10,16,054,28,11,12,315,32,1*74
$GBGSV,3,2,09,13,05,147,,26,01,022,,27,69,200,40,28,32,155,33,1*78
$GBGSV,3,3,09,30,38,305,36,1*44
$GIGSV,1,1,02,01,,,34,06,24,135,,1*4E
$GPGGA,134952.00,4825.1420524,N,00428.4545894,W,4,23,0.5,89.920,M,51.637,M,3.0,4095*6A
$GPRMC,134952.00,A,4825.1420524,N,00428.4545894,W,0.0,0.0,100626,999.9,E,D*2D
$GPGSV,3,1,12,01,37,120,44,02,12,128,40,03,62,056,48,04,58,161,44,1*6A
$GPGSV,3,2,12,06,33,303,42,09,31,196,41,12,04,336,,13,03,336,,1*60
$GPGSV,3,3,12,17,50,236,46,19,45,286,44,28,13,041,38,31,18,070,40,1*6A
$GSGSV,3,1,10,01,33,195,,02,34,181,41,04,28,145,41,05,29,147,,1*67
$GSGSV,3,2,10,06,33,195,,07,05,106,,08,14,112,,17,34,167,42,1*61
$GSGSV,3,3,10,28,19,125,,39,17,237,,1*68
$GLGSV,2,1,08,68,45,038,45,69,80,204,47,70,27,216,41,76,08,341,,1*79
$GLGSV,2,2,08,77,06,025,,83,35,139,44,84,86,329,46,85,36,321,44,1*77
$GQGSV,1,1,00,1*65
$GAGSV,3,1,11,02,14,287,37,04,58,126,46,06,45,166,43,09,25,185,39,7*78
$GAGSV,3,2,11,10,57,106,46,11,84,042,43,12,32,111,37,19,31,049,37,7*7D
$GAGSV,3,3,11,25,04,238,33,28,52,080,44,30,06,336,,7*4F
$GBGSV,3,1,09,05,09,111,,07,16,042,30,10,16,054,27,11,12,315,32,1*72
$GBGSV,3,2,09,13,05,147,,26,01,022,,27,69,200,39,28,32,155,33,1*76
$GBGSV,3,3,09,30,38,305,36,1*44
$GIGSV,1,1,02,01,,,34,06,24,135,,1*4E
$GPGGA,134953.00,4825.1420508,N,00428.4545905,W,4,23,0.5,89.921,M,51.637,M,1.0,4095*6F
$GPRMC,134953.00,A,4825.1420508,N,00428.4545905,W,0.0,0.0,100626,999.9,E,D*2B
$GPGSV,3,1,12,01,37,120,45,02,12,128,40,03,62,056,48,04,58,161,44,1*6B
$GPGSV,3,2,12,06,33,303,42,09,31,196,41,12,04,336,,13,03,336,,1*60
$GPGSV,3,3,12,17,50,236,47,19,45,286,45,28,13,041,38,31,18,070,40,1*6A
$GSGSV,3,1,10,01,33,195,,02,34,181,41,04,28,145,41,05,29,147,,1*67
$GSGSV,3,2,10,06,33,195,,07,05,106,,08,14,112,,17,34,167,42,1*61
$GSGSV,3,3,10,28,19,125,,39,17,237,,1*68
$GLGSV,2,1,08,68,45,038,45,69,80,204,47,70,27,216,40,76,08,341,,1*78
$GLGSV,2,2,08,77,06,025,,83,35,139,43,84,86,329,46,85,36,321,44,1*70
$GQGSV,1,1,00,1*65
$GAGSV,3,1,11,02,14,287,37,04,59,126,46,06,45,166,43,09,25,185,39,7*79
$GAGSV,3,2,11,10,57,106,46,11,84,042,43,12,32,111,37,19,31,049,36,7*7C
$GAGSV,3,3,11,25,04,238,33,28,52,080,44,30,06,336,,7*4F
$GBGSV,3,1,09,05,09,111,,07,16,042,28,10,16,054,28,11,12,315,31,1*77
$GBGSV,3,2,09,13,05,147,,26,01,022,,27,69,200,39,28,32,155,34,1*71
$GBGSV,3,3,09,30,38,305,36,1*44
$GIGSV,1,1,02,01,,,34,06,24,135,,1*4E
$GPGGA,134954.00,4825.1420505,N,00428.4545885,W,4,23,0.5,89.922,M,51.637,M,1.0,4095*6F
$GPRMC,134954.00,A,4825.1420505,N,00428.4545885,W,0.0,0.0,100626,999.9,E,D*28
$GPGSV,3,1,12,01,37,120,45,02,12,128,41,03,62,056,47,04,58,161,45,1*64
$GPGSV,3,2,12,06,33,303,42,09,31,196,40,12,04,336,,13,03,336,,1*61
$GPGSV,3,3,12,17,50,236,46,19,45,286,45,28,13,041,38,31,18,070,41,1*6A
$GSGSV,3,1,10,01,33,195,,02,34,181,41,04,28,145,41,05,29,147,,1*67
$GSGSV,3,2,10,06,33,195,,07,05,106,,08,14,112,,17,34,167,42,1*61
$GSGSV,3,3,10,28,19,125,,39,17,237,,1*68
$GLGSV,2,1,08,68,44,038,45,69,80,204,47,70,27,216,40,76,08,341,,1*79
$GLGSV,2,2,08,77,06,025,,83,35,139,43,84,86,329,47,85,36,321,44,1*71
$GQGSV,1,1,00,1*65
$GAGSV,3,1,11,02,14,287,37,04,59,126,46,06,45,166,43,09,25,185,39,7*79
$GAGSV,3,2,11,10,57,106,46,11,84,042,43,12,32,111,37,19,31,049,36,7*7C
$GAGSV,3,3,11,25,04,238,32,28,52,080,45,30,06,336,,7*4F
$GBGSV,3,1,09,05,09,111,,07,16,042,29,10,16,054,28,11,12,315,32,1*75
$GBGSV,3,2,09,13,05,147,,26,01,022,,27,69,200,40,28,32,155,33,1*78
$GBGSV,3,3,09,30,38,305,36,1*44
$GIGSV,1,1,02,01,,,33,06,24,135,,1*49
$GPGGA,134955.00,4825.1420508,N,00428.4545881,W,4,23,0.5,89.926,M,51.637,M,2.0,4095*60
$GPRMC,134955.00,A,4825.1420508,N,00428.4545881,W,0.0,0.0,100626,999.9,E,D*20
$GPGSV,3,1,12,01,37,120,45,02,12,128,41,03,62,056,48,04,58,161,45,1*6B
$GPGSV,3,2,12,06,33,303,43,09,31,196,41,12,04,336,,13,03,336,,1*61
$GPGSV,3,3,12,17,50,236,46,19,45,286,44,28,13,041,38,31,18,070,40,1*6A
$GSGSV,3,1,10,01,33,195,,02,34,181,41,04,28,145,41,05,29,147,,1*67
$GSGSV,3,2,10,06,33,195,,07,05,106,,08,14,112,,17,34,167,42,1*61
$GSGSV,3,3,10,28,19,125,,39,17,237,,1*68
$GLGSV,2,1,08,68,44,038,44,69,80,204,47,70,27,216,40,76,08,341,,1*78
$GLGSV,2,2,08,77,06,025,,83,35,139,43,84,86,329,46,85,36,321,44,1*70
$GQGSV,1,1,00,1*65
$GAGSV,3,1,11,02,14,287,36,04,59,126,46,06,45,166,43,09,25,185,39,7*78
$GAGSV,3,2,11,10,57,106,46,11,84,042,43,12,32,111,37,19,31,049,36,7*7C
$GAGSV,3,3,11,25,04,238,31,28,52,080,45,30,06,336,,7*4C
$GBGSV,3,1,09,05,09,111,,07,16,042,29,10,16,054,28,11,12,315,31,1*76
$GBGSV,3,2,09,13,05,147,,26,01,022,,27,69,200,40,28,32,155,34,1*7F
$GBGSV,3,3,09,30,38,305,35,1*47
$GIGSV,1,1,02,01,,,33,06,24,135,,1*49
$GPGGA,134956.00,4825.1420507,N,00428.4545880,W,4,23,0.5,89.930,M,51.637,M,1.0,4095*69
$GPRMC,134956.00,A,4825.1420507,N,00428.4545880,W,0.0,0.0,100626,999.9,E,D*2D
$GPGSV,3,1,12,01,37,120,45,02,12,128,41,03,62,056,48,04,58,161,45,1*6B
$GPGSV,3,2,12,06,33,303,43,09,32,196,41,12,04,336,,13,03,336,,1*62
$GPGSV,3,3,12,17,50,235,46,19,45,286,45,28,13,041,38,31,18,070,40,1*68
$GSGSV,3,1,10,01,33,195,,02,34,181,41,04,28,145,41,05,29,147,,1*67
$GSGSV,3,2,10,06,33,195,,07,05,106,,08,14,112,,17,34,167,42,1*61
$GSGSV,3,3,10,28,19,125,,39,17,237,,1*68
$GLGSV,2,1,08,68,44,038,44,69,80,204,47,70,27,216,41,76,08,341,,1*79
$GLGSV,2,2,08,77,06,025,,83,35,139,44,84,86,329,46,85,36,321,44,1*77
$GQGSV,1,1,00,1*65
$GAGSV,3,1,11,02,14,287,37,04,59,126,46,06,45,166,43,09,25,185,39,7*79
$GAGSV,3,2,11,10,57,106,46,11,84,042,43,12,32,111,37,19,31,049,36,7*7C
$GAGSV,3,3,11,25,04,238,31,28,52,080,45,30,06,336,,7*4C
$GBGSV,3,1,09,05,09,111,,07,16,042,28,10,16,054,28,11,12,315,31,1*77
$GBGSV,3,2,09,13,05,147,,26,01,022,,27,69,200,40,28,32,155,34,1*7F
$GBGSV,3,3,09,30,38,305,36,1*44
$GIGSV,1,1,02,01,,,34,06,24,135,,1*4E
$GPGGA,134957.00,4825.1420508,N,00428.4545885,W,4,23,0.5,89.925,M,51.637,M,2.0,4095*65
$GPRMC,134957.00,A,4825.1420508,N,00428.4545885,W,0.0,0.0,100626,999.9,E,D*26
$GPGSV,3,1,12,01,37,120,45,02,12,128,41,03,62,056,47,04,58,161,45,1*64
$GPGSV,3,2,12,06,33,303,42,09,32,196,41,12,04,336,,13,03,336,,1*63
$GPGSV,3,3,12,17,50,235,46,19,45,286,45,28,13,041,38,31,18,070,40,1*68
$GSGSV,3,1,10,01,33,195,,02,34,181,41,04,28,145,41,05,29,147,,1*67
$GSGSV,3,2,10,06,33,195,,07,05,106,,08,14,112,,17,34,167,42,1*61
$GSGSV,3,3,10,28,19,125,,39,17,237,,1*68
$GLGSV,2,1,08,68,44,038,44,69,80,204,47,70,27,216,41,76,08,341,,1*79
$GLGSV,2,2,08,77,06,025,,83,35,139,43,84,86,329,46,85,36,321,44,1*70
$GQGSV,1,1,00,1*65
$GAGSV,3,1,11,02,14,287,36,04,59,126,46,06,45,166,44,09,25,185,40,7*71
$GAGSV,3,2,11,10,57,106,46,11,84,042,42,12,32,111,37,19,31,049,36,7*7D
$GAGSV,3,3,11,25,04,238,32,28,52,080,45,30,06,336,,7*4F
$GBGSV,3,1,09,05,09,111,,07,16,042,28,10,16,054,28,11,12,315,32,1*74
$GBGSV,3,2,09,13,05,147,,26,01,022,,27,69,200,40,28,32,155,33,1*78
$GBGSV,3,3,09,30,38,305,36,1*44
$GIGSV,1,1,02,01,,,34,06,24,135,,1*4E
$GPGGA,134958.00,4825.1420507,N,00428.4545893,W,4,23,0.5,89.925,M,51.637,M,3.0,4095*63
$GPRMC,134958.00,A,4825.1420507,N,00428.4545893,W,0.0,0.0,100626,999.9,E,D*21
$GPGSV,3,1,12,01,37,120,45,02,12,128,41,03,62,056,48,04,58,161,45,1*6B
$GPGSV,3,2,12,06,33,303,42,09,32,196,41,12,04,336,,13,03,336,,1*63
$GPGSV,3,3,12,17,50,235,46,19,45,286,45,28,13,041,38,31,18,070,40,1*68
$GSGSV,3,1,10,01,33,195,,02,34,181,41,04,28,145,41,05,29,147,,1*67
$GSGSV,3,2,10,06,33,195,,07,05,106,,08,14,112,,17,34,167,42,1*61
$GSGSV,3,3,10,28,19,125,,39,17,237,,1*68
$GLGSV,2,1,08,68,44,038,45,69,81,204,47,70,27,216,40,76,08,341,,1*78
$GLGSV,2,2,08,77,06,025,,83,35,139,43,84,86,329,46,85,36,321,45,1*71
$GQGSV,1,1,00,1*65
$GAGSV,3,1,11,02,14,287,37,04,59,126,46,06,45,166,43,09,25,185,39,7*79
$GAGSV,3,2,11,10,57,106,46,11,84,042,43,12,32,111,37,19,31,049,36,7*7C
$GAGSV,3,3,11,25,04,238,31,28,52,080,44,30,06,336,,7*4D
$GBGSV,3,1,09,05,09,111,,07,16,042,28,10,16,054,28,11,12,315,31,1*77
$GBGSV,3,2,09,13,05,147,,26,01,022,,27,69,200,39,28,32,155,34,1*71
$GBGSV,3,3,09,30,38,305,37,1*45
$GIGSV,1,1,02,01,,,34,06,24,135,,1*4E
$GPGGA,134959.00,4825.1420504,N,00428.4545883,W,4,23,0.5,89.926,M,51.637,M,4.0,4095*64
$GPRMC,134959.00,A,4825.1420504,N,00428.4545883,W,0.0,0.0,100626,999.9,E,D*22
$GPGSV,3,1,12,01,37,120,45,02,12,128,40,03,62,056,48,04,58,161,45,1*6A
$GPGSV,3,2,12,06,33,303,42,09,32,196,41,12,04,336,,13,03,336,,1*63
$GPGSV,3,3,12,17,50,235,45,19,45,286,44,28,13,041,38,31,18,070,40,1*6A
$GSGSV,3,1,10,01,33,195,,02,34,181,41,04,28,145,41,05,29,147,,1*67
$GSGSV,3,2,10,06,33,195,,07,05,106,,08,14,112,,17,34,167,42,1*61
$GSGSV,3,3,10,28,19,125,,39,17,237,,1*68
$GLGSV,2,1,08,68,44,038,45,69,81,204,47,70,27,216,40,76,08,341,,1*78
$GLGSV,2,2,08,77,06,025,,83,35,139,44,84,86,329,46,85,36,321,44,1*77
$GQGSV,1,1,00,1*65
$GAGSV,3,1,11,02,14,287,37,04,59,126,45,06,45,166,43,09,25,185,39,7*7A
$GAGSV,3,2,11,10,57,106,46,11,84,042,43,12,32,111,37,19,31,049,36,7*7C
$GAGSV,3,3,11,25,04,238,31,28,52,080,44,30,06,336,,7*4D
$GBGSV,3,1,09,05,09,111,,07,16,042,28,10,16,054,27,11,12,315,31,1*78
$GBGSV,3,2,09,13,05,147,,26,01,022,,27,69,200,39,28,32,155,34,1*71
$GBGSV,3,3,09,30,38,305,36,1*44
$GIGSV,1,1,02,01,,,34,06,24,135,,1*4E
$GPGGA,135000.00,4825.1420519,N,00428.4545879,W,4,22,0.5,89.916,M,51.637,M,1.0,4095*6E
$GPRMC,135000.00,A,4825.1420519,N,00428.4545879,W,0.0,0.0,100626,999.9,E,D*2F
$GPGSV,3,1,12,01,37,120,45,02,12,128,40,03,62,056,48,04,58,161,45,1*6A
$GPGSV,3,2,12,06,33,303,42,09,32,196,42,12,04,336,,13,03,336,,1*60
$GPGSV,3,3,12,17,50,235,45,19,45,286,44,28,13,041,37,31,18,070,40,1*65
$GSGSV,3,1,10,01,33,195,,02,34,181,41,04,28,145,41,05,29,147,,1*67
$GSGSV,3,2,10,06,33,195,,07,05,106,,08,14,112,,17,34,167,42,1*61
$GSGSV,3,3,10,28,19,125,,39,17,237,,1*68
$GLGSV,2,1,08,68,44,038,45,69,81,204,46,70,27,216,40,76,08,341,,1*79
$GLGSV,2,2,08,77,06,025,,83,35,139,44,84,86,329,46,85,36,321,44,1*77
$GQGSV,1,1,00,1*65
$GAGSV,3,1,11,02,14,287,36,04,59,126,45,06,45,166,43,09,25,185,39,7*7B
$GAGSV,3,2,11,10,57,106,45,11,84,042,42,12,32,111,37,19,31,049,36,7*7E
$GAGSV,3,3,11,25,04,238,31,28,52,080,44,30,06,336,,7*4D
$GBGSV,3,1,09,05,09,111,,07,16,042,28,10,16,054,27,11,12,315,31,1*78
$GBGSV,3,2,09,13,05,147,,26,01,022,,27,69,200,40,28,32,155,33,1*78
$GBGSV,3,3,09,30,38,305,36,1*44
$GIGSV,1,1,02,01,,,34,06,24,135,,1*4E
$GPGGA,135001.00,4825.1420501,N,00428.4545883,W,4,22,0.5,89.923,M,51.637,M,1.0,4095*65
$GPRMC,135001.00,A,4825.1420501,N,00428.4545883,W,0.0,0.0,100626,999.9,E,D*22
$GPGSV,3,1,12,01,37,120,44,02,12,128,40,03,62,056,48,04,58,161,45,1*6B
$GPGSV,3,2,12,06,33,303,42,09,32,196,41,12,04,336,,13,03,336,,1*63
$GPGSV,3,3,12,17,50,235,46,19,45,286,45,28,13,041,38,31,18,070,40,1*68
$GSGSV,3,1,10,01,33,195,,02,34,181,41,04,28,145,40,05,29,147,,1*66
$GSGSV,3,2,10,06,33,195,,07,05,106,,08,14,112,,17,34,167,42,1*61
$GSGSV,3,3,10,28,19,125,,39,17,237,,1*68
$GLGSV,2,1,08,68,44,038,45,69,81,204,47,70,27,216,40,76,08,341,,1*78
$GLGSV,2,2,08,77,06,025,,83,35,139,44,84,86,329,46,85,36,321,45,1*76
$GQGSV,1,1,00,1*65
$GAGSV,3,1,11,02,14,287,37,04,59,126,45,06,45,166,43,09,25,185,39,7*7A
$GAGSV,3,2,11,10,57,106,46,11,84,042,42,12,32,111,37,19,31,049,35,7*7E
$GAGSV,3,3,11,25,04,238,31,28,52,080,45,30,06,336,,7*4C
$GBGSV,3,1,09,05,09,111,,07,16,042,28,10,16,054,28,11,12,315,31,1*77
$GBGSV,3,2,09,13,05,147,,26,01,022,,27,69,200,39,28,32,155,34,1*71
$GBGSV,3,3,09,30,38,305,36,1*44
$GIGSV,1,1,02,01,,,34,06,24,135,,1*4E
$GPGGA,135002.00,4825.1420497,N,00428.4545885,W,4,22,0.5,89.917,M,51.637,M,2.0,4095*6A
$GPRMC,135002.00,A,4825.1420497,N,00428.4545885,W,0.0,0.0,100626,999.9,E,D*29
$GPGSV,3,1,12,01,37,120,45,02,12,128,40,03,62,056,47,04,58,161,45,1*65
$GPGSV,3,2,12,06,33,303,42,09,32,196,41,12,04,336,,13,03,336,,1*63
$GPGSV,3,3,12,17,50,235,46,19,45,286,44,28,13,041,38,31,19,070,40,1*68
$GSGSV,3,1,10,01,33,195,,02,34,181,41,04,28,145,41,05,29,147,,1*67
$GSGSV,3,2,10,06,33,195,,07,05,106,,08,14,112,,17,34,167,43,1*60
$GSGSV,3,3,10,28,19,125,,39,17,237,,1*68
$GLGSV,2,1,08,68,44,038,45,69,81,204,47,70,27,216,40,76,08,341,,1*78
$GLGSV,2,2,08,77,06,025,,83,35,139,44,84,86,329,46,85,36,321,44,1*77
$GQGSV,1,1,00,1*65
$GAGSV,3,1,11,02,14,287,37,04,59,126,46,06,45,166,43,09,25,185,39,7*79
$GAGSV,3,2,11,10,57,106,46,11,84,042,43,12,32,111,38,19,31,049,36,7*73
$GAGSV,3,3,11,25,04,238,31,28,52,080,45,30,06,336,,7*4C
$GBGSV,3,1,09,05,09,111,,07,16,042,28,10,16,054,28,11,12,315,31,1*77
$GBGSV,3,2,09,13,05,147,,26,01,022,,27,69,200,40,28,32,155,33,1*78
$GBGSV,3,3,09,30,38,305,37,1*45
$GIGSV,1,1,02,01,,,33,06,24,135,,1*49
$GPGGA,135003.00,4825.1420490,N,00428.4545872,W,4,22,0.5,89.919,M,51.637,M,3.0,4095*6B
$GPRMC,135003.00,A,4825.1420490,N,00428.4545872,W,0.0,0.0,100626,999.9,E,D*27
$GPGSV,3,1,12,01,37,120,45,02,12,128,40,03,62,056,47,04,58,161,45,1*65
$GPGSV,3,2,12,06,33,303,42,09,32,196,42,12,04,336,,13,03,336,,1*60
$GPGSV,3,3,12,17,50,235,46,19,45,286,44,28,13,041,38,31,19,070,41,1*69
$GSGSV,3,1,10,01,33,195,,02,34,181,41,04,28,145,41,05,29,147,,1*67
$GSGSV,3,2,10,06,33,195,,07,05,106,,08,14,112,,17,34,167,42,1*61
$GSGSV,3,3,10,28,19,125,,39,17,237,,1*68
$GLGSV,2,1,08,68,44,038,46,69,81,204,47,70,27,216,41,76,08,341,,1*7A
$GLGSV,2,2,08,77,06,025,,83,35,139,45,84,86,329,46,85,36,321,44,1*76
$GQGSV,1,1,00,1*65
$GAGSV,3,1,11,02,14,287,37,04,59,126,46,06,45,166,43,09,25,185,39,7*79
$GAGSV,3,2,11,10,57,106,46,11,84,042,43,12,32,111,38,19,31,049,36,7*73
$GAGSV,3,3,11,25,04,238,31,28,52,080,44,30,06,336,,7*4D
$GBGSV,3,1,09,05,09,111,,07,16,042,29,10,16,054,29,11,12,315,31,1*77
$GBGSV,3,2,09,13,05,147,,26,01,022,,27,69,200,40,28,32,155,33,1*78
$GBGSV,3,3,09,30,38,305,37,1*45
$GIGSV,1,1,02,01,,,33,06,24,135,,1*49
$GPGGA,135004.00,4825.1420490,N,00428.4545865,W,4,22,0.5,89.919,M,51.637,M,1.0,4095*68
$GPRMC,135004.00,A,4825.1420490,N,00428.4545865,W,0.0,0.0,100626,999.9,E,D*26
$GPGSV,3,1,12,01,37,120,45,02,12,128,40,03,62,056,47,04,58,161,44,1*64
$GPGSV,3,2,12,06,33,303,42,09,32,196,42,12,04,336,,13,03,336,,1*60
$GPGSV,3,3,12,17,50,235,46,19,45,286,43,28,13,041,38,31,19,070,40,1*6F
$GSGSV,3,1,10,01,33,195,,02,34,181,41,04,28,145,41,05,29,147,,1*67
$GSGSV,3,2,10,06,33,195,,07,05,106,,08,14,112,,17,34,167,42,1*61
$GSGSV,3,3,10,28,19,125,,39,17,237,,1*68
$GLGSV,2,1,08,68,44,038,45,69,81,204,47,70,27,216,41,76,08,341,,1*79
$GLGSV,2,2,08,77,06,025,,83,35,139,44,84,86,329,46,85,36,321,44,1*77
$GQGSV,1,1,00,1*65
$GAGSV,3,1,11,02,14,287,38,04,59,126,46,06,45,166,43,09,25,185,39,7*76
$GAGSV,3,2,11,10,57,106,46,11,84,042,43,12,32,111,38,19,31,049,36,7*73
$GAGSV,3,3,11,25,04,238,31,28,52,080,44,30,06,336,,7*4D
$GBGSV,3,1,09,05,09,111,,07,16,042,29,10,16,054,28,11,12,315,31,1*76
$GBGSV,3,2,09,13,05,147,,26,01,022,,27,69,200,40,28,32,155,33,1*78
$GBGSV,3,3,09,30,38,305,36,1*44
$GIGSV,1,1,02,01,,,34,06,24,135,,1*4E
$GPGGA,135005.00,4825.1420508,N,00428.4545879,W,4,22,0.5,89.927,M,51.637,M,1.0,4095*69
$GPRMC,135005.00,A,4825.1420508,N,00428.4545879,W,0.0,0.0,100626,999.9,E,D*2A
$GPGSV,3,1,12,01,37,120,46,02,12,128,41,03,62,056,47,04,58,161,44,1*66
$GPGSV,3,2,12,06,33,303,42,09,32,196,42,12,04,336,,13,03,336,,1*60
$GPGSV,3,3,12,17,50,235,46,19,45,286,44,28,13,041,38,31,19,069,40,1*60
$GSGSV,3,1,10,01,33,195,,02,34,181,41,04,28,145,41,05,29,147,,1*67
$GSGSV,3,2,10,06,33,195,,07,05,106,,08,14,112,,17,34,167,42,1*61
$GSGSV,3,3,10,28,19,125,,39,17,237,,1*68
$GLGSV,2,1,08,68,44,038,45,69,81,204,47,70,27,216,40,76,08,341,,1*78
$GLGSV,2,2,08,77,06,025,,83,35,139,44,84,86,329,46,85,36,321,44,1*77
$GQGSV,1,1,00,1*65
$GAGSV,3,1,11,02,14,287,38,04,59,126,45,06,45,166,43,09,25,185,39,7*75
$GAGSV,3,2,11,10,57,106,46,11,84,043,43,12,32,111,37,19,31,049,36,7*7D
$GAGSV,3,3,11,25,04,238,31,28,52,080,45,30,06,336,,7*4C
$GBGSV,3,1,09,05,09,111,,07,16,042,29,10,16,054,28,11,12,315,32,1*75
$GBGSV,3,2,09,13,05,147,,26,01,022,,27,69,200,40,28,32,155,33,1*78
$GBGSV,3,3,09,30,38,305,36,1*44
$GIGSV,1,1,02,01,,,34,06,24,135,,1*4E
$GPGGA,135006.00,4825.1420502,N,00428.4545888,W,4,22,0.5,89.919,M,51.637,M,1.0,4095*63
$GPRMC,135006.00,A,4825.1420502,N,00428.4545888,W,0.0,0.0,100626,999.9,E,D*2D
$GPGSV,3,1,12,01,37,120,45,02,12,128,40,03,62,056,47,04,58,161,45,1*65
$GPGSV,3,2,12,06,33,303,41,09,32,196,41,12,04,336,,13,03,336,,1*60
$GPGSV,3,3,12,17,50,235,46,19,45,286,45,28,13,041,38,31,19,069,40,1*61
$GSGSV,3,1,10,01,33,195,,02,34,181,41,04,28,145,41,05,29,147,,1*67
$GSGSV,3,2,10,06,33,195,,07,05,106,,08,14,112,,17,34,167,42,1*61
$GSGSV,3,3,10,28,19,125,,39,17,237,,1*68
$GLGSV,2,1,08,68,44,038,45,69,81,204,47,70,27,216,40,76,08,341,32,1*79
$GLGSV,2,2,08,77,06,025,,83,35,139,44,84,86,329,46,85,36,321,44,1*77
$GQGSV,1,1,00,1*65
$GAGSV,3,1,11,02,14,287,37,04,59,126,45,06,45,166,43,09,25,185,38,7*7B
$GAGSV,3,2,11,10,57,106,45,11,84,043,43,12,32,111,38,19,31,049,36,7*71
$GAGSV,3,3,11,25,04,238,31,28,52,080,45,30,06,336,,7*4C
$GBGSV,3,1,09,05,09,111,,07,16,042,28,10,16,054,27,11,12,315,31,1*78
$GBGSV,3,2,09,13,05,147,,26,01,022,,27,69,200,40,28,32,155,34,1*7F
$GBGSV,3,3,09,30,38,305,36,1*44
$GIGSV,1,1,02,01,,,33,06,24,135,,1*49
$GPGGA,135007.00,4825.1420501,N,00428.4545884,W,4,22,0.5,89.916,M,51.637,M,2.0,4095*61
$GPRMC,135007.00,A,4825.1420501,N,00428.4545884,W,0.0,0.0,100626,999.9,E,D*23
$GPGSV,3,1,12,01,37,120,45,02,12,128,40,03,62,056,48,04,58,161,45,1*6A
$GPGSV,3,2,12,06,33,303,42,09,32,196,42,12,04,336,,13,03,336,,1*60
$GPGSV,3,3,12,17,50,235,45,19,45,286,45,28,13,041,38,31,19,069,40,1*62
$GSGSV,3,1,10,01,33,195,,02,34,181,41,04,28,145,41,05,29,147,,1*67
$GSGSV,3,2,10,06,33,195,,07,05,106,,08,14,112,,17,34,167,42,1*61
$GSGSV,3,3,10,28,19,125,,39,17,237,,1*68
$GLGSV,2,1,08,68,44,038,45,69,81,204,47,70,27,216,41,76,08,341,31,1*7B
$GLGSV,2,2,08,77,06,025,,83,35,139,44,84,86,329,46,85,36,321,45,1*76
$GQGSV,1,1,00,1*65
$GAGSV,3,1,11,02,14,287,37,04,59,126,46,06,45,166,43,09,25,185,38,7*78
$GAGSV,3,2,11,10,57,106,46,11,84,043,43,12,32,111,38,19,31,049,36,7*72
$GAGSV,3,3,11,25,04,238,31,28,52,080,44,30,06,336,,7*4D
$GBGSV,3,1,09,05,09,111,,07,16,042,28,10,16,054,28,11,12,315,31,1*77
$GBGSV,3,2,09,13,05,147,,26,01,022,,27,69,200,40,28,32,155,33,1*78
$GBGSV,3,3,09,30,38,305,35,1*47
$GIGSV,1,1,02,01,,,33,06,24,135,,1*49
$GPGGA,135008.00,4825.1420497,N,00428.4545886,W,4,22,0.5,89.916,M,51.637,M,1.0,4095*61
$GPRMC,135008.00,A,4825.1420497,N,00428.4545886,W,0.0,0.0,100626,999.9,E,D*20
$GPGSV,3,1,12,01,37,120,45,02,12,128,41,03,62,056,48,04,58,161,45,1*6B
$GPGSV,3,2,12,06,33,303,43,09,32,196,42,12,04,336,,13,03,336,,1*61
$GPGSV,3,3,12,17,50,235,46,19,45,286,44,28,13,041,39,31,19,069,40,1*61
$GSGSV,3,1,10,01,33,195,,02,34,181,41,04,28,145,41,05,29,147,,1*67
$GSGSV,3,2,10,06,33,195,,07,05,106,,08,14,112,,17,34,167,43,1*60
$GSGSV,3,3,10,28,19,125,,39,17,237,,1*68
$GLGSV,2,1,08,68,44,038,45,69,81,204,47,70,27,216,41,76,08,341,31,1*7B
$GLGSV,2,2,08,77,06,025,,83,35,139,44,84,86,329,47,85,36,321,45,1*77
$GQGSV,1,1,00,1*65
$GAGSV,3,1,11,02,14,287,37,04,59,126,46,06,45,166,43,09,25,185,39,7*79
$GAGSV,3,2,11,10,57,106,45,11,84,043,42,12,32,111,38,19,31,049,36,7*70
$GAGSV,3,3,11,25,04,238,30,28,52,080,44,30,06,336,,7*4C
$GBGSV,3,1,09,05,09,111,,07,16,042,29,10,16,054,28,11,12,315,30,1*77
$GBGSV,3,2,09,13,05,147,,26,01,022,,27,69,200,40,28,32,155,34,1*7F
$GBGSV,3,3,09,30,38,305,35,1*47
$GIGSV,1,1,02,01,,,34,06,24,135,,1*4E
$GPGGA,135009.00,4825.1420500,N,00428.4545885,W,4,22,0.5,89.921,M,51.637,M,1.0,4095*68
$GPRMC,135009.00,A,4825.1420500,N,00428.4545885,W,0.0,0.0,100626,999.9,E,D*2D
$GPGSV,3,1,12,01,37,120,46,02,12,128,41,03,62,056,47,04,58,161,45,1*67
$GPGSV,3,2,12,06,33,303,42,09,32,196,41,12,04,336,,13,03,336,,1*63
$GPGSV,3,3,12,17,50,235,46,19,45,286,45,28,13,041,38,31,19,069,39,1*6F
$GSGSV,3,1,10,01,33,195,,02,34,181,42,04,28,145,41,05,29,147,,1*64
$GSGSV,3,2,10,06,33,195,,07,05,106,,08,14,112,,17,34,167,42,1*61
$GSGSV,3,3,10,28,19,125,,39,17,237,,1*68
$GLGSV,2,1,08,68,44,038,45,69,81,204,47,70,27,216,41,76,08,341,30,1*7A
$GLGSV,2,2,08,77,06,025,,83,35,139,43,84,86,329,46,85,36,321,44,1*70
$GQGSV,1,1,00,1*65
$GAGSV,3,1,11,02,14,287,37,04,59,126,45,06,45,166,43,09,25,185,40,7*74
$GAGSV,3,2,11,10,57,106,45,11,84,043,43,12,32,111,38,19,31,049,36,7*71
$GAGSV,3,3,11,25,04,238,30,28,52,080,44,30,06,336,,7*4C
$GBGSV,3,1,09,05,09,111,,07,16,042,29,10,16,054,27,11,12,315,30,1*78
$GBGSV,3,2,09,13,05,147,,26,01,022,,27,69,200,39,28,32,155,34,1*71
$GBGSV,3,3,09,30,38,305,35,1*47
$GIGSV,1,1,02,01,,,34,06,24,135,,1*4E
$GPGGA,135010.00,4825.1420500,N,00428.4545888,W,4,22,0.5,89.920,M,51.637,M,1.0,4095*6C
$GPRMC,135010.00,A,4825.1420500,N,00428.4545888,W,0.0,0.0,100626,999.9,E,D*28
$GPGSV,3,1,12,01,37,120,46,02,12,128,41,03,62,056,47,04,58,160,45,1*66
$GPGSV,3,2,12,06,33,303,42,09,32,196,41,12,04,336,,13,03,336,,1*63
$GPGSV,3,3,12,17,50,235,46,19,45,286,45,28,13,041,39,31,19,069,39,1*6E
$GSGSV,3,1,10,01,33,195,,02,34,181,41,04,28,145,42,05,29,147,,1*64
$GSGSV,3,2,10,06,33,195,,07,05,106,,08,14,112,,17,34,167,42,1*61
$GSGSV,3,3,10,28,19,125,,39,17,237,,1*68
$GLGSV,2,1,08,68,44,038,45,69,81,204,47,70,27,216,40,76,08,341,31,1*7A
$GLGSV,2,2,08,77,06,025,,83,35,139,44,84,86,329,47,85,36,321,44,1*76
$GQGSV,1,1,00,1*65
$GAGSV,3,1,11,02,14,287,37,04,59,126,46,06,45,166,43,09,25,185,39,7*79
$GAGSV,3,2,11,10,57,106,46,11,84,043,43,12,32,111,38,19,31,049,36,7*72
$GAGSV,3,3,11,25,04,238,31,28,52,080,44,30,06,336,,7*4D
$GBGSV,3,1,09,05,09,111,,07,16,042,29,10,16,054,27,11,12,315,31,1*79
$GBGSV,3,2,09,13,05,147,,26,01,022,,27,69,200,40,28,32,155,34,1*7F
$GBGSV,3,3,09,30,38,305,35,1*47
$GIGSV,1,1,02,01,,,33,06,24,135,,1*49
$GPGGA,135011.00,4825.1420509,N,00428.4545884,W,4,22,0.5,89.916,M,51.637,M,2.0,4095*6E
$GPRMC,135011.00,A,4825.1420509,N,00428.4545884,W,0.0,0.0,100626,999.9,E,D*2C
$GPGSV,3,1,12,01,37,120,46,02,12,128,41,03,62,056,47,04,58,160,46,1*65
$GPGSV,3,2,12,06,33,303,42,09,32,196,42,12,04,336,,13,03,336,,1*60
$GPGSV,3,3,12,17,50,235,45,19,45,286,44,28,13,041,38,31,19,069,39,1*6D
$GSGSV,3,1,10,01,33,195,,02,34,181,41,04,28,145,42,05,29,147,,1*64
$GSGSV,3,2,10,06,33,195,,07,05,106,,08,14,112,,17,34,167,42,1*61
$GSGSV,3,3,10,28,19,125,,39,17,237,,1*68
$GLGSV,2,1,08,68,44,038,45,69,81,204,47,70,27,216,40,76,08,341,31,1*7A
$GLGSV,2,2,08,77,06,025,,83,35,139,44,84,86,329,46,85,36,321,44,1*77
$GQGSV,1,1,00,1*65
$GAGSV,3,1,11,02,14,287,37,04,59,126,46,06,45,166,43,09,25,185,40,7*77
$GAGSV,3,2,11,10,57,106,46,11,84,043,43,12,32,111,38,19,31,049,36,7*72
$GAGSV,3,3,11,25,04,238,31,28,51,080,44,30,06,336,,7*4E
$GBGSV,3,1,09,05,09,111,,07,16,042,29,10,16,054,28,11,12,315,30,1*77
$GBGSV,3,2,09,13,05,147,,26,01,022,,27,69,200,40,28,32,155,34,1*7F
$GBGSV,3,3,09,30,38,305,35,1*47
$GIGSV,1,1,02,01,,,34,06,24,135,,1*4E
$GPGGA,135012.00,4825.1420516,N,00428.4545877,W,4,22,0.5,89.920,M,51.637,M,1.0,4095*69
$GPRMC,135012.00,A,4825.1420516,N,00428.4545877,W,0.0,0.0,100626,999.9,E,D*2D
$GPGSV,3,1,12,01,37,120,45,02,12,128,41,03,62,056,47,04,58,160,46,1*66
$GPGSV,3,2,12,06,33,303,42,09,32,196,42,12,04,336,,13,03,336,,1*60
$GPGSV,3,3,12,17,50,235,46,19,45,286,44,28,13,041,38,31,19,069,39,1*6E
$GSGSV,3,1,10,01,33,195,,02,34,181,41,04,28,145,42,05,29,147,,1*64
$GSGSV,3,2,10,06,33,195,,07,05,106,,08,14,112,,17,34,167,42,1*61
$GSGSV,3,3,10,28,19,125,,39,17,237,,1*68
$GLGSV,2,1,08,68,44,038,45,69,81,204,47,70,27,216,40,76,08,341,31,1*7A
$GLGSV,2,2,08,77,06,025,,83,35,139,44,84,86,329,46,85,36,321,44,1*77
$GQGSV,1,1,00,1*65
$GAGSV,3,1,11,02,14,287,38,04,59,126,46,06,45,166,43,09,25,185,40,7*78
$GAGSV,3,2,11,10,57,106,46,11,84,043,43,12,32,111,37,19,31,049,36,7*7D
$GAGSV,3,3,11,25,04,238,31,28,51,080,44,30,06,336,,7*4E
$GBGSV,3,1,09,05,09,111,,07,16,042,29,10,16,054,28,11,12,315,30,1*77
$GBGSV,3,2,09,13,05,147,,26,01,022,,27,69,200,39,28,32,155,34,1*71
$GBGSV,3,3,09,30,38,305,35,1*47
$GIGSV,1,1,02,01,,,34,06,24,135,,1*4E
$GPGGA,135013.00,4825.1420518,N,00428.4545887,W,4,22,0.5,89.923,M,51.637,M,1.0,4095*6A
$GPRMC,135013.00,A,4825.1420518,N,00428.4545887,W,0.0,0.0,100626,999.9,E,D*2D
$GPGSV,3,1,12,01,37,120,45,02,12,128,41,03,62,056,47,04,58,160,46,1*66
$GPGSV,3,2,12,06,33,303,41,09,32,196,42,12,04,336,,13,03,336,,1*63
$GPGSV,3,3,12,17,50,235,45,19,45,286,45,28,13,041,38,31,19,069,39,1*6C
$GSGSV,3,1,10,01,33,195,,02,34,181,41,04,28,145,41,05,29,147,,1*67
$GSGSV,3,2,10,06,33,195,,07,05,106,,08,14,112,,17,34,167,42,1*61
$GSGSV,3,3,10,28,19,125,,39,17,237,,1*68
$GLGSV,2,1,08,68,44,038,45,69,81,204,46,70,27,216,41,76,08,341,31,1*7A
$GLGSV,2,2,08,77,06,025,,83,35,139,44,84,86,329,45,85,36,321,44,1*74
$GQGSV,1,1,00,1*65
$GAGSV,3,1,11,02,14,287,37,04,59,126,46,06,45,166,44,09,25,185,40,7*70
$GAGSV,3,2,11,10,57,106,46,11,84,043,43,12,32,111,37,19,31,049,36,7*7D
$GAGSV,3,3,11,25,04,238,31,28,51,080,44,30,06,336,,7*4E
$GBGSV,3,1,09,05,09,111,,07,16,042,29,10,16,054,28,11,12,315,30,1*77
$GBGSV,3,2,09,13,05,147,,26,01,022,,27,69,200,40,28,32,155,34,1*7F
$GBGSV,3,3,09,30,38,305,35,1*47
$GIGSV,1,1,02,01,,,35,06,24,135,,1*4F
$GPGGA,135014.00,4825.1420513,N,00428.4545879,W,4,22,0.5,89.922,M,51.637,M,2.0,4095*65
$GPRMC,135014.00,A,4825.1420513,N,00428.4545879,W,0.0,0.0,100626,999.9,E,D*20
$GPGSV,3,1,12,01,37,120,44,02,12,128,41,03,62,057,47,04,58,160,46,1*66
$GPGSV,3,2,12,06,33,303,42,09,32,196,42,12,04,336,,13,03,336,,1*60
$GPGSV,3,3,12,17,50,235,45,19,45,286,45,28,13,041,37,31,19,069,40,1*6D
$GSGSV,3,1,10,01,33,195,,02,34,181,41,04,28,145,41,05,29,147,,1*67
$GSGSV,3,2,10,06,33,195,,07,05,106,,08,14,112,,17,34,167,42,1*61
$GSGSV,3,3,10,28,19,125,,39,17,237,,1*68
$GLGSV,2,1,08,68,44,038,45,69,81,204,47,70,27,216,41,76,08,341,31,1*7B
$GLGSV,2,2,08,77,06,025,,83,35,139,44,84,86,329,46,85,36,321,44,1*77
$GQGSV,1,1,00,1*65
$GAGSV,3,1,11,02,14,287,37,04,59,126,46,06,45,166,43,09,25,185,39,7*79
$GAGSV,3,2,11,10,57,106,46,11,84,043,43,12,32,111,37,19,31,049,36,7*7D
$GAGSV,3,3,11,25,04,238,31,28,51,080,44,30,06,336,,7*4E
$GBGSV,3,1,09,05,09,111,,07,16,042,29,10,16,054,28,11,12,315,30,1*77
$GBGSV,3,2,09,13,05,147,,26,01,022,,27,69,200,39,28,32,155,35,1*70
$GBGSV,3,3,09,30,38,305,35,1*47
$GIGSV,1,1,02,01,,,35,06,24,135,,1*4F
$GPGGA,135015.00,4825.1420510,N,00428.4545884,W,4,22,0.5,89.926,M,51.637,M,3.0,4095*60
$GPRMC,135015.00,A,4825.1420510,N,00428.4545884,W,0.0,0.0,100626,999.9,E,D*20
$GPGSV,3,1,12,01,37,120,44,02,12,128,41,03,62,057,47,04,58,160,46,1*66
$GPGSV,3,2,12,06,33,303,42,09,32,196,41,12,04,336,,13,03,336,,1*63
$GPGSV,3,3,12,17,50,235,45,19,45,286,45,28,13,041,37,31,19,069,39,1*63
$GSGSV,3,1,10,01,33,195,,02,34,181,41,04,28,145,41,05,29,147,,1*67
$GSGSV,3,2,10,06,33,195,,07,05,106,,08,14,112,,17,34,167,42,1*61
$GSGSV,3,3,10,28,19,125,,39,17,237,,1*68
$GLGSV,2,1,08,68,44,038,45,69,81,204,47,70,27,216,41,76,08,341,31,1*7B
$GLGSV,2,2,08,77,06,025,,83,35,139,43,84,86,329,46,85,36,321,44,1*70
$GQGSV,1,1,00,1*65
$GAGSV,3,1,11,02,14,287,37,04,59,126,46,06,45,166,43,09,25,185,39,7*79
$GAGSV,3,2,11,10,57,106,46,11,84,043,43,12,32,111,37,19,31,049,36,7*7D
$GAGSV,3,3,11,25,04,238,31,28,51,080,44,30,06,336,,7*4E
$GBGSV,3,1,09,05,09,111,,07,16,042,29,10,16,054,28,11,12,315,31,1*76
$GBGSV,3,2,09,13,05,147,,26,01,022,,27,69,200,39,28,32,155,35,1*70
$GBGSV,3,3,09,30,38,305,36,1*44
$GIGSV,1,1,02,01,,,35,06,24,135,,1*4F
$GPGGA,135016.00,4825.1420510,N,00428.4545898,W,4,22,0.5,89.924,M,51.637,M,1.0,4095*6E
$GPRMC,135016.00,A,4825.1420510,N,00428.4545898,W,0.0,0.0,100626,999.9,E,D*2E
$GPGSV,3,1,12,01,37,120,44,02,12,128,41,03,62,057,47,04,58,160,46,1*66
$GPGSV,3,2,12,06,33,303,42,09,32,196,41,12,04,336,,13,03,336,,1*63
$GPGSV,3,3,12,17,50,235,45,19,45,286,45,28,13,041,38,31,19,069,40,1*62
$GSGSV,3,1,10,01,33,195,,02,34,181,41,04,28,145,41,05,29,147,,1*67
$GSGSV,3,2,10,06,33,195,,07,05,106,,08,14,112,,17,34,167,42,1*61
$GSGSV,3,3,10,28,19,125,,39,17,237,,1*68
$GLGSV,2,1,08,68,44,038,44,69,81,204,47,70,27,216,40,76,08,341,31,1*7B
$GLGSV,2,2,08,77,06,025,,83,35,139,43,84,86,329,46,85,36,321,44,1*70
$GQGSV,1,1,00,1*65
$GAGSV,3,1,11,02,14,287,38,04,59,126,46,06,45,166,43,09,25,185,39,7*76
$GAGSV,3,2,11,10,57,106,45,11,84,043,43,12,32,111,38,19,31,049,36,7*71
$GAGSV,3,3,11,25,04,238,31,28,51,080,44,30,06,336,,7*4E
$GBGSV,3,1,09,05,09,111,,07,16,042,29,10,16,054,28,11,12,315,30,1*77
$GBGSV,3,2,09,13,05,147,,26,01,022,,27,69,200,39,28,32,155,34,1*71
$GBGSV,3,3,09,30,38,305,34,1*46
$GIGSV,1,1,02,01,,,34,06,24,135,,1*4E
$GPGGA,135017.00,4825.1420519,N,00428.4545885,W,4,22,0.5,89.922,M,51.637,M,1.0,4095*6C
$GPRMC,135017.00,A,4825.1420519,N,00428.4545885,W,0.0,0.0,100626,999.9,E,D*2A
$GPGSV,3,1,12,01,37,120,45,02,12,128,41,03,62,057,47,04,58,160,46,1*67
$GPGSV,3,2,12,06,33,303,42,09,32,196,41,12,04,336,,13,03,336,,1*63
$GPGSV,3,3,12,17,50,235,45,19,45,286,45,28,13,041,38,31,19,069,40,1*62
$GSGSV,3,1,10,01,33,195,,02,34,181,41,04,28,145,41,05,29,147,,1*67
$GSGSV,3,2,10,06,33,195,,07,05,106,,08,14,112,,17,34,167,42,1*61
$GSGSV,3,3,10,28,19,125,,39,17,237,,1*68
$GLGSV,2,1,08,68,44,038,45,69,81,204,47,70,27,216,40,76,08,341,31,1*7A
$GLGSV,2,2,08,77,06,025,,83,35,139,43,84,86,329,46,85,36,321,44,1*70
$GQGSV,1,1,00,1*65
$GAGSV,3,1,11,02,14,287,38,04,59,126,46,06,45,166,43,09,25,185,39,7*76
$GAGSV,3,2,11,10,57,106,46,11,84,043,43,12,32,111,37,19,31,049,36,7*7D
$GAGSV,3,3,11,25,04,238,31,28,51,080,44,30,06,336,,7*4E
$GBGSV,3,1,09,05,09,111,,07,16,042,28,10,16,054,27,11,12,315,30,1*79
$GBGSV,3,2,09,13,05,147,,26,01,022,,27,69,200,39,28,32,155,34,1*71
$GBGSV,3,3,09,30,38,305,35,1*47
$GIGSV,1,1,02,01,,,34,06,24,135,,1*4E
$GPGGA,135018.00,4825.1420529,N,00428.4545879,W,4,22,0.5,89.923,M,51.637,M,2.0,4095*61
$GPRMC,135018.00,A,4825.1420529,N,00428.4545879,W,0.0,0.0,100626,999.9,E,D*25
$GPGSV,3,1,12,01,37,120,45,02,12,128,40,03,62,057,48,04,58,160,46,1*69
$GPGSV,3,2,12,06,33,303,42,09,32,196,41,12,04,336,,13,03,336,,1*63
$GPGSV,3,3,12,17,50,235,45,19,45,286,44,28,13,041,38,31,19,069,40,1*63
$GSGSV,3,1,10,01,33,195,,02,34,181,41,04,28,145,41,05,29,147,,1*67
$GSGSV,3,2,10,06,33,195,,07,05,106,,08,14,112,,17,34,167,42,1*61
$GSGSV,3,3,10,28,19,125,,39,17,237,,1*68
$GLGSV,2,1,08,68,44,038,45,69,81,204,47,70,27,216,41,76,08,341,31,1*7B
$GLGSV,2,2,08,77,06,025,,83,35,139,44,84,86,329,46,85,37,321,44,1*76
$GQGSV,1,1,00,1*65
$GAGSV,3,1,11,02,14,287,37,04,59,126,46,06,45,166,43,09,25,185,39,7*79
$GAGSV,3,2,11,10,57,106,45,11,84,043,43,12,32,111,38,19,31,049,36,7*71
$GAGSV,3,3,11,25,04,238,31,28,51,080,44,30,06,336,,7*4E
$GBGSV,3,1,09,05,09,111,,07,16,042,28,10,16,054,27,11,12,315,30,1*79
$GBGSV,3,2,09,13,05,147,,26,01,022,,27,69,200,39,28,32,155,34,1*71
$GBGSV,3,3,09,30,38,305,35,1*47
$GIGSV,1,1,02,01,,,35,06,24,135,,1*4F
$GPGGA,135019.00,4825.1420531,N,00428.4545879,W,4,22,0.5,89.926,M,51.637,M,3.0,4095*6D
$GPRMC,135019.00,A,4825.1420531,N,00428.4545879,W,0.0,0.0,100626,999.9,E,D*2D
$GPGSV,3,1,12,01,37,120,46,02,12,128,41,03,62,057,48,04,58,160,45,1*68
$GPGSV,3,2,12,06,33,303,42,09,32,196,40,12,04,336,,13,03,336,,1*62
$GPGSV,3,3,12,17,50,235,45,19,45,286,44,28,13,041,38,31,19,069,39,1*6D
$GSGSV,3,1,10,01,33,195,,02,34,181,41,04,28,145,41,05,29,147,,1*67
$GSGSV,3,2,10,06,33,195,,07,05,106,,08,14,112,,17,34,167,41,1*62
$GSGSV,3,3,10,28,19,125,,39,17,237,,1*68
$GLGSV,2,1,08,68,44,038,45,69,81,204,47,70,27,216,40,76,08,341,30,1*7B
$GLGSV,2,2,08,77,06,025,,83,35,139,43,84,86,329,46,85,37,321,44,1*71
$GQGSV,1,1,00,1*65
$GAGSV,3,1,11,02,14,287,37,04,59,126,46,06,45,166,44,09,25,185,40,7*70
$GAGSV,3,2,11,10,57,106,46,11,84,043,43,12,32,111,37,19,31,049,36,7*7D
$GAGSV,3,3,11,25,04,238,30,28,51,080,44,30,06,336,,7*4F
$GBGSV,3,1,09,05,09,111,,07,16,042,28,10,16,054,27,11,12,315,30,1*79
$GBGSV,3,2,09,13,05,147,,26,01,022,,27,69,200,39,28,32,155,34,1*71
$GBGSV,3,3,09,30,38,305,35,1*47
$GIGSV,1,1,02,01,,,35,06,24,135,,1*4F
$GPGGA,135020.00,4825.1420501,N,00428.4545888,W,4,22,0.5,89.921,M,51.637,M,1.0,4095*6F
$GPRMC,135020.00,A,4825.1420501,N,00428.4545888,W,0.0,0.0,100626,999.9,E,D*2A
$GPGSV,3,1,12,01,37,120,45,02,12,128,40,03,62,057,48,04,58,160,45,1*6A
$GPGSV,3,2,12,06,33,303,42,09,32,196,41,12,04,336,,13,03,336,,1*63
$GPGSV,3,3,12,17,50,235,45,19,45,286,44,28,13,041,38,31,19,069,39,1*6D
$GSGSV,3,1,10,01,33,195,,02,34,181,41,04,28,145,41,05,29,147,,1*67
$GSGSV,3,2,10,06,33,195,,07,05,106,,08,14,112,,17,34,167,42,1*61
$GSGSV,3,3,10,28,19,125,,39,17,237,,1*68
$GLGSV,2,1,08,68,44,038,45,69,81,204,47,70,27,216,40,76,08,341,30,1*7B
$GLGSV,2,2,08,77,06,025,,83,35,139,43,84,86,329,46,85,37,321,43,1*76
$GQGSV,1,1,00,1*65
$GAGSV,3,1,11,02,14,287,37,04,59,126,46,06,45,166,43,09,25,185,40,7*77
$GAGSV,3,2,11,10,57,106,46,11,84,043,42,12,32,111,37,19,31,049,36,7*7C
$GAGSV,3,3,11,25,04,238,30,28,51,080,44,30,06,336,,7*4F
$GBGSV,3,1,09,05,09,111,,07,16,042,28,10,16,054,28,11,12,315,30,1*76
$GBGSV,3,2,09,13,05,147,,26,01,022,,27,69,200,39,28,32,155,34,1*71
$GBGSV,3,3,09,30,38,305,35,1*47
$GIGSV,1,1,02,01,,,35,06,24,135,,1*4F
$GPGGA,135021.00,4825.1420523,N,00428.4545877,W,4,22,0.5,89.920,M,51.637,M,1.0,4095*6F
$GPRMC,135021.00,A,4825.1420523,N,00428.4545877,W,0.0,0.0,100626,999.9,E,D*2B
$GPGSV,3,1,12,01,37,120,45,02,12,128,40,03,62,057,48,04,58,160,45,1*6A
$GPGSV,3,2,12,06,33,303,42,09,32,196,41,12,04,336,,13,03,336,,1*63
$GPGSV,3,3,12,17,50,235,46,19,45,286,44,28,13,041,38,31,19,069,40,1*60
$GSGSV,3,1,10,01,33,195,,02,34,181,41,04,28,145,40,05,29,147,,1*66
$GSGSV,3,2,10,06,33,195,,07,05,106,,08,14,112,,17,34,167,42,1*61
$GSGSV,3,3,10,28,19,125,,39,17,237,,1*68
$GLGSV,2,1,08,68,44,038,44,69,81,204,47,70,27,216,40,76,08,341,30,1*7A
$GLGSV,2,2,08,77,06,025,,83,35,139,43,84,86,329,46,85,37,321,43,1*76
$GQGSV,1,1,00,1*65
$GAGSV,3,1,11,02,14,287,37,04,59,126,46,06,45,166,43,09,25,185,40,7*77
$GAGSV,3,2,11,10,57,106,46,11,84,044,42,12,32,111,37,19,31,049,36,7*7B
$GAGSV,3,3,11,25,04,238,30,28,51,080,44,30,06,336,,7*4F
$GBGSV,3,1,09,05,09,111,,07,16,042,28,10,16,054,28,11,12,315,30,1*76
$GBGSV,3,2,09,13,05,147,,26,01,022,,27,69,200,39,28,32,155,34,1*71
$GBGSV,3,3,09,30,38,305,35,1*47
$GIGSV,1,1,02,01,,,35,06,24,135,,1*4F
$GPGGA,135022.00,4825.1420532,N,00428.4545878,W,4,22,0.5,89.921,M,51.637,M,1.0,4095*62
$GPRMC,135022.00,A,4825.1420532,N,00428.4545878,W,0.0,0.0,100626,999.9,E,D*27
$GPGSV,3,1,12,01,37,120,45,02,12,128,40,03,61,057,48,04,58,160,46,1*6A
$GPGSV,3,2,12,06,33,303,42,09,32,196,41,12,04,336,,13,03,336,,1*63
$GPGSV,3,3,12,17,50,235,45,19,45,286,44,28,13,041,38,31,19,069,40,1*63
$GSGSV,3,1,10,01,33,195,,02,34,181,41,04,28,145,41,05,29,147,,1*67
$GSGSV,3,2,10,06,33,195,,07,05,106,,08,14,112,,17,34,167,42,1*61
$GSGSV,3,3,10,28,19,125,,39,17,237,,1*68
$GLGSV,2,1,08,68,44,038,44,69,81,204,47,70,27,216,40,76,08,341,31,1*7B
$GLGSV,2,2,08,77,06,025,,83,35,139,43,84,86,329,46,85,37,321,43,1*76
$GQGSV,1,1,00,1*65
$GAGSV,3,1,11,02,14,287,37,04,59,126,46,06,45,166,43,09,25,185,40,7*77
$GAGSV,3,2,11,10,57,106,46,11,84,044,42,12,32,111,38,19,31,049,36,7*74
$GAGSV,3,3,11,25,04,238,30,28,51,080,44,30,06,336,,7*4F
$GBGSV,3,1,09,05,09,111,,07,16,042,28,10,16,054,27,11,12,315,30,1*79
$GBGSV,3,2,09,13,05,147,,26,01,022,,27,69,200,39,28,32,155,35,1*70
$GBGSV,3,3,09,30,38,305,35,1*47
$GIGSV,1,1,02,01,,,35,06,24,135,,1*4F
$GPGGA,135023.00,4825.1420511,N,00428.4545898,W,4,23,0.5,89.921,M,51.637,M,2.0,4095*6E
$GPRMC,135023.00,A,4825.1420511,N,00428.4545898,W,0.0,0.0,100626,999.9,E,D*29
$GPGSV,3,1,12,01,37,120,45,02,12,128,40,03,61,057,48,04,58,160,46,1*6A
$GPGSV,3,2,12,06,33,303,42,09,32,196,41,12,04,336,,13,03,336,,1*63
$GPGSV,3,3,12,17,50,235,46,19,45,286,45,28,13,041,38,31,19,069,40,1*61
$GSGSV,3,1,10,01,33,195,,02,34,181,41,04,28,145,41,05,29,147,,1*67
$GSGSV,3,2,10,06,33,195,,07,05,106,,08,14,112,,17,34,167,42,1*61
$GSGSV,3,3,10,28,19,125,,39,17,237,,1*68
$GLGSV,2,1,08,68,44,038,44,69,81,204,47,70,27,216,40,76,07,341,31,1*74
$GLGSV,2,2,08,77,06,025,,83,35,139,43,84,86,329,47,85,37,321,44,1*70
$GQGSV,1,1,00,1*65
$GAGSV,3,1,11,02,14,287,37,04,59,125,46,06,45,166,43,09,25,185,39,7*7A
$GAGSV,3,2,11,10,57,106,46,11,84,044,42,12,32,111,37,19,31,049,36,7*7B
$GAGSV,3,3,11,25,04,238,30,28,51,080,44,30,06,336,,7*4F
$GBGSV,3,1,09,05,09,111,,07,16,042,28,10,16,054,28,11,12,315,30,1*76
$GBGSV,3,2,09,13,05,147,,26,01,022,,27,68,200,39,28,32,155,34,1*70
$GBGSV,3,3,09,30,38,305,36,1*44
$GIGSV,1,1,02,01,,,35,06,24,135,,1*4F
$GPGGA,135024.00,4825.1420503,N,00428.4545893,W,4,22,0.5,89.921,M,51.637,M,1.0,4095*63
$GPRMC,135024.00,A,4825.1420503,N,00428.4545893,W,0.0,0.0,100626,999.9,E,D*26
$GPGSV,3,1,12,01,37,120,45,02,12,128,40,03,61,057,48,04,58,160,46,1*6A
$GPGSV,3,2,12,06,33,303,42,09,32,196,41,12,04,336,,13,03,336,,1*63
$GPGSV,3,3,12,17,49,235,46,19,45,286,45,28,13,041,38,31,19,069,39,1*67
$GSGSV,3,1,10,01,33,195,,02,34,181,41,04,28,145,41,05,29,147,,1*67
$GSGSV,3,2,10,06,33,195,,07,05,106,,08,14,112,,17,34,167,42,1*61
$GSGSV,3,3,10,28,19,125,,39,17,237,,1*68
$GLGSV,2,1,08,68,44,038,45,69,81,204,47,70,27,216,40,76,07,341,31,1*75
$GLGSV,2,2,08,77,06,025,,83,35,139,43,84,86,329,47,85,37,321,44,1*70
$GQGSV,1,1,00,1*65
$GAGSV,3,1,11,02,14,287,37,04,59,125,46,06,45,166,43,09,25,185,39,7*7A
$GAGSV,3,2,11,10,57,106,46,11,84,044,42,12,32,111,37,19,31,049,36,7*7B
$GAGSV,3,3,11,25,04,238,31,28,51,080,44,30,06,336,,7*4E
$GBGSV,3,1,09,05,09,111,,07,16,042,28,10,16,054,28,11,12,315,29,1*7E
$GBGSV,3,2,09,13,05,147,,26,01,022,,27,68,200,39,28,32,155,34,1*70
$GBGSV,3,3,09,30,38,305,35,1*47
$GIGSV,1,1,02,01,,,35,06,24,135,,1*4F
$GPGGA,135025.00,4825.1420508,N,00428.4545883,W,4,22,0.5,89.924,M,51.637,M,1.0,4095*6D
$GPRMC,135025.00,A,4825.1420508,N,00428.4545883,W,0.0,0.0,100626,999.9,E,D*2D
$GPGSV,3,1,12,01,37,120,45,02,12,128,40,03,61,057,47,04,58,160,45,1*66
$GPGSV,3,2,12,06,33,303,42,09,32,196,41,12,04,336,,13,03,336,,1*63
$GPGSV,3,3,12,17,49,235,46,19,45,286,45,28,13,041,38,31,19,069,40,1*69
$GSGSV,3,1,10,01,33,195,,02,34,181,41,04,28,145,41,05,29,147,,1*67
$GSGSV,3,2,10,06,33,195,,07,05,106,,08,14,112,,17,34,167,42,1*61
$GSGSV,3,3,10,28,19,125,,39,17,237,,1*68
$GLGSV,2,1,08,68,44,038,45,69,81,204,47,70,27,216,40,76,07,341,32,1*76
$GLGSV,2,2,08,77,06,025,,83,35,139,43,84,86,329,46,85,37,321,44,1*71
$GQGSV,1,1,00,1*65
$GAGSV,3,1,11,02,14,287,37,04,59,125,46,06,45,166,43,09,25,185,40,7*74
$GAGSV,3,2,11,10,57,106,46,11,84,044,43,12,32,111,37,19,31,049,36,7*7A
$GAGSV,3,3,11,25,04,238,30,28,51,080,45,30,06,336,,7*4E
$GBGSV,3,1,09,05,09,111,,07,16,042,29,10,16,054,28,11,12,315,29,1*7F
$GBGSV,3,2,09,13,05,147,,26,01,022,,27,68,200,39,28,32,155,34,1*70
$GBGSV,3,3,09,30,38,305,35,1*47
$GIGSV,1,1,02,01,,,35,06,24,135,,1*4F
$GPGGA,135026.00,4825.1420512,N,00428.4545883,W,4,22,0.5,89.923,M,51.637,M,2.0,4095*61
$GPRMC,135026.00,A,4825.1420512,N,00428.4545883,W,0.0,0.0,100626,999.9,E,D*25
$GPGSV,3,1,12,01,37,120,46,02,12,128,40,03,61,057,48,04,58,160,45,1*6A
$GPGSV,3,2,12,06,33,303,42,09,32,196,41,12,04,336,,13,03,336,,1*63
$GPGSV,3,3,12,17,49,235,46,19,45,286,45,28,13,041,39,31,19,069,40,1*68
$GSGSV,3,1,10,01,33,195,,02,34,181,41,04,28,145,41,05,29,147,,1*67
$GSGSV,3,2,10,06,33,195,,07,05,106,,08,14,112,,17,34,167,42,1*61
$GSGSV,3,3,10,28,19,125,,39,17,237,,1*68
$GLGSV,2,1,08,68,44,038,45,69,81,204,47,70,27,216,40,76,07,341,32,1*76
$GLGSV,2,2,08,77,06,025,,83,35,139,43,84,86,329,46,85,37,321,44,1*71
$GQGSV,1,1,00,1*65
$GAGSV,3,1,11,02,14,287,38,04,59,125,46,06,45,166,42,09,25,185,40,7*7A
$GAGSV,3,2,11,10,57,106,46,11,84,044,43,12,32,111,37,19,31,049,36,7*7A
$GAGSV,3,3,11,25,04,238,31,28,51,080,44,30,06,336,,7*4E
$GBGSV,3,1,09,05,09,111,,07,16,042,29,10,16,054,28,11,12,315,29,1*7F
$GBGSV,3,2,09,13,05,147,,26,01,022,,27,68,200,39,28,32,155,34,1*70
$GBGSV,3,3,09,30,38,305,36,1*44
$GIGSV,1,1,02,01,,,35,06,24,135,,1*4F
$GPGGA,135027.00,4825.1420511,N,00428.4545888,W,4,22,0.5,89.924,M,51.637,M,3.0,4095*6E
$GPRMC,135027.00,A,4825.1420511,N,00428.4545888,W,0.0,0.0,100626,999.9,E,D*2C
$GPGSV,3,1,12,01,37,120,46,02,12,128,39,03,61,057,48,04,58,160,45,1*64
$GPGSV,3,2,12,06,33,303,42,09,32,196,41,12,04,336,,13,03,336,,1*63
$GPGSV,3,3,12,17,49,235,46,19,45,286,45,28,13,041,39,31,19,069,40,1*68
$GSGSV,3,1,10,01,33,195,,02,34,181,41,04,28,145,42,05,29,147,,1*64
$GSGSV,3,2,10,06,33,195,,07,05,106,,08,14,112,,17,34,167,42,1*61
$GSGSV,3,3,10,28,19,125,,39,17,237,,1*68
$GLGSV,2,1,08,68,44,038,45,69,81,204,47,70,27,216,40,76,07,341,31,1*75
$GLGSV,2,2,08,77,06,025,,83,35,139,43,84,86,329,46,85,37,321,44,1*71
$GQGSV,1,1,00,1*65
$GAGSV,3,1,11,02,14,287,37,04,59,125,47,06,45,166,43,09,25,185,40,7*75
$GAGSV,3,2,11,10,57,106,46,11,84,044,43,12,32,111,37,19,31,049,36,7*7A
$GAGSV,3,3,11,25,04,238,30,28,51,080,44,30,06,336,,7*4F
$GBGSV,3,1,09,05,09,111,,07,16,042,28,10,16,054,27,11,12,315,28,1*70
$GBGSV,3,2,09,13,05,147,,26,01,022,,27,68,200,39,28,32,155,35,1*71
$GBGSV,3,3,09,30,38,305,35,1*47
$GIGSV,1,1,02,01,,,36,06,24,135,,1*4C
$GPGGA,135028.00,4825.1420517,N,00428.4545891,W,4,22,0.5,89.925,M,51.637,M,1.0,4095*6C
$GPRMC,135028.00,A,4825.1420517,N,00428.4545891,W,0.0,0.0,100626,999.9,E,D*2D
$GPGSV,3,1,12,01,37,120,45,02,12,128,40,03,61,057,47,04,58,160,45,1*66
$GPGSV,3,2,12,06,33,303,42,09,32,196,41,12,04,336,,13,03,336,,1*63
$GPGSV,3,3,12,17,49,235,46,19,45,286,44,28,13,041,39,31,19,069,40,1*69
$GSGSV,3,1,10,01,33,195,,02,34,181,41,04,28,145,41,05,29,147,,1*67
$GSGSV,3,2,10,06,33,195,,07,05,106,,08,14,112,,17,34,167,42,1*61
$GSGSV,3,3,10,28,19,125,,39,17,237,,1*68
$GLGSV,2,1,08,68,44,038,45,69,81,204,47,70,27,216,40,76,07,341,31,1*75
$GLGSV,2,2,08,77,06,025,,83,35,139,42,84,86,329,46,85,37,321,44,1*70
$GQGSV,1,1,00,1*65
$GAGSV,3,1,11,02,14,287,37,04,59,125,46,06,45,166,44,09,25,185,40,7*73
$GAGSV,3,2,11,10,57,106,46,11,84,044,43,12,32,111,37,19,31,049,37,7*7B
$GAGSV,3,3,11,25,04,238,30,28,51,080,44,30,06,336,,7*4F
$GBGSV,3,1,09,05,09,111,,07,16,042,28,10,16,054,28,11,12,315,28,1*7F
$GBGSV,3,2,09,13,05,147,,26,01,022,,27,68,200,39,28,31,155,34,1*73
$GBGSV,3,3,09,30,38,305,35,1*47
$GIGSV,1,1,02,01,,,36,06,24,135,,1*4C
$GPGGA,135029.00,4825.1420509,N,00428.4545887,W,4,22,0.5,89.919,M,51.637,M,1.0,4095*6A
$GPRMC,135029.00,A,4825.1420509,N,00428.4545887,W,0.0,0.0,100626,999.9,E,D*24
$GPGSV,3,1,12,01,37,120,45,02,12,128,40,03,61,057,47,04,58,160,45,1*66
$GPGSV,3,2,12,06,33,303,41,09,32,196,41,12,04,336,,13,03,336,,1*60
$GPGSV,3,3,12,17,49,235,46,19,45,286,44,28,13,041,38,31,19,069,40,1*68
$GSGSV,3,1,10,01,33,195,,02,34,181,41,04,28,145,41,05,29,147,,1*67
$GSGSV,3,2,10,06,33,195,,07,05,106,,08,14,112,,17,34,167,42,1*61
$GSGSV,3,3,10,28,19,125,,39,17,237,,1*68
$GLGSV,2,1,08,68,44,038,45,69,81,204,47,70,27,216,40,76,07,341,31,1*75
$GLGSV,2,2,08,77,06,025,,83,35,139,42,84,86,329,46,85,37,321,44,1*70
$GQGSV,1,1,00,1*65
$GAGSV,3,1,11,02,14,287,38,04,59,125,47,06,45,166,44,09,25,185,40,7*7D
$GAGSV,3,2,11,10,57,106,45,11,84,044,43,12,32,111,37,19,31,049,37,7*78
$GAGSV,3,3,11,25,04,238,29,28,51,080,44,30,06,336,,7*47
$GBGSV,3,1,09,05,09,111,,07,16,042,29,10,16,054,28,11,12,315,28,1*7E
$GBGSV,3,2,09,13,05,147,,26,01,022,,27,68,200,39,28,31,155,34,1*73
$GBGSV,3,3,09,30,38,305,35,1*47
$GIGSV,1,1,02,01,,,35,06,24,135,,1*4F
$GPGGA,135030.00,4825.1420503,N,00428.4545882,W,4,22,0.5,89.923,M,51.637,M,2.0,4095*67
$GPRMC,135030.00,A,4825.1420503,N,00428.4545882,W,0.0,0.0,100626,999.9,E,D*23
$GPGSV,3,1,12,01,37,120,45,02,12,128,40,03,61,057,47,04,58,160,44,1*67
$GPGSV,3,2,12,06,33,303,42,09,32,196,41,12,04,336,,13,03,336,,1*63
$GPGSV,3,3,12,17,49,235,46,19,45,286,45,28,13,041,38,31,19,069,40,1*69
$GSGSV,3,1,10,01,33,195,,02,34,181,41,04,28,145,41,05,29,147,,1*67
$GSGSV,3,2,10,06,33,195,,07,05,106,,08,14,112,,17,34,167,42,1*61
$GSGSV,3,3,10,28,19,125,,39,17,237,,1*68
$GLGSV,2,1,08,68,44,038,44,69,81,204,47,70,27,216,40,76,07,341,31,1*74
$GLGSV,2,2,08,77,06,025,,83,35,139,42,84,86,329,47,85,37,321,44,1*71
$GQGSV,1,1,00,1*65
$GAGSV,3,1,11,02,14,287,37,04,59,125,47,06,45,166,43,09,25,185,39,7*7B
$GAGSV,3,2,11,10,57,106,46,11,84,044,43,12,32,111,37,19,31,049,36,7*7A
$GAGSV,3,3,11,25,04,237,30,28,51,080,44,30,06,336,,7*40
$GBGSV,3,1,09,05,09,111,,07,16,042,29,10,16,054,28,11,12,315,29,1*7F
$GBGSV,3,2,09,13,05,147,,26,01,022,,27,68,200,39,28,31,155,34,1*73
$GBGSV,3,3,09,30,38,305,35,1*47
$GIGSV,1,1,02,01,,,35,06,24,135,,1*4F
$GPGGA,135031.00,4825.1420496,N,00428.4545881,W,4,22,0.5,89.921,M,51.637,M,1.0,4095*69
$GPRMC,135031.00,A,4825.1420496,N,00428.4545881,W,0.0,0.0,100626,999.9,E,D*2C
$GPGSV,3,1,12,01,37,120,45,02,12,128,40,03,61,057,47,04,58,160,44,1*67
$GPGSV,3,2,12,06,33,303,42,09,32,196,41,12,04,336,,13,03,336,,1*63
$GPGSV,3,3,12,17,49,235,46,19,45,286,44,28,13,041,38,31,19,069,40,1*68
$GSGSV,3,1,10,01,33,195,,02,34,181,41,04,28,145,41,05,29,147,,1*67
$GSGSV,3,2,10,06,33,195,,07,05,106,,08,14,112,,17,34,167,42,1*61
$GSGSV,3,3,10,28,19,125,,39,17,237,,1*68
$GLGSV,2,1,08,68,44,038,45,69,81,204,47,70,27,216,40,76,07,341,31,1*75
$GLGSV,2,2,08,77,06,025,,83,35,139,43,84,86,329,47,85,37,321,45,1*71
$GQGSV,1,1,00,1*65
$GAGSV,3,1,11,02,14,287,37,04,59,125,47,06,45,166,44,09,25,185,40,7*72
$GAGSV,3,2,11,10,57,106,46,11,84,044,42,12,32,111,37,19,31,049,37,7*7A
$GAGSV,3,3,11,25,04,237,30,28,51,080,44,30,06,336,,7*40
$GBGSV,3,1,09,05,09,111,,07,16,042,29,10,16,054,28,11,12,315,29,1*7F
$GBGSV,3,2,09,13,05,147,,26,01,022,,27,68,200,39,28,31,155,34,1*73
$GBGSV,3,3,09,30,38,305,35,1*47
$GIGSV,1,1,02,01,,,36,06,24,135,,1*4C
$GPGGA,135032.00,4825.1420513,N,00428.4545889,W,4,22,0.5,89.920,M,51.637,M,1.0,4095*6F
$GPRMC,135032.00,A,4825.1420513,N,00428.4545889,W,0.0,0.0,100626,999.9,E,D*2B
$GPGSV,3,1,12,01,37,120,45,02,12,128,39,03,61,057,47,04,58,160,45,1*68
$GPGSV,3,2,12,06,33,303,42,09,32,196,41,12,04,336,,13,03,336,,1*63
$GPGSV,3,3,12,17,49,235,47,19,45,286,44,28,13,041,39,31,19,069,40,1*68
$GSGSV,3,1,10,01,33,195,,02,34,181,41,04,28,145,41,05,29,147,,1*67
$GSGSV,3,2,10,06,33,195,,07,05,106,,08,14,112,,17,34,167,43,1*60
$GSGSV,3,3,10,28,19,125,,39,17,237,,1*68
$GLGSV,2,1,08,68,44,038,45,69,81,204,47,70,27,216,40,76,07,341,31,1*75
$GLGSV,2,2,08,77,06,025,,83,35,139,42,84,86,329,46,85,37,321,44,1*70
$GQGSV,1,1,00,1*65
$GAGSV,3,1,11,02,14,287,37,04,59,125,47,06,45,166,44,09,25,185,39,7*7C
$GAGSV,3,2,11,10,57,106,46,11,84,044,43,12,32,111,37,19,31,049,36,7*7A
$GAGSV,3,3,11,25,04,237,31,28,51,080,44,30,06,336,,7*41
$GBGSV,3,1,09,05,09,111,,07,16,042,29,10,16,054,28,11,12,315,28,1*7E
$GBGSV,3,2,09,13,05,147,,26,01,022,,27,68,200,40,28,31,155,34,1*7D
$GBGSV,3,3,09,30,38,305,35,1*47
$GIGSV,1,1,02,01,,,35,06,24,135,,1*4F
$GPGGA,135033.00,4825.1420512,N,00428.4545893,W,4,22,0.5,89.920,M,51.637,M,2.0,4095*67
$GPRMC,135033.00,A,4825.1420512,N,00428.4545893,W,0.0,0.0,100626,999.9,E,D*20
$GPGSV,3,1,12,01,37,120,45,02,12,128,39,03,61,057,47,04,58,160,45,1*68
$GPGSV,3,2,12,06,33,303,42,09,32,196,41,12,04,336,,13,03,336,,1*63
$GPGSV,3,3,12,17,49,235,47,19,45,286,44,28,13,041,39,31,19,069,40,1*68
$GSGSV,3,1,10,01,33,195,,02,34,181,41,04,28,145,41,05,29,147,,1*67
$GSGSV,3,2,10,06,33,195,,07,05,106,,08,14,112,,17,34,167,42,1*61
$GSGSV,3,3,10,28,19,125,,39,17,237,,1*68
$GLGSV,2,1,08,68,44,038,44,69,81,204,47,70,27,216,40,76,07,341,30,1*75
$GLGSV,2,2,08,77,06,025,,83,35,139,42,84,86,328,46,85,37,321,45,1*70
$GQGSV,1,1,00,1*65
$GAGSV,3,1,11,02,14,287,37,04,59,125,47,06,45,166,43,09,25,185,39,7*7B
$GAGSV,3,2,11,10,57,106,46,11,84,044,43,12,32,111,37,19,31,049,36,7*7A
$GAGSV,3,3,11,25,04,237,31,28,51,080,44,30,06,336,,7*41
$GBGSV,3,1,09,05,09,111,,07,16,042,29,10,16,054,28,11,12,315,29,1*7F
$GBGSV,3,2,09,13,05,147,,26,01,022,,27,68,200,39,28,31,155,34,1*73
$GBGSV,3,3,09,30,38,305,35,1*47
$GIGSV,1,1,02,01,,,35,06,24,135,,1*4F
$GPGGA,135034.00,4825.1420513,N,00428.4545891,W,4,22,0.5,89.918,M,51.637,M,3.0,4095*69
$GPRMC,135034.00,A,4825.1420513,N,00428.4545891,W,0.0,0.0,100626,999.9,E,D*24
$GPGSV,3,1,12,01,37,120,45,02,12,128,39,03,61,057,48,04,58,160,45,1*67
$GPGSV,3,2,12,06,33,303,41,09,32,196,41,12,04,336,,13,03,336,,1*60
$GPGSV,3,3,12,17,49,235,46,19,45,286,45,28,13,041,38,31,19,069,40,1*69
$GSGSV,3,1,10,01,33,195,,02,34,181,42,04,28,145,41,05,29,147,,1*64
$GSGSV,3,2,10,06,33,195,,07,05,106,,08,14,112,,17,34,167,42,1*61
$GSGSV,3,3,10,28,19,125,,39,17,237,,1*68
$GLGSV,2,1,08,68,44,038,45,69,81,204,47,70,27,216,40,76,07,340,31,1*74
$GLGSV,2,2,08,77,06,025,,83,35,139,42,84,86,328,46,85,37,321,45,1*70
$GQGSV,1,1,00,1*65
$GAGSV,3,1,11,02,14,287,37,04,59,125,47,06,45,166,43,09,25,185,39,7*7B
$GAGSV,3,2,11,10,57,106,46,11,84,044,43,12,32,111,38,19,31,049,36,7*75
$GAGSV,3,3,11,25,04,237,31,28,51,080,44,30,06,336,,7*41
$GBGSV,3,1,09,05,09,111,,07,16,042,30,10,16,054,28,11,12,315,29,1*77
$GBGSV,3,2,09,13,05,147,,26,01,022,,27,68,200,40,28,31,155,34,1*7D
$GBGSV,3,3,09,30,38,305,35,1*47
$GIGSV,1,1,02,01,,,36,06,24,135,,1*4C
$GPGGA,135035.00,4825.1420502,N,00428.4545891,W,4,22,0.5,89.917,M,51.637,M,1.0,4095*65
$GPRMC,135035.00,A,4825.1420502,N,00428.4545891,W,0.0,0.0,100626,999.9,E,D*25
$GPGSV,3,1,12,01,37,120,44,02,12,128,39,03,61,057,48,04,58,160,45,1*66
$GPGSV,3,2,12,06,33,303,42,09,32,196,41,12,04,336,,13,03,336,,1*63
$GPGSV,3,3,12,17,49,235,46,19,45,286,45,28,13,041,39,31,19,069,40,1*68
$GSGSV,3,1,10,01,33,195,,02,34,181,41,04,28,145,41,05,29,147,,1*67
$GSGSV,3,2,10,06,33,195,,07,05,106,,08,14,112,,17,34,167,42,1*61
$GSGSV,3,3,10,28,19,125,,39,17,237,,1*68
$GLGSV,2,1,08,68,44,038,45,69,81,204,47,70,27,216,40,76,07,340,31,1*74
$GLGSV,2,2,08,77,06,025,,83,35,139,43,84,86,328,46,85,37,321,45,1*71
$GQGSV,1,1,00,1*65
$GAGSV,3,1,11,02,14,287,37,04,59,125,46,06,45,166,43,09,25,185,40,7*74
$GAGSV,3,2,11,10,57,106,46,11,84,044,43,12,32,111,37,19,31,049,36,7*7A
$GAGSV,3,3,11,25,04,237,31,28,51,080,44,30,06,336,,7*41
$GBGSV,3,1,09,05,09,111,,07,16,042,29,10,16,054,27,11,12,315,28,1*71
$GBGSV,3,2,09,13,05,147,,26,01,022,,27,68,200,39,28,31,155,33,1*74
$GBGSV,3,3,09,30,38,305,35,1*47
$GIGSV,1,1,02,01,,,36,06,24,135,,1*4C
$GPGGA,135036.00,4825.1420506,N,00428.4545871,W,4,22,0.5,89.920,M,51.637,M,1.0,4095*68
$GPRMC,135036.00,A,4825.1420506,N,00428.4545871,W,0.0,0.0,100626,999.9,E,D*2C
$GPGSV,3,1,12,01,37,120,44,02,12,128,39,03,61,057,47,04,58,160,45,1*69
$GPGSV,3,2,12,06,33,303,42,09,32,196,41,12,04,336,,13,03,336,,1*63
$GPGSV,3,3,12,17,49,235,46,19,45,286,44,28,13,041,39,31,19,069,40,1*69
$GSGSV,3,1,10,01,33,195,,02,34,181,41,04,28,145,41,05,29,147,,1*67
$GSGSV,3,2,10,06,33,195,,07,05,106,,08,14,112,,17,34,167,42,1*61
$GSGSV,3,3,10,28,19,125,,39,17,237,,1*68
$GLGSV,2,1,08,68,44,038,44,69,81,204,47,70,27,216,40,76,07,340,32,1*76
$GLGSV,2,2,08,77,06,025,,83,35,139,43,84,86,328,46,85,37,321,44,1*70
$GQGSV,1,1,00,1*65
$GAGSV,3,1,11,02,14,287,37,04,59,125,46,06,45,166,43,09,25,185,40,7*74
$GAGSV,3,2,11,10,57,106,46,11,84,045,43,12,32,111,37,19,31,049,36,7*7B
$GAGSV,3,3,11,25,04,237,31,28,51,080,44,30,06,336,,7*41
$GBGSV,3,1,09,05,09,111,,07,16,042,29,10,16,054,28,11,12,315,28,1*7E
$GBGSV,3,2,09,13,05,147,,26,01,022,,27,68,200,39,28,31,155,34,1*73
$GBGSV,3,3,09,30,38,305,35,1*47
$GIGSV,1,1,02,01,,,36,06,24,135,,1*4C
$GPGGA,135037.00,4825.1420499,N,00428.4545866,W,4,22,0.5,89.926,M,51.637,M,2.0,4095*6D
$GPRMC,135037.00,A,4825.1420499,N,00428.4545866,W,0.0,0.0,100626,999.9,E,D*2C
$GPGSV,3,1,12,01,37,120,44,02,12,128,39,03,61,057,47,04,58,160,45,1*69
$GPGSV,3,2,12,06,33,303,42,09,32,196,41,12,04,336,,13,03,335,,1*60
$GPGSV,3,3,12,17,49,235,46,19,45,286,44,28,13,041,38,31,19,069,40,1*68
$GSGSV,3,1,10,01,33,195,,02,34,181,41,04,28,145,41,05,29,147,,1*67
$GSGSV,3,2,10,06,33,195,,07,05,106,,08,14,112,,17,34,167,42,1*61
$GSGSV,3,3,10,28,19,125,,39,17,237,,1*68
$GLGSV,2,1,08,68,44,038,45,69,81,204,47,70,27,216,41,76,07,340,32,1*76
$GLGSV,2,2,08,77,06,025,,83,35,139,43,84,86,328,46,85,37,321,44,1*70
$GQGSV,1,1,00,1*65
$GAGSV,3,1,11,02,14,287,37,04,59,125,46,06,45,166,44,09,25,185,40,7*73
$GAGSV,3,2,11,10,57,106,46,11,84,045,43,12,32,111,37,19,31,049,35,7*78
$GAGSV,3,3,11,25,04,237,31,28,51,080,45,30,06,336,,7*40
$GBGSV,3,1,09,05,09,111,,07,16,042,28,10,16,054,27,11,12,315,30,1*79
$GBGSV,3,2,09,13,05,147,,26,01,022,,27,68,200,39,28,31,155,34,1*73
$GBGSV,3,3,09,30,38,305,36,1*44
$GIGSV,1,1,02,01,,,36,06,24,135,,1*4C
$GPGGA,135038.00,4825.1420486,N,00428.4545869,W,4,22,0.5,89.929,M,51.637,M,3.0,4095*6D
$GPRMC,135038.00,A,4825.1420486,N,00428.4545869,W,0.0,0.0,100626,999.9,E,D*22
$GPGSV,3,1,12,01,37,120,45,02,12,128,39,03,61,057,48,04,58,160,44,1*66
$GPGSV,3,2,12,06,33,303,43,09,32,196,40,12,04,336,,13,03,335,,1*60
$GPGSV,3,3,12,17,49,235,46,19,45,286,44,28,13,041,38,31,19,069,39,1*66
$GSGSV,3,1,10,01,33,195,,02,34,181,41,04,28,145,41,05,29,147,,1*67
$GSGSV,3,2,10,06,33,195,,07,05,106,,08,14,112,,17,34,167,42,1*61
$GSGSV,3,3,10,28,19,125,,39,17,237,,1*68
$GLGSV,2,1,08,68,44,038,45,69,81,204,47,70,27,217,40,76,07,340,32,1*76
$GLGSV,2,2,08,77,06,025,,83,35,139,43,84,86,328,47,85,37,321,44,1*71
$GQGSV,1,1,00,1*65
$GAGSV,3,1,11,02,14,287,37,04,59,125,47,06,45,166,44,09,25,185,40,7*72
$GAGSV,3,2,11,10,57,106,46,11,84,045,43,12,32,111,37,19,31,049,36,7*7B
$GAGSV,3,3,11,25,04,237,31,28,51,080,44,30,06,336,,7*41
$GBGSV,3,1,09,05,09,111,,07,16,042,28,10,16,054,28,11,12,315,30,1*76
$GBGSV,3,2,09,13,05,147,,26,01,022,,27,68,200,39,28,31,155,34,1*73
$GBGSV,3,3,09,30,38,305,36,1*44
$GIGSV,1,1,02,01,,,36,06,24,135,,1*4C
$GPGGA,135039.00,4825.1420495,N,00428.4545873,W,4,22,0.5,89.932,M,51.637,M,1.0,4095*6D
$GPRMC,135039.00,A,4825.1420495,N,00428.4545873,W,0.0,0.0,100626,999.9,E,D*2A
$GPGSV,3,1,12,01,37,120,44,02,12,128,39,03,61,057,47,04,58,160,44,1*68
$GPGSV,3,2,12,06,33,303,42,09,32,196,40,12,04,336,,13,03,335,,1*61
$GPGSV,3,3,12,17,49,235,45,19,45,286,43,28,13,041,38,31,19,069,38,1*63
$GSGSV,3,1,10,01,33,195,,02,34,181,41,04,28,145,41,05,29,147,,1*67
$GSGSV,3,2,10,06,33,195,,07,05,106,,08,14,112,,17,34,167,42,1*61
$GSGSV,3,3,10,28,19,125,,39,17,237,,1*68
$GLGSV,2,1,08,68,44,038,45,69,81,204,47,70,27,217,41,76,07,340,32,1*77
$GLGSV,2,2,08,77,06,025,,83,35,139,43,84,86,328,46,85,37,321,44,1*70
$GQGSV,1,1,00,1*65
$GAGSV,3,1,11,02,14,287,37,04,59,125,46,06,45,166,43,09,25,185,40,7*74
$GAGSV,3,2,11,10,57,106,46,11,84,045,43,12,32,111,37,19,31,049,36,7*7B
$GAGSV,3,3,11,25,04,237,30,28,51,080,44,30,06,336,,7*40
$GBGSV,3,1,09,05,09,111,,07,16,042,29,10,16,054,28,11,12,315,30,1*77
$GBGSV,3,2,09,13,05,147,,26,01,022,,27,68,200,39,28,31,155,33,1*74
$GBGSV,3,3,09,30,38,305,36,1*44
$GIGSV,1,1,02,01,,,36,06,24,135,,1*4C
$GPGGA,135040.00,4825.1420500,N,00428.4545899,W,4,22,0.5,89.923,M,51.637,M,1.0,4095*6A
$GPRMC,135040.00,A,4825.1420500,N,00428.4545899,W,0.0,0.0,100626,999.9,E,D*2D
$GPGSV,3,1,12,01,37,120,45,02,12,128,38,03,61,057,48,04,58,160,44,1*67
$GPGSV,3,2,12,06,33,303,42,09,32,196,40,12,04,336,,13,03,335,,1*61
$GPGSV,3,3,12,17,49,235,45,19,45,286,43,28,13,041,38,31,19,069,39,1*62
$GSGSV,3,1,10,01,33,195,,02,34,181,41,04,28,145,42,05,29,147,,1*64
$GSGSV,3,2,10,06,33,195,,07,05,106,,08,14,112,,17,34,167,42,1*61
$GSGSV,3,3,10,28,19,125,,39,17,237,,1*68
$GLGSV,2,1,08,68,44,038,45,69,81,204,47,70,27,217,41,76,07,340,31,1*74
$GLGSV,2,2,08,77,06,025,,83,35,139,43,84,86,328,46,85,37,321,43,1*77
$GQGSV,1,1,00,1*65
$GAGSV,3,1,11,02,14,287,37,04,59,125,46,06,45,166,44,09,25,185,40,7*73
$GAGSV,3,2,11,10,57,106,46,11,84,045,42,12,32,111,37,19,31,049,36,7*7A
$GAGSV,3,3,11,25,04,237,30,28,51,080,44,30,06,336,,7*40
$GBGSV,3,1,09,05,09,111,,07,16,042,28,10,16,054,28,11,12,315,29,1*7E
$GBGSV,3,2,09,13,05,147,,26,01,022,,27,68,200,39,28,31,155,34,1*73
$GBGSV,3,3,09,30,38,305,36,1*44
$GIGSV,1,1,02,01,,,36,06,24,135,,1*4C
$GPGGA,135041.00,4825.1420502,N,00428.4545897,W,4,22,0.5,89.927,M,51.637,M,2.0,4095*60
$GPRMC,135041.00,A,4825.1420502,N,00428.4545897,W,0.0,0.0,100626,999.9,E,D*20
$GPGSV,3,1,12,01,37,120,44,02,12,128,38,03,61,057,47,04,58,160,45,1*68
$GPGSV,3,2,12,06,33,303,42,09,32,196,40,12,04,336,,13,03,335,,1*61
$GPGSV,3,3,12,17,49,235,45,19,45,286,44,28,13,041,38,31,19,069,39,1*65
$GSGSV,3,1,10,01,33,195,,02,34,181,41,04,28,145,41,05,29,147,,1*67
$GSGSV,3,2,10,06,33,195,,07,05,106,,08,14,112,,17,34,167,42,1*61
$GSGSV,3,3,10,28,19,125,,39,17,237,,1*68
$GLGSV,2,1,08,68,44,038,45,69,81,204,47,70,27,217,41,76,07,340,31,1*74
$GLGSV,2,2,08,77,06,025,,83,35,139,43,84,86,328,46,85,37,321,44,1*70
$GQGSV,1,1,00,1*65
$GAGSV,3,1,11,02,14,287,38,04,59,125,47,06,45,166,44,09,25,185,40,7*7D
$GAGSV,3,2,11,10,57,106,46,11,84,045,43,12,32,111,37,19,31,049,36,7*7B
$GAGSV,3,3,11,25,04,237,31,28,51,080,44,30,06,335,,7*42
$GBGSV,3,1,09,05,09,111,,07,16,042,29,10,16,054,28,11,12,315,29,1*7F
$GBGSV,3,2,09,13,05,147,,26,01,022,,27,68,200,39,28,31,155,34,1*73
$GBGSV,3,3,09,30,38,305,36,1*44
$GIGSV,1,1,02,01,,,36,06,24,135,,1*4C
$GPGGA,135042.00,4825.1420488,N,00428.4545892,W,4,22,0.5,89.931,M,51.637,M,1.0,4095*61
$GPRMC,135042.00,A,4825.1420488,N,00428.4545892,W,0.0,0.0,100626,999.9,E,D*25
$GPGSV,3,1,12,01,37,120,44,02,12,128,38,03,61,057,48,04,58,160,45,1*67
$GPGSV,3,2,12,06,33,303,42,09,32,196,40,12,04,336,,13,03,335,,1*61
$GPGSV,3,3,12,17,49,235,46,19,45,286,44,28,13,041,38,31,19,069,40,1*68
$GSGSV,3,1,10,01,33,195,,02,34,181,41,04,28,145,41,05,29,147,,1*67
$GSGSV,3,2,10,06,33,195,,07,05,106,,08,14,112,,17,34,167,42,1*61
$GSGSV,3,3,10,28,19,125,,39,17,237,,1*68
$GLGSV,2,1,08,68,44,038,45,69,81,204,47,70,27,217,40,76,07,340,31,1*75
$GLGSV,2,2,08,77,06,025,,83,35,139,43,84,86,328,46,85,37,321,44,1*70
$GQGSV,1,1,00,1*65
$GAGSV,3,1,11,02,14,287,37,04,59,125,47,06,45,166,44,09,25,185,40,7*72
$GAGSV,3,2,11,10,57,106,46,11,84,045,43,12,32,111,37,19,31,049,36,7*7B
$GAGSV,3,3,11,25,04,237,31,28,51,080,44,30,06,335,,7*42
$GBGSV,3,1,09,05,09,111,,07,16,042,30,10,16,054,28,11,12,315,30,1*7F
$GBGSV,3,2,09,13,05,147,,26,01,022,,27,68,200,39,28,31,155,34,1*73
$GBGSV,3,3,09,30,38,305,36,1*44
$GIGSV,1,1,02,01,,,36,06,24,135,,1*4C
$GPGGA,135043.00,4825.1420496,N,00428.4545885,W,4,22,0.5,89.919,M,51.637,M,2.0,4095*60
$GPRMC,135043.00,A,4825.1420496,N,00428.4545885,W,0.0,0.0,100626,999.9,E,D*2D
$GPGSV,3,1,12,01,37,120,44,02,12,128,39,03,61,057,47,04,58,160,45,1*69
$GPGSV,3,2,12,06,33,303,42,09,32,196,40,12,04,336,,13,03,335,,1*61
$GPGSV,3,3,12,17,49,235,46,19,45,286,43,28,13,041,39,31,19,069,40,1*6E
$GSGSV,3,1,10,01,33,195,,02,34,181,41,04,28,145,41,05,29,147,,1*67
$GSGSV,3,2,10,06,33,195,,07,05,106,,08,14,112,,17,34,167,42,1*61
$GSGSV,3,3,10,28,19,125,,39,17,237,,1*68
$GLGSV,2,1,08,68,44,038,45,69,81,204,47,70,27,217,40,76,07,340,30,1*74
$GLGSV,2,2,08,77,06,025,,83,35,139,43,84,87,328,46,85,37,321,44,1*71
$GQGSV,1,1,00,1*65
$GAGSV,3,1,11,02,14,287,38,04,59,125,46,06,45,166,44,09,25,185,39,7*72
$GAGSV,3,2,11,10,57,106,45,11,84,045,44,12,32,111,37,19,31,049,36,7*7F
$GAGSV,3,3,11,25,04,237,31,28,51,080,45,30,06,335,,7*43
$GBGSV,3,1,09,05,09,111,,07,16,042,29,10,16,054,28,11,12,315,30,1*77
$GBGSV,3,2,09,13,05,147,,26,01,022,,27,68,200,40,28,31,155,34,1*7D
$GBGSV,3,3,09,30,38,305,36,1*44
$GIGSV,1,1,02,01,,,35,06,24,135,,1*4F
$GPGGA,135044.00,4825.1420488,N,00428.4545888,W,4,22,0.5,89.917,M,51.637,M,3.0,4095*6A
$GPRMC,135044.00,A,4825.1420488,N,00428.4545888,W,0.0,0.0,100626,999.9,E,D*28
$GPGSV,3,1,12,01,37,120,44,02,12,128,39,03,61,057,47,04,58,160,45,1*69
$GPGSV,3,2,12,06,33,303,42,09,32,196,40,12,04,336,,13,03,335,,1*61
$GPGSV,3,3,12,17,49,235,46,19,45,286,44,28,13,041,38,31,19,069,41,1*69
$GSGSV,3,1,10,01,33,195,,02,34,181,41,04,28,145,41,05,29,147,,1*67
$GSGSV,3,2,10,06,33,195,,07,05,106,,08,14,112,,17,34,167,42,1*61
$GSGSV,3,3,10,28,19,125,,39,17,237,,1*68
$GLGSV,2,1,08,68,44,038,45,69,81,204,47,70,27,217,40,76,07,340,30,1*74
$GLGSV,2,2,08,77,06,025,,83,35,139,43,84,87,328,46,85,37,321,44,1*71
$GQGSV,1,1,00,1*65
$GAGSV,3,1,11,02,14,287,38,04,59,125,46,06,45,166,44,09,26,185,39,7*71
$GAGSV,3,2,11,10,57,106,46,11,84,045,43,12,32,111,37,19,31,049,36,7*7B
$GAGSV,3,3,11,25,04,237,31,28,51,080,45,30,06,335,,7*43
$GBGSV,3,1,09,05,09,111,,07,16,042,29,10,16,054,28,11,12,315,30,1*77
$GBGSV,3,2,09,13,05,147,,26,01,022,,27,68,200,39,28,31,155,33,1*74
$GBGSV,3,3,09,30,38,305,36,1*44
$GIGSV,1,1,02,01,,,36,06,24,135,,1*4C
$GPGGA,135045.00,4825.1420485,N,00428.4545897,W,4,22,0.5,89.917,M,51.637,M,4.0,4095*6F
$GPRMC,135045.00,A,4825.1420485,N,00428.4545897,W,0.0,0.0,100626,999.9,E,D*2A
$GPGSV,3,1,12,01,37,120,44,02,12,128,39,03,61,057,48,04,58,160,45,1*66
$GPGSV,3,2,12,06,33,303,42,09,32,196,40,12,04,336,,13,03,335,,1*61
$GPGSV,3,3,12,17,49,235,46,19,45,285,44,28,13,041,39,31,19,069,40,1*6A
$GSGSV,3,1,10,01,33,195,,02,34,181,41,04,28,145,41,05,29,147,,1*67
$GSGSV,3,2,10,06,33,195,,07,05,106,,08,14,112,,17,34,167,42,1*61
$GSGSV,3,3,10,28,19,125,,39,17,237,,1*68
$GLGSV,2,1,08,68,44,038,45,69,81,204,47,70,27,217,40,76,07,340,29,1*7C
$GLGSV,2,2,08,77,06,025,,83,35,139,43,84,87,328,47,85,37,321,44,1*70
$GQGSV,1,1,00,1*65
$GAGSV,3,1,11,02,14,287,38,04,59,125,46,06,46,166,44,09,26,185,40,7*7C
$GAGSV,3,2,11,10,57,106,46,11,84,045,42,12,32,111,38,19,31,049,36,7*75
$GAGSV,3,3,11,25,04,237,31,28,51,080,45,30,06,335,,7*43
$GBGSV,3,1,09,05,09,111,,07,16,042,28,10,16,054,28,11,12,315,29,1*7E
$GBGSV,3,2,09,13,05,147,,26,01,022,,27,68,200,39,28,31,155,34,1*73
$GBGSV,3,3,09,30,38,305,36,1*44
$GIGSV,1,1,02,01,,,36,06,24,135,,1*4C
$GPGGA,135046.00,4825.1420510,N,00428.4545884,W,4,23,0.5,89.921,M,51.637,M,1.0,4095*62
$GPRMC,135046.00,A,4825.1420510,N,00428.4545884,W,0.0,0.0,100626,999.9,E,D*26
$GPGSV,3,1,12,01,37,120,45,02,12,128,39,03,61,057,47,04,58,160,45,1*68
$GPGSV,3,2,12,06,33,303,43,09,32,196,40,12,04,336,,13,03,335,,1*60
$GPGSV,3,3,12,17,49,235,45,19,45,285,44,28,13,041,38,31,19,069,40,1*68
$GSGSV,3,1,10,01,33,195,,02,34,181,41,04,28,145,41,05,29,147,,1*67
$GSGSV,3,2,10,06,33,195,,07,05,106,,08,14,112,,17,34,167,43,1*60
$GSGSV,3,3,10,28,19,125,,39,17,237,,1*68
$GLGSV,2,1,08,68,44,038,45,69,81,204,47,70,27,217,40,76,07,340,29,1*7C
$GLGSV,2,2,08,77,06,025,,83,35,139,43,84,87,328,46,85,37,321,44,1*71
$GQGSV,1,1,00,1*65
$GAGSV,3,1,11,02,14,287,38,04,59,125,46,06,46,166,43,09,26,185,40,7*7B
$GAGSV,3,2,11,10,57,106,46,11,84,045,43,12,32,111,38,19,31,049,36,7*74
$GAGSV,3,3,11,25,04,237,31,28,51,080,45,30,06,335,,7*43
$GBGSV,3,1,09,05,09,111,,07,16,042,29,10,16,054,28,11,12,315,29,1*7F
$GBGSV,3,2,09,13,05,147,,26,01,022,,27,68,200,39,28,31,155,34,1*73
$GBGSV,3,3,09,30,38,305,36,1*44
$GIGSV,1,1,02,01,,,36,06,24,135,,1*4C
$GPGGA,135047.00,4825.1420521,N,00428.4545881,W,4,22,0.5,89.925,M,51.637,M,1.0,4095*61
$GPRMC,135047.00,A,4825.1420521,N,00428.4545881,W,0.0,0.0,100626,999.9,E,D*20
$GPGSV,3,1,12,01,37,120,45,02,12,128,39,03,61,057,47,04,58,160,44,1*69
$GPGSV,3,2,12,06,33,303,42,09,32,196,40,12,04,336,,13,03,335,,1*61
$GPGSV,3,3,12,17,49,235,45,19,45,285,45,28,13,041,38,31,19,069,40,1*69
$GSGSV,3,1,10,01,33,195,,02,34,181,41,04,28,145,41,05,29,147,,1*67
$GSGSV,3,2,10,06,33,195,,07,05,106,,08,14,112,,17,34,167,42,1*61
$GSGSV,3,3,10,28,19,125,,39,17,237,,1*68
$GLGSV,2,1,08,68,44,038,45,69,81,204,47,70,27,217,40,76,07,340,29,1*7C
$GLGSV,2,2,08,77,06,025,,83,35,139,43,84,87,328,46,85,37,321,44,1*71
$GQGSV,1,1,00,1*65
$GAGSV,3,1,11,02,14,287,38,04,59,125,46,06,46,166,43,09,26,185,39,7*75
$GAGSV,3,2,11,10,57,106,45,11,84,045,43,12,32,111,37,19,31,049,37,7*79
$GAGSV,3,3,11,25,04,237,31,28,51,080,45,30,06,335,,7*43
$GBGSV,3,1,09,05,09,111,,07,16,042,29,10,16,054,27,11,12,315,29,1*70
$GBGSV,3,2,09,13,05,147,,26,01,022,,27,68,200,38,28,31,155,33,1*75
$GBGSV,3,3,09,30,38,305,36,1*44
$GIGSV,1,1,02,01,,,36,06,24,135,,1*4C
$GPGGA,135048.00,4825.1420518,N,00428.4545888,W,4,22,0.5,89.926,M,51.637,M,2.0,4095*6D
$GPRMC,135048.00,A,4825.1420518,N,00428.4545888,W,0.0,0.0,100626,999.9,E,D*2C
$GPGSV,3,1,12,01,37,120,45,02,12,128,39,03,61,057,47,04,58,160,45,1*68
$GPGSV,3,2,12,06,33,303,42,09,32,196,41,12,04,336,,13,03,335,,1*60
$GPGSV,3,3,12,17,49,235,45,19,45,285,44,28,13,041,38,31,19,069,40,1*68
$GSGSV,3,1,10,01,33,195,,02,34,181,41,04,28,145,42,05,29,147,,1*64
$GSGSV,3,2,10,06,33,195,,07,05,106,,08,14,112,,17,34,167,43,1*60
$GSGSV,3,3,10,28,19,125,,39,17,237,,1*68
$GLGSV,2,1,08,68,44,038,45,69,81,204,47,70,27,217,40,76,07,340,28,1*7D
$GLGSV,2,2,08,77,06,025,,83,35,139,44,84,87,328,47,85,37,321,44,1*77
$GQGSV,1,1,00,1*65
$GAGSV,3,1,11,02,14,287,38,04,59,125,46,06,46,166,44,09,26,185,39,7*72
$GAGSV,3,2,11,10,57,106,45,11,84,045,43,12,32,111,37,19,31,049,36,7*78
$GAGSV,3,3,11,25,04,237,31,28,51,080,44,30,06,335,,7*42
$GBGSV,3,1,09,05,09,111,,07,16,042,29,10,16,054,27,11,13,315,29,1*71
$GBGSV,3,2,09,13,05,147,,26,01,022,,27,68,200,38,28,31,155,33,1*75
$GBGSV,3,3,09,30,38,305,36,1*44
$GIGSV,1,1,02,01,,,36,06,24,135,,1*4C
$GPGGA,135049.00,4825.1420510,N,00428.4545881,W,4,22,0.5,89.926,M,51.637,M,3.0,4095*6C
$GPRMC,135049.00,A,4825.1420510,N,00428.4545881,W,0.0,0.0,100626,999.9,E,D*2C
$GPGSV,3,1,12,01,37,120,45,02,12,128,40,03,61,057,47,04,58,160,45,1*66
$GPGSV,3,2,12,06,33,303,42,09,32,196,41,12,04,336,,13,03,335,,1*60
$GPGSV,3,3,12,17,49,235,45,19,45,285,43,28,13,041,38,31,19,069,40,1*6F
$GSGSV,3,1,10,01,33,195,,02,34,181,40,04,28,145,41,05,29,147,,1*66
$GSGSV,3,2,10,06,33,195,,07,05,106,,08,14,112,,17,34,167,43,1*60
$GSGSV,3,3,10,28,19,125,,39,17,237,,1*68
$GLGSV,2,1,08,68,44,038,45,69,81,204,47,70,27,217,40,76,07,340,28,1*7D
$GLGSV,2,2,08,77,06,025,,83,35,139,44,84,87,328,46,85,37,321,44,1*76
$GQGSV,1,1,00,1*65
$GAGSV,3,1,11,02,14,286,38,04,59,125,46,06,46,166,44,09,26,185,40,7*7D
$GAGSV,3,2,11,10,57,106,46,11,84,045,42,12,32,111,37,19,31,049,36,7*7A
$GAGSV,3,3,11,25,04,237,31,28,51,080,45,30,06,335,,7*43
$GBGSV,3,1,09,05,09,111,,07,16,042,30,10,16,054,28,11,13,315,29,1*76
$GBGSV,3,2,09,13,05,147,,26,01,022,,27,68,200,39,28,31,155,33,1*74
$GBGSV,3,3,09,30,38,305,36,1*44
$GIGSV,1,1,02,01,,,36,06,24,135,,1*4C
$GPGGA,135050.00,4825.1420506,N,00428.4545880,W,4,23,0.5,89.919,M,51.637,M,1.0,4095*6D
$GPRMC,135050.00,A,4825.1420506,N,00428.4545880,W,0.0,0.0,100626,999.9,E,D*22
$GPGSV,3,1,12,01,37,120,44,02,12,128,39,03,61,057,47,04,58,160,45,1*69
$GPGSV,3,2,12,06,33,303,42,09,32,196,41,12,04,336,,13,03,335,,1*60
$GPGSV,3,3,12,17,49,235,45,19,45,285,43,28,13,041,38,31,19,069,39,1*61
$GSGSV,3,1,10,01,33,195,,02,34,181,41,04,28,145,40,05,29,147,,1*66
$GSGSV,3,2,10,06,33,195,,07,05,106,,08,14,112,,17,34,167,42,1*61
$GSGSV,3,3,10,28,19,125,,39,17,237,,1*68
$GLGSV,2,1,08,68,44,038,44,69,81,204,47,70,27,217,40,76,07,340,29,1*7D
$GLGSV,2,2,08,77,06,025,,83,35,139,43,84,87,328,46,85,37,321,44,1*71
$GQGSV,1,1,00,1*65
$GAGSV,3,1,11,02,14,286,38,04,59,125,46,06,46,166,43,09,26,185,39,7*74
$GAGSV,3,2,11,10,57,106,46,11,84,045,43,12,32,111,38,19,31,049,36,7*74
$GAGSV,3,3,11,25,04,237,31,28,51,080,44,30,06,335,,7*42
$GBGSV,3,1,09,05,09,111,,07,16,042,30,10,16,054,28,11,13,315,29,1*76
$GBGSV,3,2,09,13,05,147,,26,01,022,,27,68,200,39,28,31,155,33,1*74
$GBGSV,3,3,09,30,38,305,36,1*44
$GIGSV,1,1,02,01,,,36,06,24,135,,1*4C
$GPGGA,135051.00,4825.1420513,N,00428.4545889,W,4,23,0.5,89.924,M,51.637,M,1.0,4095*6F
$GPRMC,135051.00,A,4825.1420513,N,00428.4545889,W,0.0,0.0,100626,999.9,E,D*2E
$GPGSV,3,1,12,01,37,120,44,02,12,128,39,03,61,057,47,04,58,160,45,1*69
$GPGSV,3,2,12,06,33,303,42,09,32,196,41,12,04,336,,13,03,335,,1*60
$GPGSV,3,3,12,17,49,235,45,19,45,285,44,28,13,041,39,31,19,069,39,1*67
$GSGSV,3,1,10,01,33,195,,02,34,181,41,04,28,145,41,05,29,147,,1*67
$GSGSV,3,2,10,06,33,195,,07,05,106,,08,14,112,,17,34,167,42,1*61
$GSGSV,3,3,10,28,19,125,,39,17,237,,1*68
$GLGSV,2,1,08,68,44,038,44,69,81,204,47,70,28,217,39,76,07,340,28,1*7D
$GLGSV,2,2,08,77,06,025,,83,35,139,43,84,87,328,46,85,37,321,44,1*71
$GQGSV,1,1,00,1*65
$GAGSV,3,1,11,02,14,286,38,04,59,125,46,06,46,166,43,09,26,185,40,7*7A
$GAGSV,3,2,11,10,57,106,46,11,84,045,42,12,32,111,38,19,31,049,36,7*75
$GAGSV,3,3,11,25,04,237,31,28,51,080,44,30,06,335,,7*42
$GBGSV,3,1,09,05,09,111,,07,16,042,30,10,16,054,28,11,13,315,29,1*76
$GBGSV,3,2,09,13,05,147,,26,01,022,,27,68,200,39,28,31,155,34,1*73
$GBGSV,3,3,09,30,38,305,36,1*44
$GIGSV,1,1,02,01,,,36,06,24,135,,1*4C
$GPGGA,135052.00,4825.1420531,N,00428.4545890,W,4,23,0.5,89.924,M,51.637,M,2.0,4095*67
$GPRMC,135052.00,A,4825.1420531,N,00428.4545890,W,0.0,0.0,100626,999.9,E,D*25
$GPGSV,3,1,12,01,37,120,44,02,12,128,39,03,61,057,47,04,58,160,45,1*69
$GPGSV,3,2,12,06,33,303,42,09,32,196,41,12,04,336,,13,03,335,,1*60
$GPGSV,3,3,12,17,49,235,45,19,45,285,44,28,13,041,39,31,19,069,39,1*67
$GSGSV,3,1,10,01,33,195,,02,34,181,41,04,28,145,41,05,29,147,,1*67
$GSGSV,3,2,10,06,33,195,,07,05,106,,08,14,112,,17,34,167,42,1*61
$GSGSV,3,3,10,28,19,125,,39,17,237,,1*68
$GLGSV,2,1,08,68,44,038,44,69,81,205,47,70,28,217,39,76,07,340,28,1*7C
$GLGSV,2,2,08,77,06,025,,83,35,139,44,84,87,328,46,85,37,321,44,1*76
$GQGSV,1,1,00,1*65
$GAGSV,3,1,11,02,14,286,38,04,59,125,46,06,46,166,44,09,26,185,40,7*7D
$GAGSV,3,2,11,10,57,106,47,11,84,046,42,12,32,111,37,19,31,049,36,7*78
$GAGSV,3,3,11,25,04,237,30,28,51,080,45,30,06,335,,7*42
$GBGSV,3,1,09,05,09,111,,07,16,042,29,10,16,054,27,11,13,315,29,1*71
$GBGSV,3,2,09,13,05,147,,26,01,022,,27,68,200,39,28,31,155,34,1*73
$GBGSV,3,3,09,30,38,305,36,1*44
$GIGSV,1,1,02,01,,,,06,24,135,,1*49
$GPGGA,135053.00,4825.1420542,N,00428.4545901,W,4,23,0.5,89.924,M,51.637,M,3.0,4095*6A
$GPRMC,135053.00,A,4825.1420542,N,00428.4545901,W,0.0,0.0,100626,999.9,E,D*29
$GPGSV,3,1,12,01,37,120,45,02,12,128,39,03,61,057,48,04,58,160,45,1*67
$GPGSV,3,2,12,06,33,303,42,09,32,196,41,12,04,335,,13,03,335,,1*63
$GPGSV,3,3,12,17,49,235,46,19,45,285,45,28,13,041,39,31,19,069,39,1*65
$GSGSV,3,1,10,01,33,195,,02,34,181,41,04,28,145,42,05,29,147,,1*64
$GSGSV,3,2,10,06,33,195,,07,05,106,,08,14,112,,17,34,167,42,1*61
$GSGSV,3,3,10,28,19,125,,39,17,237,,1*68
$GLGSV,2,1,08,68,44,038,45,69,81,205,47,70,28,217,39,76,07,340,30,1*74
$GLGSV,2,2,08,77,06,025,,83,35,139,43,84,87,328,46,85,37,321,44,1*71
$GQGSV,1,1,00,1*65
$GAGSV,3,1,11,02,14,286,38,04,59,125,46,06,46,166,44,09,26,185,40,7*7D
$GAGSV,3,2,11,10,57,106,46,11,84,046,43,12,32,111,37,19,31,049,36,7*78
$GAGSV,3,3,11,25,04,237,31,28,51,080,45,30,06,335,,7*43
$GBGSV,3,1,09,05,09,111,,07,16,042,29,10,16,054,28,11,13,315,28,1*7F
$GBGSV,3,2,09,13,05,147,,26,01,022,,27,68,200,39,28,31,155,34,1*73
$GBGSV,3,3,09,30,38,305,36,1*44
$GIGSV,1,1,01,06,24,135,,1*4B
$GPGGA,135054.00,4825.1420548,N,00428.4545890,W,4,22,0.5,89.920,M,51.637,M,1.0,4095*69
$GPRMC,135054.00,A,4825.1420548,N,00428.4545890,W,0.0,0.0,100626,999.9,E,D*2D
$GPGSV,3,1,12,01,37,120,45,02,12,128,39,03,61,057,48,04,58,160,45,1*67
$GPGSV,3,2,12,06,33,303,42,09,32,196,41,12,04,335,,13,03,335,,1*63
$GPGSV,3,3,12,17,49,235,46,19,45,285,44,28,13,041,38,31,19,069,39,1*65
$GSGSV,3,1,10,01,33,195,,02,34,181,41,04,28,145,41,05,29,147,,1*67
$GSGSV,3,2,10,06,33,195,,07,05,106,,08,14,112,,17,34,167,42,1*61
$GSGSV,3,3,10,28,19,125,,39,17,237,,1*68
$GLGSV,2,1,08,68,44,038,45,69,81,205,47,70,28,217,39,76,07,340,30,1*74
$GLGSV,2,2,08,77,06,025,,83,35,139,43,84,87,328,46,85,37,321,44,1*71
$GQGSV,1,1,00,1*65
$GAGSV,3,1,11,02,14,286,38,04,59,125,45,06,46,166,44,09,26,185,39,7*70
$GAGSV,3,2,11,10,57,106,46,11,84,046,43,12,32,111,37,19,31,048,36,7*79
$GAGSV,3,3,11,25,04,237,31,28,51,080,45,30,06,335,,7*43
$GBGSV,3,1,09,05,09,111,,07,16,042,29,10,16,054,28,11,13,315,29,1*7E
$GBGSV,3,2,09,13,05,147,,26,01,022,,27,68,200,38,28,31,155,34,1*72
$GBGSV,3,3,09,30,38,305,36,1*44
$GIGSV,1,1,01,06,24,135,,1*4B
$GPGGA,135055.00,4825.1420511,N,00428.4545888,W,4,23,0.5,89.922,M,51.637,M,1.0,4095*6E
$GPRMC,135055.00,A,4825.1420511,N,00428.4545888,W,0.0,0.0,100626,999.9,E,D*29
$GPGSV,3,1,12,01,37,120,44,02,12,128,39,03,61,057,47,04,58,160,45,1*69
$GPGSV,3,2,12,06,33,303,42,09,32,196,41,12,04,335,,13,03,335,,1*63
$GPGSV,3,3,12,17,49,235,46,19,45,285,44,28,13,041,39,31,19,069,40,1*6A
$GSGSV,3,1,10,01,33,195,,02,34,181,41,04,28,145,41,05,29,147,,1*67
$GSGSV,3,2,10,06,33,195,,07,05,106,,08,14,112,,17,34,167,43,1*60
$GSGSV,3,3,10,28,19,125,,39,17,237,,1*68
$GLGSV,2,1,08,68,44,038,45,69,81,205,47,70,28,217,38,76,07,340,30,1*75
$GLGSV,2,2,08,77,06,025,,83,35,139,44,84,87,328,46,85,37,321,43,1*71
$GQGSV,1,1,00,1*65
$GAGSV,3,1,11,02,14,286,38,04,59,125,45,06,46,166,44,09,26,185,39,7*70
$GAGSV,3,2,11,10,57,106,46,11,84,046,43,12,32,111,38,19,31,048,36,7*76
$GAGSV,3,3,11,25,04,237,32,28,51,080,45,30,06,335,,7*40
$GBGSV,3,1,09,05,09,111,,07,16,042,28,10,16,054,27,11,13,315,29,1*70
$GBGSV,3,2,09,13,05,147,,26,01,022,,27,68,200,39,28,31,155,33,1*74
$GBGSV,3,3,09,30,38,305,36,1*44
$GIGSV,1,1,01,06,24,135,,1*4B
$GPGGA,135056.00,4825.1420506,N,00428.4545890,W,4,22,0.5,89.918,M,51.637,M,1.0,4095*6A
$GPRMC,135056.00,A,4825.1420506,N,00428.4545890,W,0.0,0.0,100626,999.9,E,D*25
$GPGSV,3,1,12,01,37,120,44,02,12,128,39,03,61,057,47,04,59,160,46,1*6B
$GPGSV,3,2,12,06,33,303,42,09,32,196,41,12,04,335,,13,03,335,,1*63
$GPGSV,3,3,12,17,49,235,46,19,45,285,44,28,13,041,39,31,19,069,40,1*6A
$GSGSV,3,1,10,01,33,195,,02,34,181,41,04,28,145,41,05,29,147,,1*67
$GSGSV,3,2,10,06,33,195,,07,05,106,,08,14,112,,17,34,167,43,1*60
$GSGSV,3,3,10,28,19,125,,39,17,237,,1*68
$GLGSV,2,1,08,68,44,038,45,69,81,205,47,70,28,217,38,76,07,340,31,1*74
$GLGSV,2,2,08,77,06,025,,83,35,139,44,84,87,328,46,85,37,321,43,1*71
$GQGSV,1,1,00,1*65
$GAGSV,3,1,11,02,14,286,38,04,59,125,45,06,46,166,43,09,26,185,40,7*79
$GAGSV,3,2,11,10,57,106,46,11,84,046,42,12,32,111,38,19,31,048,36,7*77
$GAGSV,3,3,11,25,04,237,31,28,51,080,45,30,06,335,,7*43
$GBGSV,3,1,09,05,09,111,,07,16,042,30,10,16,054,27,11,13,315,29,1*79
$GBGSV,3,2,09,13,05,147,,26,01,022,,27,68,200,39,28,31,155,33,1*74
$GBGSV,3,3,09,30,38,305,36,1*44
$GIGSV,1,1,01,06,24,135,,1*4B
$GPGGA,135057.00,4825.1420508,N,00428.4545887,W,4,22,0.5,89.919,M,51.637,M,2.0,4095*61
$GPRMC,135057.00,A,4825.1420508,N,00428.4545887,W,0.0,0.0,100626,999.9,E,D*2C
$GPGSV,3,1,12,01,37,120,44,02,12,128,39,03,61,057,48,04,59,160,45,1*67
$GPGSV,3,2,12,06,33,303,42,09,32,196,41,12,04,335,,13,03,335,,1*63
$GPGSV,3,3,12,17,49,235,46,19,45,285,43,28,13,041,40,31,19,069,40,1*63
$GSGSV,3,1,10,01,33,195,,02,34,181,41,04,28,145,41,05,29,147,,1*67
$GSGSV,3,2,10,06,33,195,,07,05,106,,08,14,112,,17,34,167,42,1*61
$GSGSV,3,3,10,28,19,125,,39,17,237,,1*68
$GLGSV,2,1,08,68,44,038,45,69,81,205,47,70,28,217,39,76,07,340,32,1*76
$GLGSV,2,2,08,77,06,025,,83,35,139,44,84,87,328,46,85,37,321,44,1*76
$GQGSV,1,1,00,1*65
$GAGSV,3,1,11,02,14,286,38,04,59,125,45,06,46,166,44,09,26,185,40,7*7E
$GAGSV,3,2,11,10,57,106,46,11,84,046,43,12,32,111,37,19,31,048,36,7*79
$GAGSV,3,3,11,25,04,237,31,28,51,080,45,30,06,335,,7*43
$GBGSV,3,1,09,05,09,111,,07,16,042,29,10,16,054,27,11,13,315,30,1*79
$GBGSV,3,2,09,13,05,147,,26,01,022,,27,68,200,40,28,31,155,33,1*7A
$GBGSV,3,3,09,30,38,305,36,1*44
$GIGSV,1,1,01,06,24,135,,1*4B
$GPGGA,135058.00,4825.1420515,N,00428.4545887,W,4,22,0.5,89.924,M,51.637,M,1.0,4095*6F
$GPRMC,135058.00,A,4825.1420515,N,00428.4545887,W,0.0,0.0,100626,999.9,E,D*2F
$GPGSV,3,1,12,01,37,120,45,02,12,128,39,03,61,057,48,04,59,160,46,1*65
$GPGSV,3,2,12,06,33,303,42,09,32,196,41,12,04,335,,13,03,335,,1*63
$GPGSV,3,3,12,17,49,235,46,19,45,285,44,28,13,041,39,31,19,069,40,1*6A
$GSGSV,3,1,10,01,33,195,,02,34,181,41,04,28,145,41,05,29,147,,1*67
$GSGSV,3,2,10,06,33,195,,07,05,106,,08,14,112,,17,34,167,42,1*61
$GSGSV,3,3,10,28,19,125,,39,17,237,,1*68
$GLGSV,2,1,08,68,44,038,44,69,81,205,47,70,28,217,39,76,07,340,31,1*74
$GLGSV,2,2,08,77,06,025,,83,35,139,44,84,87,328,46,85,37,321,43,1*71
$GQGSV,1,1,00,1*65
$GAGSV,3,1,11,02,14,286,38,04,59,125,45,06,46,166,44,09,26,185,40,7*7E
$GAGSV,3,2,11,10,57,106,46,11,84,046,43,12,32,111,37,19,31,048,36,7*79
$GAGSV,3,3,11,25,04,237,30,28,51,080,44,30,06,335,,7*43
$GBGSV,3,1,09,05,09,111,,07,16,042,28,10,16,054,28,11,13,315,29,1*7F
$GBGSV,3,2,09,13,05,147,,26,01,022,,27,68,200,39,28,31,155,33,1*74
$GBGSV,3,3,09,30,38,305,35,1*47
$GIGSV,1,1,01,06,24,135,,1*4B
$GPGGA,135059.00,4825.1420505,N,00428.4545893,W,4,22,0.5,89.921,M,51.637,M,1.0,4095*6F
$GPRMC,135059.00,A,4825.1420505,N,00428.4545893,W,0.0,0.0,100626,999.9,E,D*2A
$GPGSV,3,1,12,01,37,120,45,02,12,128,39,03,61,057,47,04,59,160,46,1*6A
$GPGSV,3,2,12,06,33,303,42,09,32,196,41,12,04,335,,13,03,335,,1*63
$GPGSV,3,3,12,17,49,235,46,19,45,285,45,28,13,041,39,31,19,069,40,1*6B
$GSGSV,3,1,10,01,33,195,,02,34,181,41,04,28,145,41,05,29,147,,1*67
$GSGSV,3,2,10,06,33,195,,07,05,106,,08,14,112,,17,34,167,42,1*61
$GSGSV,3,3,10,28,19,125,,39,17,237,,1*68
$GLGSV,2,1,08,68,44,038,44,69,81,205,47,70,28,217,39,76,07,340,32,1*77
$GLGSV,2,2,08,77,06,025,,83,35,140,44,84,87,328,46,85,37,321,43,1*7F
$GQGSV,1,1,00,1*65
$GAGSV,3,1,11,02,14,286,38,04,59,125,45,06,46,166,44,09,26,185,40,7*7E
$GAGSV,3,2,11,10,57,106,46,11,84,046,43,12,32,111,37,19,31,048,35,7*7A
$GAGSV,3,3,11,25,04,237,31,28,51,080,44,30,06,335,,7*42
$GBGSV,3,1,09,05,09,111,,07,16,042,30,10,16,054,28,11,13,315,30,1*7E
$GBGSV,3,2,09,13,05,147,,26,01,022,,27,68,200,39,28,31,155,33,1*74
$GBGSV,3,3,09,30,38,305,36,1*44
$GIGSV,1,1,01,06,24,135,,1*4B
$GPGGA,135100.00,4825.1420507,N,00428.4545886,W,4,22,0.5,89.920,M,51.637,M,2.0,4095*66
$GPRMC,135100.00,A,4825.1420507,N,00428.4545886,W,0.0,0.0,100626,999.9,E,D*21
$GPGSV,3,1,12,01,37,120,45,02,12,128,40,03,61,057,47,04,59,160,46,1*64
$GPGSV,3,2,12,06,33,303,43,09,32,196,41,12,04,335,,13,03,335,,1*62
$GPGSV,3,3,12,17,49,235,46,19,45,285,45,28,13,041,39,31,19,069,40,1*6B
$GSGSV,3,1,10,01,33,195,,02,34,181,41,04,28,145,42,05,29,147,,1*64
$GSGSV,3,2,10,06,33,195,,07,05,106,,08,14,112,,17,34,167,42,1*61
$GSGSV,3,3,10,28,19,125,,39,17,237,,1*68
$GLGSV,2,1,08,68,44,038,45,69,81,205,47,70,28,217,40,76,07,340,31,1*7B
$GLGSV,2,2,08,77,06,025,,83,35,140,44,84,87,328,46,85,37,321,43,1*7F
$GQGSV,1,1,00,1*65
$GAGSV,3,1,11,02,14,286,38,04,59,125,45,06,46,166,44,09,26,185,40,7*7E
$GAGSV,3,2,11,10,57,106,46,11,84,046,43,12,32,111,37,19,31,048,35,7*7A
$GAGSV,3,3,11,25,04,237,31,28,51,080,45,30,06,335,,7*43
$GBGSV,3,1,09,05,09,111,,07,16,042,29,10,16,054,28,11,13,315,30,1*76
$GBGSV,3,2,09,13,05,147,,26,01,022,,27,68,200,38,28,31,155,33,1*75
$GBGSV,3,3,09,30,38,305,36,1*44
$GIGSV,1,1,01,06,24,135,,1*4B
$GPGGA,135101.00,4825.1420501,N,00428.4545901,W,4,22,0.5,89.921,M,51.637,M,3.0,4095*6F
$GPRMC,135101.00,A,4825.1420501,N,00428.4545901,W,0.0,0.0,100626,999.9,E,D*28
$GPGSV,3,1,12,01,37,120,45,02,12,128,39,03,61,057,47,04,59,160,46,1*6A
$GPGSV,3,2,12,06,33,303,43,09,32,196,41,12,04,335,,13,03,335,,1*62
$GPGSV,3,3,12,17,49,235,45,19,45,285,45,28,13,041,39,31,19,069,40,1*68
$GSGSV,3,1,10,01,33,195,,02,34,181,41,04,28,145,42,05,29,147,,1*64
$GSGSV,3,2,10,06,33,195,,07,05,106,,08,14,112,,17,34,167,43,1*60
$GSGSV,3,3,10,28,19,125,,39,17,237,,1*68
$GLGSV,2,1,08,68,44,038,45,69,81,205,47,70,28,217,40,76,07,340,31,1*7B
$GLGSV,2,2,08,77,06,025,,83,35,140,44,84,87,328,47,85,37,321,44,1*79
$GQGSV,1,1,00,1*65
$GAGSV,3,1,11,02,14,286,38,04,59,125,45,06,46,166,44,09,26,185,40,7*7E
$GAGSV,3,2,11,10,57,106,46,11,84,046,43,12,32,111,37,19,31,048,35,7*7A
$GAGSV,3,3,11,25,03,237,31,28,51,080,45,30,06,335,,7*44
$GBGSV,3,1,09,05,09,111,,07,16,042,29,10,16,054,28,11,13,315,30,1*76
$GBGSV,3,2,09,13,05,147,,26,01,022,,27,68,200,39,28,31,155,34,1*73
$GBGSV,3,3,09,30,38,305,36,1*44
$GIGSV,1,1,01,06,24,135,,1*4B
$GPGGA,135102.00,4825.1420506,N,00428.4545894,W,4,22,0.5,89.921,M,51.637,M,1.0,4095*64
$GPRMC,135102.00,A,4825.1420506,N,00428.4545894,W,0.0,0.0,100626,999.9,E,D*21
$GPGSV,3,1,12,01,37,120,45,02,12,128,40,03,61,057,47,04,59,160,46,1*64
$GPGSV,3,2,12,06,33,303,43,09,32,196,41,12,04,335,,13,03,335,,1*62
$GPGSV,3,3,12,17,49,235,45,19,45,285,44,28,13,041,39,31,19,069,40,1*69
$GSGSV,3,1,10,01,33,195,,02,34,181,41,04,28,145,42,05,29,147,,1*64
$GSGSV,3,2,10,06,33,195,,07,05,106,,08,14,112,,17,34,167,43,1*60
$GSGSV,3,3,10,28,19,125,,39,17,237,,1*68
$GLGSV,2,1,08,68,44,038,45,69,81,205,47,70,28,217,40,76,07,340,31,1*7B
$GLGSV,2,2,08,77,06,025,,83,35,140,44,84,87,328,47,85,37,321,44,1*79
$GQGSV,1,1,00,1*65
$GAGSV,3,1,11,02,14,286,38,04,59,125,45,06,46,166,43,09,26,185,39,7*77
$GAGSV,3,2,11,10,57,106,45,11,84,046,43,12,32,111,37,19,31,048,35,7*79
$GAGSV,3,3,11,25,03,237,31,28,51,080,45,30,06,335,,7*44
$GBGSV,3,1,09,05,09,111,,07,16,042,29,10,16,054,27,11,13,315,29,1*71
$GBGSV,3,2,09,13,05,147,,26,01,022,,27,68,200,38,28,31,155,34,1*72
$GBGSV,3,3,09,30,38,305,36,1*44
$GIGSV,1,1,01,06,24,135,,1*4B
$GPGGA,135103.00,4825.1420504,N,00428.4545890,W,4,22,0.5,89.918,M,51.637,M,1.0,4095*69
$GPRMC,135103.00,A,4825.1420504,N,00428.4545890,W,0.0,0.0,100626,999.9,E,D*26
$GPGSV,3,1,12,01,37,120,45,02,12,128,40,03,61,057,47,04,59,160,46,1*64
$GPGSV,3,2,12,06,33,303,43,09,32,196,41,12,04,335,,13,03,335,,1*62
$GPGSV,3,3,12,17,49,235,45,19,45,285,44,28,13,041,38,31,19,069,39,1*66
$GSGSV,3,1,10,01,33,195,,02,34,181,41,04,28,145,42,05,29,147,,1*64
$GSGSV,3,2,10,06,33,195,,07,05,106,,08,14,112,,17,34,167,43,1*60
$GSGSV,3,3,10,28,19,125,,39,17,237,,1*68
$GLGSV,2,1,08,68,44,038,45,69,81,205,47,70,28,217,40,76,07,340,31,1*7B
$GLGSV,2,2,08,77,06,025,,83,35,140,44,84,87,328,46,85,37,321,44,1*78
$GQGSV,1,1,00,1*65
$GAGSV,3,1,11,02,14,286,38,04,59,125,44,06,46,166,43,09,26,185,39,7*76
$GAGSV,3,2,11,10,57,106,46,11,84,046,43,12,32,111,37,19,31,048,35,7*7A
$GAGSV,3,3,11,25,03,237,31,28,51,080,45,30,06,335,,7*44
$GBGSV,3,1,09,05,09,111,,07,16,042,29,10,16,054,27,11,13,315,30,1*79
$GBGSV,3,2,09,13,05,147,,26,01,022,,27,68,200,39,28,31,155,34,1*73
$GBGSV,3,3,09,30,38,305,36,1*44
$GIGSV,1,1,01,06,24,135,,1*4B
$GPGGA,135104.00,4825.1420502,N,00428.4545887,W,4,22,0.5,89.917,M,51.637,M,2.0,4095*62
$GPRMC,135104.00,A,4825.1420502,N,00428.4545887,W,0.0,0.0,100626,999.9,E,D*21
$GPGSV,3,1,12,01,37,120,45,02,12,128,40,03,61,057,48,04,59,160,46,1*6B
$GPGSV,3,2,12,06,33,303,43,09,32,196,41,12,04,335,,13,03,335,,1*62
$GPGSV,3,3,12,17,49,235,45,19,45,285,43,28,13,041,38,31,19,069,38,1*60
$GSGSV,3,1,10,01,33,195,,02,34,181,41,04,28,145,41,05,29,147,,1*67
$GSGSV,3,2,10,06,33,195,,07,05,106,,08,14,112,,17,34,167,42,1*61
$GSGSV,3,3,10,28,19,125,,39,17,237,,1*68
$GLGSV,2,1,08,68,44,038,45,69,81,205,47,70,28,217,40,76,07,340,31,1*7B
$GLGSV,2,2,08,77,07,025,,83,35,140,44,84,87,328,46,85,37,321,44,1*79
$GQGSV,1,1,00,1*65
$GAGSV,3,1,11,02,14,286,38,04,59,125,45,06,46,166,43,09,26,185,39,7*77
$GAGSV,3,2,11,10,57,106,46,11,84,046,43,12,32,111,37,19,31,048,36,7*79
$GAGSV,3,3,11,25,03,237,31,28,51,080,44,30,06,335,,7*45
$GBGSV,3,1,09,05,09,111,,07,16,042,28,10,16,054,28,11,13,315,29,1*7F
$GBGSV,3,2,09,13,05,147,,26,01,022,,27,68,200,39,28,31,155,34,1*73
$GBGSV,3,3,09,30,38,305,35,1*47
$GIGSV,1,1,01,06,24,135,,1*4B
$GPGGA,135105.00,4825.1420497,N,00428.4545900,W,4,22,0.5,89.917,M,51.637,M,1.0,4095*63
$GPRMC,135105.00,A,4825.1420497,N,00428.4545900,W,0.0,0.0,100626,999.9,E,D*23
$GPGSV,3,1,12,01,37,120,44,02,12,128,40,03,61,057,48,04,59,160,46,1*6A
$GPGSV,3,2,12,06,33,303,43,09,32,196,42,12,04,335,,13,03,335,,1*61
$GPGSV,3,3,12,17,49,235,45,19,45,285,44,28,13,041,38,31,19,069,39,1*66
$GSGSV,3,1,10,01,33,195,,02,34,181,40,04,28,145,42,05,29,147,,1*65
$GSGSV,3,2,10,06,33,195,,07,05,106,,08,14,112,,17,34,167,42,1*61
$GSGSV,3,3,10,28,19,125,,39,17,237,,1*68
$GLGSV,2,1,08,68,44,038,45,69,81,205,47,70,28,217,40,76,07,340,31,1*7B
$GLGSV,2,2,08,77,07,025,,83,35,140,44,84,87,328,47,85,37,321,44,1*78
$GQGSV,1,1,00,1*65
$GAGSV,3,1,11,02,14,286,38,04,59,125,45,06,46,166,43,09,26,185,40,7*79
$GAGSV,3,2,11,10,57,106,46,11,84,046,43,12,32,111,37,19,31,048,36,7*79
$GAGSV,3,3,11,25,03,237,31,28,51,080,44,30,06,335,,7*45
$GBGSV,3,1,09,05,09,111,,07,16,042,29,10,16,054,28,11,13,315,29,1*7E
$GBGSV,3,2,09,13,05,147,,26,01,022,,27,68,199,39,28,31,155,34,1*70
$GBGSV,3,3,09,30,38,305,36,1*44
$GIGSV,1,1,01,06,24,135,,1*4B
$GPGGA,135106.00,4825.1420508,N,00428.4545897,W,4,22,0.5,89.918,M,51.637,M,1.0,4095*67
$GPRMC,135106.00,A,4825.1420508,N,00428.4545897,W,0.0,0.0,100626,999.9,E,D*28
$GPGSV,3,1,12,01,37,120,45,02,12,128,39,03,61,057,48,04,59,160,46,1*65
$GPGSV,3,2,12,06,33,303,43,09,32,196,42,12,04,335,,13,03,335,,1*61
$GPGSV,3,3,12,17,49,235,46,19,45,285,44,28,13,041,38,31,19,069,40,1*6B
$GSGSV,3,1,10,01,33,195,,02,34,181,41,04,28,145,42,05,29,147,,1*64
$GSGSV,3,2,10,06,33,195,,07,05,106,,08,14,112,,17,34,167,42,1*61
$GSGSV,3,3,10,28,19,125,,39,17,237,,1*68
$GLGSV,2,1,08,68,44,038,44,69,81,205,47,70,28,217,40,76,07,340,30,1*7B
$GLGSV,2,2,08,77,07,025,,83,35,140,44,84,87,328,47,85,37,321,44,1*78
$GQGSV,1,1,00,1*65
$GAGSV,3,1,11,02,14,286,38,04,59,125,44,06,46,166,43,09,26,185,39,7*76
$GAGSV,3,2,11,10,57,106,46,11,84,046,43,12,32,111,37,19,31,048,36,7*79
$GAGSV,3,3,11,25,03,237,31,28,51,080,44,30,06,335,,7*45
$GBGSV,3,1,09,05,09,111,,07,16,042,29,10,16,054,28,11,13,315,28,1*7F
$GBGSV,3,2,09,13,05,147,,26,01,022,,27,68,199,39,28,31,155,34,1*70
$GBGSV,3,3,09,30,38,305,35,1*47
$GIGSV,1,1,01,06,24,135,,1*4B
$GPGGA,135107.00,4825.1420516,N,00428.4545909,W,4,22,0.5,89.918,M,51.637,M,2.0,4095*6C
$GPRMC,135107.00,A,4825.1420516,N,00428.4545909,W,0.0,0.0,100626,999.9,E,D*20
$GPGSV,3,1,12,01,37,120,45,02,12,128,39,03,61,057,47,04,59,160,46,1*6A
$GPGSV,3,2,12,06,33,303,43,09,32,196,41,12,04,335,,13,03,335,,1*62
$GPGSV,3,3,12,17,49,235,46,19,45,285,44,28,13,041,39,31,19,069,40,1*6A
$GSGSV,3,1,10,01,33,195,,02,34,181,41,04,28,145,42,05,29,147,,1*64
$GSGSV,3,2,10,06,33,195,,07,05,106,,08,14,112,,17,34,167,42,1*61
$GSGSV,3,3,10,28,19,125,,39,17,237,,1*68
$GLGSV,2,1,08,68,44,038,44,69,81,205,47,70,28,217,40,76,07,340,29,1*73
$GLGSV,2,2,08,77,07,025,,83,35,140,44,84,87,328,46,85,37,321,44,1*79
$GQGSV,1,1,00,1*65
$GAGSV,3,1,11,02,14,286,37,04,59,125,45,06,46,166,44,09,26,185,40,7*71
$GAGSV,3,2,11,10,57,106,46,11,84,046,42,12,32,111,38,19,31,048,36,7*77
$GAGSV,3,3,11,25,03,237,31,28,51,080,44,30,06,335,,7*45
$GBGSV,3,1,09,05,09,111,,07,16,042,30,10,16,054,28,11,13,315,29,1*76
$GBGSV,3,2,09,13,05,147,,26,01,022,,27,68,199,39,28,31,156,34,1*73
$GBGSV,3,3,09,30,38,305,36,1*44
$GIGSV,1,1,01,06,24,135,,1*4B
$GPGGA,135108.00,4825.1420521,N,00428.4545917,W,4,22,0.5,89.912,M,51.637,M,3.0,4095*63
$GPRMC,135108.00,A,4825.1420521,N,00428.4545917,W,0.0,0.0,100626,999.9,E,D*24
$GPGSV,3,1,12,01,37,120,45,02,12,129,39,03,61,057,47,04,59,160,45,1*68
$GPGSV,3,2,12,06,33,303,42,09,32,196,41,12,04,335,,13,03,335,,1*63
$GPGSV,3,3,12,17,49,235,45,19,45,285,43,28,13,041,39,31,19,069,40,1*6E
$GSGSV,3,1,10,01,33,195,,02,34,181,41,04,28,145,42,05,29,147,,1*64
$GSGSV,3,2,10,06,33,195,,07,05,106,,08,14,112,,17,34,167,42,1*61
$GSGSV,3,3,10,28,19,125,,39,17,237,,1*68
$GLGSV,2,1,08,68,44,038,45,69,81,205,47,70,28,217,40,76,07,340,29,1*72
$GLGSV,2,2,08,77,07,025,,83,35,140,44,84,87,328,47,85,37,321,45,1*79
$GQGSV,1,1,00,1*65
$GAGSV,3,1,11,02,14,286,37,04,59,125,45,06,46,166,44,09,26,185,39,7*7F
$GAGSV,3,2,11,10,57,106,46,11,84,047,42,12,32,111,38,19,31,048,36,7*76
$GAGSV,3,3,11,25,03,237,31,28,51,080,44,30,06,335,,7*45
$GBGSV,3,1,09,05,09,111,,07,16,042,29,10,16,054,28,11,13,315,30,1*76
$GBGSV,3,2,09,13,05,147,,26,01,022,,27,68,199,40,28,31,156,34,1*7D
$GBGSV,3,3,09,30,38,305,36,1*44
$GIGSV,1,1,01,06,24,135,,1*4B
$GPGGA,135109.00,4825.1420512,N,00428.4545906,W,4,22,0.5,89.914,M,51.637,M,1.0,4095*66
$GPRMC,135109.00,A,4825.1420512,N,00428.4545906,W,0.0,0.0,100626,999.9,E,D*25
$GPGSV,3,1,12,01,37,120,45,02,12,129,39,03,61,057,47,04,59,160,45,1*68
$GPGSV,3,2,12,06,33,303,42,09,32,196,41,12,04,335,,13,03,335,,1*63
$GPGSV,3,3,12,17,49,235,45,19,45,285,44,28,13,041,39,31,19,069,40,1*69
$GSGSV,3,1,10,01,33,195,,02,34,181,41,04,28,145,43,05,29,147,,1*65
$GSGSV,3,2,10,06,33,195,,07,05,106,,08,14,112,,17,34,167,42,1*61
$GSGSV,3,3,10,28,19,125,,39,17,237,,1*68
$GLGSV,2,1,08,68,44,038,44,69,81,205,47,70,28,217,40,76,07,340,28,1*72
$GLGSV,2,2,08,77,07,025,,83,35,140,44,84,87,328,47,85,37,321,44,1*78
$GQGSV,1,1,00,1*65
$GAGSV,3,1,11,02,14,286,37,04,59,125,45,06,46,166,44,09,26,185,39,7*7F
$GAGSV,3,2,11,10,57,106,46,11,84,047,42,12,32,111,37,19,31,048,36,7*79
$GAGSV,3,3,11,25,03,237,31,28,51,080,44,30,06,335,,7*45
$GBGSV,3,1,09,05,09,111,,07,16,042,28,10,16,054,28,11,13,315,29,1*7F
$GBGSV,3,2,09,13,05,147,,26,01,022,,27,68,199,39,28,31,156,34,1*73
$GBGSV,3,3,09,30,38,305,36,1*44
$GIGSV,1,1,01,06,24,135,,1*4B
$GPGGA,135110.00,4825.1420504,N,00428.4545890,W,4,23,0.5,89.920,M,51.637,M,1.0,4095*61
$GPRMC,135110.00,A,4825.1420504,N,00428.4545890,W,0.0,0.0,100626,999.9,E,D*24
$GPGSV,3,1,12,01,37,120,45,02,12,129,38,03,61,057,47,04,59,160,46,1*6A
$GPGSV,3,2,12,06,33,303,43,09,32,196,42,12,04,335,,13,03,335,,1*61
$GPGSV,3,3,12,17,49,235,45,19,45,285,43,28,13,041,39,31,19,069,40,1*6E
$GSGSV,3,1,10,01,33,195,,02,34,181,40,04,28,145,42,05,29,147,,1*65
$GSGSV,3,2,10,06,33,195,,07,05,106,,08,14,112,,17,34,167,42,1*61
$GSGSV,3,3,10,28,19,125,,39,17,237,,1*68
$GLGSV,2,1,08,68,44,038,45,69,81,205,47,70,28,217,40,76,07,340,28,1*73
$GLGSV,2,2,08,77,07,025,,83,35,140,44,84,87,328,47,85,37,321,44,1*78
$GQGSV,1,1,00,1*65
$GAGSV,3,1,11,02,14,286,37,04,59,125,45,06,46,166,43,09,26,185,39,7*78
$GAGSV,3,2,11,10,57,106,46,11,84,047,42,12,32,111,37,19,31,048,35,7*7A
$GAGSV,3,3,11,25,03,237,30,28,51,080,44,30,06,335,,7*44
$GBGSV,3,1,09,05,09,111,,07,16,042,29,10,16,054,28,11,13,315,29,1*7E
$GBGSV,3,2,09,13,05,147,,26,01,022,,27,68,199,39,28,31,156,33,1*74
$GBGSV,3,3,09,30,38,305,36,1*44
$GIGSV,1,1,02,01,,,35,06,24,135,,1*4F
$GPGGA,135111.00,4825.1420507,N,00428.4545884,W,4,23,0.5,89.918,M,51.637,M,2.0,4095*6E
$GPRMC,135111.00,A,4825.1420507,N,00428.4545884,W,0.0,0.0,100626,999.9,E,D*23
$GPGSV,3,1,12,01,37,120,45,02,12,129,38,03,61,057,47,04,59,160,46,1*6A
$GPGSV,3,2,12,06,33,303,42,09,32,196,41,12,04,335,,13,03,335,,1*63
$GPGSV,3,3,12,17,49,235,45,19,45,285,44,28,13,041,39,31,19,069,39,1*67
$GSGSV,3,1,10,01,33,195,,02,34,181,41,04,28,145,42,05,29,147,,1*64
$GSGSV,3,2,10,06,33,195,,07,05,106,,08,14,112,,17,34,167,42,1*61
$GSGSV,3,3,10,28,19,125,,39,17,237,,1*68
$GLGSV,2,1,08,68,44,038,45,69,81,205,47,70,28,217,40,76,07,340,27,1*7C
$GLGSV,2,2,08,77,07,025,,83,35,140,44,84,87,328,46,85,37,321,44,1*79
$GQGSV,1,1,00,1*65
$GAGSV,3,1,11,02,14,286,38,04,59,125,45,06,46,166,44,09,26,185,39,7*70
$GAGSV,3,2,11,10,57,106,46,11,84,047,42,12,32,111,37,19,31,048,36,7*79
$GAGSV,3,3,11,25,03,237,30,28,51,080,44,30,06,335,,7*44
$GBGSV,3,1,09,05,09,111,,07,16,042,29,10,16,054,29,11,13,315,29,1*7F
$GBGSV,3,2,09,13,05,147,,26,01,022,,27,68,199,39,28,31,156,34,1*73
$GBGSV,3,3,09,30,38,305,37,1*45
$GIGSV,1,1,02,01,,,35,06,24,135,,1*4F
$GPGGA,135112.00,4825.1420511,N,00428.4545893,W,4,23,0.5,89.916,M,51.637,M,3.0,4095*63
$GPRMC,135112.00,A,4825.1420511,N,00428.4545893,W,0.0,0.0,100626,999.9,E,D*21
$GPGSV,3,1,12,01,37,120,45,02,12,129,39,03,61,057,48,04,59,160,46,1*64
$GPGSV,3,2,12,06,33,303,42,09,32,196,42,12,04,335,,13,03,335,,1*60
$GPGSV,3,3,12,17,49,235,46,19,45,285,44,28,13,041,39,31,19,069,39,1*64
$GSGSV,3,1,10,01,33,195,,02,34,181,41,04,28,145,42,05,29,147,,1*64
$GSGSV,3,2,10,06,33,195,,07,05,106,,08,14,112,,17,34,167,42,1*61
$GSGSV,3,3,10,28,19,125,,39,17,237,,1*68
$GLGSV,2,1,08,68,44,038,45,69,81,205,46,70,28,217,40,76,07,340,27,1*7D
$GLGSV,2,2,08,77,07,025,,83,35,140,45,84,87,328,47,85,37,321,44,1*79
$GQGSV,1,1,00,1*65
$GAGSV,3,1,11,02,14,286,38,04,59,125,45,06,46,166,44,09,26,185,39,7*70
$GAGSV,3,2,11,10,57,106,46,11,84,047,42,12,32,111,37,19,31,048,35,7*7A
$GAGSV,3,3,11,25,03,237,30,28,51,080,45,30,06,335,,7*45
$GBGSV,3,1,09,05,09,111,,07,16,042,28,10,16,054,28,11,13,315,29,1*7F
$GBGSV,3,2,09,13,05,147,,26,01,022,,27,68,199,39,28,31,156,34,1*73
$GBGSV,3,3,09,30,38,305,36,1*44
$GIGSV,1,1,02,01,,,35,06,24,135,,1*4F
$GPGGA,135113.00,4825.1420514,N,00428.4545889,W,4,22,0.5,89.922,M,51.637,M,1.0,4095*68
$GPRMC,135113.00,A,4825.1420514,N,00428.4545889,W,0.0,0.0,100626,999.9,E,D*2E
$GPGSV,3,1,12,01,37,120,45,02,12,129,39,03,61,057,48,04,59,160,46,1*64
$GPGSV,3,2,12,06,33,303,42,09,32,196,42,12,04,335,,13,03,335,,1*60
$GPGSV,3,3,12,17,49,235,45,19,45,285,45,28,13,041,39,31,19,069,40,1*68
$GSGSV,3,1,10,01,33,195,,02,34,181,41,04,28,145,42,05,29,147,,1*64
$GSGSV,3,2,10,06,33,195,,07,05,106,,08,14,112,,17,34,167,42,1*61
$GSGSV,3,3,10,28,19,125,,39,17,237,,1*68
$GLGSV,2,1,08,68,44,038,44,69,81,205,46,70,28,217,40,76,07,340,27,1*7C
$GLGSV,2,2,08,77,07,025,,83,35,140,45,84,87,328,46,85,37,321,44,1*78
$GQGSV,1,1,00,1*65
$GAGSV,3,1,11,02,14,286,38,04,59,125,45,06,46,166,44,09,26,185,39,7*70
$GAGSV,3,2,11,10,57,106,46,11,84,047,42,12,32,111,37,19,31,048,35,7*7A
$GAGSV,3,3,11,25,03,237,30,28,51,080,44,30,06,335,,7*44
$GBGSV,3,1,09,05,09,111,,07,16,042,29,10,16,054,28,11,13,315,29,1*7E
$GBGSV,3,2,09,13,05,147,,26,01,022,,27,68,199,39,28,31,156,33,1*74
$GBGSV,3,3,09,30,38,305,36,1*44
$GIGSV,1,1,02,01,,,35,06,24,135,,1*4F
$GPGGA,135114.00,4825.1420506,N,00428.4545888,W,4,22,0.5,89.916,M,51.637,M,1.0,4095*6A
$GPRMC,135114.00,A,4825.1420506,N,00428.4545888,W,0.0,0.0,100626,999.9,E,D*2B
$GPGSV,3,1,12,01,37,120,45,02,12,129,39,03,61,057,48,04,59,160,46,1*64
$GPGSV,3,2,12,06,33,303,42,09,32,196,42,12,04,335,,13,03,335,,1*60
$GPGSV,3,3,12,17,49,235,45,19,45,285,44,28,13,041,39,31,19,069,40,1*69
$GSGSV,3,1,10,01,33,195,,02,34,181,41,04,28,145,42,05,29,147,,1*64
$GSGSV,3,2,10,06,33,195,,07,05,106,,08,14,112,,17,34,167,43,1*60
$GSGSV,3,3,10,28,19,125,,39,17,237,,1*68
$GLGSV,2,1,08,68,44,038,44,69,81,205,46,70,28,217,40,76,07,340,27,1*7C
$GLGSV,2,2,08,77,07,025,,83,35,140,44,84,87,328,46,85,37,321,44,1*79
$GQGSV,1,1,00,1*65
$GAGSV,3,1,11,02,14,286,37,04,59,125,45,06,46,166,44,09,26,185,38,7*7E
$GAGSV,3,2,11,10,57,106,45,11,84,047,43,12,32,111,37,19,31,048,36,7*7B
$GAGSV,3,3,11,25,03,237,29,28,51,080,44,30,06,335,,7*4C
$GBGSV,3,1,09,05,09,111,,07,16,042,28,10,16,054,28,11,13,315,28,1*7E
$GBGSV,3,2,09,13,05,147,,26,01,022,,27,68,199,39,28,31,156,33,1*74
$GBGSV,3,3,09,30,38,305,36,1*44
$GIGSV,1,1,02,01,,,34,06,24,135,,1*4E
$GPGGA,135115.00,4825.1420506,N,00428.4545882,W,4,22,0.5,89.918,M,51.637,M,2.0,4095*6C
$GPRMC,135115.00,A,4825.1420506,N,00428.4545882,W,0.0,0.0,100626,999.9,E,D*20
$GPGSV,3,1,12,01,37,120,44,02,12,129,40,03,61,057,48,04,59,160,46,1*6B
$GPGSV,3,2,12,06,33,303,42,09,32,196,42,12,04,335,,13,03,335,,1*60
$GPGSV,3,3,12,17,49,235,45,19,45,285,45,28,13,040,40,31,19,069,40,1*67
$GSGSV,3,1,10,01,33,195,,02,34,181,41,04,28,145,42,05,29,147,,1*64
$GSGSV,3,2,10,06,33,195,,07,05,106,,08,14,112,,17,34,167,43,1*60
$GSGSV,3,3,10,28,19,125,,39,17,237,,1*68
$GLGSV,2,1,08,68,44,038,44,69,81,205,46,70,28,217,41,76,07,340,28,1*72
$GLGSV,2,2,08,77,07,025,,83,35,140,45,84,87,328,47,85,37,321,45,1*78
$GQGSV,1,1,00,1*65
$GAGSV,3,1,11,02,14,286,38,04,59,125,45,06,46,166,44,09,26,185,38,7*71
$GAGSV,3,2,11,10,57,106,46,11,84,047,43,12,32,111,37,19,31,048,35,7*7B
$GAGSV,3,3,11,25,03,237,29,28,51,080,44,30,06,335,,7*4C
$GBGSV,3,1,09,05,09,111,,07,16,042,29,10,16,054,28,11,13,315,28,1*7F
$GBGSV,3,2,09,13,05,147,,26,01,022,,27,68,199,39,28,31,156,33,1*74
$GBGSV,3,3,09,30,38,305,36,1*44
$GIGSV,1,1,02,01,,,35,06,24,135,,1*4F
$GPGGA,135116.00,4825.1420503,N,00428.4545879,W,4,22,0.5,89.920,M,51.637,M,3.0,4095*64
$GPRMC,135116.00,A,4825.1420503,N,00428.4545879,W,0.0,0.0,100626,999.9,E,D*22
$GPGSV,3,1,12,01,37,120,44,02,12,129,40,03,61,057,48,04,59,160,46,1*6B
$GPGSV,3,2,12,06,33,303,43,09,32,196,42,12,04,335,,13,03,335,,1*61
$GPGSV,3,3,12,17,49,235,45,19,45,285,46,28,13,040,39,31,19,069,40,1*6A
$GSGSV,3,1,10,01,33,195,,02,34,181,41,04,28,145,42,05,29,147,,1*64
$GSGSV,3,2,10,06,33,195,,07,05,106,,08,14,112,,17,34,167,43,1*60
$GSGSV,3,3,10,28,19,125,,39,17,237,,1*68
$GLGSV,2,1,08,68,44,038,44,69,81,205,47,70,28,217,40,76,07,340,28,1*72
$GLGSV,2,2,08,77,07,025,,83,35,140,45,84,87,328,46,85,37,321,45,1*79
$GQGSV,1,1,00,1*65
$GAGSV,3,1,11,02,14,286,37,04,59,125,45,06,46,166,44,09,26,185,39,7*7F
$GAGSV,3,2,11,10,57,106,46,11,84,047,43,12,32,111,37,19,31,048,36,7*78
$GAGSV,3,3,11,25,03,237,29,28,51,080,44,30,06,335,,7*4C
$GBGSV,3,1,09,05,09,111,,07,16,042,29,10,16,054,28,11,13,315,29,1*7E
$GBGSV,3,2,09,13,05,147,,26,01,022,,27,68,199,39,28,31,156,33,1*74
$GBGSV,3,3,09,30,38,305,35,1*47
$GIGSV,1,1,02,01,,,35,06,24,135,,1*4F
$GPGGA,135117.00,4825.1420521,N,00428.4545878,W,4,22,0.5,89.927,M,51.637,M,1.0,4095*61
$GPRMC,135117.00,A,4825.1420521,N,00428.4545878,W,0.0,0.0,100626,999.9,E,D*22
$GPGSV,3,1,12,01,37,120,44,02,12,129,40,03,61,057,48,04,59,160,47,1*6A
$GPGSV,3,2,12,06,33,303,43,09,32,196,41,12,04,335,,13,03,335,,1*62
$GPGSV,3,3,12,17,49,235,45,19,45,285,45,28,13,040,38,31,19,069,40,1*68
$GSGSV,3,1,10,01,33,195,,02,34,181,41,04,28,145,41,05,29,147,,1*67
$GSGSV,3,2,10,06,33,195,,07,05,106,,08,14,112,,17,34,167,42,1*61
$GSGSV,3,3,10,28,19,125,,39,17,237,,1*68
$GLGSV,2,1,08,68,44,038,45,69,81,205,47,70,28,217,40,76,07,340,28,1*73
$GLGSV,2,2,08,77,07,025,,83,35,140,44,84,87,328,46,85,37,321,44,1*79
$GQGSV,1,1,00,1*65
$GAGSV,3,1,11,02,14,286,37,04,59,125,46,06,46,166,43,09,26,185,38,7*7A
$GAGSV,3,2,11,10,57,106,46,11,84,047,43,12,32,111,37,19,31,048,36,7*78
$GAGSV,3,3,11,25,03,237,28,28,51,080,44,30,06,335,,7*4D
$GBGSV,3,1,09,05,09,111,,07,16,042,28,10,16,054,28,11,13,315,29,1*7F
$GBGSV,3,2,09,13,05,147,,26,01,022,,27,68,199,40,28,31,156,33,1*7A
$GBGSV,3,3,09,30,38,305,36,1*44
$GIGSV,1,1,02,01,,,35,06,24,135,,1*4F
$GPGGA,135118.00,4825.1420516,N,00428.4545898,W,4,22,0.5,89.918,M,51.637,M,1.0,4095*68
$GPRMC,135118.00,A,4825.1420516,N,00428.4545898,W,0.0,0.0,100626,999.9,E,D*27
$GPGSV,3,1,12,01,37,120,45,02,12,129,40,03,61,057,47,04,59,160,46,1*65
$GPGSV,3,2,12,06,33,303,43,09,32,196,41,12,04,335,,13,03,335,,1*62
$GPGSV,3,3,12,17,49,235,45,19,45,285,45,28,13,040,38,31,19,069,40,1*68
$GSGSV,3,1,10,01,33,195,,02,34,181,41,04,28,145,41,05,29,147,,1*67
$GSGSV,3,2,10,06,33,195,,07,05,106,,08,14,112,,17,34,167,42,1*61
$GSGSV,3,3,10,28,19,125,,39,17,237,,1*68
$GLGSV,2,1,08,68,44,038,45,69,81,205,46,70,28,217,40,76,07,340,28,1*72
$GLGSV,2,2,08,77,07,025,,83,35,140,44,84,87,328,47,85,37,321,44,1*78
$GQGSV,1,1,00,1*65
$GAGSV,3,1,11,02,14,286,37,04,59,125,45,06,46,166,44,09,26,185,39,7*7F
$GAGSV,3,2,11,10,57,106,46,11,84,047,43,12,32,111,37,19,31,048,36,7*78
$GAGSV,3,3,11,25,03,237,29,28,51,080,44,30,06,335,,7*4C
$GBGSV,3,1,09,05,09,111,,07,16,042,29,10,16,054,28,11,13,315,29,1*7E
$GBGSV,3,2,09,13,05,147,,26,01,022,,27,68,199,39,28,31,156,33,1*74
$GBGSV,3,3,09,30,38,305,36,1*44
$GIGSV,1,1,02,01,,,34,06,24,135,,1*4E
$GPGGA,135119.00,4825.1420521,N,00428.4545902,W,4,22,0.5,89.921,M,51.637,M,2.0,4095*66
$GPRMC,135119.00,A,4825.1420521,N,00428.4545902,W,0.0,0.0,100626,999.9,E,D*20
$GPGSV,3,1,12,01,37,120,45,02,12,129,40,03,61,057,47,04,59,160,46,1*65
$GPGSV,3,2,12,06,33,303,42,09,32,196,41,12,04,335,,13,03,335,,1*63
$GPGSV,3,3,12,17,49,235,45,19,45,285,45,28,13,040,38,31,19,069,40,1*68
$GSGSV,3,1,10,01,33,195,,02,34,181,41,04,28,145,42,05,29,147,,1*64
$GSGSV,3,2,10,06,33,195,,07,05,106,,08,14,112,,17,34,167,42,1*61
$GSGSV,3,3,10,28,19,125,,39,17,237,,1*68
$GLGSV,2,1,08,68,44,038,45,69,81,205,47,70,28,217,40,76,07,340,29,1*72
$GLGSV,2,2,08,77,07,025,,83,35,140,44,84,87,328,47,85,37,321,44,1*78
$GQGSV,1,1,00,1*65
$GAGSV,3,1,11,02,14,286,37,04,59,125,45,06,46,166,44,09,26,185,39,7*7F
$GAGSV,3,2,11,10,57,106,46,11,84,047,43,12,32,111,37,19,31,048,36,7*78
$GAGSV,3,3,11,25,03,237,29,28,51,080,44,30,06,335,,7*4C
$GBGSV,3,1,09,05,09,111,,07,16,042,30,10,16,054,28,11,13,315,30,1*7E
$GBGSV,3,2,09,13,05,147,,26,01,022,,27,68,199,39,28,31,156,33,1*74
$GBGSV,3,3,09,30,38,305,36,1*44
$GIGSV,1,1,02,01,,,34,06,24,135,,1*4E
$GPGGA,135120.00,4825.1420519,N,00428.4545882,W,4,22,0.5,89.923,M,51.637,M,1.0,4095*6F
$GPRMC,135120.00,A,4825.1420519,N,00428.4545882,W,0.0,0.0,100626,999.9,E,D*28
$GPGSV,3,1,12,01,37,120,45,02,12,129,39,03,61,057,47,04,59,160,45,1*68
$GPGSV,3,2,12,06,33,303,42,09,32,196,42,12,04,335,,13,03,335,,1*60
$GPGSV,3,3,12,17,49,235,45,19,45,285,44,28,13,040,38,31,19,069,40,1*69
$GSGSV,3,1,10,01,33,195,,02,34,181,41,04,28,145,42,05,29,147,,1*64
$GSGSV,3,2,10,06,33,195,,07,05,106,,08,14,112,,17,34,167,42,1*61
$GSGSV,3,3,10,28,19,125,,39,17,237,,1*68
$GLGSV,2,1,08,68,44,038,45,69,81,205,47,70,28,217,40,76,07,340,30,1*7A
$GLGSV,2,2,08,77,07,024,,83,35,140,44,84,87,328,46,85,37,321,44,1*78
$GQGSV,1,1,00,1*65
$GAGSV,3,1,11,02,14,286,37,04,59,125,45,06,46,166,43,09,26,185,40,7*76
$GAGSV,3,2,11,10,57,107,45,11,84,047,43,12,32,111,37,19,31,048,35,7*79
$GAGSV,3,3,11,25,03,237,28,28,51,080,45,30,06,335,,7*4C
$GBGSV,3,1,09,05,09,111,,07,16,042,29,10,17,054,27,11,13,315,29,1*70
$GBGSV,3,2,09,13,05,147,,26,01,022,,27,68,199,39,28,31,156,34,1*73
$GBGSV,3,3,09,30,38,305,36,1*44
$GIGSV,1,1,02,01,,,34,06,24,135,,1*4E
$GPGGA,135121.00,4825.1420501,N,00428.4545888,W,4,22,0.5,89.917,M,51.637,M,1.0,4095*6A
$GPRMC,135121.00,A,4825.1420501,N,00428.4545888,W,0.0,0.0,100626,999.9,E,D*2A
$GPGSV,3,1,12,01,37,120,45,02,12,129,40,03,61,057,47,04,59,160,46,1*65
$GPGSV,3,2,12,06,33,303,43,09,32,196,41,12,04,335,,13,03,335,,1*62
$GPGSV,3,3,12,17,49,235,45,19,45,285,44,28,13,040,38,31,19,069,39,1*67
$GSGSV,3,1,10,01,33,195,,02,34,181,41,04,28,145,42,05,29,147,,1*64
$GSGSV,3,2,10,06,33,195,,07,05,106,,08,14,112,,17,34,167,42,1*61
$GSGSV,3,3,10,28,19,125,,39,17,237,,1*68
$GLGSV,2,1,08,68,44,038,44,69,81,205,47,70,28,217,40,76,07,340,30,1*7B
$GLGSV,2,2,08,77,07,024,,83,35,140,44,84,87,328,46,85,37,321,44,1*78
$GQGSV,1,1,00,1*65
$GAGSV,3,1,11,02,14,286,37,04,59,125,45,06,46,166,44,09,26,185,40,7*71
$GAGSV,3,2,11,10,57,107,46,11,84,047,43,12,32,111,37,19,31,048,35,7*7A
$GAGSV,3,3,11,25,03,237,29,28,51,080,44,30,06,335,,7*4C
$GBGSV,3,1,09,05,09,111,,07,16,042,28,10,17,054,28,11,13,315,27,1*70
$GBGSV,3,2,09,13,05,147,,26,01,022,,27,68,199,40,28,31,156,33,1*7A
$GBGSV,3,3,09,30,39,305,36,1*45
$GIGSV,1,1,02,01,,,35,06,24,135,,1*4F
$GPGGA,135122.00,4825.1420508,N,00428.4545880,W,4,21,0.5,89.920,M,51.637,M,1.0,4095*6F
$GPRMC,135122.00,A,4825.1420508,N,00428.4545880,W,0.0,0.0,100626,999.9,E,D*28
$GPGSV,3,1,12,01,37,120,45,02,12,129,39,03,61,057,47,04,59,160,46,1*6B
$GPGSV,3,2,12,06,33,303,42,09,32,196,41,12,04,335,,13,03,335,,1*63
$GPGSV,3,3,12,17,49,235,45,19,45,285,44,28,13,040,38,31,19,069,38,1*66
$GSGSV,3,1,10,01,33,195,,02,34,181,41,04,28,145,41,05,29,147,,1*67
$GSGSV,3,2,10,06,33,195,,07,05,106,,08,14,112,,17,34,167,42,1*61
$GSGSV,3,3,10,28,19,125,,39,17,237,,1*68
$GLGSV,2,1,08,68,44,038,44,69,81,205,46,70,28,217,39,76,07,340,30,1*74
$GLGSV,2,2,08,77,07,024,,83,35,140,44,84,87,328,46,85,37,321,44,1*78
$GQGSV,1,1,00,1*65
$GAGSV,3,1,11,02,14,286,36,04,59,125,45,06,46,166,44,09,26,185,40,7*70
$GAGSV,3,2,11,10,57,107,46,11,84,047,43,12,32,111,37,19,31,048,36,7*79
$GAGSV,3,3,11,25,03,237,29,28,51,080,44,30,06,335,,7*4C
$GBGSV,3,1,09,05,09,111,,07,16,042,28,10,17,054,27,11,13,315,28,1*70
$GBGSV,3,2,09,13,05,147,,26,01,022,,27,68,199,39,28,31,156,33,1*74
$GBGSV,3,3,09,30,39,305,36,1*45
$GIGSV,1,1,02,01,,,34,06,24,135,,1*4E
$GPGGA,135123.00,4825.1420508,N,00428.4545885,W,4,21,0.5,89.917,M,51.637,M,1.0,4095*6F
$GPRMC,135123.00,A,4825.1420508,N,00428.4545885,W,0.0,0.0,100626,999.9,E,D*2C
$GPGSV,3,1,12,01,37,120,45,02,12,129,40,03,61,057,47,04,59,160,46,1*65
$GPGSV,3,2,12,06,33,303,42,09,32,196,41,12,04,335,,13,03,335,,1*63
$GPGSV,3,3,12,17,49,235,45,19,45,285,44,28,13,040,38,31,19,069,39,1*67
$GSGSV,3,1,10,01,33,195,,02,34,181,41,04,28,145,41,05,29,147,,1*67
$GSGSV,3,2,10,06,33,195,,07,05,106,,08,14,112,,17,34,167,42,1*61
$GSGSV,3,3,10,28,19,125,,39,17,237,,1*68
$GLGSV,2,1,08,68,44,038,44,69,81,205,47,70,28,217,39,76,07,340,29,1*7D
$GLGSV,2,2,08,77,07,024,,83,35,140,44,84,87,327,46,85,37,321,45,1*76
$GQGSV,1,1,00,1*65
$GAGSV,3,1,11,02,14,286,37,04,59,125,46,06,46,166,43,09,26,185,39,7*7B
$GAGSV,3,2,11,10,57,107,46,11,84,047,43,12,32,111,37,19,31,048,35,7*7A
$GAGSV,3,3,11,25,03,237,29,28,51,080,44,30,06,335,,7*4C
$GBGSV,3,1,09,05,09,111,,07,16,042,28,10,17,054,28,11,13,315,27,1*70
$GBGSV,3,2,09,13,05,147,,26,01,022,,27,68,199,39,28,31,156,33,1*74
$GBGSV,3,3,09,30,39,305,36,1*45
$GIGSV,1,1,02,01,,,34,06,24,135,,1*4E
$GPGGA,135124.00,4825.1420505,N,00428.4545888,W,4,21,0.5,89.916,M,51.637,M,2.0,4095*6A
$GPRMC,135124.00,A,4825.1420505,N,00428.4545888,W,0.0,0.0,100626,999.9,E,D*2B
$GPGSV,3,1,12,01,37,120,44,02,12,129,40,03,61,057,47,04,59,160,46,1*64
$GPGSV,3,2,12,06,33,303,43,09,32,196,41,12,04,335,,13,03,335,,1*62
$GPGSV,3,3,12,17,49,235,46,19,45,285,44,28,13,040,38,31,19,069,39,1*64
$GSGSV,3,1,10,01,33,195,,02,34,181,40,04,28,145,42,05,29,147,,1*65
$GSGSV,3,2,10,06,33,195,,07,05,106,,08,14,112,,17,34,167,43,1*60
$GSGSV,3,3,10,28,19,125,,39,17,237,,1*68
$GLGSV,2,1,08,68,44,038,45,69,81,205,47,70,28,217,40,76,07,340,30,1*7A
$GLGSV,2,2,08,77,07,024,,83,35,140,44,84,87,327,46,85,37,321,45,1*76
$GQGSV,1,1,00,1*65
$GAGSV,3,1,11,02,14,286,37,04,59,125,46,06,46,166,43,09,26,185,40,7*75
$GAGSV,3,2,11,10,57,107,45,11,84,048,43,12,32,111,37,19,31,048,35,7*76
$GAGSV,3,3,11,25,03,237,28,28,51,080,45,30,06,335,,7*4C
$GBGSV,3,1,09,05,09,111,,07,16,042,28,10,17,054,27,11,13,315,27,1*7F
$GBGSV,3,2,09,13,05,147,,26,01,022,,27,68,199,40,28,31,156,34,1*7D
$GBGSV,3,3,09,30,39,305,35,1*46
$GIGSV,1,1,02,01,,,34,06,24,135,,1*4E
$GPGGA,135125.00,4825.1420507,N,00428.4545895,W,4,21,0.5,89.915,M,51.637,M,1.0,4095*65
$GPRMC,135125.00,A,4825.1420507,N,00428.4545895,W,0.0,0.0,100626,999.9,E,D*24
$GPGSV,3,1,12,01,37,120,44,02,12,129,40,03,61,057,48,04,59,160,46,1*6B
$GPGSV,3,2,12,06,33,303,43,09,32,196,42,12,04,335,,13,03,335,,1*61
$GPGSV,3,3,12,17,49,235,46,19,45,285,44,28,13,040,38,31,19,069,39,1*64
$GSGSV,3,1,10,01,33,195,,02,34,181,41,04,28,145,41,05,29,147,,1*67
$GSGSV,3,2,10,06,33,195,,07,05,106,,08,14,112,,17,34,167,43,1*60
$GSGSV,3,3,10,28,19,125,,39,17,237,,1*68
$GLGSV,2,1,08,68,44,038,45,69,81,205,47,70,28,217,40,76,07,340,30,1*7A
$GLGSV,2,2,08,77,07,024,,83,35,140,44,84,87,327,46,85,37,321,45,1*76
$GQGSV,1,1,00,1*65
$GAGSV,3,1,11,02,14,286,36,04,59,125,46,06,46,166,43,09,26,185,40,7*74
$GAGSV,3,2,11,10,57,107,46,11,84,048,43,12,32,111,37,19,31,048,35,7*75
$GAGSV,3,3,11,25,03,237,28,28,51,080,44,30,06,335,,7*4D
$GBGSV,3,1,09,05,09,111,,07,16,042,29,10,17,054,27,11,13,315,28,1*71
$GBGSV,3,2,09,13,05,147,,26,01,022,,27,68,199,39,28,31,156,34,1*73
$GBGSV,3,3,09,30,39,305,35,1*46
$GIGSV,1,1,02,01,,,34,06,24,135,,1*4E
$GPGGA,135126.00,4825.1420523,N,00428.4545882,W,4,22,0.5,89.919,M,51.637,M,1.0,4095*69
$GPRMC,135126.00,A,4825.1420523,N,00428.4545882,W,0.0,0.0,100626,999.9,E,D*27
$GPGSV,3,1,12,01,37,120,44,02,12,129,39,03,61,057,47,04,59,160,45,1*69
$GPGSV,3,2,12,06,33,303,42,09,32,196,41,12,04,335,,13,03,335,,1*63
$GPGSV,3,3,12,17,49,235,45,19,45,285,44,28,13,040,38,31,19,069,39,1*67
$GSGSV,3,1,10,01,33,195,,02,34,181,41,04,28,145,42,05,29,147,,1*64
$GSGSV,3,2,10,06,33,195,,07,05,106,,08,14,112,,17,34,167,43,1*60
$GSGSV,3,3,10,28,19,125,,39,17,237,,1*68
$GLGSV,2,1,08,68,44,038,44,69,81,205,47,70,28,217,40,76,07,340,30,1*7B
$GLGSV,2,2,08,77,07,024,,83,35,140,44,84,87,327,46,85,37,321,45,1*76
$GQGSV,1,1,00,1*65
$GAGSV,3,1,11,02,14,286,37,04,59,125,46,06,46,166,44,09,26,185,39,7*7C
$GAGSV,3,2,11,10,57,107,45,11,84,048,43,12,32,111,37,19,31,048,35,7*76
$GAGSV,3,3,11,25,03,237,29,28,51,080,44,30,06,335,,7*4C
$GBGSV,3,1,09,05,09,111,,07,16,042,29,10,17,054,28,11,13,315,27,1*71
$GBGSV,3,2,09,13,05,147,,26,01,022,,27,68,199,39,28,31,156,34,1*73
$GBGSV,3,3,09,30,39,305,36,1*45
$GIGSV,1,1,02,01,,,34,06,24,135,,1*4E
$GPGGA,135127.00,4825.1420518,N,00428.4545886,W,4,22,0.5,89.923,M,51.637,M,2.0,4095*6E
$GPRMC,135127.00,A,4825.1420518,N,00428.4545886,W,0.0,0.0,100626,999.9,E,D*2A
$GPGSV,3,1,12,01,37,120,45,02,12,129,39,03,61,057,48,04,59,160,46,1*64
$GPGSV,3,2,12,06,33,303,42,09,32,196,41,12,04,335,,13,03,335,,1*63
$GPGSV,3,3,12,17,49,235,45,19,45,285,44,28,13,040,37,31,19,069,39,1*68
$GSGSV,3,1,10,01,33,195,,02,34,181,41,04,28,145,42,05,29,147,,1*64
$GSGSV,3,2,10,06,33,195,,07,05,106,,08,14,112,,17,34,167,42,1*61
$GSGSV,3,3,10,28,19,125,,39,17,237,,1*68
$GLGSV,2,1,08,68,44,038,44,69,81,205,47,70,28,217,40,76,07,340,29,1*73
$GLGSV,2,2,08,77,07,024,,83,35,140,44,84,87,327,46,85,37,321,45,1*76
$GQGSV,1,1,00,1*65
$GAGSV,3,1,11,02,14,286,37,04,59,125,46,06,46,166,43,09,26,185,40,7*75
$GAGSV,3,2,11,10,57,107,46,11,84,048,43,12,32,111,37,19,31,048,35,7*75
$GAGSV,3,3,11,25,03,237,30,28,51,080,44,30,06,335,,7*44
$GBGSV,3,1,09,05,09,111,,07,16,042,29,10,17,054,28,11,13,315,28,1*7E
$GBGSV,3,2,09,13,05,147,,26,01,022,,27,68,199,39,28,31,156,34,1*73
$GBGSV,3,3,09,30,39,305,35,1*46
$GIGSV,1,1,02,01,,,34,06,24,135,,1*4E
$GPGGA,135128.00,4825.1420519,N,00428.4545887,W,4,22,0.5,89.925,M,51.637,M,3.0,4095*66
$GPRMC,135128.00,A,4825.1420519,N,00428.4545887,W,0.0,0.0,100626,999.9,E,D*25
$GPGSV,3,1,12,01,37,120,44,02,12,129,39,03,61,057,48,04,59,160,46,1*65
$GPGSV,3,2,12,06,33,303,42,09,32,196,41,12,04,335,,13,03,335,,1*63
$GPGSV,3,3,12,17,49,235,45,19,45,285,44,28,13,040,38,31,19,069,39,1*67
$GSGSV,3,1,10,01,33,195,,02,34,181,41,04,28,145,42,05,29,147,,1*64
$GSGSV,3,2,10,06,33,195,,07,05,106,,08,14,112,,17,34,167,42,1*61
$GSGSV,3,3,10,28,19,125,,39,17,237,,1*68
$GLGSV,2,1,08,68,44,038,44,69,81,205,47,70,28,217,40,76,07,340,30,1*7B
$GLGSV,2,2,08,77,07,024,,83,35,140,45,84,87,327,47,85,37,321,45,1*76
$GQGSV,1,1,00,1*65
$GAGSV,3,1,11,02,14,286,37,04,59,125,46,06,46,166,43,09,26,185,39,7*7B
$GAGSV,3,2,11,10,57,107,46,11,84,048,43,12,32,111,37,19,31,048,36,7*76
$GAGSV,3,3,11,25,03,237,30,28,51,080,44,30,06,335,,7*44
$GBGSV,3,1,09,05,09,111,,07,16,042,30,10,17,054,28,11,13,315,27,1*79
$GBGSV,3,2,09,13,05,147,,26,01,022,,27,68,199,39,28,31,156,34,1*73
$GBGSV,3,3,09,30,39,305,36,1*45
$GIGSV,1,1,02,01,,,35,06,24,135,,1*4F
$GPGGA,135129.00,4825.1420495,N,00428.4545887,W,4,22,0.5,89.923,M,51.637,M,1.0,4095*66
$GPRMC,135129.00,A,4825.1420495,N,00428.4545887,W,0.0,0.0,100626,999.9,E,D*21
$GPGSV,3,1,12,01,37,120,44,02,12,129,39,03,61,057,48,04,59,160,45,1*66
$GPGSV,3,2,12,06,33,303,42,09,32,196,41,12,04,335,,13,03,335,,1*63
$GPGSV,3,3,12,17,49,235,45,19,45,285,44,28,13,040,38,31,19,069,40,1*69
$GSGSV,3,1,10,01,33,195,,02,34,181,41,04,28,145,42,05,29,147,,1*64
$GSGSV,3,2,10,06,33,195,,07,05,106,,08,14,112,,17,34,167,42,1*61
$GSGSV,3,3,10,28,19,125,,39,17,237,,1*68
$GLGSV,2,1,08,68,44,038,44,69,81,205,47,70,28,217,41,76,07,340,30,1*7A
$GLGSV,2,2,08,77,07,024,,83,35,140,44,84,87,327,46,85,37,321,45,1*76
$GQGSV,1,1,00,1*65
$GAGSV,3,1,11,02,14,286,37,04,59,125,46,06,46,166,43,09,26,185,39,7*7B
$GAGSV,3,2,11,10,57,107,46,11,84,048,43,12,32,111,37,19,31,048,36,7*76
$GAGSV,3,3,11,25,03,237,30,28,51,079,44,30,06,335,,7*42
$GBGSV,3,1,09,05,09,111,,07,16,042,29,10,17,054,28,11,13,315,27,1*71
$GBGSV,3,2,09,13,05,147,,26,01,022,,27,68,199,39,28,31,156,34,1*73
$GBGSV,3,3,09,30,39,305,36,1*45
$GIGSV,1,1,02,01,,,34,06,24,135,,1*4E
$GPGGA,135130.00,4825.1420513,N,00428.4545864,W,4,22,0.5,89.923,M,51.637,M,1.0,4095*6C
$GPRMC,135130.00,A,4825.1420513,N,00428.4545864,W,0.0,0.0,100626,999.9,E,D*2B
$GPGSV,3,1,12,01,37,120,45,02,12,129,40,03,61,057,48,04,59,160,46,1*6A
$GPGSV,3,2,12,06,33,303,42,09,32,196,42,12,04,335,,13,03,335,,1*60
$GPGSV,3,3,12,17,49,235,46,19,45,285,45,28,13,040,38,31,19,069,40,1*6B
$GSGSV,3,1,10,01,33,195,,02,34,181,41,04,28,145,41,05,29,147,,1*67
$GSGSV,3,2,10,06,33,195,,07,05,106,,08,14,112,,17,34,167,43,1*60
$GSGSV,3,3,10,28,19,125,,39,17,237,,1*68
$GLGSV,2,1,08,68,44,038,44,69,81,205,47,70,28,217,41,76,07,340,30,1*7A
$GLGSV,2,2,08,77,07,024,,83,35,140,45,84,87,327,46,85,37,321,45,1*77
$GQGSV,1,1,00,1*65
$GAGSV,3,1,11,02,14,286,37,04,59,125,46,06,46,166,43,09,26,185,39,7*7B
$GAGSV,3,2,11,10,57,107,46,11,84,048,43,12,32,111,37,19,31,048,37,7*77
$GAGSV,3,3,11,25,03,237,29,28,51,079,44,30,06,335,,7*4A
$GBGSV,3,1,09,05,09,111,,07,16,042,29,10,17,054,28,11,13,315,28,1*7E
$GBGSV,3,2,09,13,05,147,,26,01,022,,27,68,199,39,28,31,156,34,1*73
$GBGSV,3,3,09,30,39,305,36,1*45
$GIGSV,1,1,02,01,,,34,06,24,135,,1*4E
$GPGGA,135131.00,4825.1420510,N,00428.4545870,W,4,22,0.5,89.921,M,51.637,M,2.0,4095*6A
$GPRMC,135131.00,A,4825.1420510,N,00428.4545870,W,0.0,0.0,100626,999.9,E,D*2C
$GPGSV,3,1,12,01,37,120,45,02,12,129,40,03,61,057,48,04,59,160,46,1*6A
$GPGSV,3,2,12,06,33,303,42,09,32,196,42,12,04,335,,13,03,335,,1*60
$GPGSV,3,3,12,17,49,235,46,19,45,285,45,28,13,040,39,31,19,069,41,1*6B
$GSGSV,3,1,10,01,33,195,,02,34,181,40,04,28,145,42,05,29,147,,1*65
$GSGSV,3,2,10,06,33,195,,07,05,106,,08,14,112,,17,34,167,42,1*61
$GSGSV,3,3,10,28,19,125,,39,17,237,,1*68
$GLGSV,2,1,08,68,44,038,45,69,81,205,47,70,28,217,40,76,07,340,30,1*7A
$GLGSV,2,2,08,77,07,024,,83,35,140,44,84,87,327,47,85,37,321,45,1*77
$GQGSV,1,1,00,1*65
$GAGSV,3,1,11,02,14,286,37,04,59,125,46,06,46,166,43,09,26,185,39,7*7B
$GAGSV,3,2,11,10,57,107,46,11,84,048,43,12,32,111,37,19,31,048,36,7*76
$GAGSV,3,3,11,25,03,237,30,28,51,079,44,30,06,335,,7*42
$GBGSV,3,1,09,05,09,111,,07,16,042,29,10,17,054,28,11,13,315,27,1*71
$GBGSV,3,2,09,13,05,147,,26,01,022,,27,68,199,39,28,31,156,34,1*73
$GBGSV,3,3,09,30,39,304,36,1*44
$GIGSV,1,1,02,01,,,34,06,24,135,,1*4E
$GPGGA,135132.00,4825.1420515,N,00428.4545862,W,4,22,0.5,89.922,M,51.637,M,1.0,4095*6F
$GPRMC,135132.00,A,4825.1420515,N,00428.4545862,W,0.0,0.0,100626,999.9,E,D*29
$GPGSV,3,1,12,01,37,120,45,02,12,129,39,03,61,057,48,04,59,160,46,1*64
$GPGSV,3,2,12,06,33,303,42,09,32,196,42,12,04,335,,13,03,335,,1*60
$GPGSV,3,3,12,17,49,235,45,19,45,285,45,28,13,040,38,31,19,069,40,1*68
$GSGSV,3,1,10,01,33,195,,02,34,181,40,04,28,145,42,05,29,147,,1*65
$GSGSV,3,2,10,06,33,195,,07,05,106,,08,14,112,,17,34,167,42,1*61
$GSGSV,3,3,10,28,19,125,,39,17,237,,1*68
$GLGSV,2,1,08,68,44,038,45,69,81,205,47,70,28,217,40,76,07,340,30,1*7A
$GLGSV,2,2,08,77,07,024,,83,35,140,45,84,87,327,46,85,37,321,45,1*77
$GQGSV,1,1,00,1*65
$GAGSV,3,1,11,02,13,286,36,04,59,125,46,06,46,166,44,09,26,185,40,7*74
$GAGSV,3,2,11,10,57,107,46,11,84,048,43,12,32,111,37,19,31,048,35,7*75
$GAGSV,3,3,11,25,03,237,30,28,51,079,44,30,06,335,,7*42
$GBGSV,3,1,09,05,09,111,,07,16,042,28,10,17,054,28,11,13,315,27,1*70
$GBGSV,3,2,09,13,05,147,,26,01,022,,27,68,199,39,28,31,156,35,1*72
$GBGSV,3,3,09,30,39,304,36,1*44
$GIGSV,1,1,02,01,,,33,06,24,135,,1*49
$GPGGA,135133.00,4825.1420519,N,00428.4545872,W,4,22,0.5,89.919,M,51.637,M,1.0,4095*6B
$GPRMC,135133.00,A,4825.1420519,N,00428.4545872,W,0.0,0.0,100626,999.9,E,D*25
$GPGSV,3,1,12,01,37,120,45,02,12,129,39,03,61,057,48,04,59,160,45,1*67
$GPGSV,3,2,12,06,33,303,43,09,32,196,42,12,04,335,,13,03,335,,1*61
$GPGSV,3,3,12,17,49,235,45,19,45,285,45,28,13,040,38,31,19,069,40,1*68
$GSGSV,3,1,10,01,33,195,,02,34,181,40,04,28,145,41,05,29,147,,1*66
$GSGSV,3,2,10,06,33,195,,07,05,106,,08,14,112,,17,34,167,43,1*60
$GSGSV,3,3,10,28,19,125,,39,17,237,,1*68
$GLGSV,2,1,08,68,44,038,45,69,81,205,47,70,28,217,40,76,07,340,30,1*7A
$GLGSV,2,2,08,77,07,024,,83,34,140,44,84,87,327,46,85,37,321,44,1*76
$GQGSV,1,1,00,1*65
$GAGSV,3,1,11,02,13,286,36,04,59,125,46,06,46,166,43,09,26,185,40,7*73
$GAGSV,3,2,11,10,57,107,46,11,84,048,43,12,32,111,37,19,31,048,36,7*76
$GAGSV,3,3,11,25,03,237,30,28,51,079,44,30,06,335,,7*42
$GBGSV,3,1,09,05,09,111,,07,16,042,29,10,17,054,28,11,13,315,28,1*7E
$GBGSV,3,2,09,13,05,147,,26,01,022,,27,68,199,38,28,31,156,34,1*72
$GBGSV,3,3,09,30,39,304,36,1*44
$GIGSV,1,1,02,01,,,33,06,24,135,,1*49
$GPGGA,135134.00,4825.1420495,N,00428.4545876,W,4,22,0.5,89.922,M,51.637,M,1.0,4095*65
$GPRMC,135134.00,A,4825.1420495,N,00428.4545876,W,0.0,0.0,100626,999.9,E,D*23
$GPGSV,3,1,12,01,37,120,45,02,12,129,39,03,61,057,48,04,59,160,45,1*67
$GPGSV,3,2,12,06,33,303,42,09,32,196,42,12,04,335,,13,03,335,,1*60
$GPGSV,3,3,12,17,49,235,45,19,45,285,44,28,13,040,39,31,19,069,39,1*66
$GSGSV,3,1,10,01,33,195,,02,34,181,41,04,28,145,41,05,29,147,,1*67
$GSGSV,3,2,10,06,33,195,,07,05,106,,08,14,112,,17,34,167,42,1*61
$GSGSV,3,3,10,28,19,125,,39,17,237,,1*68
$GLGSV,2,1,08,68,44,038,45,69,81,205,46,70,28,217,40,76,07,340,29,1*73
$GLGSV,2,2,08,77,07,024,,83,34,140,44,84,87,327,46,85,37,321,45,1*77
$GQGSV,1,1,00,1*65
$GAGSV,3,1,11,02,13,286,37,04,59,125,46,06,46,166,43,09,26,185,39,7*7C
$GAGSV,3,2,11,10,57,107,45,11,84,048,43,12,32,111,37,19,31,048,36,7*75
$GAGSV,3,3,11,25,03,237,30,28,51,079,44,30,06,335,,7*42
$GBGSV,3,1,09,05,09,111,,07,16,042,29,10,17,054,28,11,13,315,28,1*7E
$GBGSV,3,2,09,13,05,147,,26,01,022,,27,68,199,39,28,31,156,34,1*73
$GBGSV,3,3,09,30,39,304,36,1*44
$GIGSV,1,1,02,01,,,34,06,24,135,,1*4E
$GPGGA,135135.00,4825.1420493,N,00428.4545870,W,4,22,0.5,89.920,M,51.637,M,2.0,4095*65
$GPRMC,135135.00,A,4825.1420493,N,00428.4545870,W,0.0,0.0,100626,999.9,E,D*22
$GPGSV,3,1,12,01,37,120,45,02,12,129,39,03,61,057,48,04,59,160,45,1*67
$GPGSV,3,2,12,06,33,303,43,09,32,196,42,12,04,335,,13,03,335,,1*61
$GPGSV,3,3,12,17,49,235,45,19,45,285,44,28,13,040,39,31,19,069,40,1*68
$GSGSV,3,1,10,01,33,195,,02,34,181,41,04,28,145,41,05,29,147,,1*67
$GSGSV,3,2,10,06,33,195,,07,05,106,,08,14,112,,17,34,167,42,1*61
$GSGSV,3,3,10,28,19,125,,39,17,237,,1*68
$GLGSV,2,1,08,68,44,038,45,69,81,205,47,70,28,217,40,76,07,340,30,1*7A
$GLGSV,2,2,08,77,07,024,,83,34,140,45,84,87,327,46,85,37,321,45,1*76
$GQGSV,1,1,00,1*65
$GAGSV,3,1,11,02,13,286,37,04,59,125,46,06,46,166,43,09,26,185,39,7*7C
$GAGSV,3,2,11,10,57,107,46,11,84,048,43,12,32,111,37,19,31,048,36,7*76
$GAGSV,3,3,11,25,03,237,30,28,51,079,44,30,06,335,,7*42
$GBGSV,3,1,09,05,09,111,,07,16,042,29,10,17,054,28,11,13,315,27,1*71
$GBGSV,3,2,09,13,05,147,,26,01,022,,27,68,199,39,28,31,156,34,1*73
$GBGSV,3,3,09,30,39,304,36,1*44
$GIGSV,1,1,02,01,,,35,06,24,135,,1*4F
$GPGGA,135136.00,4825.1420478,N,00428.4545855,W,4,22,0.5,89.919,M,51.637,M,1.0,4095*6D
$GPRMC,135136.00,A,4825.1420478,N,00428.4545855,W,0.0,0.0,100626,999.9,E,D*23
$GPGSV,3,1,12,01,37,120,44,02,12,129,39,03,61,057,47,04,59,160,45,1*69
$GPGSV,3,2,12,06,33,303,42,09,32,196,41,12,04,335,,13,03,335,,1*63
$GPGSV,3,3,12,17,49,235,45,19,45,285,44,28,13,040,39,31,19,069,40,1*68
$GSGSV,3,1,10,01,33,195,,02,34,181,41,04,28,145,41,05,29,147,,1*67
$GSGSV,3,2,10,06,33,195,,07,05,106,,08,14,112,,17,34,167,42,1*61
$GSGSV,3,3,10,28,19,125,,39,17,237,,1*68
$GLGSV,2,1,08,68,44,038,43,69,81,205,47,70,28,217,40,76,07,340,30,1*7C
$GLGSV,2,2,08,77,07,024,,83,34,140,45,84,87,327,46,85,37,321,45,1*76
$GQGSV,1,1,00,1*65
$GAGSV,3,1,11,02,13,286,37,04,59,125,46,06,46,166,43,09,26,185,39,7*7C
$GAGSV,3,2,11,10,57,107,46,11,84,048,43,12,32,111,36,19,31,048,35,7*74
$GAGSV,3,3,11,25,03,237,31,28,51,079,45,30,06,335,,7*42
$GBGSV,3,1,09,05,09,111,,07,16,042,28,10,17,054,28,11,13,315,28,1*7F
$GBGSV,3,2,09,13,05,147,,26,01,022,,27,68,199,38,28,31,156,34,1*72
$GBGSV,3,3,09,30,39,304,36,1*44
$GIGSV,1,1,02,01,,,34,06,24,135,,1*4E
$GPGGA,135137.00,4825.1420518,N,00428.4545881,W,4,22,0.5,89.922,M,51.637,M,1.0,4095*6A
$GPRMC,135137.00,A,4825.1420518,N,00428.4545881,W,0.0,0.0,100626,999.9,E,D*2C
$GPGSV,3,1,12,01,37,120,44,02,12,129,39,03,61,057,48,04,59,160,45,1*66
$GPGSV,3,2,12,06,33,303,42,09,32,196,41,12,04,335,,13,03,335,,1*63
$GPGSV,3,3,12,17,49,235,45,19,45,285,44,28,13,040,38,31,19,069,40,1*69
$GSGSV,3,1,10,01,33,195,,02,34,181,41,04,28,145,41,05,29,147,,1*67
$GSGSV,3,2,10,06,33,195,,07,05,106,,08,14,112,,17,34,167,42,1*61
$GSGSV,3,3,10,28,19,125,,39,17,237,,1*68
$GLGSV,2,1,08,68,44,038,44,69,81,205,47,70,28,217,40,76,07,340,28,1*72
$GLGSV,2,2,08,77,07,024,,83,34,140,44,84,87,327,46,85,37,321,45,1*77
$GQGSV,1,1,00,1*65
$GAGSV,3,1,11,02,13,286,37,04,59,125,46,06,46,166,43,09,26,185,38,7*7D
$GAGSV,3,2,11,10,57,107,46,11,84,048,43,12,32,111,37,19,31,048,35,7*75
$GAGSV,3,3,11,25,03,237,30,28,51,079,45,30,06,335,,7*43
$GBGSV,3,1,09,05,09,111,,07,16,042,28,10,17,054,28,11,13,315,28,1*7F
$GBGSV,3,2,09,13,05,147,,26,01,022,,27,68,199,39,28,31,156,34,1*73
$GBGSV,3,3,09,30,39,304,36,1*44
$GIGSV,1,1,02,01,,,34,06,24,135,,1*4E
$GPGGA,135138.00,4825.1420510,N,00428.4545883,W,4,22,0.5,89.919,M,51.637,M,2.0,4095*64
$GPRMC,135138.00,A,4825.1420510,N,00428.4545883,W,0.0,0.0,100626,999.9,E,D*29
$GPGSV,3,1,12,01,37,120,45,02,12,129,39,03,61,057,48,04,59,160,45,1*67
$GPGSV,3,2,12,06,33,303,42,09,32,196,41,12,04,335,,13,03,335,,1*63
$GPGSV,3,3,12,17,49,235,45,19,45,285,44,28,13,040,38,31,19,069,40,1*69
$GSGSV,3,1,10,01,33,195,,02,34,181,41,04,28,145,41,05,29,147,,1*67
$GSGSV,3,2,10,06,33,195,,07,05,106,,08,14,112,,17,34,167,42,1*61
$GSGSV,3,3,10,28,19,125,,39,17,237,,1*68
$GLGSV,2,1,08,68,44,038,44,69,82,205,47,70,28,217,40,76,07,340,28,1*71
$GLGSV,2,2,08,77,07,024,,83,34,140,44,84,87,327,46,85,37,321,45,1*77
$GQGSV,1,1,00,1*65
$GAGSV,3,1,11,02,13,286,37,04,59,125,46,06,46,166,43,09,26,185,38,7*7D
$GAGSV,3,2,11,10,57,107,46,11,84,048,43,12,32,111,37,19,31,048,35,7*75
$GAGSV,3,3,11,25,03,237,30,28,51,079,45,30,06,335,,7*43
$GBGSV,3,1,09,05,09,111,,07,16,042,29,10,17,054,28,11,13,315,28,1*7E
$GBGSV,3,2,09,13,05,147,,26,01,022,,27,68,199,39,28,31,156,34,1*73
$GBGSV,3,3,09,30,39,304,36,1*44
$GIGSV,1,1,02,01,,,34,06,24,135,,1*4E
$GPGGA,135139.00,4825.1420509,N,00428.4545873,W,4,22,0.5,89.920,M,51.637,M,3.0,4095*69
$GPRMC,135139.00,A,4825.1420509,N,00428.4545873,W,0.0,0.0,100626,999.9,E,D*2F
$GPGSV,3,1,12,01,37,120,44,02,12,129,40,03,61,057,48,04,59,160,45,1*68
$GPGSV,3,2,12,06,33,303,42,09,32,196,41,12,04,335,,13,03,335,,1*63
$GPGSV,3,3,12,17,49,235,45,19,45,285,44,28,13,040,38,31,19,069,40,1*69
$GSGSV,3,1,10,01,33,195,,02,34,181,41,04,28,145,41,05,29,147,,1*67
$GSGSV,3,2,10,06,33,195,,07,05,106,,08,14,112,,17,34,167,42,1*61
$GSGSV,3,3,10,28,19,125,,39,17,237,,1*68
$GLGSV,2,1,08,68,44,038,44,69,82,205,47,70,28,217,41,76,07,340,28,1*70
$GLGSV,2,2,08,77,07,024,,83,34,140,45,84,87,327,46,85,37,321,45,1*76
$GQGSV,1,1,00,1*65
$GAGSV,3,1,11,02,13,286,37,04,59,125,47,06,46,166,43,09,26,185,38,7*7C
$GAGSV,3,2,11,10,57,107,46,11,84,048,43,12,32,111,37,19,31,048,35,7*75
$GAGSV,3,3,11,25,03,237,30,28,51,079,45,30,06,335,,7*43
$GBGSV,3,1,09,05,09,111,,07,16,042,29,10,17,054,28,11,13,315,28,1*7E
$GBGSV,3,2,09,13,05,147,,26,01,022,,27,68,199,39,28,31,156,34,1*73
$GBGSV,3,3,09,30,39,304,36,1*44
$GIGSV,1,1,02,01,,,34,06,24,135,,1*4E
$GPGGA,135140.00,4825.1420496,N,00428.4545870,W,4,22,0.5,89.920,M,51.637,M,1.0,4095*61
$GPRMC,135140.00,A,4825.1420496,N,00428.4545870,W,0.0,0.0,100626,999.9,E,D*25
$GPGSV,3,1,12,01,37,120,44,02,12,129,40,03,61,057,48,04,59,160,45,1*68
$GPGSV,3,2,12,06,33,303,42,09,32,196,41,12,04,335,,13,03,335,,1*63
$GPGSV,3,3,12,17,49,235,45,19,45,285,44,28,13,040,38,31,19,069,40,1*69
$GSGSV,3,1,10,01,33,195,,02,34,181,41,04,28,145,41,05,29,147,,1*67
$GSGSV,3,2,10,06,33,195,,07,05,106,,08,14,112,,17,34,167,43,1*60
$GSGSV,3,3,10,28,19,125,,39,17,237,,1*68
$GLGSV,2,1,08,68,44,038,44,69,82,205,47,70,28,217,41,76,07,340,27,1*7F
$GLGSV,2,2,08,77,07,024,,83,34,140,45,84,87,327,46,85,37,321,45,1*76
$GQGSV,1,1,00,1*65
$GAGSV,3,1,11,02,13,286,37,04,59,125,46,06,46,166,43,09,26,185,39,7*7C
$GAGSV,3,2,11,10,57,107,46,11,84,049,43,12,32,111,37,19,31,048,36,7*77
$GAGSV,3,3,11,25,03,237,31,28,51,079,44,30,06,335,,7*43
$GBGSV,3,1,09,05,09,111,,07,16,042,29,10,17,054,28,11,13,315,27,1*71
$GBGSV,3,2,09,13,05,147,,26,01,022,,27,68,199,39,28,31,156,34,1*73
$GBGSV,3,3,09,30,39,304,36,1*44
$GIGSV,1,1,02,01,,,34,06,24,135,,1*4E
$GPGGA,135141.00,4825.1420501,N,00428.4545865,W,4,22,0.5,89.918,M,51.637,M,1.0,4095*60
$GPRMC,135141.00,A,4825.1420501,N,00428.4545865,W,0.0,0.0,100626,999.9,E,D*2F
$GPGSV,3,1,12,01,37,120,44,02,12,129,40,03,61,057,48,04,59,160,45,1*68
$GPGSV,3,2,12,06,33,303,42,09,32,196,41,12,04,335,,13,03,335,,1*63
$GPGSV,3,3,12,17,49,235,45,19,45,285,44,28,13,040,39,31,19,069,40,1*68
$GSGSV,3,1,10,01,33,195,,02,34,181,41,04,28,145,41,05,29,147,,1*67
$GSGSV,3,2,10,06,33,195,,07,05,106,,08,14,112,,17,34,167,42,1*61
$GSGSV,3,3,10,28,19,125,,39,17,237,,1*68
$GLGSV,2,1,08,68,44,038,44,69,82,205,47,70,28,217,41,76,07,340,28,1*70
$GLGSV,2,2,08,77,07,024,,83,34,140,45,84,87,327,46,85,37,321,45,1*76
$GQGSV,1,1,00,1*65
$GAGSV,3,1,11,02,13,286,37,04,59,125,47,06,46,166,43,09,26,185,38,7*7C
$GAGSV,3,2,11,10,57,107,46,11,84,049,42,12,32,111,37,19,31,048,36,7*76
$GAGSV,3,3,11,25,03,237,30,28,51,079,44,30,06,335,,7*42
$GBGSV,3,1,09,05,09,111,,07,16,042,29,10,17,054,28,11,13,315,27,1*71
$GBGSV,3,2,09,13,05,147,,26,01,022,,27,68,199,39,28,31,156,34,1*73
$GBGSV,3,3,09,30,39,304,35,1*47
$GIGSV,1,1,02,01,,,34,06,24,135,,1*4E
$GPGGA,135142.00,4825.1420513,N,00428.4545879,W,4,22,0.5,89.919,M,51.637,M,2.0,4095*6F
$GPRMC,135142.00,A,4825.1420513,N,00428.4545879,W,0.0,0.0,100626,999.9,E,D*22
$GPGSV,3,1,12,01,37,120,44,02,12,129,39,03,61,057,48,04,59,160,45,1*66
$GPGSV,3,2,12,06,33,303,42,09,32,196,40,12,04,335,,13,03,335,,1*62
$GPGSV,3,3,12,17,49,235,45,19,45,285,44,28,13,040,39,31,19,069,40,1*68
$GSGSV,3,1,10,01,33,195,,02,34,181,41,04,28,145,41,05,29,147,,1*67
$GSGSV,3,2,10,06,33,195,,07,05,106,,08,14,112,,17,34,167,42,1*61
$GSGSV,3,3,10,28,19,125,,39,17,237,,1*68
$GLGSV,2,1,08,68,44,038,45,69,82,205,46,70,28,217,41,76,07,340,28,1*70
$GLGSV,2,2,08,77,07,024,,83,34,140,45,84,87,327,46,85,37,321,45,1*76
$GQGSV,1,1,00,1*65
$GAGSV,3,1,11,02,13,286,37,04,59,125,46,06,46,166,44,09,26,185,39,7*7B
$GAGSV,3,2,11,10,57,107,45,11,84,049,43,12,32,111,37,19,31,048,36,7*74
$GAGSV,3,3,11,25,03,237,30,28,51,079,44,30,06,335,,7*42
$GBGSV,3,1,09,05,09,111,,07,16,042,29,10,17,054,28,11,13,315,27,1*71
$GBGSV,3,2,09,13,05,147,31,26,01,022,,27,68,199,39,28,31,156,34,1*71
$GBGSV,3,3,09,30,39,304,35,1*47
$GIGSV,1,1,02,01,,,34,06,24,135,,1*4E
$GPGGA,135143.00,4825.1420518,N,00428.4545877,W,4,22,0.5,89.917,M,51.637,M,3.0,4095*64
$GPRMC,135143.00,A,4825.1420518,N,00428.4545877,W,0.0,0.0,100626,999.9,E,D*26
$GPGSV,3,1,12,01,36,120,45,02,12,129,40,03,61,057,48,04,59,160,45,1*68
$GPGSV,3,2,12,06,33,303,42,09,32,196,40,12,04,335,,13,03,335,,1*62
$GPGSV,3,3,12,17,49,234,45,19,45,285,43,28,13,040,39,31,19,069,40,1*6E
$GSGSV,3,1,10,01,33,195,,02,34,181,41,04,28,145,42,05,29,147,,1*64
$GSGSV,3,2,10,06,33,195,,07,05,106,,08,14,112,,17,34,167,42,1*61
$GSGSV,3,3,10,28,19,125,,39,17,237,,1*68
$GLGSV,2,1,08,68,44,038,45,69,82,205,46,70,28,217,41,76,07,340,27,1*7F
$GLGSV,2,2,08,77,07,024,,83,34,140,45,84,87,327,46,85,37,321,45,1*76
$GQGSV,1,1,00,1*65
$GAGSV,3,1,11,02,13,286,37,04,59,125,46,06,46,166,44,09,26,185,39,7*7B
$GAGSV,3,2,11,10,57,107,46,11,84,049,42,12,32,111,37,19,31,048,35,7*75
$GAGSV,3,3,11,25,03,237,30,28,51,079,44,30,06,335,,7*42
$GBGSV,3,1,09,05,09,111,,07,16,042,29,10,17,054,28,11,13,315,27,1*71
$GBGSV,3,2,09,13,05,147,30,26,01,022,,27,68,199,39,28,31,156,34,1*70
$GBGSV,3,3,09,30,39,304,35,1*47
$GIGSV,1,1,02,01,,,35,06,24,135,,1*4F
$GPGGA,135144.00,4825.1420506,N,00428.4545883,W,4,22,0.5,89.921,M,51.637,M,1.0,4095*60
$GPRMC,135144.00,A,4825.1420506,N,00428.4545883,W,0.0,0.0,100626,999.9,E,D*25
$GPGSV,3,1,12,01,36,120,45,02,12,129,40,03,61,057,47,04,59,160,44,1*66
$GPGSV,3,2,12,06,33,303,42,09,32,196,41,12,04,335,,13,03,335,,1*63
$GPGSV,3,3,12,17,49,234,46,19,45,285,44,28,13,040,39,31,19,069,40,1*6A
$GSGSV,3,1,10,01,33,195,,02,34,181,41,04,28,145,42,05,29,147,,1*64
$GSGSV,3,2,10,06,33,195,,07,05,106,,08,14,112,,17,34,167,42,1*61
$GSGSV,3,3,10,28,19,125,,39,17,237,,1*68
$GLGSV,2,1,08,68,44,038,45,69,82,205,46,70,28,217,40,76,07,340,28,1*71
$GLGSV,2,2,08,77,07,024,,83,34,140,45,84,87,327,46,85,37,321,45,1*76
$GQGSV,1,1,00,1*65
$GAGSV,3,1,11,02,13,286,37,04,59,125,46,06,46,166,43,09,26,185,38,7*7D
$GAGSV,3,2,11,10,57,107,46,11,84,049,42,12,32,111,37,19,31,048,35,7*75
$GAGSV,3,3,11,25,03,237,30,28,51,079,44,30,06,335,,7*42
$GBGSV,3,1,09,05,09,111,,07,16,042,29,10,17,054,28,11,13,315,27,1*71
$GBGSV,3,2,09,13,05,147,29,26,01,022,,27,68,199,39,28,31,156,34,1*78
$GBGSV,3,3,09,30,39,304,36,1*44
$GIGSV,1,1,02,01,,,34,06,24,135,,1*4E
$GPGGA,135145.00,4825.1420512,N,00428.4545878,W,4,22,0.5,89.923,M,51.637,M,1.0,4095*62
$GPRMC,135145.00,A,4825.1420512,N,00428.4545878,W,0.0,0.0,100626,999.9,E,D*25
$GPGSV,3,1,12,01,36,120,44,02,12,129,40,03,61,057,48,04,59,160,44,1*68
$GPGSV,3,2,12,06,33,303,42,09,32,196,41,12,04,335,,13,03,335,,1*63
$GPGSV,3,3,12,17,49,234,46,19,45,285,45,28,13,040,38,31,19,069,40,1*6A
$GSGSV,3,1,10,01,33,195,,02,34,181,41,04,28,145,41,05,29,147,,1*67
$GSGSV,3,2,10,06,33,195,,07,05,106,,08,14,112,,17,34,167,42,1*61
$GSGSV,3,3,10,28,19,125,,39,17,237,,1*68
$GLGSV,2,1,08,68,44,038,44,69,82,205,46,70,28,217,40,76,07,340,28,1*70
$GLGSV,2,2,08,77,07,024,,83,34,140,44,84,87,327,46,85,37,321,44,1*76
$GQGSV,1,1,00,1*65
$GAGSV,3,1,11,02,13,286,37,04,59,125,46,06,46,166,44,09,26,185,39,7*7B
$GAGSV,3,2,11,10,57,107,46,11,84,049,43,12,32,111,37,19,31,048,35,7*74
$GAGSV,3,3,11,25,03,237,30,28,51,079,44,30,06,335,,7*42
$GBGSV,3,1,09,05,09,111,,07,16,042,29,10,17,054,28,11,13,315,27,1*71
$GBGSV,3,2,09,13,05,147,28,26,01,022,,27,68,199,39,28,31,156,34,1*79
$GBGSV,3,3,09,30,39,304,36,1*44
$GIGSV,1,1,02,01,,,35,06,24,135,,1*4F
$GPGGA,135146.00,4825.1420503,N,00428.4545876,W,4,22,0.5,89.926,M,51.637,M,2.0,4095*69
$GPRMC,135146.00,A,4825.1420503,N,00428.4545876,W,0.0,0.0,100626,999.9,E,D*28
$GPGSV,3,1,12,01,36,120,44,02,12,129,40,03,61,057,48,04,59,160,45,1*69
$GPGSV,3,2,12,06,33,303,42,09,32,196,41,12,04,335,,13,03,335,,1*63
$GPGSV,3,3,12,17,49,234,45,19,45,285,44,28,13,040,38,31,19,069,41,1*69
$GSGSV,3,1,10,01,33,195,,02,34,181,41,04,28,145,41,05,29,147,,1*67
$GSGSV,3,2,10,06,33,195,,07,05,106,,08,14,112,,17,34,167,42,1*61
$GSGSV,3,3,10,28,19,125,,39,17,237,,1*68
$GLGSV,2,1,08,68,44,038,45,69,82,205,47,70,28,217,41,76,07,340,28,1*71
$GLGSV,2,2,08,77,07,024,,83,34,140,44,84,87,327,46,85,37,321,45,1*77
$GQGSV,1,1,00,1*65
$GAGSV,3,1,11,02,13,286,37,04,59,125,46,06,46,166,43,09,26,185,38,7*7D
$GAGSV,3,2,11,10,57,107,46,11,84,049,42,12,32,111,37,19,31,048,35,7*75
$GAGSV,3,3,11,25,03,237,29,28,51,079,44,30,06,335,,7*4A
$GBGSV,3,1,09,05,09,111,,07,16,042,29,10,17,054,28,11,13,315,28,1*7E
$GBGSV,3,2,09,13,05,147,27,26,01,022,,27,68,199,39,28,31,156,34,1*76
$GBGSV,3,3,09,30,39,304,35,1*47
$GIGSV,1,1,02,01,,,35,06,24,135,,1*4F
$GPGGA,135147.00,4825.1420505,N,00428.4545871,W,4,22,0.5,89.923,M,51.637,M,3.0,4095*6D
$GPRMC,135147.00,A,4825.1420505,N,00428.4545871,W,0.0,0.0,100626,999.9,E,D*28
$GPGSV,3,1,12,01,36,120,45,02,12,129,39,03,61,057,48,04,59,160,45,1*66
$GPGSV,3,2,12,06,33,303,42,09,32,196,41,12,04,335,,13,03,335,,1*63
$GPGSV,3,3,12,17,49,234,45,19,45,285,45,28,13,040,39,31,19,069,41,1*69
$GSGSV,3,1,10,01,33,195,,02,34,181,41,04,28,145,41,05,29,147,,1*67
$GSGSV,3,2,10,06,33,195,,07,05,106,,08,14,112,,17,34,167,43,1*60
$GSGSV,3,3,10,28,19,125,,39,17,237,,1*68
$GLGSV,2,1,08,68,44,038,45,69,82,205,47,70,28,217,41,76,07,340,27,1*7E
$GLGSV,2,2,08,77,07,024,,83,34,140,44,84,87,327,46,85,37,321,45,1*77
$GQGSV,1,1,00,1*65
$GAGSV,3,1,11,02,13,286,37,04,59,125,47,06,46,166,44,09,26,185,39,7*7A
$GAGSV,3,2,11,10,57,107,47,11,84,049,43,12,32,111,38,19,31,048,36,7*79
$GAGSV,3,3,11,25,03,237,30,28,51,079,44,30,06,335,,7*42
$GBGSV,3,1,09,05,09,111,,07,16,042,30,10,17,054,27,11,13,315,28,1*79
$GBGSV,3,2,09,13,05,147,29,26,01,022,,27,68,199,39,28,31,156,34,1*78
$GBGSV,3,3,09,30,39,304,35,1*47
$GIGSV,1,1,02,01,,,35,06,24,135,,1*4F
$GPGGA,135148.00,4825.1420506,N,00428.4545892,W,4,21,0.5,89.922,M,51.637,M,1.0,4095*6C
$GPRMC,135148.00,A,4825.1420506,N,00428.4545892,W,0.0,0.0,100626,999.9,E,D*29
$GPGSV,3,1,12,01,36,120,45,02,12,129,39,03,61,057,47,04,59,160,45,1*69
$GPGSV,3,2,12,06,34,303,42,09,32,196,41,12,04,335,,13,03,335,,1*64
$GPGSV,3,3,12,17,49,234,45,19,45,285,44,28,13,040,39,31,19,069,40,1*69
$GSGSV,3,1,10,01,33,195,,02,34,181,41,04,28,145,41,05,29,147,,1*67
$GSGSV,3,2,10,06,33,195,,07,05,106,,08,14,112,,17,34,167,43,1*60
$GSGSV,3,3,10,28,19,125,,39,17,237,,1*68
$GLGSV,2,1,08,68,44,038,44,69,82,205,47,70,28,217,41,76,07,340,28,1*70
$GLGSV,2,2,08,77,07,024,,83,34,140,44,84,87,327,46,85,37,321,45,1*77
$GQGSV,1,1,00,1*65
$GAGSV,3,1,11,02,13,286,37,04,59,125,46,06,46,166,44,09,26,185,39,7*7B
$GAGSV,3,2,11,10,57,107,47,11,84,049,43,12,32,111,37,19,31,048,36,7*76
$GAGSV,3,3,11,25,03,237,30,28,51,079,44,30,06,335,,7*42
$GBGSV,3,1,09,05,09,111,,07,16,042,30,10,17,054,28,11,13,315,28,1*76
$GBGSV,3,2,09,13,05,147,29,26,01,022,,27,68,199,39,28,31,156,34,1*78
$GBGSV,3,3,09,30,39,304,35,1*47
$GIGSV,1,1,02,01,,,36,06,24,135,,1*4C
$GPGGA,135149.00,4825.1420511,N,00428.4545892,W,4,22,0.5,89.921,M,51.637,M,1.0,4095*6B
$GPRMC,135149.00,A,4825.1420511,N,00428.4545892,W,0.0,0.0,100626,999.9,E,D*2E
$GPGSV,3,1,12,01,36,120,45,02,12,129,39,03,61,057,47,04,59,160,45,1*69
$GPGSV,3,2,12,06,34,303,43,09,32,196,41,12,04,335,,13,03,335,,1*65
$GPGSV,3,3,12,17,49,234,46,19,45,285,45,28,13,040,39,31,19,069,40,1*6B
$GSGSV,3,1,10,01,33,195,,02,34,181,42,04,28,145,41,05,29,147,,1*64
$GSGSV,3,2,10,06,33,195,,07,05,106,,08,14,112,,17,34,167,43,1*60
$GSGSV,3,3,10,28,19,125,,39,17,237,,1*68
$GLGSV,2,1,08,68,44,038,44,69,82,205,47,70,28,217,41,76,07,340,28,1*70
$GLGSV,2,2,08,77,07,024,,83,34,140,44,84,87,327,47,85,37,321,45,1*76
$GQGSV,1,1,00,1*65
$GAGSV,3,1,11,02,13,286,37,04,59,125,46,06,46,166,44,09,26,185,39,7*7B
$GAGSV,3,2,11,10,57,107,45,11,84,049,43,12,32,111,37,19,31,048,35,7*77
$GAGSV,3,3,11,25,03,237,30,28,51,079,44,30,06,335,,7*42
$GBGSV,3,1,09,05,09,111,,07,16,042,30,10,17,054,28,11,13,315,28,1*76
$GBGSV,3,2,09,13,05,147,28,26,01,022,,27,68,199,39,28,31,156,34,1*79
$GBGSV,3,3,09,30,39,304,35,1*47
$GIGSV,1,1,02,01,,,36,06,24,135,,1*4C
$GPGGA,135150.00,4825.1420517,N,00428.4545888,W,4,22,0.5,89.923,M,51.637,M,2.0,4095*6F
$GPRMC,135150.00,A,4825.1420517,N,00428.4545888,W,0.0,0.0,100626,999.9,E,D*2B
$GPGSV,3,1,12,01,36,120,44,02,12,129,39,03,61,057,47,04,59,160,45,1*68
$GPGSV,3,2,12,06,34,303,43,09,32,196,41,12,04,335,,13,03,335,,1*65
$GPGSV,3,3,12,17,49,234,46,19,45,285,44,28,13,040,39,31,19,069,41,1*6B
$GSGSV,3,1,10,01,33,195,,02,34,181,42,04,28,145,41,05,29,147,,1*64
$GSGSV,3,2,10,06,33,195,,07,05,106,,08,14,112,,17,34,167,42,1*61
$GSGSV,3,3,10,28,19,125,,39,17,237,,1*68
$GLGSV,2,1,08,68,43,038,45,69,82,205,47,70,28,217,41,76,07,340,28,1*76
$GLGSV,2,2,08,77,07,024,,83,34,140,44,84,87,327,47,85,37,321,45,1*76
$GQGSV,1,1,00,1*65
$GAGSV,3,1,11,02,13,286,38,04,59,125,47,06,46,166,44,09,26,185,39,7*75
$GAGSV,3,2,11,10,57,107,45,11,84,049,43,12,32,111,38,19,31,048,36,7*7B
$GAGSV,3,3,11,25,03,237,31,28,51,079,44,30,06,335,,7*43
$GBGSV,3,1,09,05,09,111,,07,16,042,30,10,17,054,28,11,13,315,28,1*76
$GBGSV,3,2,09,13,05,147,29,26,01,022,,27,68,199,39,28,31,156,34,1*78
$GBGSV,3,3,09,30,39,304,35,1*47
$GIGSV,1,1,02,01,,,35,06,24,135,,1*4F
$GPGGA,135151.00,4825.1420523,N,00428.4545890,W,4,22,0.5,89.922,M,51.637,M,3.0,4095*60
$GPRMC,135151.00,A,4825.1420523,N,00428.4545890,W,0.0,0.0,100626,999.9,E,D*24
$GPGSV,3,1,12,01,36,120,44,02,11,129,39,03,61,057,48,04,59,160,44,1*65
$GPGSV,3,2,12,06,34,303,43,09,32,196,41,12,04,335,,13,03,335,,1*65
$GPGSV,3,3,12,17,49,234,46,19,45,285,45,28,13,040,39,31,19,069,41,1*6A
$GSGSV,3,1,10,01,33,195,,02,34,181,42,04,28,145,41,05,29,147,,1*64
$GSGSV,3,2,10,06,33,195,,07,05,106,,08,14,112,,17,34,167,42,1*61
$GSGSV,3,3,10,28,19,125,,39,17,237,,1*68
$GLGSV,2,1,08,68,43,038,44,69,82,205,47,70,28,217,41,76,07,340,30,1*7E
$GLGSV,2,2,08,77,07,024,,83,34,140,44,84,87,327,47,85,37,321,45,1*76
$GQGSV,1,1,00,1*65
$GAGSV,3,1,11,02,13,286,38,04,59,125,46,06,46,166,43,09,26,185,39,7*73
$GAGSV,3,2,11,10,57,107,46,11,84,049,43,12,32,111,37,19,31,048,35,7*74
$GAGSV,3,3,11,25,03,237,31,28,51,079,45,30,06,335,,7*42
$GBGSV,3,1,09,05,09,111,,07,16,042,30,10,17,054,29,11,13,315,28,1*77
$GBGSV,3,2,09,13,05,147,29,26,01,022,,27,68,199,39,28,31,156,34,1*78
$GBGSV,3,3,09,30,39,304,36,1*44
$GIGSV,1,1,02,01,,,36,06,24,135,,1*4C
$GPGGA,135152.00,4825.1420513,N,00428.4545877,W,4,22,0.5,89.920,M,51.637,M,1.0,4095*69
$GPRMC,135152.00,A,4825.1420513,N,00428.4545877,W,0.0,0.0,100626,999.9,E,D*2D
$GPGSV,3,1,12,01,36,120,45,02,11,129,39,03,61,057,48,04,59,160,45,1*65
$GPGSV,3,2,12,06,34,303,43,09,32,196,41,12,04,335,,13,03,335,,1*65
$GPGSV,3,3,12,17,49,234,46,19,45,285,45,28,13,040,39,31,19,069,41,1*6A
$GSGSV,3,1,10,01,33,195,,02,34,181,41,04,28,145,41,05,29,147,,1*67
$GSGSV,3,2,10,06,33,195,,07,05,106,,08,14,112,,17,34,167,43,1*60
$GSGSV,3,3,10,28,19,125,,39,17,237,,1*68
$GLGSV,2,1,08,68,43,038,44,69,82,205,47,70,28,217,41,76,07,340,29,1*76
$GLGSV,2,2,08,77,07,024,,83,34,140,44,84,87,327,46,85,37,321,45,1*77
$GQGSV,1,1,00,1*65
$GAGSV,3,1,11,02,13,286,37,04,59,125,46,06,46,166,44,09,26,185,40,7*75
$GAGSV,3,2,11,10,57,107,46,11,84,049,43,12,32,111,37,19,31,048,35,7*74
$GAGSV,3,3,11,25,03,237,31,28,51,079,45,30,06,335,,7*42
$GBGSV,3,1,09,05,09,111,,07,16,042,30,10,17,054,29,11,13,315,29,1*76
$GBGSV,3,2,09,13,05,147,29,26,01,022,,27,68,199,39,28,31,156,35,1*79
$GBGSV,3,3,09,30,39,304,35,1*47
$GIGSV,1,1,02,01,,,35,06,24,135,,1*4F
$GPGGA,135153.00,4825.1420514,N,00428.4545900,W,4,21,0.5,89.924,M,51.637,M,1.0,4095*69
$GPRMC,135153.00,A,4825.1420514,N,00428.4545900,W,0.0,0.0,100626,999.9,E,D*2A
$GPGSV,3,1,12,01,36,120,44,02,11,129,39,03,61,057,47,04,59,160,44,1*6A
$GPGSV,3,2,12,06,34,303,43,09,32,196,41,12,04,335,,13,03,335,,1*65
$GPGSV,3,3,12,17,49,234,46,19,45,285,44,28,13,040,38,31,19,069,40,1*6B
$GSGSV,3,1,10,01,33,195,,02,34,181,41,04,28,145,41,05,29,147,,1*67
$GSGSV,3,2,10,06,33,195,,07,05,106,,08,14,112,,17,34,167,43,1*60
$GSGSV,3,3,10,28,19,125,,39,17,237,,1*68
$GLGSV,2,1,08,68,43,038,44,69,82,205,47,70,28,217,41,76,07,340,29,1*76
$GLGSV,2,2,08,77,07,024,,83,34,140,43,84,87,327,47,85,37,321,45,1*71
$GQGSV,1,1,00,1*65
$GAGSV,3,1,11,02,13,286,38,04,59,125,46,06,46,166,44,09,26,185,40,7*7A
$GAGSV,3,2,11,10,57,107,46,11,84,049,43,12,32,111,38,19,31,048,35,7*7B
$GAGSV,3,3,11,25,03,237,31,28,51,079,44,30,06,335,,7*43
$GBGSV,3,1,09,05,09,111,,07,16,042,30,10,17,054,28,11,13,315,28,1*76
$GBGSV,3,2,09,13,05,147,30,26,01,022,,27,68,199,39,28,31,156,35,1*71
$GBGSV,3,3,09,30,39,304,35,1*47
$GIGSV,1,1,02,01,,,35,06,24,135,,1*4F
$GPGGA,135154.00,4825.1420521,N,00428.4545902,W,4,21,0.5,89.923,M,51.637,M,2.0,4095*6E
$GPRMC,135154.00,A,4825.1420521,N,00428.4545902,W,0.0,0.0,100626,999.9,E,D*29
$GPGSV,3,1,12,01,36,120,43,02,11,129,39,03,61,057,47,04,59,160,45,1*6C
$GPGSV,3,2,12,06,34,303,43,09,32,196,41,12,04,335,,13,03,335,,1*65
$GPGSV,3,3,12,17,49,234,46,19,45,285,45,28,13,040,38,31,19,069,40,1*6A
$GSGSV,3,1,10,01,33,195,,02,34,181,41,04,28,145,41,05,29,147,,1*67
$GSGSV,3,2,10,06,33,195,,07,05,106,,08,14,112,,17,34,167,43,1*60
$GSGSV,3,3,10,28,19,125,,39,17,237,,1*68
$GLGSV,2,1,08,68,43,038,45,69,82,205,47,70,28,217,41,76,07,340,29,1*77
$GLGSV,2,2,08,77,07,024,,83,34,140,43,84,87,327,47,85,37,321,45,1*71
$GQGSV,1,1,00,1*65
$GAGSV,3,1,11,02,13,286,37,04,59,125,46,06,46,166,44,09,26,185,39,7*7B
$GAGSV,3,2,11,10,57,107,46,11,84,049,43,12,32,111,38,19,31,048,35,7*7B
$GAGSV,3,3,11,25,03,237,31,28,51,079,44,30,06,335,,7*43
$GBGSV,3,1,09,05,09,111,,07,16,042,29,10,17,054,29,11,13,315,29,1*7E
$GBGSV,3,2,09,13,05,147,28,26,01,022,,27,68,199,40,28,31,156,35,1*76
$GBGSV,3,3,09,30,39,304,35,1*47
$GIGSV,1,1,02,01,,,35,06,24,135,,1*4F
$GPGGA,135155.00,4825.1420529,N,00428.4545891,W,4,21,0.5,89.923,M,51.637,M,3.0,4095*6D
$GPRMC,135155.00,A,4825.1420529,N,00428.4545891,W,0.0,0.0,100626,999.9,E,D*2B
$GPGSV,3,1,12,01,36,120,44,02,11,129,40,03,61,057,48,04,59,160,45,1*6A
$GPGSV,3,2,12,06,34,303,43,09,32,196,41,12,04,335,,13,03,335,,1*65
$GPGSV,3,3,12,17,49,234,46,19,45,285,45,28,13,040,38,31,19,069,40,1*6A
$GSGSV,3,1,10,01,33,195,,02,34,181,41,04,28,145,41,05,29,147,,1*67
$GSGSV,3,2,10,06,33,195,,07,05,106,,08,14,112,,17,34,167,43,1*60
$GSGSV,3,3,10,28,19,125,,39,17,237,,1*68
$GLGSV,2,1,08,68,43,038,45,69,82,205,47,70,28,217,41,76,07,340,29,1*77
$GLGSV,2,2,08,77,07,024,,83,34,140,44,84,87,327,47,85,37,321,45,1*76
$GQGSV,1,1,00,1*65
$GAGSV,3,1,11,02,13,286,37,04,59,125,46,06,46,166,44,09,26,185,39,7*7B
$GAGSV,3,2,11,10,57,107,46,11,84,049,43,12,32,111,37,19,31,048,35,7*74
$GAGSV,3,3,11,25,03,237,31,28,51,079,45,30,06,335,,7*42
$GBGSV,3,1,09,05,09,111,,07,16,042,30,10,17,054,29,11,13,315,28,1*77
$GBGSV,3,2,09,13,05,147,28,26,01,022,,27,68,199,39,28,31,156,34,1*79
$GBGSV,3,3,09,30,39,304,36,1*44
$GIGSV,1,1,02,01,,,35,06,24,135,,1*4F
$GPGGA,135156.00,4825.1420511,N,00428.4545875,W,4,22,0.5,89.925,M,51.637,M,1.0,4095*68
$GPRMC,135156.00,A,4825.1420511,N,00428.4545875,W,0.0,0.0,100626,999.9,E,D*29
$GPGSV,3,1,12,01,36,120,44,02,11,129,40,03,61,057,47,04,59,160,45,1*65
$GPGSV,3,2,12,06,34,303,43,09,32,196,41,12,04,335,,13,03,335,,1*65
$GPGSV,3,3,12,17,49,234,46,19,45,285,44,28,13,040,37,31,19,069,40,1*64
$GSGSV,3,1,10,01,33,195,,02,34,181,41,04,28,145,41,05,29,147,,1*67
$GSGSV,3,2,10,06,33,195,,07,05,106,,08,14,112,,17,34,167,42,1*61
$GSGSV,3,3,10,28,19,125,,39,17,237,,1*68
$GLGSV,2,1,08,68,43,038,45,69,82,205,47,70,28,217,41,76,07,340,30,1*7F
$GLGSV,2,2,08,77,07,024,,83,34,140,43,84,87,327,47,85,37,321,45,1*71
$GQGSV,1,1,00,1*65
$GAGSV,3,1,11,02,13,286,37,04,59,125,46,06,46,166,44,09,26,185,39,7*7B
$GAGSV,3,2,11,10,57,107,46,11,84,050,43,12,32,111,37,19,31,048,35,7*7C
$GAGSV,3,3,11,25,03,237,30,28,51,079,44,30,06,335,,7*42
$GBGSV,3,1,09,05,09,111,,07,16,042,29,10,17,054,28,11,13,315,28,1*7E
$GBGSV,3,2,09,13,05,147,28,26,01,022,,27,68,199,39,28,31,156,34,1*79
$GBGSV,3,3,09,30,39,304,36,1*44
$GIGSV,1,1,02,01,,,35,06,24,135,,1*4F
$GPGGA,135157.00,4825.1420507,N,00428.4545882,W,4,22,0.5,89.923,M,51.637,M,1.0,4095*60
$GPRMC,135157.00,A,4825.1420507,N,00428.4545882,W,0.0,0.0,100626,999.9,E,D*27
$GPGSV,3,1,12,01,36,120,44,02,11,129,40,03,61,057,47,04,59,160,45,1*65
$GPGSV,3,2,12,06,34,303,42,09,32,196,41,12,04,335,,13,03,335,,1*64
$GPGSV,3,3,12,17,49,234,46,19,45,285,44,28,13,040,37,31,19,069,40,1*64
$GSGSV,3,1,10,01,33,195,,02,34,181,42,04,28,145,42,05,29,147,,1*67
$GSGSV,3,2,10,06,33,195,,07,05,106,,08,14,112,,17,34,167,43,1*60
$GSGSV,3,3,10,28,19,125,,39,17,237,,1*68
$GLGSV,2,1,08,68,43,038,44,69,82,205,47,70,28,217,41,76,07,340,31,1*7F
$GLGSV,2,2,08,77,07,024,,83,34,140,44,84,87,327,47,85,37,321,45,1*76
$GQGSV,1,1,00,1*65
$GAGSV,3,1,11,02,13,286,37,04,59,125,46,06,46,166,44,09,26,185,39,7*7B
$GAGSV,3,2,11,10,57,107,45,11,84,050,43,12,32,111,38,19,31,048,35,7*70
$GAGSV,3,3,11,25,03,237,31,28,51,079,44,30,06,335,,7*43
$GBGSV,3,1,09,05,09,111,,07,16,042,30,10,17,054,29,11,13,315,29,1*76
$GBGSV,3,2,09,13,05,147,28,26,01,022,,27,68,199,39,28,31,156,34,1*79
$GBGSV,3,3,09,30,39,304,36,1*44
$GIGSV,1,1,02,01,,,35,06,24,135,,1*4F
$GPGGA,135158.00,4825.1420499,N,00428.4545885,W,4,22,0.5,89.921,M,51.637,M,2.0,4095*6F
$GPRMC,135158.00,A,4825.1420499,N,00428.4545885,W,0.0,0.0,100626,999.9,E,D*29
$GPGSV,3,1,12,01,36,120,44,02,11,129,40,03,61,057,47,04,59,160,45,1*65
$GPGSV,3,2,12,06,34,303,42,09,32,196,41,12,04,335,,13,03,335,,1*64
$GPGSV,3,3,12,17,49,234,45,19,45,285,45,28,13,040,37,31,19,069,40,1*66
$GSGSV,3,1,10,01,33,195,,02,34,181,41,04,28,145,42,05,29,147,,1*64
$GSGSV,3,2,10,06,33,195,,07,05,106,,08,14,112,,17,34,167,43,1*60
$GSGSV,3,3,10,28,19,125,,39,17,237,,1*68
$GLGSV,2,1,08,68,43,038,45,69,82,205,47,70,28,217,41,76,07,340,30,1*7F
$GLGSV,2,2,08,77,07,024,,83,34,140,44,84,87,327,46,85,37,321,45,1*77
$GQGSV,1,1,00,1*65
$GAGSV,3,1,11,02,13,286,37,04,59,125,46,06,46,165,44,09,26,185,39,7*78
$GAGSV,3,2,11,10,57,107,46,11,84,050,43,12,32,111,37,19,31,048,35,7*7C
$GAGSV,3,3,11,25,03,237,31,28,51,079,44,30,06,335,,7*43
$GBGSV,3,1,09,05,09,111,,07,16,042,30,10,17,054,29,11,13,315,28,1*77
$GBGSV,3,2,09,13,05,147,28,26,01,022,,27,68,199,39,28,31,156,34,1*79
$GBGSV,3,3,09,30,39,304,36,1*44
$GIGSV,1,1,02,01,,,35,06,24,135,,1*4F
$GPGGA,135159.00,4825.1420497,N,00428.4545886,W,4,22,0.5,89.921,M,51.637,M,3.0,4095*62
$GPRMC,135159.00,A,4825.1420497,N,00428.4545886,W,0.0,0.0,100626,999.9,E,D*25
$GPGSV,3,1,12,01,36,120,44,02,11,129,39,03,61,057,48,04,59,160,45,1*64
$GPGSV,3,2,12,06,34,303,43,09,32,196,42,12,04,335,,13,03,335,,1*66
$GPGSV,3,3,12,17,49,234,45,19,45,285,45,28,13,040,37,31,19,069,40,1*66
$GSGSV,3,1,10,01,33,195,,02,34,181,42,04,28,145,42,05,29,147,,1*67
$GSGSV,3,2,10,06,33,195,,07,05,106,,08,14,112,,17,34,167,43,1*60
$GSGSV,3,3,10,28,19,125,,39,17,237,,1*68
$GLGSV,2,1,08,68,43,038,45,69,82,205,48,70,28,217,41,76,07,340,30,1*70
$GLGSV,2,2,08,77,07,024,,83,34,140,44,84,87,327,47,85,37,321,45,1*76
$GQGSV,1,1,00,1*65
$GAGSV,3,1,11,02,13,286,38,04,59,125,46,06,46,165,44,09,26,185,39,7*77
$GAGSV,3,2,11,10,57,107,46,11,84,050,43,12,32,111,37,19,31,048,35,7*7C
$GAGSV,3,3,11,25,03,237,31,28,51,079,44,30,06,335,,7*43
$GBGSV,3,1,09,05,09,111,,07,16,042,29,10,17,054,29,11,13,315,30,1*76
$GBGSV,3,2,09,13,05,147,27,26,01,022,,27,68,199,39,28,31,156,35,1*77
$GBGSV,3,3,09,30,39,304,36,1*44
$GIGSV,1,1,02,01,,,36,06,24,135,,1*4C
$GPGGA,135200.00,4825.1420510,N,00428.4545876,W,4,23,0.5,89.919,M,51.637,M,1.0,4095*64
$GPRMC,135200.00,A,4825.1420510,N,00428.4545876,W,0.0,0.0,100626,999.9,E,D*2B
$GPGSV,3,1,12,01,36,120,44,02,11,129,39,03,61,057,48,04,59,160,45,1*64
$GPGSV,3,2,12,06,34,303,43,09,32,196,41,12,04,335,,13,03,335,,1*65
$GPGSV,3,3,12,17,49,234,45,19,45,285,45,28,13,040,37,31,19,069,40,1*66
$GSGSV,3,1,10,01,33,195,,02,34,181,41,04,28,145,42,05,29,147,,1*64
$GSGSV,3,2,10,06,33,195,,07,05,106,,08,14,112,,17,34,167,43,1*60
$GSGSV,3,3,10,28,19,125,,39,17,237,,1*68
$GLGSV,2,1,08,68,43,038,44,69,82,205,48,70,28,217,40,76,07,340,29,1*78
$GLGSV,2,2,08,77,07,024,,83,34,140,43,84,87,327,46,85,37,321,45,1*70
$GQGSV,1,1,00,1*65
$GAGSV,3,1,11,02,13,286,37,04,59,125,46,06,46,165,44,09,26,185,39,7*78
$GAGSV,3,2,11,10,57,107,45,11,84,050,43,12,32,111,37,19,31,048,35,7*7F
$GAGSV,3,3,11,25,03,237,30,28,51,079,44,30,06,335,,7*42
$GBGSV,3,1,09,05,09,111,,07,16,042,29,10,17,054,29,11,13,315,30,1*76
$GBGSV,3,2,09,13,05,147,28,26,01,022,,27,68,199,39,28,31,156,34,1*79
$GBGSV,3,3,09,30,39,304,36,1*44
$GIGSV,1,1,02,01,,,36,06,24,135,,1*4C
$GPGGA,135201.00,4825.1420503,N,00428.4545896,W,4,23,0.5,89.924,M,51.637,M,1.0,4095*67
$GPRMC,135201.00,A,4825.1420503,N,00428.4545896,W,0.0,0.0,100626,999.9,E,D*26
$GPGSV,3,1,12,01,36,120,44,02,11,129,40,03,61,057,48,04,59,160,44,1*6B
$GPGSV,3,2,12,06,34,303,43,09,32,196,41,12,04,335,,13,03,335,,1*65
$GPGSV,3,3,12,17,49,234,45,19,45,285,45,28,13,040,37,31,19,069,40,1*66
$GSGSV,3,1,10,01,33,195,,02,34,181,41,04,28,145,42,05,29,147,,1*64
$GSGSV,3,2,10,06,33,195,,07,05,106,,08,14,112,,17,34,167,43,1*60
$GSGSV,3,3,10,28,19,125,,39,17,237,,1*68
$GLGSV,2,1,08,68,43,038,44,69,82,205,47,70,28,217,40,76,07,340,29,1*77
$GLGSV,2,2,08,77,07,024,,83,34,140,44,84,87,326,46,85,37,321,45,1*76
$GQGSV,1,1,00,1*65
$GAGSV,3,1,11,02,13,286,37,04,59,125,46,06,46,165,44,09,26,185,39,7*78
$GAGSV,3,2,11,10,57,107,45,11,84,050,43,12,32,111,37,19,31,048,35,7*7F
$GAGSV,3,3,11,25,03,237,30,28,51,079,44,30,06,335,,7*42
$GBGSV,3,1,09,05,09,111,,07,16,042,30,10,17,054,28,11,13,315,30,1*7F
$GBGSV,3,2,09,13,05,147,28,26,01,022,,27,68,199,39,28,31,156,35,1*78
$GBGSV,3,3,09,30,39,304,36,1*44
$GIGSV,1,1,02,01,,,36,06,24,135,,1*4C
$GPGGA,135202.00,4825.1420505,N,00428.4545887,W,4,23,0.5,89.921,M,51.637,M,2.0,4095*64
$GPRMC,135202.00,A,4825.1420505,N,00428.4545887,W,0.0,0.0,100626,999.9,E,D*23
$GPGSV,3,1,12,01,36,120,44,02,11,129,40,03,61,057,48,04,59,160,45,1*6A
$GPGSV,3,2,12,06,34,303,43,09,32,196,41,12,04,335,,13,03,335,,1*65
$GPGSV,3,3,12,17,49,234,45,19,45,285,45,28,13,040,37,31,19,069,39,1*68
$GSGSV,3,1,10,01,33,195,,02,34,181,41,04,28,145,42,05,29,147,,1*64
$GSGSV,3,2,10,06,33,195,,07,05,106,,08,14,112,,17,34,167,43,1*60
$GSGSV,3,3,10,28,19,125,,39,17,237,,1*68
$GLGSV,2,1,08,68,43,038,45,69,82,205,47,70,28,217,41,76,07,340,28,1*76
$GLGSV,2,2,08,77,07,024,,83,34,140,44,84,87,326,46,85,37,321,45,1*76
$GQGSV,1,1,00,1*65
$GAGSV,3,1,11,02,13,286,38,04,59,124,46,06,46,165,44,09,26,185,38,7*77
$GAGSV,3,2,11,10,57,107,45,11,84,050,43,12,32,111,37,19,31,048,35,7*7F
$GAGSV,3,3,11,25,03,237,30,28,51,079,44,30,06,335,,7*42
$GBGSV,3,1,09,05,09,111,,07,16,042,30,10,17,054,28,11,13,315,29,1*77
$GBGSV,3,2,09,13,05,147,27,26,01,022,,27,68,199,39,28,31,156,35,1*77
$GBGSV,3,3,09,30,39,304,36,1*44
$GIGSV,1,1,02,01,,,36,06,24,135,,1*4C
$GPGGA,135203.00,4825.1420506,N,00428.4545891,W,4,23,0.5,89.922,M,51.637,M,3.0,4095*63
$GPRMC,135203.00,A,4825.1420506,N,00428.4545891,W,0.0,0.0,100626,999.9,E,D*26
$GPGSV,3,1,12,01,36,120,44,02,11,129,41,03,61,057,48,04,59,160,46,1*68
$GPGSV,3,2,12,06,34,303,43,09,33,196,42,12,04,335,,13,03,335,,1*67
$GPGSV,3,3,12,17,49,234,45,19,45,285,45,28,13,040,38,31,19,069,39,1*67
$GSGSV,3,1,10,01,33,195,,02,34,181,41,04,28,145,41,05,29,147,,1*67
$GSGSV,3,2,10,06,33,195,,07,05,106,,08,14,112,,17,34,167,42,1*61
$GSGSV,3,3,10,28,19,125,,39,17,237,,1*68
$GLGSV,2,1,08,68,43,038,45,69,82,205,47,70,28,217,41,76,07,340,28,1*76
$GLGSV,2,2,08,77,07,024,,83,34,140,44,84,87,326,47,85,37,321,45,1*77
$GQGSV,1,1,00,1*65
$GAGSV,3,1,11,02,13,286,38,04,59,124,46,06,46,165,44,09,26,185,38,7*77
$GAGSV,3,2,11,10,57,107,46,11,84,050,43,12,32,111,37,19,31,048,35,7*7C
$GAGSV,3,3,11,25,03,237,28,28,51,079,44,30,06,335,,7*4B
$GBGSV,3,1,09,05,09,111,,07,16,042,30,10,17,054,29,11,13,315,28,1*77
$GBGSV,3,2,09,13,05,147,27,26,01,022,,27,68,199,39,28,31,156,35,1*77
$GBGSV,3,3,09,30,39,304,36,1*44
$GIGSV,1,1,02,01,,,36,06,24,135,,1*4C
$GPGGA,135204.00,4825.1420505,N,00428.4545876,W,4,23,0.5,89.915,M,51.637,M,2.0,4095*6B
$GPRMC,135204.00,A,4825.1420505,N,00428.4545876,W,0.0,0.0,100626,999.9,E,D*2B
$GPGSV,3,1,12,01,36,120,44,02,11,129,40,03,61,057,48,04,59,160,45,1*6A
$GPGSV,3,2,12,06,34,303,43,09,33,196,42,12,04,335,,13,03,335,,1*67
$GPGSV,3,3,12,17,49,234,45,19,45,285,45,28,13,040,38,31,19,069,40,1*69
$GSGSV,3,1,10,01,33,195,,02,34,181,41,04,28,145,41,05,29,147,,1*67
$GSGSV,3,2,10,06,33,195,,07,05,106,,08,14,112,,17,34,167,43,1*60
$GSGSV,3,3,10,28,19,125,,39,17,237,,1*68
$GLGSV,2,1,08,68,43,038,45,69,82,205,47,70,28,217,41,76,07,340,28,1*76
$GLGSV,2,2,08,77,07,024,,83,34,140,44,84,87,326,46,85,37,321,45,1*76
$GQGSV,1,1,00,1*65
$GAGSV,3,1,11,02,13,286,38,04,59,124,46,06,46,165,44,09,26,185,39,7*76
$GAGSV,3,2,11,10,57,107,46,11,84,050,43,12,32,111,37,19,31,048,35,7*7C
$GAGSV,3,3,11,25,03,237,29,28,51,079,44,30,06,335,,7*4A
$GBGSV,3,1,09,05,09,111,,07,16,042,31,10,17,054,28,11,13,315,29,1*76
$GBGSV,3,2,09,13,05,147,28,26,01,022,,27,68,199,39,28,31,156,35,1*78
$GBGSV,3,3,09,30,39,304,36,1*44
$GIGSV,1,1,02,01,,,36,06,24,135,,1*4C
$GPGGA,135205.00,4825.1420504,N,00428.4545874,W,4,23,0.5,89.916,M,51.637,M,2.0,4095*6A
$GPRMC,135205.00,A,4825.1420504,N,00428.4545874,W,0.0,0.0,100626,999.9,E,D*29
$GPGSV,3,1,12,01,36,120,45,02,11,129,39,03,61,057,48,04,59,160,45,1*65
$GPGSV,3,2,12,06,34,303,43,09,33,196,42,12,04,335,,13,03,335,,1*67
$GPGSV,3,3,12,17,49,234,46,19,45,285,45,28,13,040,38,31,19,069,40,1*6A
$GSGSV,3,1,10,01,33,195,,02,34,181,41,04,28,145,42,05,29,147,,1*64
$GSGSV,3,2,10,06,33,195,,07,05,106,,08,14,112,,17,34,167,43,1*60
$GSGSV,3,3,10,28,19,125,,39,17,237,,1*68
$GLGSV,2,1,08,68,43,038,45,69,82,205,47,70,28,217,41,76,07,340,27,1*79
$GLGSV,2,2,08,77,07,024,,83,34,140,44,84,87,326,46,85,37,321,45,1*76
$GQGSV,1,1,00,1*65
$GAGSV,3,1,11,02,13,286,37,04,59,124,46,06,46,165,44,09,26,185,38,7*78
$GAGSV,3,2,11,10,57,107,46,11,84,050,43,12,32,111,37,19,31,048,35,7*7C
$GAGSV,3,3,11,25,03,237,29,28,51,079,43,30,06,335,,7*4D
$GBGSV,3,1,09,05,09,111,,07,16,042,30,10,17,054,28,11,13,315,28,1*76
$GBGSV,3,2,09,13,05,147,28,26,01,022,,27,68,199,39,28,31,156,36,1*7B
$GBGSV,3,3,09,30,39,304,36,1*44
$GIGSV,1,1,02,01,,,36,06,24,135,,1*4C
$GPGGA,135206.00,4825.1420494,N,00428.4545867,W,4,23,0.5,89.916,M,51.637,M,3.0,4095*62
$GPRMC,135206.00,A,4825.1420494,N,00428.4545867,W,0.0,0.0,100626,999.9,E,D*20
$GPGSV,3,1,12,01,36,120,45,02,11,129,40,03,61,057,47,04,59,160,46,1*67
$GPGSV,3,2,12,06,34,303,43,09,33,196,41,12,04,335,,13,03,335,,1*64
$GPGSV,3,3,12,17,49,234,46,19,45,285,45,28,13,040,38,31,19,069,40,1*6A
$GSGSV,3,1,10,01,33,195,,02,34,181,41,04,28,145,41,05,29,147,,1*67
$GSGSV,3,2,10,06,33,195,,07,05,106,,08,14,112,,17,34,167,43,1*60
$GSGSV,3,3,10,28,19,125,,39,17,237,,1*68
$GLGSV,2,1,08,68,43,038,45,69,82,205,47,70,28,217,40,76,07,340,28,1*77
$GLGSV,2,2,08,77,07,024,,83,34,140,44,84,87,326,46,85,37,321,45,1*76
$GQGSV,1,1,00,1*65
$GAGSV,3,1,11,02,13,286,38,04,59,124,46,06,46,165,44,09,26,185,39,7*76
$GAGSV,3,2,11,10,57,107,45,11,84,050,43,12,32,111,37,19,31,048,35,7*7F
$GAGSV,3,3,11,25,03,237,29,28,51,079,44,30,06,335,,7*4A
$GBGSV,3,1,09,05,09,111,,07,16,042,30,10,17,054,28,11,13,315,28,1*76
$GBGSV,3,2,09,13,05,147,28,26,01,022,,27,68,199,39,28,31,156,35,1*78
$GBGSV,3,3,09,30,39,304,36,1*44
$GIGSV,1,1,02,01,,,36,06,24,135,,1*4C
$GPGGA,135207.00,4825.1420494,N,00428.4545855,W,4,23,0.5,89.912,M,51.637,M,1.0,4095*64
$GPRMC,135207.00,A,4825.1420494,N,00428.4545855,W,0.0,0.0,100626,999.9,E,D*20
$GPGSV,3,1,12,01,36,120,44,02,11,129,39,03,61,057,47,04,59,160,46,1*68
$GPGSV,3,2,12,06,34,303,44,09,33,196,41,12,04,335,,13,03,335,,1*63
$GPGSV,3,3,12,17,49,234,46,19,45,285,45,28,13,040,38,31,19,069,40,1*6A
$GSGSV,3,1,10,01,33,195,,02,34,181,41,04,28,145,42,05,29,147,,1*64
$GSGSV,3,2,10,06,33,195,,07,05,106,,08,14,112,,17,34,167,43,1*60
$GSGSV,3,3,10,28,19,125,,39,17,237,,1*68
$GLGSV,2,1,08,68,43,038,45,69,82,205,47,70,28,217,41,76,07,340,28,1*76
$GLGSV,2,2,08,77,07,024,,83,34,140,44,84,87,326,46,85,37,321,45,1*76
$GQGSV,1,1,00,1*65
$GAGSV,3,1,11,02,13,286,38,04,59,124,46,06,46,165,44,09,26,185,38,7*77
$GAGSV,3,2,11,10,57,107,46,11,84,050,43,12,32,111,37,19,31,048,35,7*7C
$GAGSV,3,3,11,25,03,237,28,28,51,079,44,30,06,335,,7*4B
$GBGSV,3,1,09,05,09,111,,07,16,042,30,10,17,054,28,11,13,315,27,1*79
$GBGSV,3,2,09,13,05,147,28,26,01,022,,27,68,199,39,28,31,156,35,1*78
$GBGSV,3,3,09,30,39,304,36,1*44
$GIGSV,1,1,02,01,,,36,06,24,135,,1*4C
$GPGGA,135208.00,4825.1420500,N,00428.4545888,W,4,22,0.5,89.922,M,51.637,M,1.0,4095*65
$GPRMC,135208.00,A,4825.1420500,N,00428.4545888,W,0.0,0.0,100626,999.9,E,D*23
$GPGSV,3,1,12,01,36,120,44,02,11,129,40,03,61,057,47,04,59,160,46,1*66
$GPGSV,3,2,12,06,34,303,44,09,33,196,42,12,04,335,,13,03,335,,1*60
$GPGSV,3,3,12,17,49,234,46,19,45,285,46,28,13,040,38,31,19,069,39,1*67
$GSGSV,3,1,10,01,33,195,,02,34,181,41,04,28,145,41,05,29,147,,1*67
$GSGSV,3,2,10,06,33,195,,07,05,106,,08,14,112,,17,34,167,43,1*60
$GSGSV,3,3,10,28,19,125,,39,17,237,,1*68
$GLGSV,2,1,08,68,43,038,45,69,82,205,47,70,28,217,40,76,07,340,28,1*77
$GLGSV,2,2,08,77,07,024,,83,34,140,44,84,87,326,47,85,37,321,45,1*77
$GQGSV,1,1,00,1*65
$GAGSV,3,1,11,02,13,286,38,04,59,124,46,06,46,165,44,09,26,185,39,7*76
$GAGSV,3,2,11,10,57,107,45,11,84,050,43,12,32,112,37,19,31,048,36,7*7F
$GAGSV,3,3,11,25,03,237,29,28,51,079,44,30,06,335,,7*4A
$GBGSV,3,1,09,05,09,111,,07,16,042,30,10,17,054,28,11,13,315,28,1*76
$GBGSV,3,2,09,13,04,147,28,26,01,022,,27,68,199,39,28,31,156,35,1*79
$GBGSV,3,3,09,30,39,304,35,1*47
$GIGSV,1,1,02,01,,,37,06,24,135,,1*4D
$GPGGA,135209.00,4825.1420495,N,00428.4545893,W,4,22,0.5,89.921,M,51.637,M,2.0,4095*63
$GPRMC,135209.00,A,4825.1420495,N,00428.4545893,W,0.0,0.0,100626,999.9,E,D*25
$GPGSV,3,1,12,01,36,120,44,02,11,129,40,03,61,057,47,04,59,160,46,1*66
$GPGSV,3,2,12,06,34,303,43,09,33,196,42,12,04,335,,13,03,335,,1*67
$GPGSV,3,3,12,17,49,234,45,19,45,285,45,28,13,040,38,31,19,069,39,1*67
$GSGSV,3,1,10,01,33,195,,02,34,181,41,04,28,145,41,05,29,147,,1*67
$GSGSV,3,2,10,06,33,195,,07,05,106,,08,14,112,,17,34,167,43,1*60
$GSGSV,3,3,10,28,19,125,,39,17,237,,1*68
$GLGSV,2,1,08,68,43,038,45,69,82,205,47,70,28,217,40,76,07,340,28,1*77
$GLGSV,2,2,08,77,07,024,,83,34,140,44,84,87,326,46,85,37,321,45,1*76
$GQGSV,1,1,00,1*65
$GAGSV,3,1,11,02,13,286,37,04,59,124,46,06,46,165,44,09,26,185,39,7*79
$GAGSV,3,2,11,10,57,107,45,11,84,050,43,12,32,112,37,19,31,048,36,7*7F
$GAGSV,3,3,11,25,03,237,28,28,51,079,44,30,06,335,,7*4B
$GBGSV,3,1,09,05,09,111,,07,16,042,30,10,17,054,28,11,13,315,29,1*77
$GBGSV,3,2,09,13,04,147,28,26,01,022,,27,68,199,39,28,31,156,35,1*79
$GBGSV,3,3,09,30,39,304,36,1*44
$GIGSV,1,1,02,01,,,36,06,24,135,,1*4C
$GPGGA,135210.00,4825.1420490,N,00428.4545896,W,4,22,0.5,89.922,M,51.637,M,3.0,4095*69
$GPRMC,135210.00,A,4825.1420490,N,00428.4545896,W,0.0,0.0,100626,999.9,E,D*2D
$GPGSV,3,1,12,01,36,120,44,02,11,129,40,03,61,057,47,04,59,160,45,1*65
$GPGSV,3,2,12,06,34,303,43,09,33,196,42,12,04,335,,13,03,335,,1*67
$GPGSV,3,3,12,17,49,234,46,19,45,285,45,28,13,040,38,31,19,069,38,1*65
$GSGSV,3,1,10,01,33,195,,02,34,181,41,04,28,145,42,05,29,147,,1*64
$GSGSV,3,2,10,06,33,195,,07,05,106,,08,14,112,,17,34,167,42,1*61
$GSGSV,3,3,10,28,19,125,,39,17,237,,1*68
$GLGSV,2,1,08,68,43,038,45,69,82,205,47,70,28,217,41,76,07,340,28,1*76
$GLGSV,2,2,08,77,07,024,,83,34,140,44,84,87,326,46,85,37,321,45,1*76
$GQGSV,1,1,00,1*65
$GAGSV,3,1,11,02,13,286,38,04,59,124,46,06,46,165,45,09,26,185,39,7*77
$GAGSV,3,2,11,10,57,107,46,11,84,050,43,12,32,112,38,19,31,048,35,7*70
$GAGSV,3,3,11,25,03,237,29,28,51,079,45,30,06,335,,7*4B
$GBGSV,3,1,09,05,09,111,,07,16,042,30,10,17,054,29,11,13,315,29,1*76
$GBGSV,3,2,09,13,04,147,28,26,01,022,,27,68,199,40,28,31,156,35,1*77
$GBGSV,3,3,09,30,39,304,36,1*44
$GIGSV,1,1,02,01,,,36,06,24,135,,1*4C
$GPGGA,135211.00,4825.1420506,N,00428.4545878,W,4,21,0.5,89.920,M,51.637,M,1.0,4095*65
$GPRMC,135211.00,A,4825.1420506,N,00428.4545878,W,0.0,0.0,100626,999.9,E,D*22
$GPGSV,3,1,12,01,36,120,44,02,11,129,40,03,61,057,47,04,59,160,45,1*65
$GPGSV,3,2,12,06,34,303,42,09,33,196,41,12,04,335,,13,03,335,,1*65
$GPGSV,3,3,12,17,49,234,46,19,45,285,45,28,13,040,38,31,19,069,38,1*65
$GSGSV,3,1,10,01,33,195,,02,34,181,41,04,28,145,41,05,29,147,,1*67
$GSGSV,3,2,10,06,33,195,,07,05,106,,08,14,112,,17,34,167,42,1*61
$GSGSV,3,3,10,28,19,125,,39,17,237,,1*68
$GLGSV,2,1,08,68,43,038,44,69,82,205,47,70,28,217,40,76,07,340,28,1*76
$GLGSV,2,2,08,77,07,024,,83,34,140,44,84,87,326,46,85,37,321,45,1*76
$GQGSV,1,1,00,1*65
$GAGSV,3,1,11,02,13,286,37,04,59,124,46,06,46,165,44,09,26,185,39,7*79
$GAGSV,3,2,11,10,57,107,46,11,84,050,43,12,32,112,37,19,31,048,35,7*7F
$GAGSV,3,3,11,25,03,237,30,28,51,079,45,30,06,335,,7*43
$GBGSV,3,1,09,05,09,111,,07,16,042,30,10,17,054,29,11,13,315,27,1*78
$GBGSV,3,2,09,13,04,147,28,26,01,022,,27,68,199,40,28,31,156,35,1*77
$GBGSV,3,3,09,30,39,304,35,1*47
$GIGSV,1,1,02,01,,,36,06,24,135,,1*4C
$GPGGA,135212.00,4825.1420494,N,00428.4545888,W,4,21,0.5,89.919,M,51.637,M,1.0,4095*69
$GPRMC,135212.00,A,4825.1420494,N,00428.4545888,W,0.0,0.0,100626,999.9,E,D*24
$GPGSV,3,1,12,01,36,120,43,02,11,129,39,03,61,057,47,04,59,160,45,1*6C
$GPGSV,3,2,12,06,34,303,42,09,33,196,42,12,04,335,,13,03,335,,1*66
$GPGSV,3,3,12,17,49,234,45,19,45,285,45,28,13,040,38,31,19,069,40,1*69
$GSGSV,3,1,10,01,33,195,,02,34,181,41,04,28,145,41,05,29,147,,1*67
$GSGSV,3,2,10,06,33,195,,07,05,106,,08,14,112,,17,34,167,43,1*60
$GSGSV,3,3,10,28,19,125,,39,17,237,,1*68
$GLGSV,2,1,08,68,43,038,44,69,82,205,47,70,28,217,41,76,07,340,27,1*78
$GLGSV,2,2,08,77,07,024,,83,34,140,44,84,87,326,47,85,37,321,45,1*77
$GQGSV,1,1,00,1*65
$GAGSV,3,1,11,02,13,286,37,04,59,124,45,06,46,165,44,09,26,185,39,7*7A
$GAGSV,3,2,11,10,57,107,45,11,84,051,43,12,32,112,37,19,31,048,35,7*7D
$GAGSV,3,3,11,25,03,237,29,28,51,079,44,30,06,335,,7*4A
$GBGSV,3,1,09,05,09,111,,07,16,042,30,10,17,054,29,11,13,315,28,1*77
$GBGSV,3,2,09,13,04,147,28,26,01,022,,27,68,199,40,28,31,156,35,1*77
$GBGSV,3,3,09,30,39,304,35,1*47
$GIGSV,1,1,02,01,,,36,06,24,135,,1*4C
$GPGGA,135213.00,4825.1420491,N,00428.4545882,W,4,21,0.5,89.924,M,51.637,M,2.0,4095*6A
$GPRMC,135213.00,A,4825.1420491,N,00428.4545882,W,0.0,0.0,100626,999.9,E,D*2A
$GPGSV,3,1,12,01,36,120,43,02,11,129,39,03,61,057,48,04,59,160,45,1*63
$GPGSV,3,2,12,06,34,303,43,09,33,196,42,12,04,335,,13,03,335,,1*67
$GPGSV,3,3,12,17,49,234,45,19,45,285,45,28,13,040,38,31,19,069,40,1*69
$GSGSV,3,1,10,01,33,195,,02,34,181,41,04,28,145,42,05,29,147,,1*64
$GSGSV,3,2,10,06,33,195,,07,05,106,,08,14,112,,17,34,167,43,1*60
$GSGSV,3,3,10,28,19,125,,39,17,237,,1*68
$GLGSV,2,1,08,68,43,038,45,69,82,205,47,70,28,217,41,76,07,340,28,1*76
$GLGSV,2,2,08,77,07,024,,83,34,140,44,84,87,326,46,85,37,321,45,1*76
$GQGSV,1,1,00,1*65
$GAGSV,3,1,11,02,13,286,38,04,59,124,46,06,46,165,44,09,26,185,39,7*76
$GAGSV,3,2,11,10,56,107,46,11,84,051,43,12,32,112,38,19,31,048,35,7*70
$GAGSV,3,3,11,25,03,237,28,28,51,079,44,30,06,335,,7*4B
$GBGSV,3,1,09,05,09,111,,07,16,042,30,10,17,054,28,11,13,315,28,1*76
$GBGSV,3,2,09,13,04,147,28,26,01,022,,27,68,199,40,28,31,156,35,1*77
$GBGSV,3,3,09,30,39,304,36,1*44
$GIGSV,1,1,02,01,,,36,06,24,135,,1*4C
$GPGGA,135214.00,4825.1420492,N,00428.4545872,W,4,21,0.5,89.924,M,51.637,M,1.0,4095*62
$GPRMC,135214.00,A,4825.1420492,N,00428.4545872,W,0.0,0.0,100626,999.9,E,D*21
$GPGSV,3,1,12,01,36,120,44,02,11,129,40,03,61,057,48,04,59,160,45,1*6A
$GPGSV,3,2,12,06,34,303,42,09,33,196,42,12,04,335,,13,03,335,,1*66
$GPGSV,3,3,12,17,49,234,46,19,45,285,45,28,13,040,38,31,19,069,40,1*6A
$GSGSV,3,1,10,01,33,195,,02,34,181,41,04,28,145,42,05,29,147,,1*64
$GSGSV,3,2,10,06,33,195,,07,05,106,,08,14,112,,17,34,167,43,1*60
$GSGSV,3,3,10,28,19,125,,39,17,237,,1*68
$GLGSV,2,1,08,68,43,038,45,69,82,205,47,70,28,217,41,76,07,340,27,1*79
$GLGSV,2,2,08,77,07,024,,83,34,140,44,84,87,326,46,85,37,321,46,1*75
$GQGSV,1,1,00,1*65
$GAGSV,3,1,11,02,13,286,38,04,59,124,45,06,46,165,44,09,26,185,39,7*75
$GAGSV,3,2,11,10,56,107,46,11,84,051,43,12,32,112,38,19,31,048,35,7*70
$GAGSV,3,3,11,25,03,237,28,28,51,079,44,30,06,335,,7*4B
$GBGSV,3,1,09,05,09,111,,07,16,042,30,10,17,054,28,11,13,315,28,1*76
$GBGSV,3,2,09,13,04,147,28,26,01,022,,27,68,199,40,28,31,156,35,1*77
$GBGSV,3,3,09,30,39,304,36,1*44
$GIGSV,1,1,02,01,,,36,06,24,135,,1*4C
$GPGGA,135215.00,4825.1420502,N,00428.4545869,W,4,22,0.5,89.918,M,51.637,M,1.0,4095*6D
$GPRMC,135215.00,A,4825.1420502,N,00428.4545869,W,0.0,0.0,100626,999.9,E,D*22
$GPGSV,3,1,12,01,36,120,44,02,11,129,40,03,61,057,48,04,59,160,45,1*6A
$GPGSV,3,2,12,06,34,303,43,09,33,196,41,12,04,335,,13,03,335,,1*64
$GPGSV,3,3,12,17,49,234,46,19,45,285,45,28,13,040,37,31,19,069,39,1*6B
$GSGSV,3,1,10,01,33,195,,02,34,181,42,04,28,145,42,05,29,147,,1*67
$GSGSV,3,2,10,06,33,195,,07,05,106,,08,14,112,,17,34,167,43,1*60
$GSGSV,3,3,10,28,19,125,,39,17,237,,1*68
$GLGSV,2,1,08,68,43,038,45,69,82,205,47,70,28,217,40,76,07,340,28,1*77
$GLGSV,2,2,08,77,07,024,,83,34,140,44,84,87,326,46,85,37,321,45,1*76
$GQGSV,1,1,00,1*65
$GAGSV,3,1,11,02,13,286,37,04,59,124,46,06,46,165,44,09,26,185,38,7*78
$GAGSV,3,2,11,10,56,107,45,11,84,051,43,12,32,112,37,19,31,048,35,7*7C
$GAGSV,3,3,11,25,03,237,29,28,51,079,44,30,06,335,,7*4A
$GBGSV,3,1,09,05,09,111,,07,16,042,30,10,17,054,28,11,13,315,27,1*79
$GBGSV,3,2,09,13,04,147,28,26,01,022,,27,68,199,39,28,31,156,35,1*79
$GBGSV,3,3,09,30,39,304,36,1*44
$GIGSV,1,1,02,01,,,36,06,24,135,,1*4C
$GPGGA,135216.00,4825.1420510,N,00428.4545889,W,4,22,0.5,89.920,M,51.637,M,1.0,4095*68
$GPRMC,135216.00,A,4825.1420510,N,00428.4545889,W,0.0,0.0,100626,999.9,E,D*2C
$GPGSV,3,1,12,01,36,120,45,02,11,129,39,03,61,057,47,04,59,160,45,1*6A
$GPGSV,3,2,12,06,34,303,43,09,33,196,41,12,04,335,,13,03,335,,1*64
$GPGSV,3,3,12,17,49,234,46,19,45,285,45,28,13,040,37,31,19,069,38,1*6A
$GSGSV,3,1,10,01,33,195,,02,34,181,41,04,28,145,42,05,29,147,,1*64
$GSGSV,3,2,10,06,33,195,,07,05,106,,08,14,112,,17,34,167,42,1*61
$GSGSV,3,3,10,28,19,125,,39,17,237,,1*68
$GLGSV,2,1,08,68,43,038,45,69,82,205,47,70,28,217,40,76,07,340,27,1*78
$GLGSV,2,2,08,77,07,024,,83,34,140,44,84,87,326,46,85,37,321,45,1*76
$GQGSV,1,1,00,1*65
$GAGSV,3,1,11,02,13,286,38,04,59,124,45,06,46,165,44,09,26,185,39,7*75
$GAGSV,3,2,11,10,56,107,45,11,84,051,43,12,32,112,37,19,31,048,35,7*7C
$GAGSV,3,3,11,25,03,237,30,28,51,079,45,30,06,335,,7*43
$GBGSV,3,1,09,05,09,111,,07,16,042,29,10,17,054,29,11,13,315,28,1*7F
$GBGSV,3,2,09,13,04,147,29,26,01,022,,27,68,199,40,28,31,156,35,1*76
$GBGSV,3,3,09,30,39,304,36,1*44
$GIGSV,1,1,02,01,,,36,06,24,135,,1*4C
$GPGGA,135217.00,4825.1420510,N,00428.4545882,W,4,22,0.5,89.923,M,51.637,M,2.0,4095*62
$GPRMC,135217.00,A,4825.1420510,N,00428.4545882,W,0.0,0.0,100626,999.9,E,D*26
$GPGSV,3,1,12,01,36,120,45,02,11,129,40,03,61,057,47,04,59,160,45,1*64
$GPGSV,3,2,12,06,34,303,43,09,33,196,41,12,04,335,,13,03,335,,1*64
$GPGSV,3,3,12,17,49,234,45,19,45,285,46,28,13,040,37,31,19,069,38,1*6A
$GSGSV,3,1,10,01,33,195,,02,34,181,41,04,28,145,42,05,29,147,,1*64
$GSGSV,3,2,10,06,33,195,,07,05,106,,08,14,112,,17,34,167,42,1*61
$GSGSV,3,3,10,28,19,125,,39,17,237,,1*68
$GLGSV,2,1,08,68,43,038,45,69,82,205,47,70,28,217,40,76,07,340,26,1*79
$GLGSV,2,2,08,77,07,024,,83,34,140,44,84,87,326,46,85,38,321,45,1*79
$GQGSV,1,1,00,1*65
$GAGSV,3,1,11,02,13,286,38,04,59,124,45,06,46,165,44,09,26,185,40,7*7B
$GAGSV,3,2,11,10,56,107,45,11,84,051,43,12,32,112,37,19,31,048,36,7*7F
$GAGSV,3,3,11,25,03,237,30,28,51,079,44,30,06,335,,7*42
$GBGSV,3,1,09,05,09,111,,07,16,042,29,10,17,054,28,11,13,315,30,1*77
$GBGSV,3,2,09,13,04,147,30,26,01,022,,27,68,199,39,28,31,156,35,1*70
$GBGSV,3,3,09,30,39,304,36,1*44
$GIGSV,1,1,02,01,,,36,06,24,135,,1*4C
$GPGGA,135218.00,4825.1420508,N,00428.4545887,W,4,22,0.5,89.922,M,51.637,M,1.0,4095*63
$GPRMC,135218.00,A,4825.1420508,N,00428.4545887,W,0.0,0.0,100626,999.9,E,D*25
$GPGSV,3,1,12,01,36,120,44,02,11,129,39,03,61,057,48,04,59,160,45,1*64
$GPGSV,3,2,12,06,34,303,43,09,33,196,41,12,04,335,,13,03,335,,1*64
$GPGSV,3,3,12,17,49,234,46,19,45,285,46,28,13,040,37,31,19,069,39,1*68
$GSGSV,3,1,10,01,33,195,,02,34,181,41,04,28,145,42,05,29,147,,1*64
$GSGSV,3,2,10,06,33,195,,07,05,106,,08,14,112,,17,34,167,42,1*61
$GSGSV,3,3,10,28,19,125,,39,17,237,,1*68
$GLGSV,2,1,08,68,43,038,46,69,82,205,47,70,28,217,40,76,07,340,26,1*7A
$GLGSV,2,2,08,77,07,024,,83,34,140,44,84,87,326,46,85,38,321,45,1*79
$GQGSV,1,1,00,1*65
$GAGSV,3,1,11,02,13,286,37,04,59,124,45,06,46,165,44,09,26,185,40,7*74
$GAGSV,3,2,11,10,56,107,45,11,84,051,43,12,32,112,37,19,31,048,35,7*7C
$GAGSV,3,3,11,25,03,237,29,28,51,079,44,30,06,335,,7*4A
$GBGSV,3,1,09,05,09,111,,07,16,042,30,10,17,054,28,11,13,315,29,1*77
$GBGSV,3,2,09,13,04,147,29,26,01,022,,27,68,199,39,28,31,156,35,1*78
$GBGSV,3,3,09,30,39,304,36,1*44
$GIGSV,1,1,02,01,,,36,06,24,135,,1*4C
$GPGGA,135219.00,4825.1420500,N,00428.4545876,W,4,22,0.5,89.921,M,51.637,M,1.0,4095*67
$GPRMC,135219.00,A,4825.1420500,N,00428.4545876,W,0.0,0.0,100626,999.9,E,D*22
$GPGSV,3,1,12,01,36,120,44,02,11,129,39,03,61,057,48,04,59,160,45,1*64
$GPGSV,3,2,12,06,34,303,43,09,33,196,41,12,04,335,,13,03,335,,1*64
$GPGSV,3,3,12,17,49,234,45,19,45,284,45,28,13,040,38,31,19,068,39,1*67
$GSGSV,3,1,10,01,33,195,,02,34,181,41,04,28,145,42,05,29,147,,1*64
$GSGSV,3,2,10,06,33,195,,07,05,106,,08,14,112,,17,34,167,42,1*61
$GSGSV,3,3,10,28,19,125,,39,17,237,,1*68
$GLGSV,2,1,08,68,43,038,45,69,82,205,47,70,28,217,40,76,07,340,26,1*79
$GLGSV,2,2,08,77,07,024,,83,34,140,44,84,87,326,46,85,38,321,45,1*79
$GQGSV,1,1,00,1*65
$GAGSV,3,1,11,02,13,286,37,04,59,124,45,06,46,165,43,09,26,185,40,7*73
$GAGSV,3,2,11,10,56,107,46,11,84,051,43,12,32,112,37,19,31,048,35,7*7F
$GAGSV,3,3,11,25,03,237,30,28,51,079,44,30,06,335,,7*42
$GBGSV,3,1,09,05,09,111,,07,16,042,30,10,17,054,28,11,13,315,29,1*77
$GBGSV,3,2,09,13,04,147,29,26,01,022,,27,68,199,39,28,31,156,36,1*7B
$GBGSV,3,3,09,30,39,304,36,1*44
$GIGSV,1,1,02,01,,,36,06,24,135,,1*4C
$GPGGA,135220.00,4825.1420509,N,00428.4545889,W,4,22,0.5,89.924,M,51.637,M,1.0,4095*61
$GPRMC,135220.00,A,4825.1420509,N,00428.4545889,W,0.0,0.0,100626,999.9,E,D*21
$GPGSV,3,1,12,01,36,120,44,02,11,129,39,03,61,057,48,04,59,160,46,1*67
$GPGSV,3,2,12,06,34,303,43,09,33,196,41,12,04,335,,13,03,335,,1*64
$GPGSV,3,3,12,17,49,234,46,19,45,284,46,28,13,040,37,31,19,068,39,1*68
$GSGSV,3,1,10,01,33,195,,02,34,181,41,04,28,145,42,05,29,147,,1*64
$GSGSV,3,2,10,06,33,195,,07,05,106,,08,14,112,,17,34,167,42,1*61
$GSGSV,3,3,10,28,19,125,,39,17,237,,1*68
$GLGSV,2,1,08,68,43,038,45,69,82,205,47,70,28,217,40,76,07,340,26,1*79
$GLGSV,2,2,08,77,07,024,,83,34,140,44,84,87,326,46,85,38,321,45,1*79
$GQGSV,1,1,00,1*65
$GAGSV,3,1,11,02,13,286,37,04,59,124,45,06,46,165,44,09,26,185,39,7*7A
$GAGSV,3,2,11,10,56,107,45,11,84,051,43,12,32,112,37,19,31,048,35,7*7C
$GAGSV,3,3,11,25,03,237,30,28,51,079,44,30,06,335,,7*42
$GBGSV,3,1,09,05,09,111,,07,16,042,29,10,17,054,28,11,13,315,29,1*7F
$GBGSV,3,2,09,13,04,147,28,26,01,022,,27,68,199,40,28,31,156,35,1*77
$GBGSV,3,3,09,30,39,304,36,1*44
$GIGSV,1,1,02,01,,,36,06,24,135,,1*4C
$GPGGA,135221.00,4825.1420503,N,00428.4545889,W,4,22,0.5,89.920,M,51.637,M,2.0,4095*6D
$GPRMC,135221.00,A,4825.1420503,N,00428.4545889,W,0.0,0.0,100626,999.9,E,D*2A
$GPGSV,3,1,12,01,36,120,45,02,11,129,39,03,61,057,48,04,59,160,46,1*66
$GPGSV,3,2,12,06,34,303,43,09,33,196,42,12,04,335,,13,03,335,,1*67
$GPGSV,3,3,12,17,49,234,46,19,45,284,45,28,13,040,37,31,19,068,40,1*65
$GSGSV,3,1,10,01,33,195,,02,34,181,41,04,28,145,42,05,29,147,,1*64
$GSGSV,3,2,10,06,33,195,,07,05,106,,08,14,112,,17,34,167,42,1*61
$GSGSV,3,3,10,28,19,125,,39,17,237,,1*68
$GLGSV,2,1,08,68,43,038,45,69,82,205,47,70,28,217,40,76,07,340,27,1*78
$GLGSV,2,2,08,77,07,024,,83,34,140,44,84,87,326,46,85,38,321,45,1*79
$GQGSV,1,1,00,1*65
$GAGSV,3,1,11,02,13,286,37,04,59,124,46,06,46,165,44,09,26,185,40,7*77
$GAGSV,3,2,11,10,56,107,45,11,84,051,43,12,32,112,37,19,31,048,35,7*7C
$GAGSV,3,3,11,25,03,237,30,28,51,079,44,30,06,335,,7*42
$GBGSV,3,1,09,05,09,111,,07,16,042,30,10,17,054,28,11,13,315,30,1*7F
$GBGSV,3,2,09,13,04,147,28,26,01,022,,27,68,199,40,28,31,156,35,1*77
$GBGSV,3,3,09,30,39,304,36,1*44
$GIGSV,1,1,02,01,,,36,06,24,135,,1*4C
$GPGGA,135222.00,4825.1420516,N,00428.4545900,W,4,22,0.5,89.923,M,51.637,M,1.0,4095*6A
$GPRMC,135222.00,A,4825.1420516,N,00428.4545900,W,0.0,0.0,100626,999.9,E,D*2D
$GPGSV,3,1,12,01,36,120,45,02,11,129,38,03,61,057,48,04,59,160,46,1*67
$GPGSV,3,2,12,06,34,303,43,09,33,196,41,12,04,335,,13,03,335,,1*64
$GPGSV,3,3,12,17,49,234,46,19,45,284,45,28,13,040,37,31,19,068,39,1*6B
$GSGSV,3,1,10,01,33,195,,02,34,181,41,04,28,145,42,05,29,147,,1*64
$GSGSV,3,2,10,06,33,195,,07,05,106,,08,14,112,,17,34,167,42,1*61
$GSGSV,3,3,10,28,19,125,,39,17,237,,1*68
$GLGSV,2,1,08,68,43,038,45,69,82,205,47,70,28,217,41,76,07,340,27,1*79
$GLGSV,2,2,08,77,07,024,,83,34,140,44,84,87,326,46,85,38,321,45,1*79
$GQGSV,1,1,00,1*65
$GAGSV,3,1,11,02,13,286,37,04,59,124,45,06,46,165,44,09,26,185,39,7*7A
$GAGSV,3,2,11,10,56,107,46,11,84,051,43,12,32,112,37,19,31,048,36,7*7C
$GAGSV,3,3,11,25,03,237,30,28,51,079,44,30,06,335,,7*42
$GBGSV,3,1,09,05,09,111,,07,16,042,31,10,17,054,28,11,13,315,29,1*76
$GBGSV,3,2,09,13,04,147,28,26,01,022,,27,68,199,40,28,31,156,35,1*77
$GBGSV,3,3,09,30,39,304,36,1*44
$GIGSV,1,1,02,01,,,36,06,24,135,,1*4C
$GPGGA,135223.00,4825.1420510,N,00428.4545896,W,4,22,0.5,89.923,M,51.637,M,1.0,4095*63
$GPRMC,135223.00,A,4825.1420510,N,00428.4545896,W,0.0,0.0,100626,999.9,E,D*24
$GPGSV,3,1,12,01,36,120,45,02,11,129,38,03,61,057,48,04,59,160,45,1*64
$GPGSV,3,2,12,06,34,303,43,09,33,196,41,12,04,335,,13,03,335,,1*64
$GPGSV,3,3,12,17,49,234,46,19,45,284,45,28,13,040,37,31,19,068,39,1*6B
$GSGSV,3,1,10,01,33,195,,02,34,181,41,04,28,145,42,05,29,147,,1*64
$GSGSV,3,2,10,06,33,195,,07,05,106,,08,14,112,,17,34,167,42,1*61
$GSGSV,3,3,10,28,19,125,,39,17,237,,1*68
$GLGSV,2,1,08,68,43,038,45,69,82,205,47,70,28,217,40,76,07,340,27,1*78
$GLGSV,2,2,08,77,07,024,,83,34,140,44,84,87,326,46,85,38,321,45,1*79
$GQGSV,1,1,00,1*65
$GAGSV,3,1,11,02,13,286,37,04,59,124,45,06,46,165,44,09,26,185,38,7*7B
$GAGSV,3,2,11,10,56,107,46,11,84,051,43,12,32,112,37,19,31,048,35,7*7F
$GAGSV,3,3,11,25,03,237,30,28,51,079,44,30,06,335,,7*42
$GBGSV,3,1,09,05,09,111,,07,16,042,30,10,17,054,28,11,13,315,29,1*77
$GBGSV,3,2,09,13,04,147,29,26,01,022,,27,68,199,40,28,31,156,34,1*77
$GBGSV,3,3,09,30,39,304,36,1*44
$GIGSV,1,1,02,01,,,36,06,24,135,,1*4C
$GPGGA,135224.00,4825.1420508,N,00428.4545896,W,4,22,0.5,89.918,M,51.637,M,1.0,4095*65
$GPRMC,135224.00,A,4825.1420508,N,00428.4545896,W,0.0,0.0,100626,999.9,E,D*2A
$GPGSV,3,1,12,01,36,120,44,02,11,129,38,03,61,057,48,04,59,160,45,1*65
$GPGSV,3,2,12,06,34,303,43,09,33,196,41,12,04,335,,13,03,335,,1*64
$GPGSV,3,3,12,17,49,234,46,19,45,284,45,28,13,040,38,31,19,068,38,1*65
$GSGSV,3,1,10,01,33,195,,02,34,181,41,04,28,145,42,05,29,147,,1*64
$GSGSV,3,2,10,06,33,195,,07,05,106,,08,14,112,,17,34,167,42,1*61
$GSGSV,3,3,10,28,19,125,,39,17,237,,1*68
$GLGSV,2,1,08,68,43,038,45,69,82,205,47,70,28,217,40,76,07,340,27,1*78
$GLGSV,2,2,08,77,07,024,,83,34,140,44,84,87,326,47,85,38,321,45,1*78
$GQGSV,1,1,00,1*65
$GAGSV,3,1,11,02,13,286,37,04,59,124,45,06,46,165,44,09,26,185,38,7*7B
$GAGSV,3,2,11,10,56,107,46,11,84,051,43,12,32,112,37,19,31,048,35,7*7F
$GAGSV,3,3,11,25,03,237,30,28,51,079,44,30,06,335,,7*42
$GBGSV,3,1,09,05,09,111,,07,16,042,30,10,17,054,27,11,13,315,29,1*78
$GBGSV,3,2,09,13,04,147,28,26,01,022,,27,68,199,39,28,31,156,34,1*78
$GBGSV,3,3,09,30,39,304,36,1*44
$GIGSV,1,1,02,01,,,36,06,24,135,,1*4C
$GPGGA,135225.00,4825.1420510,N,00428.4545887,W,4,23,0.5,89.923,M,51.637,M,2.0,4095*67
$GPRMC,135225.00,A,4825.1420510,N,00428.4545887,W,0.0,0.0,100626,999.9,E,D*22
$GPGSV,3,1,12,01,36,120,44,02,11,129,38,03,61,057,48,04,59,160,46,1*66
$GPGSV,3,2,12,06,34,303,43,09,33,196,41,12,04,335,,13,03,335,,1*64
$GPGSV,3,3,12,17,49,234,46,19,45,284,46,28,13,040,38,31,19,068,39,1*67
$GSGSV,3,1,10,01,33,195,,02,34,181,41,04,28,145,42,05,29,147,,1*64
$GSGSV,3,2,10,06,33,195,,07,05,106,,08,14,112,,17,34,167,43,1*60
$GSGSV,3,3,10,28,19,125,,39,17,237,,1*68
$GLGSV,2,1,08,68,43,038,45,69,82,205,47,70,28,217,40,76,07,340,27,1*78
$GLGSV,2,2,08,77,07,024,,83,34,140,44,84,87,326,47,85,38,321,46,1*7B
$GQGSV,1,1,00,1*65
$GAGSV,3,1,11,02,13,286,37,04,59,124,45,06,46,165,44,09,26,185,38,7*7B
$GAGSV,3,2,11,10,56,107,46,11,84,051,43,12,32,112,37,19,31,048,35,7*7F
$GAGSV,3,3,11,25,03,237,30,28,51,079,45,30,06,335,,7*43
$GBGSV,3,1,09,05,09,111,,07,16,042,31,10,17,054,28,11,13,315,30,1*7E
$GBGSV,3,2,09,13,04,147,28,26,01,022,,27,68,199,39,28,31,156,34,1*78
$GBGSV,3,3,09,30,39,304,36,1*44
$GIGSV,1,1,02,01,,,36,06,24,135,,1*4C
$GPGGA,135226.00,4825.1420513,N,00428.4545897,W,4,23,0.5,89.924,M,51.637,M,1.0,4095*62
$GPRMC,135226.00,A,4825.1420513,N,00428.4545897,W,0.0,0.0,100626,999.9,E,D*23
$GPGSV,3,1,12,01,36,120,44,02,11,129,38,03,61,057,47,04,59,160,46,1*69
$GPGSV,3,2,12,06,34,303,43,09,33,196,41,12,04,335,,13,03,335,,1*64
$GPGSV,3,3,12,17,49,234,46,19,45,284,46,28,13,040,37,31,19,068,39,1*68
$GSGSV,3,1,10,01,33,195,,02,34,181,41,04,28,145,42,05,29,147,,1*64
$GSGSV,3,2,10,06,33,195,,07,05,106,,08,14,112,,17,34,167,42,1*61
$GSGSV,3,3,10,28,19,125,,39,17,237,,1*68
$GLGSV,2,1,08,68,43,038,45,69,82,205,47,70,28,217,40,76,07,340,27,1*78
$GLGSV,2,2,08,77,07,024,,83,34,140,45,84,88,326,46,85,38,321,45,1*77
$GQGSV,1,1,00,1*65
$GAGSV,3,1,11,02,13,286,37,04,59,124,45,06,46,165,44,09,26,185,39,7*7A
$GAGSV,3,2,11,10,56,107,45,11,84,051,43,12,32,112,37,19,31,048,35,7*7C
$GAGSV,3,3,11,25,03,237,30,28,51,079,44,30,06,335,,7*42
$GBGSV,3,1,09,05,09,111,,07,16,042,30,10,17,054,28,11,13,315,30,1*7F
$GBGSV,3,2,09,13,04,147,28,26,01,022,,27,68,199,39,28,31,156,34,1*78
$GBGSV,3,3,09,30,39,304,36,1*44
$GIGSV,1,1,02,01,,,35,06,24,135,,1*4F
$GPGGA,135227.00,4825.1420514,N,00428.4545877,W,4,23,0.5,89.921,M,51.637,M,1.0,4095*6F
$GPRMC,135227.00,A,4825.1420514,N,00428.4545877,W,0.0,0.0,100626,999.9,E,D*2B
$GPGSV,3,1,12,01,36,121,45,02,11,129,38,03,61,057,48,04,59,160,46,1*66
$GPGSV,3,2,12,06,34,303,43,09,33,196,41,12,04,335,,13,03,335,,1*64
$GPGSV,3,3,12,17,49,234,46,19,45,284,46,28,13,040,38,31,19,068,39,1*67
$GSGSV,3,1,10,01,33,195,,02,34,181,41,04,28,145,42,05,29,147,,1*64
$GSGSV,3,2,10,06,33,195,,07,05,106,,08,14,112,,17,34,167,42,1*61
$GSGSV,3,3,10,28,19,125,,39,17,237,,1*68
$GLGSV,2,1,08,68,43,038,45,69,82,205,47,70,28,217,39,76,07,340,27,1*76
$GLGSV,2,2,08,77,07,024,,83,34,140,44,84,88,326,46,85,38,321,46,1*75
$GQGSV,1,1,00,1*65
$GAGSV,3,1,11,02,13,286,37,04,59,124,45,06,46,165,44,09,26,185,38,7*7B
$GAGSV,3,2,11,10,56,107,45,11,84,051,43,12,32,112,37,19,31,048,35,7*7C
$GAGSV,3,3,11,25,03,237,31,28,51,079,45,30,06,335,,7*42
$GBGSV,3,1,09,05,09,111,,07,16,042,30,10,17,054,28,11,13,315,28,1*76
$GBGSV,3,2,09,13,04,147,28,26,01,021,,27,68,199,40,28,31,156,35,1*74
$GBGSV,3,3,09,30,39,304,36,1*44
$GIGSV,1,1,02,01,,,35,06,24,135,,1*4F
$GPGGA,135228.00,4825.1420514,N,00428.4545877,W,4,23,0.5,89.919,M,51.637,M,1.0,4095*6B
$GPRMC,135228.00,A,4825.1420514,N,00428.4545877,W,0.0,0.0,100626,999.9,E,D*24
$GPGSV,3,1,12,01,36,121,45,02,11,129,39,03,61,057,47,04,59,159,46,1*62
$GPGSV,3,2,12,06,34,303,43,09,33,196,41,12,04,335,,13,03,335,,1*64
$GPGSV,3,3,12,17,49,234,46,19,45,284,45,28,13,040,38,31,19,068,39,1*64
$GSGSV,3,1,10,01,33,195,,02,34,181,41,04,28,145,41,05,29,147,,1*67
$GSGSV,3,2,10,06,33,195,,07,05,106,,08,14,112,,17,34,167,42,1*61
$GSGSV,3,3,10,28,19,125,,39,17,237,,1*68
$GLGSV,2,1,08,68,43,038,45,69,82,205,47,70,28,217,40,76,07,340,27,1*78
$GLGSV,2,2,08,77,07,024,,83,34,140,43,84,88,326,46,85,38,321,45,1*71
$GQGSV,1,1,00,1*65
$GAGSV,3,1,11,02,13,286,38,04,59,124,45,06,46,165,44,09,26,185,39,7*75
$GAGSV,3,2,11,10,56,107,45,11,84,052,43,12,32,112,38,19,31,048,36,7*73
$GAGSV,3,3,11,25,03,237,31,28,51,079,44,30,06,335,,7*43
$GBGSV,3,1,09,05,09,111,,07,16,042,30,10,17,054,28,11,13,315,28,1*76
$GBGSV,3,2,09,13,04,147,28,26,01,021,,27,68,199,40,28,31,156,35,1*74
$GBGSV,3,3,09,30,39,304,36,1*44
$GIGSV,1,1,02,01,,,35,06,24,135,,1*4F
$GPGGA,135229.00,4825.1420511,N,00428.4545889,W,4,23,0.5,89.912,M,51.637,M,2.0,4095*66
$GPRMC,135229.00,A,4825.1420511,N,00428.4545889,W,0.0,0.0,100626,999.9,E,D*21
$GPGSV,3,1,12,01,36,121,45,02,11,129,39,03,61,057,48,04,59,159,45,1*6E
$GPGSV,3,2,12,06,34,303,43,09,33,196,41,12,04,335,,13,03,335,,1*64
$GPGSV,3,3,12,17,49,234,46,19,45,284,45,28,13,040,38,31,19,068,39,1*64
$GSGSV,3,1,10,01,33,195,,02,34,181,41,04,28,145,41,05,29,147,,1*67
$GSGSV,3,2,10,06,33,195,,07,05,106,,08,14,112,,17,34,167,42,1*61
$GSGSV,3,3,10,28,19,125,,39,17,237,,1*68
$GLGSV,2,1,08,68,43,038,45,69,82,205,47,70,28,217,40,76,07,340,27,1*78
$GLGSV,2,2,08,77,07,024,,83,34,140,43,84,88,325,46,85,38,321,45,1*72
$GQGSV,1,1,00,1*65
$GAGSV,3,1,11,02,13,286,38,04,59,124,45,06,46,165,44,09,26,185,38,7*74
$GAGSV,3,2,11,10,56,107,45,11,84,052,42,12,32,112,37,19,31,048,35,7*7E
$GAGSV,3,3,11,25,03,237,31,28,51,079,44,30,06,335,,7*43
$GBGSV,3,1,09,05,09,111,,07,16,042,30,10,17,054,28,11,13,315,30,1*7F
$GBGSV,3,2,09,13,04,147,27,26,01,021,,27,68,199,40,28,31,156,35,1*7B
$GBGSV,3,3,09,30,39,304,36,1*44
$GIGSV,1,1,02,01,,,35,06,24,135,,1*4F
$GPGGA,135230.00,4825.1420518,N,00428.4545880,W,4,23,0.5,89.906,M,51.637,M,3.0,4095*6A
$GPRMC,135230.00,A,4825.1420518,N,00428.4545880,W,0.0,0.0,100626,999.9,E,D*29
$GPGSV,3,1,12,01,36,121,45,02,11,129,39,03,61,057,47,04,59,159,45,1*61
$GPGSV,3,2,12,06,34,303,43,09,33,196,41,12,04,335,,13,03,335,,1*64
$GPGSV,3,3,12,17,49,234,46,19,45,284,45,28,13,040,38,31,19,068,40,1*6A
$GSGSV,3,1,10,01,33,195,,02,34,181,41,04,28,145,41,05,29,147,,1*67
$GSGSV,3,2,10,06,33,195,,07,05,106,,08,14,112,,17,34,167,43,1*60
$GSGSV,3,3,10,28,19,125,,39,17,237,,1*68
$GLGSV,2,1,08,68,43,038,45,69,82,205,47,70,28,217,40,76,07,340,28,1*77
$GLGSV,2,2,08,77,07,024,,83,34,140,44,84,88,325,46,85,38,321,45,1*75
$GQGSV,1,1,00,1*65
$GAGSV,3,1,11,02,13,286,38,04,59,124,45,06,46,165,44,09,26,185,39,7*75
$GAGSV,3,2,11,10,56,107,46,11,84,052,42,12,32,112,37,19,31,048,35,7*7D
$GAGSV,3,3,11,25,03,237,31,28,51,079,44,30,06,335,,7*43
$GBGSV,3,1,09,05,09,111,,07,16,042,30,10,17,054,28,11,13,315,29,1*77
$GBGSV,3,2,09,13,04,147,27,26,01,021,,27,68,199,40,28,31,156,35,1*7B
$GBGSV,3,3,09,30,39,304,36,1*44
$GIGSV,1,1,02,01,,,35,06,24,135,,1*4F
$GPGGA,135231.00,4825.1420498,N,00428.4545885,W,4,23,0.5,89.927,M,51.637,M,1.0,4095*66
$GPRMC,135231.00,A,4825.1420498,N,00428.4545885,W,0.0,0.0,100626,999.9,E,D*24
$GPGSV,3,1,12,01,36,121,45,02,11,129,39,03,61,057,47,04,59,159,45,1*61
$GPGSV,3,2,12,06,34,303,43,09,33,196,41,12,04,335,,13,03,335,,1*64
$GPGSV,3,3,12,17,49,234,46,19,45,284,45,28,13,040,37,31,19,068,40,1*65
$GSGSV,3,1,10,01,33,195,,02,34,181,41,04,28,145,41,05,29,147,,1*67
$GSGSV,3,2,10,06,33,195,,07,05,106,,08,14,112,,17,34,167,43,1*60
$GSGSV,3,3,10,28,19,125,,39,17,237,,1*68
$GLGSV,2,1,08,68,43,038,45,69,82,205,47,70,28,217,40,76,07,340,28,1*77
$GLGSV,2,2,08,77,07,024,,83,34,140,44,84,88,325,46,85,38,321,45,1*75
$GQGSV,1,1,00,1*65
$GAGSV,3,1,11,02,13,286,37,04,59,124,45,06,46,165,44,09,26,185,38,7*7B
$GAGSV,3,2,11,10,56,107,46,11,84,052,42,12,32,112,37,19,31,048,35,7*7D
$GAGSV,3,3,11,25,03,237,31,28,51,079,44,30,06,335,,7*43
$GBGSV,3,1,09,05,09,111,,07,16,042,30,10,17,054,28,11,13,315,29,1*77
$GBGSV,3,2,09,13,04,147,28,26,01,021,,27,68,199,40,28,31,156,35,1*74
$GBGSV,3,3,09,30,39,304,36,1*44
$GIGSV,1,1,02,01,,,35,06,24,135,,1*4F
$GPGGA,135232.00,4825.1420507,N,00428.4545892,W,4,23,0.5,89.918,M,51.637,M,1.0,4095*68
$GPRMC,135232.00,A,4825.1420507,N,00428.4545892,W,0.0,0.0,100626,999.9,E,D*26
$GPGSV,3,1,12,01,36,121,45,02,11,129,38,03,61,057,48,04,59,159,45,1*6F
$GPGSV,3,2,12,06,34,303,43,09,33,196,41,12,04,335,,13,03,335,,1*64
$GPGSV,3,3,12,17,49,234,46,19,45,284,45,28,13,040,37,31,19,068,40,1*65
$GSGSV,3,1,10,01,33,195,,02,34,181,41,04,28,145,41,05,29,147,,1*67
$GSGSV,3,2,10,06,33,195,,07,05,106,,08,14,112,,17,34,167,43,1*60
$GSGSV,3,3,10,28,19,125,,39,17,237,,1*68
$GLGSV,2,1,08,68,43,038,45,69,82,205,47,70,28,217,40,76,07,340,28,1*77
$GLGSV,2,2,08,77,07,024,,83,34,140,44,84,88,325,46,85,38,321,45,1*75
$GQGSV,1,1,00,1*65
$GAGSV,3,1,11,02,13,286,37,04,59,124,45,06,46,165,44,09,26,185,38,7*7B
$GAGSV,3,2,11,10,56,107,46,11,84,052,42,12,32,112,36,19,31,048,35,7*7C
$GAGSV,3,3,11,25,03,237,31,28,51,079,44,30,06,335,,7*43
$GBGSV,3,1,09,05,09,111,,07,16,042,29,10,17,054,28,11,13,315,29,1*7F
$GBGSV,3,2,09,13,04,147,27,26,01,021,,27,68,199,40,28,31,156,35,1*7B
$GBGSV,3,3,09,30,39,304,36,1*44
$GIGSV,1,1,02,01,,,35,06,24,135,,1*4F
$GPGGA,135233.00,4825.1420489,N,00428.4545891,W,4,23,0.5,89.914,M,51.637,M,2.0,4095*62
$GPRMC,135233.00,A,4825.1420489,N,00428.4545891,W,0.0,0.0,100626,999.9,E,D*23
$GPGSV,3,1,12,01,36,121,45,02,11,129,39,03,61,057,48,04,59,159,46,1*6D
$GPGSV,3,2,12,06,34,303,43,09,33,196,42,12,04,335,,13,03,335,,1*67
$GPGSV,3,3,12,17,49,234,46,19,45,284,45,28,13,040,37,31,19,068,40,1*65
$GSGSV,3,1,10,01,33,195,,02,34,181,41,04,28,145,41,05,29,147,,1*67
$GSGSV,3,2,10,06,33,195,,07,05,106,,08,14,112,,17,34,167,43,1*60
$GSGSV,3,3,10,28,19,125,,39,17,237,,1*68
$GLGSV,2,1,08,68,43,038,44,69,82,205,47,70,28,217,40,76,07,340,29,1*77
$GLGSV,2,2,08,77,07,024,,83,34,140,44,84,88,325,47,85,38,321,45,1*74
$GQGSV,1,1,00,1*65
$GAGSV,3,1,11,02,13,286,37,04,59,124,45,06,46,165,44,09,26,185,38,7*7B
$GAGSV,3,2,11,10,56,107,46,11,84,052,42,12,32,112,37,19,31,048,35,7*7D
$GAGSV,3,3,11,25,03,237,31,28,51,079,44,30,06,335,,7*43
$GBGSV,3,1,09,05,09,111,,07,16,042,29,10,17,054,28,11,13,315,30,1*77
$GBGSV,3,2,09,13,04,147,27,26,01,021,,27,68,199,40,28,31,156,35,1*7B
$GBGSV,3,3,09,30,39,304,35,1*47
$GIGSV,1,1,02,01,,,35,06,24,135,,1*4F
$GPGGA,135234.00,4825.1420498,N,00428.4545892,W,4,23,0.5,89.923,M,51.637,M,3.0,4095*63
$GPRMC,135234.00,A,4825.1420498,N,00428.4545892,W,0.0,0.0,100626,999.9,E,D*27
$GPGSV,3,1,12,01,36,121,45,02,11,129,39,03,61,057,48,04,59,159,46,1*6D
$GPGSV,3,2,12,06,34,303,42,09,33,196,41,12,04,335,,13,03,335,,1*65
$GPGSV,3,3,12,17,49,234,46,19,45,284,45,28,13,040,37,31,19,068,39,1*6B
$GSGSV,3,1,10,01,33,195,,02,34,181,41,04,28,145,41,05,29,147,,1*67
$GSGSV,3,2,10,06,33,195,,07,05,106,,08,14,112,,17,34,167,43,1*60
$GSGSV,3,3,10,28,19,125,,39,17,237,,1*68
$GLGSV,2,1,08,68,43,038,45,69,82,205,47,70,28,217,41,76,07,340,29,1*77
$GLGSV,2,2,08,77,07,024,,83,34,140,44,84,88,325,47,85,38,321,45,1*74
$GQGSV,1,1,00,1*65
$GAGSV,3,1,11,02,13,286,38,04,59,124,46,06,46,165,44,09,26,185,38,7*77
$GAGSV,3,2,11,10,56,107,46,11,84,052,43,12,32,112,37,19,31,048,35,7*7C
$GAGSV,3,3,11,25,03,237,31,28,51,079,44,30,06,335,,7*43
$GBGSV,3,1,09,05,09,111,,07,16,042,30,10,17,054,28,11,13,315,29,1*77
$GBGSV,3,2,09,13,04,147,27,26,01,021,,27,68,199,39,28,31,156,35,1*75
$GBGSV,3,3,09,30,39,304,35,1*47
$GIGSV,1,1,02,01,,,35,06,24,135,,1*4F
$GPGGA,135235.00,4825.1420501,N,00428.4545884,W,4,23,0.5,89.916,M,51.637,M,1.0,4095*60
$GPRMC,135235.00,A,4825.1420501,N,00428.4545884,W,0.0,0.0,100626,999.9,E,D*20
$GPGSV,3,1,12,01,36,121,45,02,11,129,40,03,61,057,48,04,59,159,46,1*63
$GPGSV,3,2,12,06,34,303,43,09,33,196,41,12,04,335,,13,03,335,,1*64
$GPGSV,3,3,12,17,49,234,46,19,45,284,45,28,13,040,36,31,19,068,39,1*6A
$GSGSV,3,1,10,01,33,195,,02,34,181,41,04,28,145,41,05,29,147,,1*67
$GSGSV,3,2,10,06,33,195,,07,05,106,,08,14,112,,17,34,167,42,1*61
$GSGSV,3,3,10,28,19,125,,39,17,237,,1*68
$GLGSV,2,1,08,68,43,038,44,69,82,205,47,70,28,217,41,76,07,340,29,1*76
$GLGSV,2,2,08,77,07,024,,83,34,140,44,84,88,325,46,85,38,321,44,1*74
$GQGSV,1,1,00,1*65
$GAGSV,3,1,11,02,13,286,37,04,59,124,46,06,46,165,44,09,26,185,38,7*78
$GAGSV,3,2,11,10,56,107,46,11,84,052,43,12,32,112,37,19,31,048,35,7*7C
$GAGSV,3,3,11,25,03,237,31,28,51,079,44,30,06,335,,7*43
$GBGSV,3,1,09,05,09,111,,07,16,042,29,10,17,054,28,11,13,315,30,1*77
$GBGSV,3,2,09,13,04,147,28,26,01,021,,27,68,199,39,28,31,156,35,1*7A
$GBGSV,3,3,09,30,39,304,36,1*44
$GIGSV,1,1,02,01,,,34,06,24,135,,1*4E
$GPGGA,135236.00,4825.1420501,N,00428.4545880,W,4,23,0.5,89.922,M,51.637,M,1.0,4095*60
$GPRMC,135236.00,A,4825.1420501,N,00428.4545880,W,0.0,0.0,100626,999.9,E,D*27
$GPGSV,3,1,12,01,36,121,45,02,11,129,38,03,61,057,48,04,59,159,46,1*6C
$GPGSV,3,2,12,06,34,303,43,09,33,196,42,12,04,335,,13,03,335,,1*67
$GPGSV,3,3,12,17,49,234,46,19,45,284,45,28,13,040,37,31,19,068,40,1*65
$GSGSV,3,1,10,01,33,195,,02,34,181,41,04,28,145,41,05,29,147,,1*67
$GSGSV,3,2,10,06,33,195,,07,05,106,,08,14,112,,17,34,167,42,1*61
$GSGSV,3,3,10,28,19,125,,39,17,237,,1*68
$GLGSV,2,1,08,68,43,038,45,69,82,205,47,70,28,217,41,76,07,340,28,1*76
$GLGSV,2,2,08,77,07,024,,83,34,140,44,84,88,325,46,85,38,321,45,1*75
$GQGSV,1,1,00,1*65
$GAGSV,3,1,11,02,13,286,37,04,59,124,45,06,46,165,44,09,26,185,39,7*7A
$GAGSV,3,2,11,10,56,107,46,11,84,052,43,12,32,112,37,19,31,048,35,7*7C
$GAGSV,3,3,11,25,03,237,30,28,51,079,44,30,06,335,,7*42
$GBGSV,3,1,09,05,09,111,,07,16,042,30,10,17,054,28,11,13,315,30,1*7F
$GBGSV,3,2,09,13,04,147,28,26,01,021,,27,68,199,39,28,31,156,35,1*7A
$GBGSV,3,3,09,30,39,304,36,1*44
$GIGSV,1,1,02,01,,,34,06,24,135,,1*4E
$GPGGA,135237.00,4825.1420501,N,00428.4545883,W,4,23,0.5,89.932,M,51.637,M,2.0,4095*60
$GPRMC,135237.00,A,4825.1420501,N,00428.4545883,W,0.0,0.0,100626,999.9,E,D*25
$GPGSV,3,1,12,01,36,121,44,02,11,129,38,03,61,057,48,04,59,159,46,1*6D
$GPGSV,3,2,12,06,34,303,42,09,33,196,42,12,04,335,,13,03,335,,1*66
$GPGSV,3,3,12,17,49,234,45,19,45,284,45,28,13,040,37,31,19,068,39,1*68
$GSGSV,3,1,10,01,33,195,,02,34,181,41,04,28,145,41,05,29,147,,1*67
$GSGSV,3,2,10,06,33,195,,07,05,106,,08,14,112,,17,34,167,42,1*61
$GSGSV,3,3,10,28,19,125,,39,17,237,,1*68
$GLGSV,2,1,08,68,43,038,45,69,82,205,47,70,28,217,41,76,07,340,28,1*76
$GLGSV,2,2,08,77,07,024,,83,34,140,44,84,88,325,47,85,38,321,45,1*74
$GQGSV,1,1,00,1*65
$GAGSV,3,1,11,02,13,286,38,04,59,124,45,06,46,165,44,09,26,185,39,7*75
$GAGSV,3,2,11,10,56,107,45,11,84,052,43,12,32,112,37,19,31,048,35,7*7F
$GAGSV,3,3,11,25,03,237,29,28,51,079,44,30,06,335,,7*4A
$GBGSV,3,1,09,05,09,111,,07,16,042,30,10,17,054,28,11,13,315,29,1*77
$GBGSV,3,2,09,13,04,147,28,26,01,021,,27,68,199,40,28,31,156,35,1*74
$GBGSV,3,3,09,30,39,304,36,1*44
$GIGSV,1,1,02,01,,,34,06,24,135,,1*4E
$GPGGA,135238.00,4825.1420504,N,00428.4545879,W,4,23,0.5,89.928,M,51.637,M,3.0,4095*65
$GPRMC,135238.00,A,4825.1420504,N,00428.4545879,W,0.0,0.0,100626,999.9,E,D*2A
$GPGSV,3,1,12,01,36,121,45,02,11,129,38,03,61,057,48,04,59,159,46,1*6C
$GPGSV,3,2,12,06,34,303,43,09,33,196,42,12,04,335,,13,03,335,,1*67
$GPGSV,3,3,12,17,49,234,45,19,45,284,45,28,13,040,37,31,19,068,40,1*66
$GSGSV,3,1,10,01,33,195,,02,34,181,41,04,28,145,41,05,29,147,,1*67
$GSGSV,3,2,10,06,33,195,,07,05,106,,08,14,112,,17,34,167,42,1*61
$GSGSV,3,3,10,28,19,125,,39,17,237,,1*68
$GLGSV,2,1,08,68,43,038,45,69,82,206,47,70,28,217,41,76,07,340,27,1*7A
$GLGSV,2,2,08,77,07,024,,83,34,140,44,84,88,325,47,85,38,321,45,1*74
$GQGSV,1,1,00,1*65
$GAGSV,3,1,11,02,13,286,38,04,59,124,45,06,46,165,44,09,26,185,39,7*75
$GAGSV,3,2,11,10,56,107,45,11,84,052,43,12,32,112,37,19,31,048,35,7*7F
$GAGSV,3,3,11,25,03,237,31,28,51,079,44,30,06,335,,7*43
$GBGSV,3,1,09,05,09,111,,07,16,042,30,10,17,054,28,11,13,315,30,1*7F
$GBGSV,3,2,09,13,04,147,28,26,01,021,,27,68,198,39,28,31,156,34,1*7A
$GBGSV,3,3,09,30,39,304,36,1*44
$GIGSV,1,1,02,01,,,33,06,24,135,,1*49
$GPGGA,135239.00,4825.1420499,N,00428.4545893,W,4,22,0.5,89.918,M,51.637,M,1.0,4095*65
$GPRMC,135239.00,A,4825.1420499,N,00428.4545893,W,0.0,0.0,100626,999.9,E,D*2A
$GPGSV,3,1,12,01,36,121,45,02,11,129,38,03,61,057,48,04,59,159,45,1*6F
$GPGSV,3,2,12,06,34,303,43,09,33,196,42,12,04,335,,13,03,335,,1*67
$GPGSV,3,3,12,17,49,234,45,19,45,284,45,28,13,040,37,31,19,068,39,1*68
$GSGSV,3,1,10,01,33,195,,02,34,181,41,04,28,145,41,05,29,147,,1*67
$GSGSV,3,2,10,06,33,195,,07,05,106,,08,14,112,,17,34,167,43,1*60
$GSGSV,3,3,10,28,19,125,,39,17,237,,1*68
$GLGSV,2,1,08,68,43,038,45,69,82,206,47,70,28,217,40,76,07,340,26,1*7A
$GLGSV,2,2,08,77,07,024,,83,34,140,44,84,88,325,46,85,38,321,44,1*74
$GQGSV,1,1,00,1*65
$GAGSV,3,1,11,02,13,286,37,04,59,124,45,06,46,165,43,09,26,185,39,7*7D
$GAGSV,3,2,11,10,56,107,45,11,84,052,43,12,32,112,37,19,31,048,35,7*7F
$GAGSV,3,3,11,25,03,237,30,28,51,079,44,30,06,335,,7*42
$GBGSV,3,1,09,05,09,111,,07,16,042,30,10,17,054,29,11,13,315,29,1*76
$GBGSV,3,2,09,13,04,147,29,26,01,021,,27,68,198,39,28,31,156,34,1*7B
$GBGSV,3,3,09,30,39,304,36,1*44
$GIGSV,1,1,02,01,,,34,06,24,135,,1*4E
$GPGGA,135240.00,4825.1420504,N,00428.4545881,W,4,22,0.5,89.921,M,51.637,M,1.0,4095*67
$GPRMC,135240.00,A,4825.1420504,N,00428.4545881,W,0.0,0.0,100626,999.9,E,D*22
$GPGSV,3,1,12,01,36,121,44,02,11,129,37,03,61,057,48,04,59,159,45,1*61
$GPGSV,3,2,12,06,34,303,42,09,33,196,42,12,04,335,,13,03,335,,1*66
$GPGSV,3,3,12,17,49,234,45,19,45,284,46,28,13,040,37,31,19,068,39,1*6B
$GSGSV,3,1,10,01,33,195,,02,34,181,41,04,28,145,41,05,29,147,,1*67
$GSGSV,3,2,10,06,33,195,,07,05,106,,08,14,112,,17,34,167,43,1*60
$GSGSV,3,3,10,28,19,125,,39,17,237,,1*68
$GLGSV,2,1,08,68,43,038,45,69,82,206,47,70,28,217,40,76,07,340,25,1*79
$GLGSV,2,2,08,77,07,024,,83,34,140,44,84,88,325,46,85,38,321,45,1*75
$GQGSV,1,1,00,1*65
$GAGSV,3,1,11,02,13,286,38,04,59,124,45,06,46,165,43,09,26,185,40,7*7C
$GAGSV,3,2,11,10,56,107,45,11,84,052,43,12,32,112,37,19,31,048,34,7*7E
$GAGSV,3,3,11,25,03,237,30,28,51,079,44,30,06,335,,7*42
$GBGSV,3,1,09,05,09,111,,07,16,042,30,10,17,054,28,11,13,315,28,1*76
$GBGSV,3,2,09,13,04,147,28,26,01,021,,27,68,198,39,28,31,156,34,1*7A
$GBGSV,3,3,09,30,39,304,36,1*44
$GIGSV,1,1,02,01,,,34,06,24,135,,1*4E
$GPGGA,135241.00,4825.1420502,N,00428.4545879,W,4,22,0.5,89.926,M,51.637,M,2.0,4095*63
$GPRMC,135241.00,A,4825.1420502,N,00428.4545879,W,0.0,0.0,100626,999.9,E,D*22
$GPGSV,3,1,12,01,36,121,44,02,11,129,38,03,60,057,48,04,59,159,45,1*6F
$GPGSV,3,2,12,06,34,303,42,09,33,196,42,12,04,335,,13,03,335,,1*66
$GPGSV,3,3,12,17,49,234,45,19,45,284,46,28,13,040,37,31,19,068,39,1*6B
$GSGSV,3,1,10,01,33,195,,02,34,181,41,04,28,145,42,05,29,147,,1*64
$GSGSV,3,2,10,06,33,195,,07,05,106,,08,14,112,,17,34,167,43,1*60
$GSGSV,3,3,10,28,19,125,,39,17,237,,1*68
$GLGSV,2,1,08,68,43,038,45,69,82,206,47,70,28,217,40,76,07,340,25,1*79
$GLGSV,2,2,08,77,07,024,,83,34,140,44,84,88,325,47,85,38,321,44,1*75
$GQGSV,1,1,00,1*65
$GAGSV,3,1,11,02,13,286,38,04,59,124,46,06,46,165,44,09,26,185,39,7*76
$GAGSV,3,2,11,10,56,107,45,11,84,052,43,12,32,112,37,19,31,048,34,7*7E
$GAGSV,3,3,11,25,03,237,29,28,51,079,44,30,06,335,,7*4A
$GBGSV,3,1,09,05,09,111,,07,16,042,30,10,17,054,29,11,13,315,29,1*76
$GBGSV,3,2,09,13,04,147,28,26,01,021,,27,68,198,39,28,31,156,34,1*7A
$GBGSV,3,3,09,30,39,304,36,1*44
$GIGSV,1,1,02,01,,,34,06,24,135,,1*4E
$GPGGA,135242.00,4825.1420509,N,00428.4545883,W,4,23,0.5,89.929,M,51.637,M,1.0,4095*63
$GPRMC,135242.00,A,4825.1420509,N,00428.4545883,W,0.0,0.0,100626,999.9,E,D*2F
$GPGSV,3,1,12,01,36,121,44,02,11,129,38,03,60,057,48,04,59,159,45,1*6F
$GPGSV,3,2,12,06,34,303,42,09,33,196,42,12,04,335,,13,03,335,,1*66
$GPGSV,3,3,12,17,49,234,45,19,45,284,46,28,13,040,38,31,19,068,39,1*64
$GSGSV,3,1,10,01,33,195,,02,34,181,41,04,28,145,41,05,29,147,,1*67
$GSGSV,3,2,10,06,33,195,,07,05,106,,08,14,112,,17,34,167,43,1*60
$GSGSV,3,3,10,28,19,125,,39,17,237,,1*68
$GLGSV,2,1,08,68,43,038,45,69,82,206,47,70,28,217,40,76,07,340,25,1*79
$GLGSV,2,2,08,77,07,024,,83,34,140,44,84,88,325,46,85,38,321,44,1*74
$GQGSV,1,1,00,1*65
$GAGSV,3,1,11,02,13,286,38,04,59,124,46,06,46,165,44,09,26,185,39,7*76
$GAGSV,3,2,11,10,56,107,45,11,84,052,43,12,32,112,37,19,31,048,34,7*7E
$GAGSV,3,3,11,25,03,237,30,28,51,079,44,30,06,335,,7*42
$GBGSV,3,1,09,05,09,111,,07,16,042,30,10,17,054,28,11,13,315,28,1*76
$GBGSV,3,2,09,13,04,147,28,26,01,021,,27,68,198,38,28,31,156,35,1*7A
$GBGSV,3,3,09,30,39,304,37,1*45
$GIGSV,1,1,02,01,,,35,06,24,135,,1*4F
$GPGGA,135243.00,4825.1420503,N,00428.4545888,W,4,23,0.5,89.923,M,51.637,M,2.0,4095*6A
$GPRMC,135243.00,A,4825.1420503,N,00428.4545888,W,0.0,0.0,100626,999.9,E,D*2F
$GPGSV,3,1,12,01,36,121,45,02,11,129,38,03,60,057,48,04,59,159,45,1*6E
$GPGSV,3,2,12,06,34,303,42,09,33,196,42,12,04,335,,13,03,335,,1*66
$GPGSV,3,3,12,17,49,234,46,19,45,284,46,28,13,040,38,31,19,068,40,1*69
$GSGSV,3,1,10,01,33,195,,02,34,181,41,04,28,145,42,05,29,147,,1*64
$GSGSV,3,2,10,06,33,195,,07,05,106,,08,14,112,,17,34,167,42,1*61
$GSGSV,3,3,10,28,19,125,,39,17,237,,1*68
$GLGSV,2,1,08,68,43,038,44,69,82,206,47,70,28,217,40,76,07,340,26,1*7B
$GLGSV,2,2,08,77,07,024,,83,34,140,44,84,88,325,46,85,38,321,44,1*74
$GQGSV,1,1,00,1*65
$GAGSV,3,1,11,02,13,286,38,04,59,124,46,06,46,165,44,09,26,185,39,7*76
$GAGSV,3,2,11,10,56,107,45,11,84,052,43,12,32,112,37,19,31,048,35,7*7F
$GAGSV,3,3,11,25,03,237,30,28,51,079,44,30,06,335,,7*42
$GBGSV,3,1,09,05,09,111,,07,16,042,29,10,17,054,28,11,13,315,28,1*7E
$GBGSV,3,2,09,13,04,147,28,26,01,021,,27,68,198,38,28,31,156,35,1*7A
$GBGSV,3,3,09,30,39,304,36,1*44
$GIGSV,1,1,02,01,,,34,06,24,135,,1*4E
$GPGGA,135244.00,4825.1420494,N,00428.4545891,W,4,23,0.5,89.914,M,51.637,M,3.0,4095*6F
$GPRMC,135244.00,A,4825.1420494,N,00428.4545891,W,0.0,0.0,100626,999.9,E,D*2F
$GPGSV,3,1,12,01,36,121,44,02,11,129,38,03,60,057,48,04,59,159,44,1*6E
$GPGSV,3,2,12,06,34,303,42,09,33,196,42,12,04,335,,13,03,335,,1*66
$GPGSV,3,3,12,17,49,234,46,19,45,284,46,28,13,040,38,31,19,068,39,1*67
$GSGSV,3,1,10,01,33,195,,02,34,181,41,04,28,145,42,05,29,147,,1*64
$GSGSV,3,2,10,06,33,195,,07,05,106,,08,14,112,,17,34,167,42,1*61
$GSGSV,3,3,10,28,19,125,,39,17,237,,1*68
$GLGSV,2,1,08,68,43,038,44,69,82,206,47,70,28,217,41,76,07,340,27,1*7B
$GLGSV,2,2,08,77,07,024,,83,34,140,44,84,88,325,46,85,38,321,45,1*75
$GQGSV,1,1,00,1*65
$GAGSV,3,1,11,02,13,286,37,04,59,124,46,06,46,165,44,09,26,185,39,7*79
$GAGSV,3,2,11,10,56,107,46,11,84,052,43,12,32,112,37,19,31,048,35,7*7C
$GAGSV,3,3,11,25,03,237,29,28,51,079,44,30,06,335,,7*4A
$GBGSV,3,1,09,05,09,111,,07,16,042,30,10,17,054,28,11,13,315,31,1*7E
$GBGSV,3,2,09,13,04,147,27,26,01,021,,27,68,198,39,28,31,156,36,1*77
$GBGSV,3,3,09,30,39,304,37,1*45
$GIGSV,1,1,02,01,,,33,06,24,135,,1*49
$GPGGA,135245.00,4825.1420499,N,00428.4545901,W,4,23,0.5,89.921,M,51.637,M,4.0,4095*6A
$GPRMC,135245.00,A,4825.1420499,N,00428.4545901,W,0.0,0.0,100626,999.9,E,D*2B
$GPGSV,3,1,12,01,36,121,44,02,11,129,37,03,60,057,47,04,59,159,44,1*6E
$GPGSV,3,2,12,06,34,303,42,09,33,196,42,12,04,335,,13,03,335,,1*66
$GPGSV,3,3,12,17,49,234,46,19,45,284,45,28,13,040,38,31,19,068,39,1*64
$GSGSV,3,1,10,01,33,195,,02,34,181,42,04,28,145,42,05,29,147,,1*67
$GSGSV,3,2,10,06,33,195,,07,05,106,,08,14,112,,17,34,167,42,1*61
$GSGSV,3,3,10,28,19,125,,39,17,237,,1*68
$GLGSV,2,1,08,68,43,038,44,69,82,206,47,70,28,217,40,76,07,340,26,1*7B
$GLGSV,2,2,08,77,07,024,,83,34,140,44,84,88,325,46,85,38,321,45,1*75
$GQGSV,1,1,00,1*65
$GAGSV,3,1,11,02,13,286,37,04,59,124,46,06,46,165,44,09,26,185,39,7*79
$GAGSV,3,2,11,10,56,107,46,11,84,053,42,12,32,112,37,19,31,048,35,7*7C
$GAGSV,3,3,11,25,03,237,30,28,51,079,44,30,07,335,,7*43
$GBGSV,3,1,09,05,09,111,,07,16,042,30,10,17,054,27,11,13,315,30,1*70
$GBGSV,3,2,09,13,04,147,28,26,01,021,,27,68,198,40,28,31,156,35,1*75
$GBGSV,3,3,09,30,39,304,36,1*44
$GIGSV,1,1,02,01,,,34,06,24,135,,1*4E
$GPGGA,135246.00,4825.1420509,N,00428.4545876,W,4,23,0.5,89.921,M,51.637,M,1.0,4095*65
$GPRMC,135246.00,A,4825.1420509,N,00428.4545876,W,0.0,0.0,100626,999.9,E,D*21
$GPGSV,3,1,12,01,36,121,44,02,11,129,37,03,60,057,47,04,59,159,44,1*6E
$GPGSV,3,2,12,06,34,303,42,09,33,196,41,12,04,335,,13,03,335,,1*65
$GPGSV,3,3,12,17,49,234,46,19,45,284,46,28,13,040,38,31,19,068,40,1*69
$GSGSV,3,1,10,01,33,195,,02,34,181,41,04,28,145,42,05,29,147,,1*64
$GSGSV,3,2,10,06,33,195,,07,05,106,,08,14,112,,17,34,167,42,1*61
$GSGSV,3,3,10,28,19,125,,39,17,237,,1*68
$GLGSV,2,1,08,68,43,038,44,69,82,206,47,70,28,217,40,76,07,340,26,1*7B
$GLGSV,2,2,08,77,07,024,,83,34,140,44,84,88,325,46,85,38,321,45,1*75
$GQGSV,1,1,00,1*65
$GAGSV,3,1,11,02,13,286,37,04,59,124,46,06,46,165,44,09,26,185,39,7*79
$GAGSV,3,2,11,10,56,107,46,11,84,053,42,12,32,112,37,19,31,048,35,7*7C
$GAGSV,3,3,11,25,03,237,30,28,51,079,44,30,07,335,,7*43
$GBGSV,3,1,09,05,09,111,,07,16,042,30,10,17,054,29,11,13,315,30,1*7E
$GBGSV,3,2,09,13,04,147,27,26,01,021,,27,68,198,40,28,31,156,36,1*79
$GBGSV,3,3,09,30,39,304,36,1*44
$GIGSV,1,1,02,01,,,33,06,24,135,,1*49
$GPGGA,135247.00,4825.1420507,N,00428.4545895,W,4,23,0.5,89.919,M,51.637,M,1.0,4095*6C
$GPRMC,135247.00,A,4825.1420507,N,00428.4545895,W,0.0,0.0,100626,999.9,E,D*23
$GPGSV,3,1,12,01,36,121,44,02,11,129,38,03,60,057,47,04,59,159,44,1*61
$GPGSV,3,2,12,06,34,303,42,09,33,196,42,12,04,335,,13,03,335,,1*66
$GPGSV,3,3,12,17,49,234,46,19,45,284,46,28,13,040,37,31,19,068,40,1*66
$GSGSV,3,1,10,01,33,195,,02,34,181,42,04,28,145,42,05,29,147,,1*67
$GSGSV,3,2,10,06,33,195,,07,05,106,,08,14,112,,17,34,167,42,1*61
$GSGSV,3,3,10,28,19,125,,39,17,237,,1*68
$GLGSV,2,1,08,68,43,038,44,69,82,206,48,70,28,217,40,76,07,340,26,1*74
$GLGSV,2,2,08,77,07,024,,83,34,140,44,84,88,325,47,85,38,321,45,1*74
$GQGSV,1,1,00,1*65
$GAGSV,3,1,11,02,13,286,38,04,59,124,46,06,46,165,44,09,26,185,39,7*76
$GAGSV,3,2,11,10,56,107,46,11,84,053,43,12,32,112,37,19,31,048,35,7*7D
$GAGSV,3,3,11,25,03,237,28,28,51,079,44,30,07,335,,7*4A
$GBGSV,3,1,09,05,09,111,,07,16,042,30,10,17,054,28,11,13,315,28,1*76
$GBGSV,3,2,09,13,04,147,27,26,01,021,,27,68,198,40,28,31,156,35,1*7A
$GBGSV,3,3,09,30,39,304,36,1*44
$GIGSV,1,1,02,01,,,33,06,24,135,,1*49
$GPGGA,135248.00,4825.1420508,N,00428.4545903,W,4,23,0.5,89.918,M,51.637,M,2.0,4095*60
$GPRMC,135248.00,A,4825.1420508,N,00428.4545903,W,0.0,0.0,100626,999.9,E,D*2D
$GPGSV,3,1,12,01,36,121,45,02,11,129,38,03,60,058,47,04,59,159,45,1*6E
$GPGSV,3,2,12,06,34,303,42,09,33,196,42,12,04,335,,13,03,335,,1*66
$GPGSV,3,3,12,17,49,234,46,19,45,284,46,28,13,040,38,31,19,068,40,1*69
$GSGSV,3,1,10,01,33,195,,02,34,181,41,04,28,145,41,05,29,147,,1*67
$GSGSV,3,2,10,06,33,195,,07,05,106,,08,14,112,,17,34,167,42,1*61
$GSGSV,3,3,10,28,19,125,,39,17,237,,1*68
$GLGSV,2,1,08,68,43,038,44,69,82,206,47,70,28,217,40,76,07,340,27,1*7A
$GLGSV,2,2,08,77,07,024,,83,34,140,44,84,88,325,47,85,38,321,45,1*74
$GQGSV,1,1,00,1*65
$GAGSV,3,1,11,02,13,286,37,04,59,124,47,06,46,165,44,09,26,185,39,7*78
$GAGSV,3,2,11,10,56,107,46,11,84,053,43,12,32,112,37,19,30,048,35,7*7C
$GAGSV,3,3,11,25,03,237,28,28,51,079,44,30,07,335,,7*4A
$GBGSV,3,1,09,05,09,111,,07,16,042,30,10,17,054,28,11,13,315,30,1*7F
$GBGSV,3,2,09,13,04,147,27,26,01,021,,27,68,198,40,28,31,156,35,1*7A
$GBGSV,3,3,09,30,39,304,36,1*44
$GIGSV,1,1,02,01,,,33,06,24,135,,1*49
$GPGGA,135249.00,4825.1420506,N,00428.4545897,W,4,23,0.5,89.918,M,51.637,M,3.0,4095*62
$GPRMC,135249.00,A,4825.1420506,N,00428.4545897,W,0.0,0.0,100626,999.9,E,D*2E
$GPGSV,3,1,12,01,36,121,44,02,11,129,38,03,60,058,48,04,59,159,46,1*63
$GPGSV,3,2,12,06,34,303,42,09,33,196,42,12,04,335,,13,03,335,,1*66
$GPGSV,3,3,12,17,49,234,46,19,45,284,46,28,13,040,38,31,19,068,40,1*69
$GSGSV,3,1,10,01,33,195,,02,34,181,42,04,28,145,41,05,29,147,,1*64
$GSGSV,3,2,10,06,33,195,,07,05,106,,08,14,112,,17,34,167,43,1*60
$GSGSV,3,3,10,28,19,125,,39,17,237,,1*68
$GLGSV,2,1,08,68,43,038,44,69,82,206,48,70,28,217,41,76,07,339,27,1*7A
$GLGSV,2,2,08,77,07,024,,83,34,140,44,84,88,325,47,85,38,321,45,1*74
$GQGSV,1,1,00,1*65
$GAGSV,3,1,11,02,13,286,37,04,59,124,47,06,46,165,44,09,26,185,40,7*76
$GAGSV,3,2,11,10,56,107,46,11,84,053,43,12,32,112,37,19,30,048,35,7*7C
$GAGSV,3,3,11,25,03,237,27,28,51,079,44,30,07,335,,7*45
$GBGSV,3,1,09,05,09,111,,07,16,042,30,10,17,054,29,11,13,315,30,1*7E
$GBGSV,3,2,09,13,04,147,27,26,01,021,,27,68,198,40,28,31,156,36,1*79
$GBGSV,3,3,09,30,39,304,37,1*45
$GIGSV,1,1,02,01,,,34,06,24,135,,1*4E
$GPGGA,135250.00,4825.1420508,N,00428.4545889,W,4,22,0.5,89.920,M,51.637,M,1.0,4095*63
$GPRMC,135250.00,A,4825.1420508,N,00428.4545889,W,0.0,0.0,100626,999.9,E,D*27
$GPGSV,3,1,12,01,36,121,44,02,11,129,37,03,60,058,47,04,59,159,45,1*60
$GPGSV,3,2,12,06,34,303,41,09,33,196,42,12,04,335,,13,03,335,,1*65
$GPGSV,3,3,12,17,49,234,46,19,45,284,46,28,13,040,38,31,19,068,39,1*67
$GSGSV,3,1,10,01,33,195,,02,34,181,42,04,28,145,41,05,29,147,,1*64
$GSGSV,3,2,10,06,33,195,,07,05,106,,08,14,112,,17,34,167,43,1*60
$GSGSV,3,3,10,28,19,125,,39,17,237,,1*68
$GLGSV,2,1,08,68,43,038,45,69,82,206,47,70,28,217,40,76,07,339,27,1*75
$GLGSV,2,2,08,77,07,024,,83,34,140,44,84,88,325,47,85,38,321,45,1*74
$GQGSV,1,1,00,1*65
$GAGSV,3,1,11,02,13,286,36,04,59,124,46,06,46,165,44,09,26,185,39,7*78
$GAGSV,3,2,11,10,56,107,46,11,84,053,42,12,32,112,37,19,30,048,35,7*7D
$GAGSV,3,3,11,25,03,237,28,28,51,079,44,30,07,335,,7*4A
$GBGSV,3,1,09,05,09,111,,07,16,042,30,10,17,054,29,11,13,315,30,1*7E
$GBGSV,3,2,09,13,04,147,28,26,01,021,,27,68,198,40,28,31,156,36,1*76
$GBGSV,3,3,09,30,39,304,36,1*44
$GIGSV,1,1,02,01,,,34,06,24,135,,1*4E
$GPGGA,135251.00,4825.1420511,N,00428.4545903,W,4,22,0.5,89.921,M,51.637,M,1.0,4095*68
$GPRMC,135251.00,A,4825.1420511,N,00428.4545903,W,0.0,0.0,100626,999.9,E,D*2D
$GPGSV,3,1,12,01,36,121,45,02,11,129,37,03,60,058,47,04,59,159,45,1*61
$GPGSV,3,2,12,06,34,303,42,09,33,196,42,12,04,335,,13,03,335,,1*66
$GPGSV,3,3,12,17,49,234,46,19,45,284,46,28,13,040,38,31,19,068,40,1*69
$GSGSV,3,1,10,01,33,195,,02,34,181,42,04,28,145,41,05,29,147,,1*64
$GSGSV,3,2,10,06,33,195,,07,05,106,,08,14,112,,17,34,167,42,1*61
$GSGSV,3,3,10,28,19,125,,39,17,237,,1*68
$GLGSV,2,1,08,68,43,038,44,69,82,206,47,70,28,217,41,76,07,339,27,1*75
$GLGSV,2,2,08,77,07,024,,83,34,140,44,84,88,325,46,85,38,321,44,1*74
$GQGSV,1,1,00,1*65
$GAGSV,3,1,11,02,13,286,37,04,59,124,46,06,46,165,44,09,26,185,39,7*79
$GAGSV,3,2,11,10,56,107,46,11,84,053,42,12,32,112,37,19,30,048,35,7*7D
$GAGSV,3,3,11,25,03,237,28,28,51,079,44,30,07,335,,7*4A
$GBGSV,3,1,09,05,09,111,,07,16,042,30,10,17,054,29,11,13,315,30,1*7E
$GBGSV,3,2,09,13,04,147,28,26,01,021,,27,68,198,39,28,30,156,35,1*7A
$GBGSV,3,3,09,30,39,304,36,1*44
$GIGSV,1,1,02,01,,,34,06,24,135,,1*4E
$GPGGA,135252.00,4825.1420523,N,00428.4545901,W,4,22,0.5,89.920,M,51.637,M,2.0,4095*6A
$GPRMC,135252.00,A,4825.1420523,N,00428.4545901,W,0.0,0.0,100626,999.9,E,D*2D
$GPGSV,3,1,12,01,36,121,45,02,11,129,37,03,60,058,47,04,59,159,45,1*61
$GPGSV,3,2,12,06,34,303,42,09,33,196,42,12,04,335,,13,03,335,,1*66
$GPGSV,3,3,12,17,49,234,46,19,45,284,46,28,13,040,38,31,19,068,40,1*69
$GSGSV,3,1,10,01,33,195,,02,34,181,41,04,28,145,41,05,29,147,,1*67
$GSGSV,3,2,10,06,33,195,,07,05,106,,08,14,112,,17,34,167,42,1*61
$GSGSV,3,3,10,28,19,125,,39,17,237,,1*68
$GLGSV,2,1,08,68,43,038,44,69,82,206,48,70,28,217,41,76,07,339,28,1*75
$GLGSV,2,2,08,77,07,024,,83,34,140,44,84,88,324,46,85,38,321,44,1*75
$GQGSV,1,1,00,1*65
$GAGSV,3,1,11,02,13,286,37,04,59,124,46,06,46,165,44,09,26,185,40,7*77
$GAGSV,3,2,11,10,56,107,46,11,84,053,42,12,32,112,37,19,30,048,36,7*7E
$GAGSV,3,3,11,25,03,237,28,28,51,079,44,30,07,335,,7*4A
$GBGSV,3,1,09,05,09,111,,07,16,042,31,10,17,054,29,11,13,315,29,1*77
$GBGSV,3,2,09,13,04,147,28,26,01,021,,27,68,198,40,28,30,156,35,1*74
$GBGSV,3,3,09,30,39,304,36,1*44
$GIGSV,1,1,02,01,,,35,06,24,135,,1*4F
$GPGGA,135253.00,4825.1420530,N,00428.4545903,W,4,22,0.5,89.918,M,51.637,M,3.0,4095*61
$GPRMC,135253.00,A,4825.1420530,N,00428.4545903,W,0.0,0.0,100626,999.9,E,D*2C
$GPGSV,3,1,12,01,36,121,45,02,11,129,37,03,60,058,48,04,59,159,45,1*6E
$GPGSV,3,2,12,06,34,303,42,09,33,196,42,12,04,335,,13,03,335,,1*66
$GPGSV,3,3,12,17,49,234,46,19,45,284,45,28,13,040,38,31,19,068,38,1*65
$GSGSV,3,1,10,01,33,195,,02,34,181,41,04,28,145,42,05,29,147,,1*64
$GSGSV,3,2,10,06,33,195,,07,05,106,,08,14,112,,17,34,167,43,1*60
$GSGSV,3,3,10,28,19,125,,39,17,237,,1*68
$GLGSV,2,1,08,68,43,038,45,69,82,206,48,70,29,217,41,76,07,339,28,1*75
$GLGSV,2,2,08,77,07,024,,83,34,140,44,84,88,324,47,85,38,321,45,1*75
$GQGSV,1,1,00,1*65
$GAGSV,3,1,11,02,13,286,37,04,59,124,46,06,46,165,44,09,26,185,39,7*79
$GAGSV,3,2,11,10,56,107,46,11,84,053,42,12,32,112,38,19,30,048,35,7*72
$GAGSV,3,3,11,25,03,237,27,28,51,079,44,30,07,335,,7*45
$GBGSV,3,1,09,05,09,111,,07,16,042,30,10,17,054,28,11,13,315,30,1*7F
$GBGSV,3,2,09,13,04,147,28,26,01,021,,27,68,198,40,28,30,156,35,1*74
$GBGSV,3,3,09,30,39,304,36,1*44
$GIGSV,1,1,02,01,,,35,06,24,135,,1*4F
$GPGGA,135254.00,4825.1420514,N,00428.4545891,W,4,23,0.5,89.919,M,51.637,M,1.0,4095*68
$GPRMC,135254.00,A,4825.1420514,N,00428.4545891,W,0.0,0.0,100626,999.9,E,D*27
$GPGSV,3,1,12,01,36,121,44,02,11,129,37,03,60,058,48,04,59,159,45,1*6F
$GPGSV,3,2,12,06,34,303,42,09,33,196,42,12,04,335,,13,03,335,,1*66
$GPGSV,3,3,12,17,49,234,46,19,45,284,46,28,13,040,38,31,19,068,39,1*67
$GSGSV,3,1,10,01,33,195,,02,34,181,42,04,28,145,41,05,29,147,,1*64
$GSGSV,3,2,10,06,33,195,,07,05,106,,08,14,112,,17,34,167,42,1*61
$GSGSV,3,3,10,28,19,125,,39,17,237,,1*68
$GLGSV,2,1,08,68,43,038,44,69,82,206,47,70,29,217,41,76,07,339,27,1*74
$GLGSV,2,2,08,77,07,024,,83,34,140,44,84,88,324,46,85,38,321,45,1*74
$GQGSV,1,1,00,1*65
$GAGSV,3,1,11,02,13,286,37,04,59,124,46,06,46,165,44,09,26,185,40,7*77
$GAGSV,3,2,11,10,56,107,46,11,84,053,43,12,32,112,37,19,30,048,35,7*7C
$GAGSV,3,3,11,25,03,237,28,28,51,079,44,30,07,335,,7*4A
$GBGSV,3,1,09,05,09,111,,07,16,042,30,10,17,054,29,11,13,315,30,1*7E
$GBGSV,3,2,09,13,04,147,28,26,01,021,,27,68,198,39,28,30,156,35,1*7A
$GBGSV,3,3,09,30,39,304,36,1*44
$GIGSV,1,1,02,01,,,34,06,24,135,,1*4E
$GPGGA,135255.00,4825.1420514,N,00428.4545881,W,4,22,0.5,89.926,M,51.637,M,1.0,4095*65
$GPRMC,135255.00,A,4825.1420514,N,00428.4545881,W,0.0,0.0,100626,999.9,E,D*27
$GPGSV,3,1,12,01,36,121,43,02,11,129,37,03,60,058,48,04,59,159,45,1*68
$GPGSV,3,2,12,06,34,303,42,09,33,196,42,12,04,335,,13,03,335,,1*66
$GPGSV,3,3,12,17,49,234,46,19,45,284,46,28,13,040,37,31,19,068,39,1*68
$GSGSV,3,1,10,01,33,195,,02,34,181,42,04,28,145,41,05,29,147,,1*64
$GSGSV,3,2,10,06,33,195,,07,05,106,,08,14,112,,17,34,167,42,1*61
$GSGSV,3,3,10,28,19,125,,39,17,237,,1*68
$GLGSV,2,1,08,68,43,038,44,69,82,206,47,70,29,217,41,76,07,339,26,1*75
$GLGSV,2,2,08,77,07,024,,83,34,140,44,84,88,324,46,85,38,321,45,1*74
$GQGSV,1,1,00,1*65
$GAGSV,3,1,11,02,13,286,37,04,59,124,46,06,46,165,44,09,26,185,39,7*79
$GAGSV,3,2,11,10,56,107,46,11,84,053,43,12,32,112,37,19,30,048,35,7*7C
$GAGSV,3,3,11,25,03,237,,28,51,079,44,30,07,335,,7*40
$GBGSV,3,1,09,05,09,111,,07,16,042,30,10,17,054,29,11,13,315,29,1*76
$GBGSV,3,2,09,13,04,147,28,26,01,021,,27,68,198,40,28,30,156,35,1*74
$GBGSV,3,3,09,30,39,304,36,1*44
$GIGSV,1,1,02,01,,,34,06,24,135,,1*4E
$GPGGA,135256.00,4825.1420504,N,00428.4545886,W,4,22,0.5,89.924,M,51.637,M,2.0,4095*61
$GPRMC,135256.00,A,4825.1420504,N,00428.4545886,W,0.0,0.0,100626,999.9,E,D*22
$GPGSV,3,1,12,01,36,121,43,02,11,129,37,03,60,058,48,04,59,159,45,1*68
$GPGSV,3,2,12,06,34,303,42,09,33,196,42,12,04,335,,13,03,335,,1*66
$GPGSV,3,3,12,17,49,234,46,19,45,284,45,28,13,040,38,31,19,068,40,1*6A
$GSGSV,3,1,10,01,33,195,,02,34,181,42,04,28,145,42,05,29,147,,1*67
$GSGSV,3,2,10,06,33,195,,07,05,106,,08,14,112,,17,34,167,42,1*61
$GSGSV,3,3,10,28,19,125,,39,17,237,,1*68
$GLGSV,2,1,08,68,43,038,45,69,82,206,47,70,29,217,41,76,07,339,25,1*77
$GLGSV,2,2,08,77,07,024,,83,34,140,44,84,88,324,46,85,38,321,44,1*75
$GQGSV,1,1,00,1*65
$GAGSV,3,1,11,02,13,286,37,04,59,124,46,06,46,165,45,09,26,185,39,7*78
$GAGSV,3,2,11,10,56,107,46,11,84,053,43,12,32,112,37,19,30,048,34,7*7D
$GAGSV,3,3,11,25,03,237,,28,51,079,44,30,07,335,,7*40
$GBGSV,3,1,09,05,09,111,,07,16,042,30,10,17,054,28,11,13,315,30,1*7F
$GBGSV,3,2,09,13,04,147,28,26,01,021,,27,68,198,40,28,30,156,35,1*74
$GBGSV,3,3,09,30,39,304,36,1*44
$GIGSV,1,1,02,01,,,35,06,24,135,,1*4F
$GPGGA,135257.00,4825.1420501,N,00428.4545889,W,4,22,0.5,89.925,M,51.637,M,3.0,4095*6A
$GPRMC,135257.00,A,4825.1420501,N,00428.4545889,W,0.0,0.0,100626,999.9,E,D*29
$GPGSV,3,1,12,01,36,121,43,02,11,129,37,03,60,058,48,04,59,159,45,1*68
$GPGSV,3,2,12,06,34,303,42,09,33,196,42,12,04,335,,13,03,335,,1*66
$GPGSV,3,3,12,17,49,234,46,19,45,284,45,28,13,040,38,31,19,068,40,1*6A
$GSGSV,3,1,10,01,33,195,,02,34,181,42,04,28,145,42,05,29,147,,1*67
$GSGSV,3,2,10,06,33,195,,07,05,106,,08,14,112,,17,34,167,43,1*60
$GSGSV,3,3,10,28,19,125,,39,17,237,,1*68
$GLGSV,2,1,08,68,43,038,45,69,82,206,48,70,29,217,41,76,07,339,26,1*7B
$GLGSV,2,2,08,77,07,024,,83,34,140,44,84,88,324,46,85,38,321,44,1*75
$GQGSV,1,1,00,1*65
$GAGSV,3,1,11,02,13,286,37,04,59,124,46,06,46,165,45,09,26,185,39,7*78
$GAGSV,3,2,11,10,56,107,46,11,84,053,42,12,32,112,37,19,30,048,35,7*7D
$GAGSV,3,3,11,25,03,237,,28,51,079,44,30,07,335,,7*40
$GBGSV,3,1,09,05,09,111,,07,16,042,29,10,17,054,28,11,13,315,30,1*77
$GBGSV,3,2,09,13,04,147,28,26,01,021,,27,68,198,40,28,30,156,36,1*77
$GBGSV,3,3,09,30,39,304,35,1*47
$GIGSV,1,1,02,01,,,34,06,24,135,,1*4E
$GPGGA,135258.00,4825.1420527,N,00428.4545908,W,4,23,0.5,89.919,M,51.637,M,1.0,4095*65
$GPRMC,135258.00,A,4825.1420527,N,00428.4545908,W,0.0,0.0,100626,999.9,E,D*2A
$GPGSV,3,1,12,01,36,121,43,02,11,129,37,03,60,058,48,04,59,159,45,1*68
$GPGSV,3,2,12,06,34,303,41,09,33,196,42,12,04,335,,13,03,335,,1*65
$GPGSV,3,3,12,17,49,234,46,19,46,284,45,28,13,040,37,31,19,068,40,1*66
$GSGSV,3,1,10,01,33,195,,02,34,181,41,04,28,145,42,05,29,147,,1*64
$GSGSV,3,2,10,06,33,195,,07,05,106,,08,14,112,,17,34,167,42,1*61
$GSGSV,3,3,10,28,19,125,,39,17,237,,1*68
$GLGSV,2,1,08,68,43,038,45,69,82,206,47,70,29,217,41,76,07,339,27,1*75
$GLGSV,2,2,08,77,07,024,,83,34,140,44,84,88,324,46,85,38,321,44,1*75
$GQGSV,1,1,00,1*65
$GAGSV,3,1,11,02,13,286,37,04,59,124,46,06,46,165,44,09,26,185,39,7*79
$GAGSV,3,2,11,10,56,107,46,11,84,053,42,12,32,112,37,19,30,048,35,7*7D
$GAGSV,3,3,11,25,03,237,,28,51,079,44,30,07,335,,7*40
$GBGSV,3,1,09,05,09,111,,07,16,042,30,10,17,054,29,11,13,315,30,1*7E
$GBGSV,3,2,09,13,04,147,28,26,01,021,,27,68,198,39,28,30,156,36,1*79
$GBGSV,3,3,09,30,39,304,36,1*44
$GIGSV,1,1,02,01,,,34,06,24,135,,1*4E
$GPGGA,135259.00,4825.1420509,N,00428.4545891,W,4,23,0.5,89.926,M,51.637,M,1.0,4095*65
$GPRMC,135259.00,A,4825.1420509,N,00428.4545891,W,0.0,0.0,100626,999.9,E,D*26
$GPGSV,3,1,12,01,36,121,44,02,11,129,37,03,60,058,48,04,59,159,45,1*6F
$GPGSV,3,2,12,06,34,303,42,09,33,196,42,12,04,335,,13,03,335,,1*66
$GPGSV,3,3,12,17,49,234,46,19,46,284,45,28,13,040,37,31,19,068,40,1*66
$GSGSV,3,1,10,01,33,195,,02,34,181,41,04,28,145,42,05,29,147,,1*64
$GSGSV,3,2,10,06,33,195,,07,05,106,,08,14,112,,17,34,167,42,1*61
$GSGSV,3,3,10,28,19,125,,39,17,237,,1*68
$GLGSV,2,1,08,68,43,038,45,69,82,206,47,70,29,217,41,76,07,339,26,1*74
$GLGSV,2,2,08,77,07,024,,83,34,140,44,84,88,324,47,85,38,321,44,1*74
$GQGSV,1,1,00,1*65
$GAGSV,3,1,11,02,13,286,37,04,59,124,46,06,46,165,44,09,26,185,38,7*78
$GAGSV,3,2,11,10,56,107,46,11,84,053,42,12,32,112,37,19,30,048,34,7*7C
$GAGSV,3,3,11,25,03,237,,28,51,079,44,30,07,335,,7*40
$GBGSV,3,1,09,05,09,111,,07,16,042,30,10,17,054,28,11,13,315,30,1*7F
$GBGSV,3,2,09,13,04,147,28,26,01,021,,27,68,198,40,28,30,156,36,1*77
$GBGSV,3,3,09,30,39,304,36,1*44
$GIGSV,1,1,02,01,,,34,06,24,135,,1*4E
$GPGGA,135300.00,4825.1420499,N,00428.4545886,W,4,23,0.5,89.924,M,51.637,M,2.0,4095*67
$GPRMC,135300.00,A,4825.1420499,N,00428.4545886,W,0.0,0.0,100626,999.9,E,D*25
$GPGSV,3,1,12,01,36,121,44,02,11,129,37,03,60,058,48,04,59,159,45,1*6F
$GPGSV,3,2,12,06,34,303,42,09,33,196,42,12,04,335,,13,03,335,,1*66
$GPGSV,3,3,12,17,49,234,46,19,46,284,45,28,13,040,37,31,19,068,40,1*66
$GSGSV,3,1,10,01,33,195,,02,34,181,41,04,28,145,42,05,29,147,,1*64
$GSGSV,3,2,10,06,33,195,,07,05,106,,08,14,112,,17,34,167,42,1*61
$GSGSV,3,3,10,28,19,125,,39,17,237,,1*68
$GLGSV,2,1,08,68,43,038,45,69,82,206,47,70,29,217,40,76,07,339,26,1*75
$GLGSV,2,2,08,77,07,024,,83,34,140,44,84,88,324,47,85,38,321,44,1*74
$GQGSV,1,1,00,1*65
$GAGSV,3,1,11,02,13,286,37,04,59,124,46,06,46,165,44,09,26,185,38,7*78
$GAGSV,3,2,11,10,56,107,46,11,84,053,43,12,32,112,37,19,30,048,35,7*7C
$GAGSV,3,3,11,25,03,237,,28,51,079,44,30,07,335,,7*40
$GBGSV,3,1,09,05,09,111,,07,16,042,30,10,17,054,29,11,13,315,30,1*7E
$GBGSV,3,2,09,13,04,147,28,26,01,021,,27,68,198,40,28,30,156,36,1*77
$GBGSV,3,3,09,30,39,304,36,1*44
$GIGSV,1,1,02,01,,,33,06,24,135,,1*49
$GPGGA,135301.00,4825.1420490,N,00428.4545887,W,4,23,0.5,89.923,M,51.637,M,3.0,4095*68
$GPRMC,135301.00,A,4825.1420490,N,00428.4545887,W,0.0,0.0,100626,999.9,E,D*2C
$GPGSV,3,1,12,01,36,121,44,02,11,129,38,03,60,058,48,04,59,159,46,1*63
$GPGSV,3,2,12,06,34,303,42,09,33,196,42,12,04,335,,13,03,335,,1*66
$GPGSV,3,3,12,17,49,234,46,19,46,284,45,28,13,040,37,31,19,068,40,1*66
$GSGSV,3,1,10,01,33,195,,02,34,181,41,04,28,145,41,05,29,147,,1*67
$GSGSV,3,2,10,06,33,195,,07,05,106,,08,14,112,,17,34,167,42,1*61
$GSGSV,3,3,10,28,19,125,,39,17,237,,1*68
$GLGSV,2,1,08,68,43,038,45,69,82,206,47,70,29,217,41,76,07,339,27,1*75
$GLGSV,2,2,08,77,07,024,,83,34,140,45,84,88,324,47,85,38,321,45,1*74
$GQGSV,1,1,00,1*65
$GAGSV,3,1,11,02,13,286,37,04,59,124,46,06,46,165,44,09,26,185,38,7*78
$GAGSV,3,2,11,10,56,107,46,11,84,054,43,12,32,112,37,19,30,048,35,7*7B
$GAGSV,3,3,11,25,03,237,,28,51,079,44,30,07,335,,7*40
$GBGSV,3,1,09,05,09,111,,07,16,042,30,10,17,054,29,11,13,315,30,1*7E
$GBGSV,3,2,09,13,04,147,27,26,01,021,,27,67,198,40,28,30,156,36,1*77
$GBGSV,3,3,09,30,39,304,36,1*44
$GIGSV,1,1,02,01,,,34,06,24,135,,1*4E
$GPGGA,135302.00,4825.1420504,N,00428.4545876,W,4,23,0.5,89.919,M,51.637,M,1.0,4095*62
$GPRMC,135302.00,A,4825.1420504,N,00428.4545876,W,0.0,0.0,100626,999.9,E,D*2D
$GPGSV,3,1,12,01,36,121,44,02,11,129,38,03,60,058,48,04,59,159,45,1*60
$GPGSV,3,2,12,06,34,303,42,09,33,196,42,12,04,335,,13,03,335,,1*66
$GPGSV,3,3,12,17,49,234,46,19,46,284,45,28,13,040,37,31,19,068,40,1*66
$GSGSV,3,1,10,01,33,195,,02,34,181,41,04,28,145,41,05,29,147,,1*67
$GSGSV,3,2,10,06,33,195,,07,05,106,,08,14,112,,17,34,167,43,1*60
$GSGSV,3,3,10,28,19,125,,39,17,237,,1*68
$GLGSV,2,1,08,68,43,038,45,69,82,206,47,70,29,217,41,76,07,339,26,1*74
$GLGSV,2,2,08,77,07,024,,83,34,140,45,84,88,324,47,85,38,321,44,1*75
$GQGSV,1,1,00,1*65
$GAGSV,3,1,11,02,13,286,37,04,59,124,46,06,46,165,44,09,26,185,38,7*78
$GAGSV,3,2,11,10,56,107,46,11,84,054,43,12,32,112,37,19,30,048,35,7*7B
$GAGSV,3,3,11,25,03,237,,28,51,079,44,30,07,335,,7*40
$GBGSV,3,1,09,05,09,111,,07,16,042,30,10,17,054,29,11,13,315,30,1*7E
$GBGSV,3,2,09,13,04,147,28,26,01,021,,27,67,198,39,28,30,156,35,1*75
$GBGSV,3,3,09,30,39,304,36,1*44
$GIGSV,1,1,02,01,,,33,06,24,135,,1*49
$GPGGA,135303.00,4825.1420514,N,00428.4545877,W,4,23,0.5,89.922,M,51.637,M,1.0,4095*6B
$GPRMC,135303.00,A,4825.1420514,N,00428.4545877,W,0.0,0.0,100626,999.9,E,D*2C
$GPGSV,3,1,12,01,36,121,43,02,11,129,38,03,60,058,48,04,59,159,46,1*64
$GPGSV,3,2,12,06,34,303,42,09,33,196,42,12,04,335,,13,03,335,,1*66
$GPGSV,3,3,12,17,49,234,46,19,46,284,45,28,13,040,37,31,19,068,40,1*66
$GSGSV,3,1,10,01,33,195,,02,34,181,41,04,28,145,41,05,29,147,,1*67
$GSGSV,3,2,10,06,33,195,,07,05,106,,08,14,112,,17,34,167,43,1*60
$GSGSV,3,3,10,28,19,125,,39,17,237,,1*68
$GLGSV,2,1,08,68,43,038,45,69,82,206,47,70,29,217,41,76,07,339,27,1*75
$GLGSV,2,2,08,77,07,024,,83,34,140,44,84,88,324,46,85,38,321,45,1*74
$GQGSV,1,1,00,1*65
$GAGSV,3,1,11,02,13,286,36,04,59,124,46,06,46,165,44,09,26,185,38,7*79
$GAGSV,3,2,11,10,56,107,47,11,84,054,43,12,31,112,37,19,30,048,35,7*79
$GAGSV,3,3,11,25,03,237,,28,51,079,44,30,07,335,,7*40
$GBGSV,3,1,09,05,09,111,,07,16,042,30,10,17,054,28,11,13,315,30,1*7F
$GBGSV,3,2,09,13,04,147,28,26,01,021,,27,67,198,40,28,30,156,35,1*7B
$GBGSV,3,3,09,30,39,304,36,1*44
$GIGSV,1,1,02,01,,,34,06,24,135,,1*4E
$GPGGA,135304.00,4825.1420516,N,00428.4545897,W,4,23,0.5,89.924,M,51.637,M,2.0,4095*65
$GPRMC,135304.00,A,4825.1420516,N,00428.4545897,W,0.0,0.0,100626,999.9,E,D*27
$GPGSV,3,1,12,01,36,121,44,02,11,129,37,03,60,058,47,04,59,159,46,1*63
$GPGSV,3,2,12,06,34,303,42,09,33,196,42,12,04,335,,13,03,335,,1*66
$GPGSV,3,3,12,17,49,234,46,19,46,284,44,28,13,040,36,31,19,068,40,1*66
$GSGSV,3,1,10,01,33,195,,02,34,181,41,04,28,145,41,05,29,147,,1*67
$GSGSV,3,2,10,06,33,195,,07,05,106,,08,14,112,,17,34,167,43,1*60
$GSGSV,3,3,10,28,19,125,,39,17,237,,1*68
$GLGSV,2,1,08,68,43,038,45,69,82,206,47,70,29,217,41,76,07,339,27,1*75
$GLGSV,2,2,08,77,07,024,,83,34,140,44,84,88,324,46,85,38,321,44,1*75
$GQGSV,1,1,00,1*65
$GAGSV,3,1,11,02,13,286,36,04,59,124,46,06,46,165,44,09,26,185,39,7*78
$GAGSV,3,2,11,10,56,107,46,11,84,054,43,12,31,112,37,19,30,048,36,7*7B
$GAGSV,3,3,11,25,03,237,,28,51,079,44,30,07,335,,7*40
$GBGSV,3,1,09,05,09,111,,07,16,042,30,10,17,054,28,11,13,315,30,1*7F
$GBGSV,3,2,09,13,04,147,28,26,01,021,,27,67,198,40,28,30,156,35,1*7B
$GBGSV,3,3,09,30,39,304,36,1*44
$GIGSV,1,1,02,01,,,34,06,24,135,,1*4E
$GPGGA,135305.00,4825.1420499,N,00428.4545903,W,4,22,0.5,89.922,M,51.637,M,2.0,4095*69
$GPRMC,135305.00,A,4825.1420499,N,00428.4545903,W,0.0,0.0,100626,999.9,E,D*2C
$GPGSV,3,1,12,01,36,121,44,02,11,129,37,03,60,058,48,04,59,159,46,1*6C
$GPGSV,3,2,12,06,34,303,41,09,33,196,41,12,04,335,,13,03,335,,1*66
$GPGSV,3,3,12,17,49,234,46,19,46,284,44,28,13,040,37,31,19,068,40,1*67
$GSGSV,3,1,10,01,33,195,,02,34,181,42,04,28,145,42,05,29,147,,1*67
$GSGSV,3,2,10,06,33,195,,07,05,106,,08,14,112,,17,34,167,43,1*60
$GSGSV,3,3,10,28,19,125,,39,17,237,,1*68
$GLGSV,2,1,08,68,43,038,45,69,82,206,47,70,29,217,41,76,07,339,26,1*74
$GLGSV,2,2,08,77,07,024,,83,34,140,44,84,88,324,46,85,38,321,44,1*75
$GQGSV,1,1,00,1*65
$GAGSV,3,1,11,02,13,286,36,04,59,124,46,06,46,165,44,09,26,185,39,7*78
$GAGSV,3,2,11,10,56,107,46,11,84,054,43,12,31,112,37,19,30,048,35,7*78
$GAGSV,3,3,11,25,03,237,,28,51,079,44,30,07,335,,7*40
$GBGSV,3,1,09,05,09,111,,07,16,042,30,10,17,054,29,11,13,315,29,1*76
$GBGSV,3,2,09,13,04,147,28,26,01,021,,27,67,198,40,28,30,156,35,1*7B
$GBGSV,3,3,09,30,39,304,36,1*44
$GIGSV,1,1,02,01,,,35,06,24,135,,1*4F
$GPGGA,135306.00,4825.1420503,N,00428.4545892,W,4,23,0.5,89.925,M,51.637,M,1.0,4095*64
$GPRMC,135306.00,A,4825.1420503,N,00428.4545892,W,0.0,0.0,100626,999.9,E,D*24
$GPGSV,3,1,12,01,36,121,44,02,11,129,37,03,60,058,47,04,59,159,46,1*63
$GPGSV,3,2,12,06,34,303,41,09,33,196,42,12,04,335,,13,03,335,,1*65
$GPGSV,3,3,12,17,49,234,45,19,46,284,45,28,13,040,36,31,19,068,40,1*64
$GSGSV,3,1,10,01,33,195,,02,34,181,41,04,28,145,41,05,29,147,,1*67
$GSGSV,3,2,10,06,33,195,,07,05,106,,08,14,112,,17,34,167,42,1*61
$GSGSV,3,3,10,28,19,125,,39,17,237,,1*68
$GLGSV,2,1,08,68,43,038,44,69,82,206,47,70,29,217,41,76,07,339,26,1*75
$GLGSV,2,2,08,77,07,024,,83,34,140,44,84,88,324,46,85,38,321,44,1*75
$GQGSV,1,1,00,1*65
$GAGSV,3,1,11,02,13,286,36,04,59,124,46,06,46,165,44,09,26,185,39,7*78
$GAGSV,3,2,11,10,56,107,46,11,84,054,43,12,31,112,37,19,30,048,35,7*78
$GAGSV,3,3,11,25,03,237,,28,51,079,44,30,07,335,,7*40
$GBGSV,3,1,09,05,09,111,,07,16,042,31,10,17,054,28,11,13,315,30,1*7E
$GBGSV,3,2,09,13,04,147,28,26,01,021,,27,67,198,40,28,30,156,35,1*7B
$GBGSV,3,3,09,30,39,304,36,1*44
$GIGSV,1,1,02,01,,,34,06,24,135,,1*4E
$GPGGA,135307.00,4825.1420501,N,00428.4545872,W,4,23,0.5,89.922,M,51.637,M,1.0,4095*6E
$GPRMC,135307.00,A,4825.1420501,N,00428.4545872,W,0.0,0.0,100626,999.9,E,D*29
$GPGSV,3,1,12,01,36,121,44,02,11,129,37,03,60,058,47,04,59,159,46,1*63
$GPGSV,3,2,12,06,34,303,41,09,33,196,42,12,04,335,,13,03,335,,1*65
$GPGSV,3,3,12,17,49,234,46,19,46,284,44,28,13,040,36,31,19,068,40,1*66
$GSGSV,3,1,10,01,33,195,,02,34,181,41,04,28,145,41,05,29,147,,1*67
$GSGSV,3,2,10,06,33,195,,07,05,106,,08,14,112,,17,34,167,42,1*61
$GSGSV,3,3,10,28,19,125,,39,17,237,,1*68
$GLGSV,2,1,08,68,43,038,45,69,82,206,47,70,29,217,41,76,07,339,26,1*74
$GLGSV,2,2,08,77,07,024,,83,34,140,44,84,88,324,47,85,38,321,44,1*74
$GQGSV,1,1,00,1*65
$GAGSV,3,1,11,02,13,286,36,04,59,124,46,06,46,165,44,09,26,185,39,7*78
$GAGSV,3,2,11,10,56,107,46,11,84,054,43,12,31,112,37,19,30,048,34,7*79
$GAGSV,3,3,11,25,03,237,,28,51,079,45,30,07,335,,7*41
$GBGSV,3,1,09,05,09,111,,07,16,042,30,10,17,054,28,11,13,315,29,1*77
$GBGSV,3,2,09,13,04,147,28,26,01,021,,27,67,198,39,28,30,156,35,1*75
$GBGSV,3,3,09,30,39,304,36,1*44
$GIGSV,1,1,02,01,,,35,06,24,135,,1*4F
$GPGGA,135308.00,4825.1420494,N,00428.4545886,W,4,23,0.5,89.923,M,51.637,M,2.0,4095*65
$GPRMC,135308.00,A,4825.1420494,N,00428.4545886,W,0.0,0.0,100626,999.9,E,D*20
$GPGSV,3,1,12,01,36,121,44,02,11,129,37,03,60,058,47,04,59,159,45,1*60
$GPGSV,3,2,12,06,34,303,41,09,33,196,42,12,04,335,,13,03,335,,1*65
$GPGSV,3,3,12,17,49,234,46,19,46,284,45,28,13,040,36,31,19,068,40,1*67
$GSGSV,3,1,10,01,33,195,,02,34,181,42,04,28,145,41,05,29,147,,1*64
$GSGSV,3,2,10,06,33,195,,07,05,106,,08,14,112,,17,34,167,42,1*61
$GSGSV,3,3,10,28,19,125,,39,17,237,,1*68
$GLGSV,2,1,08,68,43,038,44,69,82,206,47,70,29,217,41,76,07,339,26,1*75
$GLGSV,2,2,08,77,07,024,,83,34,140,44,84,88,324,47,85,38,321,44,1*74
$GQGSV,1,1,00,1*65
$GAGSV,3,1,11,02,13,286,37,04,59,124,46,06,46,165,44,09,26,185,39,7*79
$GAGSV,3,2,11,10,56,107,46,11,84,054,43,12,31,112,38,19,30,048,35,7*77
$GAGSV,3,3,11,25,03,237,,28,51,079,44,30,07,335,,7*40
$GBGSV,3,1,09,05,09,111,,07,16,042,30,10,17,054,28,11,13,315,29,1*77
$GBGSV,3,2,09,13,04,147,28,26,01,021,,27,67,198,39,28,30,156,36,1*76
$GBGSV,3,3,09,30,39,304,36,1*44
$GIGSV,1,1,02,01,,,35,06,24,135,,1*4F
$GPGGA,135309.00,4825.1420493,N,00428.4545873,W,4,23,0.5,89.922,M,51.637,M,3.0,4095*69
$GPRMC,135309.00,A,4825.1420493,N,00428.4545873,W,0.0,0.0,100626,999.9,E,D*2C
$GPGSV,3,1,12,01,36,121,44,02,11,129,37,03,60,058,48,04,59,159,46,1*6C
$GPGSV,3,2,12,06,34,303,41,09,33,196,42,12,04,335,,13,03,335,,1*65
$GPGSV,3,3,12,17,49,234,46,19,46,284,44,28,13,040,37,31,19,068,39,1*69
$GSGSV,3,1,10,01,33,195,,02,34,181,42,04,28,145,41,05,29,147,,1*64
$GSGSV,3,2,10,06,33,195,,07,05,106,,08,14,112,,17,34,167,42,1*61
$GSGSV,3,3,10,28,19,125,,39,17,237,,1*68
$GLGSV,2,1,08,68,43,038,45,69,82,206,47,70,29,217,41,76,07,339,27,1*75
$GLGSV,2,2,08,77,07,024,,83,34,140,45,84,88,324,46,85,38,321,45,1*75
$GQGSV,1,1,00,1*65
$GAGSV,3,1,11,02,13,286,37,04,59,124,46,06,46,165,44,09,26,185,39,7*79
$GAGSV,3,2,11,10,56,107,46,11,84,054,43,12,31,112,37,19,30,048,35,7*78
$GAGSV,3,3,11,25,03,237,,28,51,079,44,30,07,335,,7*40
$GBGSV,3,1,09,05,09,111,,07,16,042,30,10,17,054,28,11,13,315,28,1*76
$GBGSV,3,2,09,13,04,147,28,26,01,021,,27,67,198,40,28,30,156,36,1*78
$GBGSV,3,3,09,30,39,304,36,1*44
$GIGSV,1,1,02,01,,,35,06,24,135,,1*4F
$GPGGA,135310.00,4825.1420495,N,00428.4545867,W,4,23,0.5,89.916,M,51.637,M,1.0,4095*67
$GPRMC,135310.00,A,4825.1420495,N,00428.4545867,W,0.0,0.0,100626,999.9,E,D*27
$GPGSV,3,1,12,01,36,121,44,02,11,129,37,03,60,058,47,04,60,159,46,1*69
$GPGSV,3,2,12,06,34,303,42,09,33,196,42,12,04,335,,13,03,335,,1*66
$GPGSV,3,3,12,17,49,234,46,19,46,284,44,28,13,040,37,31,19,068,39,1*69
$GSGSV,3,1,10,01,33,195,,02,34,181,42,04,28,145,41,05,29,147,,1*64
$GSGSV,3,2,10,06,33,195,,07,05,106,,08,14,112,,17,34,167,42,1*61
$GSGSV,3,3,10,28,19,125,,39,17,237,,1*68
$GLGSV,2,1,08,68,43,038,45,69,82,206,47,70,29,217,40,76,07,339,26,1*75
$GLGSV,2,2,08,77,07,024,,83,34,140,45,84,88,324,46,85,38,321,45,1*75
$GQGSV,1,1,00,1*65
$GAGSV,3,1,11,02,13,286,36,04,59,124,46,06,46,165,44,09,26,185,40,7*76
$GAGSV,3,2,11,10,56,107,46,11,84,054,43,12,31,112,37,19,30,048,35,7*78
$GAGSV,3,3,11,25,03,237,,28,51,079,44,30,07,335,,7*40
$GBGSV,3,1,09,05,09,111,,07,16,042,30,10,17,054,28,11,13,315,29,1*77
$GBGSV,3,2,09,13,04,147,27,26,01,021,,27,67,198,39,28,30,156,35,1*7A
$GBGSV,3,3,09,30,39,304,36,1*44
$GIGSV,1,1,02,01,,,34,06,24,135,,1*4E
$GPGGA,135311.00,4825.1420508,N,00428.4545885,W,4,22,0.5,89.923,M,51.637,M,1.0,4095*68
$GPRMC,135311.00,A,4825.1420508,N,00428.4545885,W,0.0,0.0,100626,999.9,E,D*2F
$GPGSV,3,1,12,01,36,121,44,02,11,129,37,03,60,058,48,04,60,159,46,1*66
$GPGSV,3,2,12,06,34,303,42,09,33,196,42,12,04,335,,13,03,335,,1*66
$GPGSV,3,3,12,17,49,234,45,19,46,284,44,28,13,040,37,31,19,068,40,1*64
$GSGSV,3,1,10,01,33,195,,02,34,181,42,04,28,145,41,05,29,147,,1*64
$GSGSV,3,2,10,06,33,195,,07,05,106,,08,14,112,,17,34,167,42,1*61
$GSGSV,3,3,10,28,19,125,,39,17,237,,1*68
$GLGSV,2,1,08,68,43,038,45,69,82,206,47,70,29,217,41,76,07,339,27,1*75
$GLGSV,2,2,08,77,07,024,,83,34,140,45,84,88,323,46,85,38,321,44,1*73
$GQGSV,1,1,00,1*65
$GAGSV,3,1,11,02,13,286,37,04,59,124,46,06,46,165,44,09,26,185,40,7*77
$GAGSV,3,2,11,10,56,107,46,11,84,054,43,12,31,112,37,19,30,048,35,7*78
$GAGSV,3,3,11,25,03,237,,28,51,079,44,30,07,335,,7*40
$GBGSV,3,1,09,05,09,111,,07,16,042,29,10,17,054,28,11,13,315,29,1*7F
$GBGSV,3,2,09,13,04,147,27,26,01,021,,27,67,198,39,28,30,156,35,1*7A
$GBGSV,3,3,09,30,39,304,36,1*44
$GIGSV,1,1,02,01,,,35,06,24,135,,1*4F
$GPGGA,135312.00,4825.1420503,N,00428.4545889,W,4,22,0.5,89.920,M,51.637,M,2.0,4095*6C
$GPRMC,135312.00,A,4825.1420503,N,00428.4545889,W,0.0,0.0,100626,999.9,E,D*2B
$GPGSV,3,1,12,01,36,121,44,02,11,129,37,03,60,058,48,04,60,159,46,1*66
$GPGSV,3,2,12,06,34,303,41,09,33,196,42,12,04,335,,13,03,335,,1*65
$GPGSV,3,3,12,17,49,234,46,19,46,284,44,28,13,040,37,31,19,068,39,1*69
$GSGSV,3,1,10,01,33,195,,02,34,181,41,04,28,145,41,05,29,147,,1*67
$GSGSV,3,2,10,06,33,195,,07,05,106,,08,14,112,,17,34,167,43,1*60
$GSGSV,3,3,10,28,19,125,,39,17,237,,1*68
$GLGSV,2,1,08,68,43,038,45,69,82,206,48,70,29,217,41,76,07,339,27,1*7A
$GLGSV,2,2,08,77,07,024,,83,34,140,45,84,88,323,46,85,38,321,44,1*73
$GQGSV,1,1,00,1*65
$GAGSV,3,1,11,02,13,286,37,04,59,124,46,06,46,165,44,09,26,185,40,7*77
$GAGSV,3,2,11,10,56,107,46,11,84,054,42,12,31,112,37,19,30,048,34,7*78
$GAGSV,3,3,11,25,03,237,,28,51,079,44,30,07,335,,7*40
$GBGSV,3,1,09,05,09,111,,07,16,042,30,10,17,054,28,11,13,315,29,1*77
$GBGSV,3,2,09,13,04,147,28,26,01,021,,27,67,198,39,28,30,156,35,1*75
$GBGSV,3,3,09,30,39,304,36,1*44
$GIGSV,1,1,02,01,,,35,06,24,135,,1*4F
$GPGGA,135313.00,4825.1420502,N,00428.4545892,W,4,22,0.5,89.923,M,51.637,M,3.0,4095*64
$GPRMC,135313.00,A,4825.1420502,N,00428.4545892,W,0.0,0.0,100626,999.9,E,D*21
$GPGSV,3,1,12,01,36,121,44,02,11,129,37,03,60,058,48,04,60,159,46,1*66
$GPGSV,3,2,12,06,34,303,42,09,33,196,43,12,04,335,,13,03,335,,1*67
$GPGSV,3,3,12,17,49,234,46,19,46,284,44,28,13,040,38,31,19,068,40,1*68
$GSGSV,3,1,10,01,33,195,,02,34,181,41,04,28,145,42,05,29,147,,1*64
$GSGSV,3,2,10,06,33,195,,07,05,106,,08,14,112,,17,34,167,42,1*61
$GSGSV,3,3,10,28,19,125,,39,17,237,,1*68
$GLGSV,2,1,08,68,43,038,45,69,82,206,47,70,29,217,41,76,07,339,27,1*75
$GLGSV,2,2,08,77,07,024,,83,34,140,45,84,88,323,46,85,38,321,44,1*73
$GQGSV,1,1,00,1*65
$GAGSV,3,1,11,02,13,286,37,04,59,124,46,06,46,165,44,09,26,185,39,7*79
$GAGSV,3,2,11,10,56,107,46,11,84,054,42,12,31,112,37,19,30,048,34,7*78
$GAGSV,3,3,11,25,03,237,,28,51,079,44,30,07,335,,7*40
$GBGSV,3,1,09,05,09,111,,07,16,042,28,10,17,054,29,11,13,315,29,1*7F
$GBGSV,3,2,09,13,04,147,28,26,01,021,,27,67,198,40,28,30,156,35,1*7B
$GBGSV,3,3,09,30,39,304,36,1*44
$GIGSV,1,1,02,01,,,35,06,24,135,,1*4F
$GPGGA,135314.00,4825.1420499,N,00428.4545874,W,4,23,0.5,89.923,M,51.637,M,1.0,4095*6B
$GPRMC,135314.00,A,4825.1420499,N,00428.4545874,W,0.0,0.0,100626,999.9,E,D*2D
$GPGSV,3,1,12,01,36,121,44,02,11,129,37,03,60,058,48,04,60,159,46,1*66
$GPGSV,3,2,12,06,34,303,42,09,33,196,42,12,04,335,,13,03,335,,1*66
$GPGSV,3,3,12,17,49,234,46,19,46,284,45,28,13,040,38,31,19,068,40,1*69
$GSGSV,3,1,10,01,33,195,,02,34,181,41,04,28,145,42,05,29,147,,1*64
$GSGSV,3,2,10,06,33,195,,07,05,106,,08,14,112,,17,34,167,42,1*61
$GSGSV,3,3,10,28,19,125,,39,17,237,,1*68
$GLGSV,2,1,08,68,43,038,44,69,82,206,47,70,29,217,41,76,07,339,27,1*74
$GLGSV,2,2,08,77,07,024,,83,34,140,45,84,88,323,46,85,38,321,44,1*73
$GQGSV,1,1,00,1*65
$GAGSV,3,1,11,02,13,286,37,04,59,124,46,06,47,165,44,09,26,185,40,7*76
$GAGSV,3,2,11,10,56,107,46,11,84,054,42,12,31,112,37,19,30,048,34,7*78
$GAGSV,3,3,11,25,03,237,,28,51,079,44,30,07,335,,7*40
$GBGSV,3,1,09,05,09,111,,07,16,042,30,10,17,054,29,11,13,315,29,1*76
$GBGSV,3,2,09,13,04,147,27,26,01,021,,27,67,198,39,28,30,156,35,1*7A
$GBGSV,3,3,09,30,39,304,36,1*44
$GIGSV,1,1,02,01,,,35,06,24,135,,1*4F
$GPGGA,135315.00,4825.1420507,N,00428.4545878,W,4,23,0.5,89.922,M,51.637,M,1.0,4095*61
$GPRMC,135315.00,A,4825.1420507,N,00428.4545878,W,0.0,0.0,100626,999.9,E,D*26
$GPGSV,3,1,12,01,36,121,44,02,11,129,37,03,60,058,48,04,60,159,46,1*66
$GPGSV,3,2,12,06,34,303,42,09,33,196,42,12,04,335,,13,03,335,,1*66
$GPGSV,3,3,12,17,49,234,46,19,46,284,44,28,13,040,37,31,19,068,40,1*67
$GSGSV,3,1,10,01,33,195,,02,34,181,41,04,28,145,42,05,29,147,,1*64
$GSGSV,3,2,10,06,33,195,,07,05,106,,08,14,112,,17,34,167,42,1*61
$GSGSV,3,3,10,28,19,125,,39,17,237,,1*68
$GLGSV,2,1,08,68,43,038,44,69,82,206,47,70,29,217,41,76,07,339,27,1*74
$GLGSV,2,2,08,77,07,024,,83,34,140,44,84,88,323,46,85,38,321,45,1*73
$GQGSV,1,1,00,1*65
$GAGSV,3,1,11,02,13,286,37,04,59,124,46,06,47,165,44,09,26,185,40,7*76
$GAGSV,3,2,11,10,56,107,46,11,84,054,43,12,31,112,37,19,30,048,35,7*78
$GAGSV,3,3,11,25,03,237,,28,51,079,44,30,07,335,,7*40
$GBGSV,3,1,09,05,09,111,,07,16,042,30,10,17,054,29,11,13,315,29,1*76
$GBGSV,3,2,09,13,04,147,28,26,01,021,,27,67,198,39,28,30,156,35,1*75
$GBGSV,3,3,09,30,39,304,36,1*44
$GIGSV,1,1,02,01,,,35,06,24,135,,1*4F
$GPGGA,135316.00,4825.1420505,N,00428.4545891,W,4,23,0.5,89.924,M,51.637,M,1.0,4095*61
$GPRMC,135316.00,A,4825.1420505,N,00428.4545891,W,0.0,0.0,100626,999.9,E,D*20
$GPGSV,3,1,12,01,36,121,44,02,11,129,38,03,60,058,48,04,60,159,46,1*69
$GPGSV,3,2,12,06,34,303,42,09,33,196,42,12,04,335,,13,03,334,,1*67
$GPGSV,3,3,12,17,49,234,46,19,46,284,45,28,13,040,37,31,19,068,40,1*66
$GSGSV,3,1,10,01,33,195,,02,34,181,41,04,28,145,42,05,29,147,,1*64
$GSGSV,3,2,10,06,33,195,,07,05,106,,08,14,112,,17,34,167,42,1*61
$GSGSV,3,3,10,28,19,125,,39,17,237,,1*68
$GLGSV,2,1,08,68,43,038,44,69,82,206,47,70,29,217,40,76,07,339,28,1*7A
$GLGSV,2,2,08,77,07,024,,83,34,140,44,84,88,323,47,85,38,321,44,1*73
$GQGSV,1,1,00,1*65
$GAGSV,3,1,11,02,13,286,37,04,59,124,46,06,47,165,44,09,26,185,40,7*76
$GAGSV,3,2,11,10,56,107,45,11,84,054,43,12,31,112,37,19,30,048,34,7*7A
$GAGSV,3,3,11,25,03,237,,28,51,078,44,30,07,335,,7*41
$GBGSV,3,1,09,05,09,111,,07,16,042,30,10,17,054,29,11,13,315,30,1*7E
$GBGSV,3,2,09,13,04,147,28,26,01,021,,27,67,198,39,28,30,156,35,1*75
$GBGSV,3,3,09,30,39,304,36,1*44
$GIGSV,1,1,02,01,,,35,06,24,135,,1*4F
$GPGGA,135317.00,4825.1420512,N,00428.4545888,W,4,23,0.5,89.921,M,51.637,M,2.0,4095*68
$GPRMC,135317.00,A,4825.1420512,N,00428.4545888,W,0.0,0.0,100626,999.9,E,D*2F
$GPGSV,3,1,12,01,36,121,44,02,11,129,37,03,60,058,48,04,60,159,46,1*66
$GPGSV,3,2,12,06,34,303,42,09,33,196,42,12,04,335,,13,03,334,,1*67
$GPGSV,3,3,12,17,49,234,46,19,46,284,45,28,13,040,37,31,19,068,40,1*66
$GSGSV,3,1,10,01,33,195,,02,34,181,42,04,28,145,42,05,29,147,,1*67
$GSGSV,3,2,10,06,33,195,,07,05,106,,08,14,112,,17,34,167,42,1*61
$GSGSV,3,3,10,28,19,125,,39,17,237,,1*68
$GLGSV,2,1,08,68,43,038,44,69,82,206,47,70,29,217,41,76,07,339,28,1*7B
$GLGSV,2,2,08,77,07,024,,83,34,140,44,84,88,323,47,85,38,321,44,1*73
$GQGSV,1,1,00,1*65
$GAGSV,3,1,11,02,13,286,37,04,59,124,46,06,47,165,45,09,26,185,40,7*77
$GAGSV,3,2,11,10,56,107,46,11,84,054,43,12,31,112,37,19,30,048,34,7*79
$GAGSV,3,3,11,25,03,237,,28,51,078,45,30,07,335,,7*40
$GBGSV,3,1,09,05,09,111,,07,16,042,30,10,17,054,29,11,13,315,30,1*7E
$GBGSV,3,2,09,13,04,147,28,26,01,021,,27,67,198,39,28,30,156,35,1*75
$GBGSV,3,3,09,30,39,304,36,1*44
$GIGSV,1,1,02,01,,,35,06,24,135,,1*4F
$GPGGA,135318.00,4825.1420504,N,00428.4545895,W,4,22,0.5,89.923,M,51.637,M,1.0,4095*6C
$GPRMC,135318.00,A,4825.1420504,N,00428.4545895,W,0.0,0.0,100626,999.9,E,D*2B
$GPGSV,3,1,12,01,36,121,44,02,11,129,37,03,60,058,48,04,60,159,46,1*66
$GPGSV,3,2,12,06,34,303,42,09,33,196,42,12,04,335,,13,03,334,,1*67
$GPGSV,3,3,12,17,49,234,46,19,46,284,44,28,13,040,38,31,19,068,40,1*68
$GSGSV,3,1,10,01,33,195,,02,34,181,41,04,28,145,41,05,29,147,,1*67
$GSGSV,3,2,10,06,33,195,,07,05,106,,08,14,112,,17,34,167,42,1*61
$GSGSV,3,3,10,28,19,125,,39,17,237,,1*68
$GLGSV,2,1,08,68,43,038,44,69,83,206,47,70,29,217,41,76,07,339,27,1*75
$GLGSV,2,2,08,77,07,024,,83,34,140,44,84,88,323,46,85,38,321,44,1*72
$GQGSV,1,1,00,1*65
$GAGSV,3,1,11,02,13,286,37,04,59,124,46,06,47,165,45,09,27,185,40,7*76
$GAGSV,3,2,11,10,56,107,45,11,84,055,43,12,31,112,37,19,30,048,34,7*7B
$GAGSV,3,3,11,25,03,237,,28,51,078,44,30,07,335,,7*41
$GBGSV,3,1,09,05,09,111,,07,16,042,30,10,17,054,29,11,13,315,30,1*7E
$GBGSV,3,2,09,13,04,147,28,26,01,021,,27,67,198,39,28,30,156,35,1*75
$GBGSV,3,3,09,30,39,304,36,1*44
$GIGSV,1,1,02,01,,,35,06,24,135,,1*4F
$GPGGA,135319.00,4825.1420508,N,00428.4545882,W,4,22,0.5,89.922,M,51.637,M,1.0,4095*66
$GPRMC,135319.00,A,4825.1420508,N,00428.4545882,W,0.0,0.0,100626,999.9,E,D*20
$GPGSV,3,1,12,01,36,121,44,02,11,129,37,03,60,058,48,04,60,159,46,1*66
$GPGSV,3,2,12,06,34,303,43,09,33,196,42,12,04,335,,13,03,334,,1*66
$GPGSV,3,3,12,17,49,234,46,19,46,284,45,28,13,040,37,31,19,068,40,1*66
$GSGSV,3,1,10,01,33,195,,02,34,181,41,04,28,145,41,05,29,147,,1*67
$GSGSV,3,2,10,06,33,195,,07,05,106,,08,14,112,,17,34,167,42,1*61
$GSGSV,3,3,10,28,19,125,,39,17,237,,1*68
$GLGSV,2,1,08,68,43,038,44,69,83,206,47,70,29,217,40,76,07,339,27,1*74
$GLGSV,2,2,08,77,07,024,,83,34,140,44,84,88,323,46,85,38,321,44,1*72
$GQGSV,1,1,00,1*65
$GAGSV,3,1,11,02,13,286,37,04,59,124,46,06,47,165,44,09,27,185,40,7*77
$GAGSV,3,2,11,10,56,107,46,11,84,055,43,12,31,112,37,19,30,048,34,7*78
$GAGSV,3,3,11,25,03,237,,28,51,078,44,30,07,335,,7*41
$GBGSV,3,1,09,05,09,111,,07,16,042,30,10,17,054,28,11,13,315,30,1*7F
$GBGSV,3,2,09,13,04,147,28,26,01,021,,27,67,198,39,28,30,156,35,1*75
$GBGSV,3,3,09,30,39,304,36,1*44
$GIGSV,1,1,02,01,,,35,06,24,135,,1*4F
$GPGGA,135320.00,4825.1420521,N,00428.4545886,W,4,22,0.5,89.919,M,51.637,M,2.0,4095*68
$GPRMC,135320.00,A,4825.1420521,N,00428.4545886,W,0.0,0.0,100626,999.9,E,D*25
$GPGSV,3,1,12,01,36,121,43,02,11,129,38,03,60,058,47,04,60,159,47,1*60
$GPGSV,3,2,12,06,34,303,43,09,33,196,41,12,04,335,,13,03,334,,1*65
$GPGSV,3,3,12,17,49,234,46,19,46,284,45,28,13,040,37,31,19,068,41,1*67
$GSGSV,3,1,10,01,33,195,,02,34,181,41,04,28,145,41,05,29,147,,1*67
$GSGSV,3,2,10,06,33,195,,07,05,106,,08,14,112,,17,34,167,43,1*60
$GSGSV,3,3,10,28,19,125,,39,17,237,,1*68
$GLGSV,2,1,08,68,43,038,45,69,83,206,47,70,29,217,41,76,07,339,28,1*7B
$GLGSV,2,2,08,77,07,024,,83,34,140,44,84,88,323,46,85,38,321,44,1*72
$GQGSV,1,1,00,1*65
$GAGSV,3,1,11,02,13,286,37,04,59,124,46,06,47,165,44,09,27,185,39,7*79
$GAGSV,3,2,11,10,56,107,46,11,84,055,42,12,31,112,37,19,30,048,34,7*79
$GAGSV,3,3,11,25,03,237,,28,51,078,45,30,07,335,,7*40
$GBGSV,3,1,09,05,09,111,,07,16,042,30,10,17,054,28,11,13,315,30,1*7F
$GBGSV,3,2,09,13,04,147,29,26,01,021,,27,67,198,40,28,30,156,35,1*7A
$GBGSV,3,3,09,30,39,304,36,1*44
$GIGSV,1,1,02,01,,,36,06,24,135,,1*4C
$GPGGA,135321.00,4825.1420525,N,00428.4545881,W,4,22,0.5,89.915,M,51.637,M,3.0,4095*67
$GPRMC,135321.00,A,4825.1420525,N,00428.4545881,W,0.0,0.0,100626,999.9,E,D*27
$GPGSV,3,1,12,01,36,121,43,02,11,129,37,03,60,058,47,04,60,159,46,1*6E
$GPGSV,3,2,12,06,34,303,42,09,33,196,41,12,04,335,,13,03,334,,1*64
$GPGSV,3,3,12,17,49,234,46,19,46,284,45,28,13,040,37,31,19,068,40,1*66
$GSGSV,3,1,10,01,33,195,,02,34,181,42,04,28,145,41,05,29,147,,1*64
$GSGSV,3,2,10,06,33,195,,07,05,106,,08,14,112,,17,34,167,43,1*60
$GSGSV,3,3,10,28,19,125,,39,17,237,,1*68
$GLGSV,2,1,08,68,43,038,44,69,83,206,47,70,29,217,41,76,07,339,27,1*75
$GLGSV,2,2,08,77,07,024,,83,34,140,45,84,88,323,46,85,38,321,45,1*72
$GQGSV,1,1,00,1*65
$GAGSV,3,1,11,02,13,286,37,04,59,124,45,06,47,165,44,09,27,185,40,7*74
$GAGSV,3,2,11,10,56,107,46,11,84,055,42,12,31,112,37,19,30,048,35,7*78
$GAGSV,3,3,11,25,03,237,,28,51,078,45,30,07,335,,7*40
$GBGSV,3,1,09,05,09,111,,07,16,042,30,10,17,054,29,11,13,315,30,1*7E
$GBGSV,3,2,09,13,04,147,28,26,01,021,,27,67,198,39,28,30,156,34,1*74
$GBGSV,3,3,09,30,39,304,36,1*44
$GIGSV,1,1,02,01,,,36,06,24,135,,1*4C
$GPGGA,135322.00,4825.1420515,N,00428.4545882,W,4,23,0.5,89.913,M,51.637,M,1.0,4095*61
$GPRMC,135322.00,A,4825.1420515,N,00428.4545882,W,0.0,0.0,100626,999.9,E,D*24
$GPGSV,3,1,12,01,36,121,44,02,11,129,38,03,60,058,48,04,60,159,46,1*69
$GPGSV,3,2,12,06,34,303,42,09,33,196,41,12,04,335,,13,03,334,,1*64
$GPGSV,3,3,12,17,49,234,46,19,46,284,44,28,13,040,36,31,19,068,41,1*67
$GSGSV,3,1,10,01,33,195,,02,34,181,41,04,28,145,41,05,29,147,,1*67
$GSGSV,3,2,10,06,33,195,,07,05,106,,08,14,112,,17,34,167,43,1*60
$GSGSV,3,3,10,28,19,125,,39,17,237,,1*68
$GLGSV,2,1,08,68,43,038,44,69,83,206,47,70,29,217,41,76,07,339,27,1*75
$GLGSV,2,2,08,77,07,024,,83,34,140,44,84,88,323,46,85,38,321,44,1*72
$GQGSV,1,1,00,1*65
$GAGSV,3,1,11,02,13,286,37,04,59,124,45,06,47,165,45,09,27,185,40,7*75
$GAGSV,3,2,11,10,56,107,46,11,84,055,42,12,31,112,38,19,30,048,35,7*77
$GAGSV,3,3,11,25,03,237,,28,51,078,45,30,07,335,,7*40
$GBGSV,3,1,09,05,09,111,,07,16,042,30,10,17,054,29,11,13,315,30,1*7E
$GBGSV,3,2,09,13,04,147,28,26,01,021,,27,67,198,39,28,30,156,34,1*74
$GBGSV,3,3,09,30,39,304,36,1*44
$GIGSV,1,1,02,01,,,36,06,24,135,,1*4C
$GPGGA,135323.00,4825.1420511,N,00428.4545882,W,4,23,0.5,89.920,M,51.637,M,1.0,4095*64
$GPRMC,135323.00,A,4825.1420511,N,00428.4545882,W,0.0,0.0,100626,999.9,E,D*21
$GPGSV,3,1,12,01,36,121,44,02,11,129,37,03,60,058,48,04,60,159,45,1*65
$GPGSV,3,2,12,06,34,304,42,09,33,196,41,12,04,335,,13,03,334,,1*63
$GPGSV,3,3,12,17,49,234,46,19,46,284,44,28,13,040,36,31,19,068,40,1*66
$GSGSV,3,1,10,01,33,195,,02,34,181,41,04,28,145,42,05,29,147,,1*64
$GSGSV,3,2,10,06,33,195,,07,05,106,,08,14,112,,17,34,167,43,1*60
$GSGSV,3,3,10,28,19,125,,39,17,237,,1*68
$GLGSV,2,1,08,68,43,038,44,69,83,206,47,70,29,217,41,76,07,339,26,1*74
$GLGSV,2,2,08,77,07,024,,83,34,140,45,84,88,323,46,85,38,321,44,1*73
$GQGSV,1,1,00,1*65
$GAGSV,3,1,11,02,13,286,37,04,59,124,46,06,47,165,44,09,27,185,40,7*77
$GAGSV,3,2,11,10,56,107,46,11,84,055,42,12,31,112,38,19,30,048,34,7*76
$GAGSV,3,3,11,25,03,237,,28,51,078,45,30,07,335,,7*40
$GBGSV,3,1,09,05,09,111,,07,16,042,30,10,17,054,28,11,13,315,30,1*7F
$GBGSV,3,2,09,13,04,147,28,26,01,021,,27,67,198,39,28,30,156,33,1*73
$GBGSV,3,3,09,30,39,304,36,1*44
$GIGSV,1,1,02,01,,,35,06,24,135,,1*4F
$GPGGA,135324.00,4825.1420507,N,00428.4545884,W,4,23,0.5,89.918,M,51.637,M,2.0,4095*6A
$GPRMC,135324.00,A,4825.1420507,N,00428.4545884,W,0.0,0.0,100626,999.9,E,D*27
$GPGSV,3,1,12,01,36,121,44,02,11,129,37,03,60,058,48,04,60,159,46,1*66
$GPGSV,3,2,12,06,34,304,42,09,33,196,41,12,04,335,,13,03,334,,1*63
$GPGSV,3,3,12,17,49,234,46,19,46,284,44,28,13,040,37,31,19,068,39,1*69
$GSGSV,3,1,10,01,33,195,,02,34,181,41,04,28,145,41,05,29,147,,1*67
$GSGSV,3,2,10,06,33,195,,07,05,106,,08,14,112,,17,34,167,42,1*61
$GSGSV,3,3,10,28,19,125,,39,17,237,,1*68
$GLGSV,2,1,08,68,43,038,45,69,83,206,47,70,29,217,41,76,07,339,26,1*75
$GLGSV,2,2,08,77,07,024,,83,34,140,45,84,88,323,46,85,38,321,45,1*72
$GQGSV,1,1,00,1*65
$GAGSV,3,1,11,02,13,286,37,04,59,124,46,06,47,165,44,09,27,185,40,7*77
$GAGSV,3,2,11,10,56,107,46,11,84,055,42,12,31,112,37,19,30,048,34,7*79
$GAGSV,3,3,11,25,03,237,,28,51,078,44,30,07,335,,7*41
$GBGSV,3,1,09,05,09,111,,07,16,042,30,10,17,054,28,11,13,315,30,1*7F
$GBGSV,3,2,09,13,04,147,28,26,01,021,,27,67,198,38,28,30,156,34,1*75
$GBGSV,3,3,09,30,39,304,37,1*45
$GIGSV,1,1,02,01,,,36,06,24,135,,1*4C
$GPGGA,135325.00,4825.1420508,N,00428.4545893,W,4,23,0.5,89.921,M,51.637,M,3.0,4095*69
$GPRMC,135325.00,A,4825.1420508,N,00428.4545893,W,0.0,0.0,100626,999.9,E,D*2F
$GPGSV,3,1,12,01,36,121,45,02,11,129,37,03,60,058,48,04,60,159,46,1*67
$GPGSV,3,2,12,06,34,304,42,09,33,196,41,12,04,335,,13,03,334,,1*63
$GPGSV,3,3,12,17,49,234,46,19,46,284,44,28,13,040,37,31,19,068,39,1*69
$GSGSV,3,1,10,01,33,195,,02,34,181,41,04,28,145,42,05,29,147,,1*64
$GSGSV,3,2,10,06,33,195,,07,05,106,,08,14,112,,17,34,167,42,1*61
$GSGSV,3,3,10,28,19,125,,39,17,237,,1*68
$GLGSV,2,1,08,68,43,038,45,69,83,206,47,70,29,217,41,76,07,339,26,1*75
$GLGSV,2,2,08,77,07,024,,83,34,140,45,84,88,323,46,85,38,321,45,1*72
$GQGSV,1,1,00,1*65
$GAGSV,3,1,11,02,13,286,38,04,59,124,46,06,47,165,43,09,27,185,39,7*71
$GAGSV,3,2,11,10,56,107,46,11,84,055,42,12,31,112,37,19,30,048,34,7*79
$GAGSV,3,3,11,25,03,237,,28,51,078,44,30,07,335,,7*41
$GBGSV,3,1,09,05,09,111,,07,16,042,31,10,17,054,29,11,13,315,29,1*77
$GBGSV,3,2,09,13,04,147,28,26,01,021,,27,67,198,39,28,30,156,35,1*75
$GBGSV,3,3,09,30,39,304,37,1*45
$GIGSV,1,1,02,01,,,36,06,24,135,,1*4C
$GPGGA,135326.00,4825.1420507,N,00428.4545882,W,4,22,0.5,89.923,M,51.637,M,1.0,4095*64
$GPRMC,135326.00,A,4825.1420507,N,00428.4545882,W,0.0,0.0,100626,999.9,E,D*23
$GPGSV,3,1,12,01,36,121,44,02,11,129,37,03,60,058,48,04,60,159,46,1*66
$GPGSV,3,2,12,06,34,304,42,09,33,196,42,12,04,335,,13,03,334,,1*60
$GPGSV,3,3,12,17,49,234,45,19,46,284,44,28,13,040,38,31,19,068,40,1*6B
$GSGSV,3,1,10,01,33,195,,02,34,181,41,04,28,145,42,05,29,147,,1*64
$GSGSV,3,2,10,06,33,195,,07,05,106,,08,14,112,,17,34,167,43,1*60
$GSGSV,3,3,10,28,19,125,,39,17,237,,1*68
$GLGSV,2,1,08,68,43,038,44,69,83,206,47,70,29,217,40,76,07,339,25,1*76
$GLGSV,2,2,08,77,07,024,,83,34,140,45,84,88,323,46,85,38,321,45,1*72
$GQGSV,1,1,00,1*65
$GAGSV,3,1,11,02,13,286,38,04,59,124,45,06,47,165,43,09,27,185,40,7*7C
$GAGSV,3,2,11,10,56,107,46,11,84,055,42,12,31,112,37,19,30,048,34,7*79
$GAGSV,3,3,11,25,03,237,,28,51,078,44,30,07,335,,7*41
$GBGSV,3,1,09,05,09,111,,07,16,042,31,10,17,054,28,11,13,315,30,1*7E
$GBGSV,3,2,09,13,04,147,29,26,01,021,,27,67,198,39,28,30,156,34,1*75
$GBGSV,3,3,09,30,39,304,36,1*44
$GIGSV,1,1,02,01,,,35,06,24,135,,1*4F
$GPGGA,135327.00,4825.1420516,N,00428.4545892,W,4,22,0.5,89.927,M,51.637,M,1.0,4095*60
$GPRMC,135327.00,A,4825.1420516,N,00428.4545892,W,0.0,0.0,100626,999.9,E,D*23
$GPGSV,3,1,12,01,36,121,44,02,11,129,37,03,60,058,48,04,60,159,46,1*66
$GPGSV,3,2,12,06,34,304,42,09,33,196,42,12,04,335,,13,03,334,,1*60
$GPGSV,3,3,12,17,49,234,46,19,46,284,44,28,13,040,37,31,19,068,40,1*67
$GSGSV,3,1,10,01,33,195,,02,34,181,41,04,28,145,41,05,29,147,,1*67
$GSGSV,3,2,10,06,33,195,,07,05,106,,08,14,112,,17,34,167,43,1*60
$GSGSV,3,3,10,28,19,125,,39,17,237,,1*68
$GLGSV,2,1,08,68,43,038,44,69,83,206,46,70,29,217,41,76,07,339,26,1*75
$GLGSV,2,2,08,77,07,024,,83,34,140,45,84,88,322,46,85,38,321,45,1*73
$GQGSV,1,1,00,1*65
$GAGSV,3,1,11,02,13,286,37,04,59,124,45,06,47,165,44,09,27,185,40,7*74
$GAGSV,3,2,11,10,56,107,46,11,84,055,43,12,31,112,37,19,30,048,34,7*78
$GAGSV,3,3,11,25,03,237,,28,51,078,44,30,07,335,,7*41
$GBGSV,3,1,09,05,09,111,,07,16,042,31,10,17,054,28,11,13,315,30,1*7E
$GBGSV,3,2,09,13,04,147,28,26,01,021,,27,67,198,39,28,30,156,35,1*75
$GBGSV,3,3,09,30,39,304,37,1*45
$GIGSV,1,1,02,01,,,35,06,24,135,,1*4F
$GPGGA,135328.00,4825.1420527,N,00428.4545897,W,4,22,0.5,89.925,M,51.637,M,2.0,4095*69
$GPRMC,135328.00,A,4825.1420527,N,00428.4545897,W,0.0,0.0,100626,999.9,E,D*2B
$GPGSV,3,1,12,01,36,121,43,02,11,129,37,03,60,058,48,04,60,159,46,1*61
$GPGSV,3,2,12,06,34,304,42,09,33,196,42,12,04,334,,13,03,334,,1*61
$GPGSV,3,3,12,17,49,234,46,19,46,284,45,28,13,040,37,31,19,068,40,1*66
$GSGSV,3,1,10,01,33,195,,02,34,181,41,04,28,145,41,05,29,147,,1*67
$GSGSV,3,2,10,06,33,195,,07,05,106,,08,14,112,,17,34,167,43,1*60
$GSGSV,3,3,10,28,19,125,,39,17,237,,1*68
$GLGSV,2,1,08,68,43,038,45,69,83,206,46,70,29,217,41,76,07,339,26,1*74
$GLGSV,2,2,08,77,07,024,,83,34,140,44,84,88,322,46,85,38,321,45,1*72
$GQGSV,1,1,00,1*65
$GAGSV,3,1,11,02,13,286,37,04,59,124,45,06,47,165,44,09,27,185,39,7*7A
$GAGSV,3,2,11,10,56,107,46,11,84,055,43,12,31,112,37,19,30,048,35,7*79
$GAGSV,3,3,11,25,03,237,,28,51,078,44,30,07,335,,7*41
$GBGSV,3,1,09,05,09,111,,07,16,042,31,10,17,054,29,11,13,315,30,1*7F
$GBGSV,3,2,09,13,04,147,28,26,01,021,,27,67,198,39,28,30,156,34,1*74
$GBGSV,3,3,09,30,39,304,36,1*44
$GIGSV,1,1,02,01,,,35,06,24,135,,1*4F
$GPGGA,135329.00,4825.1420533,N,00428.4545896,W,4,22,0.5,89.930,M,51.637,M,3.0,4095*69
$GPRMC,135329.00,A,4825.1420533,N,00428.4545896,W,0.0,0.0,100626,999.9,E,D*2E
$GPGSV,3,1,12,01,36,121,43,02,11,129,36,03,60,058,48,04,60,159,46,1*60
$GPGSV,3,2,12,06,34,304,42,09,33,196,42,12,04,334,,13,03,334,,1*61
$GPGSV,3,3,12,17,49,234,46,19,46,284,45,28,13,040,37,31,19,068,40,1*66
$GSGSV,3,1,10,01,33,195,,02,34,181,41,04,28,145,41,05,29,147,,1*67
$GSGSV,3,2,10,06,33,195,,07,05,106,,08,14,112,,17,34,167,42,1*61
$GSGSV,3,3,10,28,19,125,,39,17,237,,1*68
$GLGSV,2,1,08,68,43,038,45,69,83,206,47,70,29,217,40,76,07,339,26,1*74
$GLGSV,2,2,08,77,07,024,,83,34,140,45,84,88,322,46,85,38,321,45,1*73
$GQGSV,1,1,00,1*65
$GAGSV,3,1,11,02,13,286,37,04,59,124,45,06,47,165,44,09,27,185,39,7*7A
$GAGSV,3,2,11,10,56,107,46,11,84,055,43,12,31,112,37,19,30,048,34,7*78
$GAGSV,3,3,11,25,03,237,,28,51,078,45,30,07,335,,7*40
$GBGSV,3,1,09,05,09,111,,07,16,042,31,10,17,054,28,11,13,315,29,1*76
$GBGSV,3,2,09,13,04,147,29,26,01,021,,27,67,198,39,28,30,156,35,1*74
$GBGSV,3,3,09,30,39,304,36,1*44
$GIGSV,1,1,02,01,,,36,06,24,135,,1*4C
$GPGGA,135330.00,4825.1420504,N,00428.4545893,W,4,22,0.5,89.920,M,51.637,M,1.0,4095*63
$GPRMC,135330.00,A,4825.1420504,N,00428.4545893,W,0.0,0.0,100626,999.9,E,D*27
$GPGSV,3,1,12,01,36,121,44,02,11,129,36,03,60,058,48,04,60,159,46,1*67
$GPGSV,3,2,12,06,34,304,43,09,33,196,42,12,04,334,,13,03,334,,1*60
$GPGSV,3,3,12,17,49,234,46,19,46,284,45,28,13,040,37,31,19,068,40,1*66
$GSGSV,3,1,10,01,33,195,,02,34,181,41,04,28,145,41,05,29,147,,1*67
$GSGSV,3,2,10,06,33,195,,07,05,106,,08,14,112,,17,34,167,42,1*61
$GSGSV,3,3,10,28,19,125,,39,17,237,,1*68
$GLGSV,2,1,08,68,43,038,44,69,83,206,47,70,29,217,41,76,07,339,26,1*74
$GLGSV,2,2,08,77,07,024,,83,34,140,44,84,88,322,46,85,38,321,45,1*72
$GQGSV,1,1,00,1*65
$GAGSV,3,1,11,02,13,286,38,04,59,124,45,06,47,165,44,09,27,185,40,7*7B
$GAGSV,3,2,11,10,56,107,46,11,84,055,43,12,31,112,37,19,30,048,35,7*79
$GAGSV,3,3,11,25,03,237,,28,51,078,45,30,07,335,,7*40
$GBGSV,3,1,09,05,09,111,,07,16,042,30,10,17,054,28,11,13,315,30,1*7F
$GBGSV,3,2,09,13,04,147,29,26,01,021,,27,67,198,39,28,30,156,35,1*74
$GBGSV,3,3,09,30,39,304,36,1*44
$GIGSV,1,1,02,01,,,36,06,24,135,,1*4C
$GPGGA,135331.00,4825.1420510,N,00428.4545886,W,4,22,0.5,89.923,M,51.637,M,1.0,4095*60
$GPRMC,135331.00,A,4825.1420510,N,00428.4545886,W,0.0,0.0,100626,999.9,E,D*27
$GPGSV,3,1,12,01,36,121,44,02,11,129,37,03,60,058,48,04,60,159,46,1*66
$GPGSV,3,2,12,06,34,304,43,09,33,196,43,12,04,334,,13,03,334,,1*61
$GPGSV,3,3,12,17,49,234,46,19,46,284,45,28,13,040,37,31,19,068,40,1*66
$GSGSV,3,1,10,01,33,195,,02,34,181,41,04,28,145,41,05,29,147,,1*67
$GSGSV,3,2,10,06,33,195,,07,05,106,,08,14,112,,17,34,167,42,1*61
$GSGSV,3,3,10,28,19,125,,39,17,237,,1*68
$GLGSV,2,1,08,68,43,038,44,69,83,206,47,70,29,217,41,76,07,339,26,1*74
$GLGSV,2,2,08,77,07,024,,83,34,140,44,84,88,322,46,85,38,321,45,1*72
$GQGSV,1,1,00,1*65
$GAGSV,3,1,11,02,13,286,37,04,59,124,46,06,47,165,45,09,27,185,39,7*78
$GAGSV,3,2,11,10,56,107,46,11,84,055,43,12,31,112,37,19,30,048,35,7*79
$GAGSV,3,3,11,25,03,237,,28,51,078,45,30,07,335,,7*40
$GBGSV,3,1,09,05,09,111,,07,16,042,30,10,17,054,28,11,13,315,30,1*7F
$GBGSV,3,2,09,13,04,147,28,26,01,021,,27,67,198,38,28,30,156,35,1*74
$GBGSV,3,3,09,30,39,304,36,1*44
$GIGSV,1,1,02,01,,,36,06,24,135,,1*4C
$GPGGA,135332.00,4825.1420514,N,00428.4545884,W,4,22,0.5,89.919,M,51.637,M,2.0,4095*6F
$GPRMC,135332.00,A,4825.1420514,N,00428.4545884,W,0.0,0.0,100626,999.9,E,D*22
$GPGSV,3,1,12,01,36,121,44,02,11,129,37,03,60,058,48,04,60,159,46,1*66
$GPGSV,3,2,12,06,34,304,43,09,33,196,42,12,04,334,,13,03,334,,1*60
$GPGSV,3,3,12,17,49,233,46,19,46,284,46,28,13,040,37,31,19,068,39,1*6C
$GSGSV,3,1,10,01,33,195,,02,34,181,41,04,28,145,41,05,29,147,,1*67
$GSGSV,3,2,10,06,33,195,,07,05,106,,08,14,112,,17,34,167,42,1*61
$GSGSV,3,3,10,28,19,125,,39,17,237,,1*68
$GLGSV,2,1,08,68,43,038,45,69,83,206,47,70,29,217,42,76,07,339,27,1*77
$GLGSV,2,2,08,77,07,024,,83,34,140,44,84,88,322,46,85,38,321,45,1*72
$GQGSV,1,1,00,1*65
$GAGSV,3,1,11,02,13,286,37,04,59,124,45,06,47,165,45,09,27,185,40,7*75
$GAGSV,3,2,11,10,56,107,46,11,84,055,43,12,31,112,37,19,30,048,35,7*79
$GAGSV,3,3,11,25,03,237,,28,51,078,44,30,07,335,,7*41
$GBGSV,3,1,09,05,09,111,,07,16,042,31,10,17,054,28,11,13,315,30,1*7E
$GBGSV,3,2,09,13,04,147,28,26,01,021,,27,67,198,39,28,30,156,35,1*75
$GBGSV,3,3,09,30,39,304,36,1*44
$GIGSV,1,1,02,01,,,36,06,24,135,,1*4C
$GPGGA,135333.00,4825.1420509,N,00428.4545891,W,4,22,0.5,89.914,M,51.637,M,3.0,4095*6A
$GPRMC,135333.00,A,4825.1420509,N,00428.4545891,W,0.0,0.0,100626,999.9,E,D*2B
$GPGSV,3,1,12,01,36,121,44,02,11,129,36,03,60,058,48,04,60,159,46,1*67
$GPGSV,3,2,12,06,34,304,43,09,33,196,42,12,04,334,,13,03,334,,1*60
$GPGSV,3,3,12,17,49,233,46,19,46,284,45,28,13,040,37,31,19,068,39,1*6F
$GSGSV,3,1,10,01,33,195,,02,34,181,41,04,28,145,41,05,29,147,,1*67
$GSGSV,3,2,10,06,33,195,,07,05,106,,08,14,112,,17,34,167,43,1*60
$GSGSV,3,3,10,28,19,125,,39,17,237,,1*68
$GLGSV,2,1,08,68,43,038,44,69,83,206,47,70,29,217,42,76,07,339,27,1*76
$GLGSV,2,2,08,77,07,024,,83,33,140,44,84,88,322,47,85,38,321,45,1*74
$GQGSV,1,1,00,1*65
$GAGSV,3,1,11,02,13,286,37,04,59,124,45,06,47,165,44,09,27,185,40,7*74
$GAGSV,3,2,11,10,56,107,46,11,84,055,43,12,31,112,37,19,30,048,35,7*79
$GAGSV,3,3,11,25,03,237,,28,51,078,44,30,07,335,,7*41
$GBGSV,3,1,09,05,09,111,,07,16,042,30,10,17,054,28,11,13,315,30,1*7F
$GBGSV,3,2,09,13,04,147,29,26,01,021,,27,67,198,39,28,30,156,35,1*74
$GBGSV,3,3,09,30,39,304,36,1*44
$GIGSV,1,1,02,01,,,36,06,24,135,,1*4C
$GPGGA,135334.00,4825.1420501,N,00428.4545894,W,4,22,0.5,89.921,M,51.637,M,1.0,4095*64
$GPRMC,135334.00,A,4825.1420501,N,00428.4545894,W,0.0,0.0,100626,999.9,E,D*21
$GPGSV,3,1,12,01,36,121,44,02,11,129,37,03,60,058,48,04,60,159,46,1*66
$GPGSV,3,2,12,06,34,304,43,09,33,196,42,12,04,334,,13,03,334,,1*60
$GPGSV,3,3,12,17,49,233,46,19,46,284,45,28,13,040,37,31,19,068,40,1*61
$GSGSV,3,1,10,01,33,195,,02,34,181,41,04,28,145,41,05,29,147,,1*67
$GSGSV,3,2,10,06,33,195,,07,05,106,,08,14,112,,17,34,167,43,1*60
$GSGSV,3,3,10,28,19,125,,39,17,237,,1*68
$GLGSV,2,1,08,68,43,038,45,69,83,206,47,70,29,217,41,76,07,339,26,1*75
$GLGSV,2,2,08,77,07,024,,83,33,140,44,84,88,322,46,85,38,321,45,1*75
$GQGSV,1,1,00,1*65
$GAGSV,3,1,11,02,13,286,37,04,59,124,45,06,47,165,44,09,27,185,40,7*74
$GAGSV,3,2,11,10,56,107,46,11,84,056,43,12,31,112,37,19,30,048,35,7*7A
$GAGSV,3,3,11,25,03,237,,28,51,078,44,30,07,335,,7*41
$GBGSV,3,1,09,05,09,111,,07,16,042,30,10,17,054,28,11,13,315,30,1*7F
$GBGSV,3,2,09,13,04,147,28,26,01,021,,27,67,198,39,28,30,156,36,1*76
$GBGSV,3,3,09,30,39,304,36,1*44
$GIGSV,1,1,02,01,,,35,06,24,135,,1*4F
$GPGGA,135335.00,4825.1420520,N,00428.4545874,W,4,22,0.5,89.920,M,51.637,M,1.0,4095*69
$GPRMC,135335.00,A,4825.1420520,N,00428.4545874,W,0.0,0.0,100626,999.9,E,D*2D
$GPGSV,3,1,12,01,36,121,44,02,11,129,36,03,60,058,48,04,60,159,45,1*64
$GPGSV,3,2,12,06,34,304,42,09,33,196,42,12,04,334,,13,03,334,,1*61
$GPGSV,3,3,12,17,49,233,46,19,46,284,45,28,13,040,37,31,19,068,40,1*61
$GSGSV,3,1,10,01,33,195,,02,34,181,41,04,28,145,41,05,29,147,,1*67
$GSGSV,3,2,10,06,33,195,,07,05,106,,08,14,112,,17,34,167,42,1*61
$GSGSV,3,3,10,28,19,125,,39,17,237,,1*68
$GLGSV,2,1,08,68,43,038,45,69,83,206,46,70,29,217,41,76,07,339,27,1*75
$GLGSV,2,2,08,77,07,024,,83,33,140,44,84,88,322,46,85,38,321,44,1*74
$GQGSV,1,1,00,1*65
$GAGSV,3,1,11,02,13,286,37,04,59,124,45,06,47,165,44,09,27,185,40,7*74
$GAGSV,3,2,11,10,56,107,46,11,84,056,42,12,31,112,37,19,30,048,35,7*7B
$GAGSV,3,3,11,25,03,237,,28,51,078,45,30,07,335,,7*40
$GBGSV,3,1,09,05,09,111,,07,16,042,30,10,17,054,28,11,13,315,30,1*7F
$GBGSV,3,2,09,13,04,147,28,26,01,021,,27,67,198,39,28,30,156,35,1*75
$GBGSV,3,3,09,30,39,304,36,1*44
$GIGSV,1,1,02,01,,,36,06,24,135,,1*4C
$GPGGA,135336.00,4825.1420511,N,00428.4545873,W,4,22,0.5,89.926,M,51.637,M,2.0,4095*6A
$GPRMC,135336.00,A,4825.1420511,N,00428.4545873,W,0.0,0.0,100626,999.9,E,D*2B
$GPGSV,3,1,12,01,36,121,44,02,11,129,37,03,60,058,48,04,60,159,45,1*65
$GPGSV,3,2,12,06,34,304,42,09,33,196,42,12,04,334,,13,03,334,,1*61
$GPGSV,3,3,12,17,49,233,46,19,46,284,45,28,13,040,37,31,19,068,40,1*61
$GSGSV,3,1,10,01,33,195,,02,34,181,41,04,28,145,41,05,29,147,,1*67
$GSGSV,3,2,10,06,33,195,,07,05,106,,08,14,112,,17,34,167,42,1*61
$GSGSV,3,3,10,28,19,125,,39,17,237,,1*68
$GLGSV,2,1,08,68,43,038,45,69,83,206,47,70,29,217,41,76,07,339,26,1*75
$GLGSV,2,2,08,77,07,024,,83,33,140,44,84,88,322,46,85,38,321,44,1*74
$GQGSV,1,1,00,1*65
$GAGSV,3,1,11,02,13,286,37,04,59,124,45,06,47,165,44,09,27,185,40,7*74
$GAGSV,3,2,11,10,56,108,46,11,84,056,43,12,31,112,37,19,30,048,35,7*75
$GAGSV,3,3,11,25,03,237,,28,51,078,44,30,07,335,,7*41
$GBGSV,3,1,09,05,09,111,,07,16,042,30,10,17,054,29,11,13,315,30,1*7E
$GBGSV,3,2,09,13,04,147,29,26,01,021,,27,67,198,40,28,30,156,35,1*7A
$GBGSV,3,3,09,30,39,304,36,1*44
$GIGSV,1,1,02,01,,,36,06,24,135,,1*4C
$GPGGA,135337.00,4825.1420508,N,00428.4545869,W,4,22,0.5,89.927,M,51.637,M,3.0,4095*68
$GPRMC,135337.00,A,4825.1420508,N,00428.4545869,W,0.0,0.0,100626,999.9,E,D*29
$GPGSV,3,1,12,01,36,121,44,02,11,129,36,03,60,058,48,04,60,159,44,1*65
$GPGSV,3,2,12,06,34,304,42,09,33,196,41,12,04,334,,13,03,334,,1*62
$GPGSV,3,3,12,17,49,233,46,19,46,284,44,28,13,040,37,31,19,068,40,1*60
$GSGSV,3,1,10,01,33,195,,02,34,181,41,04,28,145,41,05,29,147,,1*67
$GSGSV,3,2,10,06,33,195,,07,05,106,,08,14,112,,17,34,167,42,1*61
$GSGSV,3,3,10,28,19,125,,39,17,237,,1*68
$GLGSV,2,1,08,68,43,038,44,69,83,206,47,70,29,217,41,76,07,339,25,1*77
$GLGSV,2,2,08,77,07,024,,83,33,140,44,84,88,322,46,85,38,321,44,1*74
$GQGSV,1,1,00,1*65
$GAGSV,3,1,11,02,13,286,37,04,59,123,45,06,47,165,44,09,27,185,40,7*73
$GAGSV,3,2,11,10,56,108,46,11,84,056,43,12,31,112,37,19,30,048,35,7*75
$GAGSV,3,3,11,25,03,237,,28,51,078,44,30,07,335,,7*41
$GBGSV,3,1,09,05,09,111,,07,16,042,30,10,17,054,29,11,13,315,31,1*7F
$GBGSV,3,2,09,13,04,147,29,26,01,021,,27,67,198,40,28,30,156,35,1*7A
$GBGSV,3,3,09,30,39,304,36,1*44
$GIGSV,1,1,02,01,,,36,06,24,135,,1*4C
$GPGGA,135338.00,4825.1420503,N,00428.4545881,W,4,22,0.5,89.925,M,51.637,M,1.0,4095*6A
$GPRMC,135338.00,A,4825.1420503,N,00428.4545881,W,0.0,0.0,100626,999.9,E,D*2B
$GPGSV,3,1,12,01,36,121,44,02,11,129,36,03,60,058,48,04,60,159,44,1*65
$GPGSV,3,2,12,06,34,304,42,09,33,196,42,12,04,334,,13,03,334,,1*61
$GPGSV,3,3,12,17,49,233,46,19,46,284,45,28,13,040,36,31,19,068,40,1*60
$GSGSV,3,1,10,01,33,195,,02,34,181,41,04,28,145,41,05,29,147,,1*67
$GSGSV,3,2,10,06,33,195,,07,05,106,,08,14,112,,17,34,167,42,1*61
$GSGSV,3,3,10,28,19,125,,39,17,237,,1*68
$GLGSV,2,1,08,68,43,038,44,69,83,206,47,70,29,217,42,76,07,339,26,1*77
$GLGSV,2,2,08,77,07,024,,83,33,140,43,84,88,322,46,85,38,321,44,1*73
$GQGSV,1,1,00,1*65
$GAGSV,3,1,11,02,13,286,37,04,59,123,46,06,47,165,44,09,27,185,40,7*70
$GAGSV,3,2,11,10,56,108,46,11,84,056,42,12,31,112,37,19,30,048,36,7*77
$GAGSV,3,3,11,25,03,237,,28,51,078,44,30,07,335,,7*41
$GBGSV,3,1,09,05,09,111,,07,16,042,30,10,17,054,28,11,13,315,30,1*7F
$GBGSV,3,2,09,13,04,147,29,26,01,021,,27,67,198,39,28,30,156,35,1*74
$GBGSV,3,3,09,30,39,304,36,1*44
$GIGSV,1,1,02,01,,,36,06,24,135,,1*4C
$GPGGA,135339.00,4825.1420505,N,00428.4545885,W,4,22,0.5,89.920,M,51.637,M,1.0,4095*6C
$GPRMC,135339.00,A,4825.1420505,N,00428.4545885,W,0.0,0.0,100626,999.9,E,D*28
$GPGSV,3,1,12,01,36,121,44,02,11,129,36,03,60,058,48,04,60,159,45,1*64
$GPGSV,3,2,12,06,34,304,42,09,33,196,42,12,04,334,,13,03,334,,1*61
$GPGSV,3,3,12,17,48,233,46,19,46,284,45,28,13,040,35,31,19,068,40,1*62
$GSGSV,3,1,10,01,33,195,,02,34,181,41,04,28,145,41,05,29,147,,1*67
$GSGSV,3,2,10,06,33,195,,07,05,106,,08,14,112,,17,34,167,42,1*61
$GSGSV,3,3,10,28,19,125,,39,17,237,,1*68
$GLGSV,2,1,08,68,43,038,45,69,83,206,47,70,29,217,41,76,07,339,25,1*76
$GLGSV,2,2,08,77,07,023,,83,33,140,43,84,88,322,47,85,38,321,44,1*75
$GQGSV,1,1,00,1*65
$GAGSV,3,1,11,02,13,286,36,04,59,123,46,06,47,165,44,09,27,185,40,7*71
$GAGSV,3,2,11,10,56,108,46,11,84,056,42,12,31,112,37,19,30,048,35,7*74
$GAGSV,3,3,11,25,03,237,,28,51,078,44,30,07,335,,7*41
$GBGSV,3,1,09,05,09,111,,07,16,042,29,10,17,054,28,11,13,315,30,1*77
$GBGSV,3,2,09,13,04,147,28,26,01,021,,27,67,198,39,28,30,156,34,1*74
$GBGSV,3,3,09,30,39,304,36,1*44
$GIGSV,1,1,02,01,,,36,06,24,135,,1*4C
$GPGGA,135340.00,4825.1420501,N,00428.4545873,W,4,22,0.5,89.918,M,51.637,M,2.0,4095*67
$GPRMC,135340.00,A,4825.1420501,N,00428.4545873,W,0.0,0.0,100626,999.9,E,D*2B
$GPGSV,3,1,12,01,36,121,44,02,11,129,36,03,60,058,48,04,60,159,45,1*64
$GPGSV,3,2,12,06,34,304,42,09,33,196,42,12,04,334,,13,03,334,,1*61
$GPGSV,3,3,12,17,48,233,46,19,46,284,44,28,13,040,35,31,19,068,40,1*63
$GSGSV,3,1,10,01,33,195,,02,34,181,41,04,28,145,41,05,29,147,,1*67
$GSGSV,3,2,10,06,33,195,,07,05,106,,08,14,112,,17,34,167,42,1*61
$GSGSV,3,3,10,28,19,125,,39,17,237,,1*68
$GLGSV,2,1,08,68,43,038,44,69,83,206,47,70,29,217,41,76,07,339,,1*70
$GLGSV,2,2,08,77,07,023,,83,33,140,44,84,88,322,47,85,38,321,44,1*72
$GQGSV,1,1,00,1*65
$GAGSV,3,1,11,02,13,286,37,04,59,123,46,06,47,165,44,09,27,185,40,7*70
$GAGSV,3,2,11,10,56,108,46,11,84,056,42,12,31,112,37,19,30,048,35,7*74
$GAGSV,3,3,11,25,03,237,,28,51,078,44,30,07,335,,7*41
$GBGSV,3,1,09,05,09,111,,07,16,042,30,10,17,054,28,11,14,315,30,1*78
$GBGSV,3,2,09,13,04,147,28,26,01,021,,27,67,198,39,28,30,156,35,1*75
$GBGSV,3,3,09,30,39,304,37,1*45
$GIGSV,1,1,02,01,,,36,06,24,135,,1*4C
$GPGGA,135341.00,4825.1420495,N,00428.4545863,W,4,22,0.5,89.915,M,51.637,M,3.0,4095*67
$GPRMC,135341.00,A,4825.1420495,N,00428.4545863,W,0.0,0.0,100626,999.9,E,D*27
$GPGSV,3,1,12,01,36,121,44,02,11,129,37,03,60,058,48,04,60,159,45,1*65
$GPGSV,3,2,12,06,34,304,42,09,33,196,42,12,04,334,,13,03,334,,1*61
$GPGSV,3,3,12,17,48,233,45,19,46,284,45,28,13,040,36,31,19,068,41,1*63
$GSGSV,3,1,10,01,33,195,,02,34,181,42,04,28,145,41,05,29,147,,1*64
$GSGSV,3,2,10,06,33,195,,07,05,106,,08,14,112,,17,34,167,43,1*60
$GSGSV,3,3,10,28,19,125,,39,17,237,,1*68
$GLGSV,2,1,08,68,43,038,45,69,83,206,47,70,29,217,42,76,07,339,,1*72
$GLGSV,2,2,08,77,07,023,,83,33,140,44,84,88,321,47,85,38,321,45,1*70
$GQGSV,1,1,00,1*65
$GAGSV,3,1,11,02,13,286,37,04,59,123,46,06,47,165,44,09,27,185,40,7*70
$GAGSV,3,2,11,10,56,108,46,11,84,056,42,12,31,112,37,19,30,048,35,7*74
$GAGSV,3,3,11,25,03,237,,28,51,078,44,30,07,335,,7*41
$GBGSV,3,1,09,05,09,111,,07,16,042,29,10,17,054,28,11,14,315,30,1*70
$GBGSV,3,2,09,13,04,147,28,26,01,021,,27,67,198,39,28,30,156,35,1*75
$GBGSV,3,3,09,30,39,304,36,1*44
$GIGSV,1,1,02,01,,,35,06,24,135,,1*4F
$GPGGA,135342.00,4825.1420516,N,00428.4545887,W,4,22,0.5,89.920,M,51.637,M,1.0,4095*60
$GPRMC,135342.00,A,4825.1420516,N,00428.4545887,W,0.0,0.0,100626,999.9,E,D*24
$GPGSV,3,1,12,01,36,121,44,02,11,129,36,03,60,058,48,04,60,159,45,1*64
$GPGSV,3,2,12,06,34,304,43,09,33,196,42,12,04,334,,13,03,334,,1*60
$GPGSV,3,3,12,17,48,233,45,19,46,284,45,28,13,040,36,31,19,068,40,1*62
$GSGSV,3,1,10,01,33,195,,02,34,181,41,04,28,145,41,05,29,147,,1*67
$GSGSV,3,2,10,06,33,195,,07,05,106,,08,14,112,,17,34,167,42,1*61
$GSGSV,3,3,10,28,19,125,,39,17,237,,1*68
$GLGSV,2,1,08,68,43,038,45,69,83,206,47,70,29,217,41,76,07,339,,1*71
$GLGSV,2,2,08,77,07,023,,83,33,140,44,84,88,321,46,85,38,321,44,1*70
$GQGSV,1,1,00,1*65
$GAGSV,3,1,11,02,13,286,37,04,59,123,46,06,47,165,44,09,27,185,40,7*70
$GAGSV,3,2,11,10,56,108,46,11,84,056,42,12,31,112,37,19,30,048,35,7*74
$GAGSV,3,3,11,25,03,237,,28,51,078,44,30,07,335,,7*41
$GBGSV,3,1,09,05,09,111,,07,16,042,30,10,17,054,28,11,14,315,30,1*78
$GBGSV,3,2,09,13,04,147,28,26,01,021,,27,67,198,39,28,30,156,35,1*75
$GBGSV,3,3,09,30,39,304,37,1*45
$GIGSV,1,1,02,01,,,36,06,24,135,,1*4C
$GPGGA,135343.00,4825.1420511,N,00428.4545886,W,4,22,0.5,89.915,M,51.637,M,2.0,4095*62
$GPRMC,135343.00,A,4825.1420511,N,00428.4545886,W,0.0,0.0,100626,999.9,E,D*23
$GPGSV,3,1,12,01,36,121,44,02,11,129,36,03,60,058,48,04,60,159,45,1*64
$GPGSV,3,2,12,06,34,304,42,09,33,196,42,12,04,334,,13,03,334,,1*61
$GPGSV,3,3,12,17,48,233,45,19,46,284,45,28,13,040,35,31,19,068,40,1*61
$GSGSV,3,1,10,01,33,195,,02,34,181,41,04,28,145,42,05,29,147,,1*64
$GSGSV,3,2,10,06,33,195,,07,05,106,,08,14,112,,17,34,167,42,1*61
$GSGSV,3,3,10,28,19,125,,39,17,237,,1*68
$GLGSV,2,1,08,68,43,038,45,69,83,206,48,70,29,217,41,76,07,339,,1*7E
$GLGSV,2,2,08,77,07,023,,83,33,140,44,84,88,321,47,85,38,321,44,1*71
$GQGSV,1,1,00,1*65
$GAGSV,3,1,11,02,13,286,36,04,59,123,45,06,47,165,45,09,27,185,40,7*73
$GAGSV,3,2,11,10,56,108,46,11,84,056,43,12,31,112,37,19,30,048,35,7*75
$GAGSV,3,3,11,25,03,237,,28,51,078,44,30,07,335,,7*41
$GBGSV,3,1,09,05,09,111,,07,16,042,30,10,17,054,27,11,14,315,30,1*77
$GBGSV,3,2,09,13,04,147,28,26,01,021,,27,67,198,39,28,30,156,35,1*75
$GBGSV,3,3,09,30,39,304,36,1*44
$GIGSV,1,1,02,01,,,36,06,24,135,,1*4C
$GPGGA,135344.00,4825.1420509,N,00428.4545894,W,4,22,0.5,89.917,M,51.637,M,3.0,4095*6C
$GPRMC,135344.00,A,4825.1420509,N,00428.4545894,W,0.0,0.0,100626,999.9,E,D*2E
$GPGSV,3,1,12,01,36,121,44,02,11,129,35,03,60,058,48,04,60,159,45,1*67
$GPGSV,3,2,12,06,34,304,42,09,33,196,42,12,04,334,,13,03,334,,1*61
$GPGSV,3,3,12,17,48,233,46,19,46,284,46,28,13,040,35,31,19,068,40,1*61
$GSGSV,3,1,10,01,33,195,,02,34,181,42,04,28,145,42,05,29,147,,1*67
$GSGSV,3,2,10,06,33,195,,07,05,106,,08,14,112,,17,34,167,43,1*60
$GSGSV,3,3,10,28,19,125,,39,17,237,,1*68
$GLGSV,2,1,08,68,43,038,45,69,83,206,48,70,29,217,41,76,07,339,,1*7E
$GLGSV,2,2,08,77,07,023,,83,33,140,44,84,88,321,47,85,38,321,44,1*71
$GQGSV,1,1,00,1*65
$GAGSV,3,1,11,02,13,286,36,04,59,123,46,06,47,165,44,09,27,185,40,7*71
$GAGSV,3,2,11,10,56,108,46,11,84,056,43,12,31,112,37,19,30,048,35,7*75
$GAGSV,3,3,11,25,03,237,,28,51,078,44,30,07,335,,7*41
$GBGSV,3,1,09,05,09,111,,07,16,042,30,10,17,054,28,11,14,315,30,1*78
$GBGSV,3,2,09,13,04,147,29,26,01,021,,27,67,198,39,28,30,156,35,1*74
$GBGSV,3,3,09,30,39,304,36,1*44
$GIGSV,1,1,02,01,,,35,06,24,135,,1*4F
$GPGGA,135345.00,4825.1420518,N,00428.4545902,W,4,22,0.5,89.910,M,51.637,M,4.0,4095*63
$GPRMC,135345.00,A,4825.1420518,N,00428.4545902,W,0.0,0.0,100626,999.9,E,D*21
$GPGSV,3,1,12,01,36,121,44,02,11,129,35,03,60,058,48,04,60,159,46,1*64
$GPGSV,3,2,12,06,34,304,42,09,33,196,42,12,04,334,,13,03,334,,1*61
$GPGSV,3,3,12,17,48,233,45,19,46,284,45,28,13,040,36,31,19,068,40,1*62
$GSGSV,3,1,10,01,33,195,,02,34,181,41,04,28,145,42,05,29,147,,1*64
$GSGSV,3,2,10,06,33,195,,07,05,106,,08,14,112,,17,34,167,43,1*60
$GSGSV,3,3,10,28,19,125,,39,17,237,,1*68
$GLGSV,2,1,08,68,43,038,45,69,83,206,48,70,29,217,41,76,07,339,,1*7E
$GLGSV,2,2,08,77,07,023,,83,33,140,44,84,88,321,47,85,38,321,45,1*70
$GQGSV,1,1,00,1*65
$GAGSV,3,1,11,02,13,286,36,04,59,123,45,06,47,165,44,09,27,185,40,7*72
$GAGSV,3,2,11,10,56,108,46,11,84,056,42,12,31,112,37,19,30,048,35,7*74
$GAGSV,3,3,11,25,03,237,,28,51,078,44,30,07,335,,7*41
$GBGSV,3,1,09,05,09,111,,07,16,042,30,10,17,054,28,11,14,315,30,1*78
$GBGSV,3,2,09,13,04,147,29,26,01,021,,27,67,198,39,28,30,156,34,1*75
$GBGSV,3,3,09,30,39,304,36,1*44
$GIGSV,1,1,02,01,,,36,06,24,135,,1*4C
$GPGGA,135346.00,4825.1420511,N,00428.4545899,W,4,22,0.5,89.914,M,51.637,M,1.0,4095*6B
$GPRMC,135346.00,A,4825.1420511,N,00428.4545899,W,0.0,0.0,100626,999.9,E,D*28
$GPGSV,3,1,12,01,36,121,44,02,11,129,35,03,60,058,48,04,60,159,45,1*67
$GPGSV,3,2,12,06,34,304,42,09,33,196,42,12,04,334,,13,03,334,,1*61
$GPGSV,3,3,12,17,48,233,45,19,46,284,45,28,13,040,36,31,19,068,40,1*62
$GSGSV,3,1,10,01,33,195,,02,34,181,42,04,28,145,42,05,29,147,,1*67
$GSGSV,3,2,10,06,33,195,,07,05,106,,08,14,112,,17,34,167,43,1*60
$GSGSV,3,3,10,28,19,125,,39,17,237,,1*68
$GLGSV,2,1,08,68,43,038,45,69,83,206,47,70,29,217,41,76,07,339,,1*71
$GLGSV,2,2,08,77,07,023,,83,33,140,44,84,88,321,46,85,38,321,45,1*71
$GQGSV,1,1,00,1*65
$GAGSV,3,1,11,02,13,286,36,04,59,123,46,06,47,165,44,09,27,185,40,7*71
$GAGSV,3,2,11,10,56,108,46,11,84,056,42,12,31,112,37,19,30,048,34,7*75
$GAGSV,3,3,11,25,03,237,,28,51,078,44,30,07,335,,7*41
$GBGSV,3,1,09,05,09,111,,07,16,042,29,10,17,054,28,11,14,315,30,1*70
$GBGSV,3,2,09,13,04,147,29,26,01,021,,27,67,198,39,28,30,156,34,1*75
$GBGSV,3,3,09,30,39,304,36,1*44
$GIGSV,1,1,02,01,,,36,06,24,135,,1*4C
$GPGGA,135347.00,4825.1420516,N,00428.4545875,W,4,22,0.5,89.925,M,51.637,M,1.0,4095*6D
$GPRMC,135347.00,A,4825.1420516,N,00428.4545875,W,0.0,0.0,100626,999.9,E,D*2C
$GPGSV,3,1,12,01,36,121,44,02,11,129,35,03,60,058,48,04,60,159,45,1*67
$GPGSV,3,2,12,06,34,304,42,09,33,196,42,12,04,334,,13,03,334,,1*61
$GPGSV,3,3,12,17,48,233,46,19,46,284,45,28,13,040,36,31,19,068,40,1*61
$GSGSV,3,1,10,01,33,195,,02,34,181,41,04,28,145,42,05,29,147,,1*64
$GSGSV,3,2,10,06,33,195,,07,05,106,,08,14,112,,17,34,167,43,1*60
$GSGSV,3,3,10,28,19,125,,39,17,237,,1*68
$GLGSV,2,1,08,68,42,038,44,69,83,206,47,70,29,217,41,76,07,339,,1*71
$GLGSV,2,2,08,77,07,023,,83,33,140,44,84,88,321,46,85,38,321,45,1*71
$GQGSV,1,1,00,1*65
$GAGSV,3,1,11,02,13,286,36,04,59,123,46,06,47,165,44,09,27,185,39,7*7F
$GAGSV,3,2,11,10,56,108,46,11,84,056,43,12,31,112,37,19,30,048,35,7*75
$GAGSV,3,3,11,25,03,237,,28,51,078,45,30,07,335,,7*40
$GBGSV,3,1,09,05,09,111,,07,16,042,29,10,17,054,28,11,14,315,30,1*70
$GBGSV,3,2,09,13,04,147,28,26,01,021,,27,67,198,39,28,30,156,35,1*75
$GBGSV,3,3,09,30,39,304,36,1*44
$GIGSV,1,1,02,01,,,36,06,24,135,,1*4C
$GPGGA,135348.00,4825.1420510,N,00428.4545875,W,4,22,0.5,89.925,M,51.637,M,2.0,4095*67
$GPRMC,135348.00,A,4825.1420510,N,00428.4545875,W,0.0,0.0,100626,999.9,E,D*25
$GPGSV,3,1,12,01,36,121,44,02,11,129,35,03,60,058,47,04,60,159,45,1*68
$GPGSV,3,2,12,06,34,304,42,09,33,196,42,12,04,334,,13,03,334,,1*61
$GPGSV,3,3,12,17,48,233,46,19,46,284,45,28,13,039,37,31,19,068,40,1*6E
$GSGSV,3,1,10,01,33,195,,02,34,181,41,04,28,145,42,05,29,147,,1*64
$GSGSV,3,2,10,06,33,195,,07,05,106,,08,14,112,,17,34,167,43,1*60
$GSGSV,3,3,10,28,19,125,,39,17,237,,1*68
$GLGSV,2,1,08,68,42,038,44,69,83,206,47,70,29,217,41,76,07,339,,1*71
$GLGSV,2,2,08,77,07,023,,83,33,140,44,84,88,321,46,85,38,321,45,1*71
$GQGSV,1,1,00,1*65
$GAGSV,3,1,11,02,13,286,36,04,59,123,46,06,47,165,44,09,27,185,39,7*7F
$GAGSV,3,2,11,10,56,108,46,11,84,056,43,12,31,112,37,19,30,048,35,7*75
$GAGSV,3,3,11,25,03,237,,28,51,078,44,30,07,335,,7*41
$GBGSV,3,1,09,05,09,111,,07,16,042,30,10,17,054,28,11,14,315,30,1*78
$GBGSV,3,2,09,13,04,147,28,26,01,021,,27,67,198,39,28,30,156,35,1*75
$GBGSV,3,3,09,30,39,304,36,1*44
$GIGSV,1,1,02,01,,,36,06,24,135,,1*4C
$GPGGA,135349.00,4825.1420507,N,00428.4545885,W,4,22,0.5,89.924,M,51.637,M,3.0,4095*6F
$GPRMC,135349.00,A,4825.1420507,N,00428.4545885,W,0.0,0.0,100626,999.9,E,D*2D
$GPGSV,3,1,12,01,36,121,44,02,11,129,35,03,60,058,48,04,60,159,45,1*67
$GPGSV,3,2,12,06,34,304,42,09,33,196,42,12,04,334,,13,03,334,,1*61
$GPGSV,3,3,12,17,48,233,46,19,46,284,46,28,13,039,37,31,19,068,40,1*6D
$GSGSV,3,1,10,01,33,195,,02,34,181,42,04,28,145,41,05,29,147,,1*64
$GSGSV,3,2,10,06,33,195,,07,05,106,,08,14,112,,17,34,167,43,1*60
$GSGSV,3,3,10,28,19,125,,39,17,237,,1*68
$GLGSV,2,1,08,68,42,038,45,69,83,206,47,70,29,217,41,76,07,339,,1*70
$GLGSV,2,2,08,77,07,023,,83,33,140,44,84,88,321,46,85,38,321,45,1*71
$GQGSV,1,1,00,1*65
$GAGSV,3,1,11,02,13,286,36,04,59,123,46,06,47,165,44,09,27,185,40,7*71
$GAGSV,3,2,11,10,56,108,46,11,84,056,43,12,31,112,37,19,30,048,35,7*75
$GAGSV,3,3,11,25,03,237,,28,51,078,44,30,07,335,,7*41
$GBGSV,3,1,09,05,09,111,,07,16,042,30,10,17,054,27,11,14,315,30,1*77
$GBGSV,3,2,09,13,04,147,27,26,01,021,,27,67,198,40,28,30,156,34,1*75
$GBGSV,3,3,09,30,39,304,36,1*44
$GIGSV,1,1,02,01,,,35,06,24,135,,1*4F
$GPGGA,135350.00,4825.1420512,N,00428.4545895,W,4,22,0.5,89.921,M,51.637,M,1.0,4095*65
$GPRMC,135350.00,A,4825.1420512,N,00428.4545895,W,0.0,0.0,100626,999.9,E,D*20
$GPGSV,3,1,12,01,36,121,44,02,11,129,34,03,60,058,48,04,60,159,45,1*66
$GPGSV,3,2,12,06,34,304,42,09,33,196,42,12,04,334,,13,03,334,,1*61
$GPGSV,3,3,12,17,48,233,46,19,46,284,45,28,13,039,37,31,19,068,40,1*6E
$GSGSV,3,1,10,01,33,195,,02,34,181,41,04,28,145,41,05,29,147,,1*67
$GSGSV,3,2,10,06,33,195,,07,05,106,,08,14,112,,17,34,167,43,1*60
$GSGSV,3,3,10,28,19,125,,39,17,237,,1*68
$GLGSV,2,1,08,68,42,038,44,69,83,206,47,70,29,217,41,76,07,339,,1*71
$GLGSV,2,2,08,77,07,023,,83,33,140,44,84,88,321,46,85,38,321,44,1*70
$GQGSV,1,1,00,1*65
$GAGSV,3,1,11,02,13,286,36,04,59,123,46,06,47,165,44,09,27,185,40,7*71
$GAGSV,3,2,11,10,56,108,46,11,84,056,42,12,31,112,37,19,30,048,35,7*74
$GAGSV,3,3,11,25,03,237,,28,51,078,44,30,07,335,,7*41
$GBGSV,3,1,09,05,09,111,,07,16,042,30,10,17,054,28,11,14,315,30,1*78
$GBGSV,3,2,09,13,04,147,28,26,01,021,,27,67,198,39,28,30,156,35,1*75
$GBGSV,3,3,09,30,39,304,36,1*44
$GIGSV,1,1,02,01,,,35,06,24,135,,1*4F
$GPGGA,135351.00,4825.1420514,N,00428.4545877,W,4,22,0.5,89.924,M,51.637,M,1.0,4095*6B
$GPRMC,135351.00,A,4825.1420514,N,00428.4545877,W,0.0,0.0,100626,999.9,E,D*2B
$GPGSV,3,1,12,01,36,121,44,02,11,129,34,03,60,058,48,04,60,159,45,1*66
$GPGSV,3,2,12,06,34,304,42,09,33,196,42,12,04,334,,13,03,334,,1*61
$GPGSV,3,3,12,17,48,233,46,19,46,284,45,28,13,039,37,31,19,068,40,1*6E
$GSGSV,3,1,10,01,33,195,,02,34,181,41,04,28,145,41,05,29,147,,1*67
$GSGSV,3,2,10,06,33,195,,07,05,106,,08,14,112,,17,34,167,42,1*61
$GSGSV,3,3,10,28,19,125,,39,17,237,,1*68
$GLGSV,2,1,08,68,42,038,45,69,83,206,47,70,29,217,41,76,07,339,,1*70
$GLGSV,2,2,08,77,07,023,,83,33,140,44,84,88,321,46,85,38,321,44,1*70
$GQGSV,1,1,00,1*65
$GAGSV,3,1,11,02,13,286,36,04,59,123,46,06,47,165,43,09,27,185,40,7*76
$GAGSV,3,2,11,10,56,108,46,11,84,057,43,12,31,112,37,19,30,048,35,7*74
$GAGSV,3,3,11,25,03,237,,28,51,078,44,30,07,335,,7*41
$GBGSV,3,1,09,05,09,111,,07,16,042,30,10,17,054,28,11,14,315,30,1*78
$GBGSV,3,2,09,13,04,147,28,26,01,021,,27,67,198,39,28,30,156,35,1*75
$GBGSV,3,3,09,30,39,304,36,1*44
$GIGSV,1,1,02,01,,,35,06,24,135,,1*4F
$GPGGA,135352.00,4825.1420521,N,00428.4545875,W,4,22,0.5,89.925,M,51.637,M,2.0,4095*6E
$GPRMC,135352.00,A,4825.1420521,N,00428.4545875,W,0.0,0.0,100626,999.9,E,D*2C
$GPGSV,3,1,12,01,36,121,44,02,11,129,33,03,60,058,48,04,60,159,45,1*61
$GPGSV,3,2,12,06,34,304,42,09,33,196,42,12,04,334,,13,03,334,,1*61
$GPGSV,3,3,12,17,48,233,46,19,46,283,45,28,13,039,36,31,19,068,41,1*69
$GSGSV,3,1,10,01,33,195,,02,34,181,41,04,28,145,42,05,29,147,,1*64
$GSGSV,3,2,10,06,33,195,,07,05,106,,08,14,112,,17,34,167,43,1*60
$GSGSV,3,3,10,28,19,125,,39,17,237,,1*68
$GLGSV,2,1,08,68,42,038,45,69,83,206,47,70,29,217,41,76,07,339,,1*70
$GLGSV,2,2,08,77,07,023,,83,33,140,44,84,88,321,46,85,38,321,45,1*71
$GQGSV,1,1,00,1*65
$GAGSV,3,1,11,02,13,286,36,04,59,123,46,06,47,165,43,09,27,185,40,7*76
$GAGSV,3,2,11,10,56,108,46,11,84,057,43,12,31,112,36,19,30,048,36,7*76
$GAGSV,3,3,11,25,03,237,,28,51,078,44,30,07,335,,7*41
$GBGSV,3,1,09,05,09,111,,07,16,042,29,10,17,054,28,11,14,315,30,1*70
$GBGSV,3,2,09,13,04,147,27,26,01,021,,27,67,198,39,28,30,156,35,1*7A
$GBGSV,3,3,09,30,39,304,37,1*45
$GIGSV,1,1,02,01,,,35,06,24,135,,1*4F
$GPGGA,135353.00,4825.1420515,N,00428.4545892,W,4,23,0.5,89.926,M,51.637,M,1.0,4095*60
$GPRMC,135353.00,A,4825.1420515,N,00428.4545892,W,0.0,0.0,100626,999.9,E,D*23
$GPGSV,3,1,12,01,36,121,44,02,11,129,34,03,60,058,48,04,60,159,45,1*66
$GPGSV,3,2,12,06,34,304,42,09,33,196,41,12,04,334,,13,03,334,,1*62
$GPGSV,3,3,12,17,48,233,45,19,46,283,45,28,13,039,36,31,19,068,41,1*6A
$GSGSV,3,1,10,01,33,195,,02,34,181,41,04,28,145,41,05,29,147,,1*67
$GSGSV,3,2,10,06,33,195,,07,05,106,,08,14,112,,17,34,167,43,1*60
$GSGSV,3,3,10,28,19,125,,39,17,237,,1*68
$GLGSV,2,1,08,68,42,038,45,69,83,206,47,70,29,217,40,76,07,339,,1*71
$GLGSV,2,2,08,77,07,023,,83,33,140,43,84,88,320,46,85,38,321,45,1*77
$GQGSV,1,1,00,1*65
$GAGSV,3,1,11,02,13,286,36,04,59,123,46,06,47,165,44,09,27,185,40,7*71
$GAGSV,3,2,11,10,56,108,46,11,84,057,42,12,31,112,37,19,30,048,35,7*75
$GAGSV,3,3,11,25,03,237,,28,51,078,44,30,07,335,,7*41
$GBGSV,3,1,09,05,09,111,,07,16,042,28,10,17,054,28,11,14,315,30,1*71
$GBGSV,3,2,09,13,04,147,27,26,01,021,,27,67,198,38,28,30,156,34,1*7A
$GBGSV,3,3,09,30,39,304,37,1*45
$GIGSV,1,1,02,01,,,36,06,24,135,,1*4C
$GPGGA,135354.00,4825.1420512,N,00428.4545884,W,4,22,0.5,89.925,M,51.637,M,1.0,4095*65
$GPRMC,135354.00,A,4825.1420512,N,00428.4545884,W,0.0,0.0,100626,999.9,E,D*24
$GPGSV,3,1,12,01,36,121,44,02,11,129,34,03,60,058,48,04,60,159,44,1*67
$GPGSV,3,2,12,06,34,304,42,09,33,196,42,12,04,334,,13,03,334,,1*61
$GPGSV,3,3,12,17,48,233,45,19,46,283,44,28,13,039,37,31,19,068,40,1*6B
$GSGSV,3,1,10,01,33,195,,02,34,181,41,04,28,145,41,05,29,147,,1*67
$GSGSV,3,2,10,06,33,195,,07,05,106,,08,14,112,,17,34,167,42,1*61
$GSGSV,3,3,10,28,19,125,,39,17,237,,1*68
$GLGSV,2,1,08,68,42,038,44,69,83,206,46,70,29,217,40,76,07,339,,1*71
$GLGSV,2,2,08,77,07,023,,83,33,140,43,84,88,320,46,85,38,321,45,1*77
$GQGSV,1,1,00,1*65
$GAGSV,3,1,11,02,13,286,36,04,59,123,46,06,47,165,43,09,27,185,40,7*76
$GAGSV,3,2,11,10,56,108,46,11,84,057,42,12,31,112,37,19,30,048,35,7*75
$GAGSV,3,3,11,25,03,237,,28,51,078,44,30,07,335,,7*41
$GBGSV,3,1,09,05,09,111,,07,16,042,29,10,17,054,28,11,14,315,30,1*70
$GBGSV,3,2,09,13,04,147,28,26,01,021,,27,67,198,38,28,30,156,34,1*75
$GBGSV,3,3,09,30,39,304,36,1*44
$GIGSV,1,1,02,01,,,36,06,24,135,,1*4C
$GPGGA,135355.00,4825.1420516,N,00428.4545895,W,4,22,0.5,89.923,M,51.637,M,2.0,4095*65
$GPRMC,135355.00,A,4825.1420516,N,00428.4545895,W,0.0,0.0,100626,999.9,E,D*21
$GPGSV,3,1,12,01,36,121,44,02,11,129,33,03,60,058,48,04,60,159,45,1*61
$GPGSV,3,2,12,06,34,304,42,09,33,196,42,12,04,334,,13,03,334,,1*61
$GPGSV,3,3,12,17,48,233,46,19,46,283,45,28,13,039,37,31,19,068,40,1*69
$GSGSV,3,1,10,01,33,195,,02,34,181,41,04,28,145,41,05,29,147,,1*67
$GSGSV,3,2,10,06,33,195,,07,05,106,,08,14,112,,17,34,167,43,1*60
$GSGSV,3,3,10,28,19,125,,39,17,237,,1*68
$GLGSV,2,1,08,68,42,038,45,69,83,206,47,70,29,217,41,76,07,339,,1*70
$GLGSV,2,2,08,77,07,023,,83,33,140,44,84,88,320,46,85,38,321,45,1*70
$GQGSV,1,1,00,1*65
$GAGSV,3,1,11,02,13,286,36,04,59,123,46,06,47,165,44,09,27,185,40,7*71
$GAGSV,3,2,11,10,56,108,46,11,84,057,42,12,31,112,37,19,30,048,36,7*76
$GAGSV,3,3,11,25,03,237,,28,51,078,44,30,07,335,,7*41
$GBGSV,3,1,09,05,09,111,,07,16,042,29,10,17,054,28,11,14,315,31,1*71
$GBGSV,3,2,09,13,04,147,27,26,01,021,,27,67,198,39,28,30,156,35,1*7A
$GBGSV,3,3,09,30,39,304,37,1*45
$GIGSV,1,1,02,01,,,36,06,24,135,,1*4C
$GPGGA,135356.00,4825.1420521,N,00428.4545877,W,4,22,0.5,89.924,M,51.637,M,3.0,4095*68
$GPRMC,135356.00,A,4825.1420521,N,00428.4545877,W,0.0,0.0,100626,999.9,E,D*2A
$GPGSV,3,1,12,01,36,121,44,02,11,129,33,03,60,058,48,04,60,159,45,1*61
$GPGSV,3,2,12,06,34,304,42,09,33,196,41,12,04,334,,13,03,334,,1*62
$GPGSV,3,3,12,17,48,233,46,19,46,283,45,28,13,039,37,31,19,068,40,1*69
$GSGSV,3,1,10,01,33,195,,02,34,181,41,04,28,145,41,05,29,147,,1*67
$GSGSV,3,2,10,06,33,195,,07,05,106,,08,14,112,,17,34,167,43,1*60
$GSGSV,3,3,10,28,19,125,,39,17,237,,1*68
$GLGSV,2,1,08,68,42,038,45,69,83,206,48,70,29,217,41,76,07,339,,1*7F
$GLGSV,2,2,08,77,07,023,,83,33,140,44,84,88,320,47,85,38,321,45,1*71
$GQGSV,1,1,00,1*65
$GAGSV,3,1,11,02,13,286,36,04,59,123,46,06,47,165,44,09,27,185,40,7*71
$GAGSV,3,2,11,10,56,108,46,11,84,057,43,12,31,112,37,19,30,048,36,7*77
$GAGSV,3,3,11,25,03,237,,28,51,078,44,30,07,335,,7*41
$GBGSV,3,1,09,05,09,111,,07,16,042,29,10,17,054,28,11,14,315,31,1*71
$GBGSV,3,2,09,13,04,147,27,26,01,021,,27,67,198,40,28,30,156,35,1*74
$GBGSV,3,3,09,30,39,304,37,1*45
$GIGSV,1,1,02,01,,,35,06,24,135,,1*4F
$GPGGA,135357.00,4825.1420514,N,00428.4545877,W,4,23,0.5,89.917,M,51.637,M,1.0,4095*6C
$GPRMC,135357.00,A,4825.1420514,N,00428.4545877,W,0.0,0.0,100626,999.9,E,D*2D
$GPGSV,3,1,12,01,36,121,44,02,11,129,32,03,60,058,48,04,60,159,45,1*60
$GPGSV,3,2,12,06,34,304,41,09,33,196,41,12,04,334,,13,03,334,,1*61
$GPGSV,3,3,12,17,48,233,45,19,46,283,44,28,13,039,36,31,19,068,40,1*6A
$GSGSV,3,1,10,01,33,195,,02,34,181,41,04,28,145,41,05,29,147,,1*67
$GSGSV,3,2,10,06,33,195,,07,05,106,,08,14,112,,17,34,167,42,1*61
$GSGSV,3,3,10,28,19,125,,39,17,237,,1*68
$GLGSV,2,1,08,68,42,038,45,69,83,206,47,70,29,217,41,76,07,339,,1*70
$GLGSV,2,2,08,77,07,023,,83,33,140,44,84,88,320,46,85,38,321,45,1*70
$GQGSV,1,1,00,1*65
$GAGSV,3,1,11,02,13,286,36,04,60,123,46,06,47,165,43,09,27,185,39,7*72
$GAGSV,3,2,11,10,56,108,46,11,84,057,43,12,31,112,37,19,30,048,36,7*77
$GAGSV,3,3,11,25,03,237,,28,51,078,44,30,07,335,,7*41
$GBGSV,3,1,09,05,09,111,,07,16,042,28,10,17,054,27,11,14,315,31,1*7F
$GBGSV,3,2,09,13,04,147,28,26,01,021,,27,67,198,39,28,30,156,34,1*74
$GBGSV,3,3,09,30,39,304,36,1*44
$GIGSV,1,1,02,01,,,35,06,24,135,,1*4F
$GPGGA,135358.00,4825.1420511,N,00428.4545895,W,4,22,0.5,89.922,M,51.637,M,1.0,4095*6D
$GPRMC,135358.00,A,4825.1420511,N,00428.4545895,W,0.0,0.0,100626,999.9,E,D*2B
$GPGSV,3,1,12,01,36,121,43,02,11,129,33,03,60,058,47,04,60,159,45,1*69
$GPGSV,3,2,12,06,34,304,41,09,33,196,41,12,04,334,,13,03,334,,1*61
$GPGSV,3,3,12,17,48,233,45,19,46,283,44,28,13,039,36,31,19,068,40,1*6A
$GSGSV,3,1,10,01,33,195,,02,34,181,41,04,28,145,41,05,29,147,,1*67
$GSGSV,3,2,10,06,33,195,,07,05,106,,08,14,112,,17,34,167,43,1*60
$GSGSV,3,3,10,28,19,125,,39,17,237,,1*68
$GLGSV,2,1,08,68,42,038,45,69,83,206,47,70,29,217,40,76,07,339,,1*71
$GLGSV,2,2,08,77,07,023,,83,33,140,44,84,88,320,46,85,38,321,45,1*70
$GQGSV,1,1,00,1*65
$GAGSV,3,1,11,02,13,286,35,04,60,123,46,06,47,165,44,09,27,185,39,7*76
$GAGSV,3,2,11,10,56,108,46,11,84,057,42,12,31,112,37,19,30,048,35,7*75
$GAGSV,3,3,11,25,03,237,,28,51,078,44,30,07,335,,7*41
$GBGSV,3,1,09,05,09,111,,07,16,042,29,10,17,054,27,11,14,315,31,1*7E
$GBGSV,3,2,09,13,04,147,28,26,01,021,,27,67,198,39,28,30,156,35,1*75
$GBGSV,3,3,09,30,39,304,37,1*45
$GIGSV,1,1,02,01,,,35,06,24,135,,1*4F
$GPGGA,135359.00,4825.1420513,N,00428.4545887,W,4,22,0.5,89.928,M,51.637,M,2.0,4095*64
$GPRMC,135359.00,A,4825.1420513,N,00428.4545887,W,0.0,0.0,100626,999.9,E,D*2B
$GPGSV,3,1,12,01,36,121,44,02,11,129,33,03,60,058,48,04,60,159,45,1*61
$GPGSV,3,2,12,06,34,304,42,09,33,196,41,12,04,334,,13,03,334,,1*62
$GPGSV,3,3,12,17,48,233,46,19,46,283,44,28,13,039,36,31,19,068,40,1*69
$GSGSV,3,1,10,01,33,195,,02,34,181,41,04,28,145,42,05,29,147,,1*64
$GSGSV,3,2,10,06,33,195,,07,05,106,,08,14,112,,17,34,167,42,1*61
$GSGSV,3,3,10,28,19,125,,39,17,237,,1*68
$GLGSV,2,1,08,68,42,038,45,69,83,206,47,70,29,217,41,76,07,339,,1*70
$GLGSV,2,2,08,77,07,023,,83,33,140,44,84,88,320,46,85,38,321,44,1*71
$GQGSV,1,1,00,1*65
$GAGSV,3,1,11,02,13,286,36,04,60,123,46,06,47,165,44,09,27,185,40,7*7B
$GAGSV,3,2,11,10,56,108,46,11,84,057,42,12,31,112,37,19,30,048,36,7*76
$GAGSV,3,3,11,25,03,237,,28,51,078,45,30,07,335,,7*40
$GBGSV,3,1,09,05,09,111,,07,16,042,29,10,17,054,28,11,14,315,31,1*71
$GBGSV,3,2,09,13,04,147,27,26,01,021,,27,67,198,39,28,30,156,34,1*7B
$GBGSV,3,3,09,30,39,304,37,1*45
$GIGSV,1,1,02,01,,,35,06,24,135,,1*4F
$GPGGA,135400.00,4825.1420513,N,00428.4545909,W,4,22,0.5,89.926,M,51.637,M,3.0,4095*67
$GPRMC,135400.00,A,4825.1420513,N,00428.4545909,W,0.0,0.0,100626,999.9,E,D*27
$GPGSV,3,1,12,01,36,121,44,02,11,129,33,03,60,058,48,04,60,159,45,1*61
$GPGSV,3,2,12,06,34,304,42,09,33,196,41,12,04,334,,13,03,334,,1*62
$GPGSV,3,3,12,17,48,233,45,19,46,283,45,28,13,039,36,31,19,068,40,1*6B
$GSGSV,3,1,10,01,33,195,,02,34,181,41,04,28,145,42,05,29,147,,1*64
$GSGSV,3,2,10,06,33,195,,07,05,106,,08,14,112,,17,34,167,43,1*60
$GSGSV,3,3,10,28,19,125,,39,17,237,,1*68
$GLGSV,2,1,08,68,42,038,45,69,83,206,47,70,29,217,41,76,07,339,,1*70
$GLGSV,2,2,08,77,07,023,,83,33,140,44,84,88,320,46,85,38,321,45,1*70
$GQGSV,1,1,00,1*65
$GAGSV,3,1,11,02,13,286,36,04,60,123,46,06,47,165,44,09,27,185,40,7*7B
$GAGSV,3,2,11,10,56,108,46,11,84,057,43,12,31,112,37,19,30,048,35,7*74
$GAGSV,3,3,11,25,03,237,,28,51,078,44,30,07,335,,7*41
$GBGSV,3,1,09,05,09,111,,07,16,042,29,10,17,054,28,11,14,315,30,1*70
$GBGSV,3,2,09,13,04,147,27,26,01,021,,27,67,198,40,28,30,156,34,1*75
$GBGSV,3,3,09,30,39,304,37,1*45
$GIGSV,1,1,02,01,,,34,06,24,135,,1*4E
$GPGGA,135401.00,4825.1420516,N,00428.4545886,W,4,23,0.5,89.918,M,51.637,M,1.0,4095*6B
$GPRMC,135401.00,A,4825.1420516,N,00428.4545886,W,0.0,0.0,100626,999.9,E,D*25
$GPGSV,3,1,12,01,36,121,45,02,11,129,33,03,60,058,48,04,60,159,45,1*60
$GPGSV,3,2,12,06,34,304,42,09,33,196,41,12,04,334,,13,03,334,,1*62
$GPGSV,3,3,12,17,48,233,45,19,46,283,45,28,13,039,36,31,19,068,40,1*6B
$GSGSV,3,1,10,01,33,195,,02,34,181,41,04,28,145,42,05,29,147,,1*64
$GSGSV,3,2,10,06,33,195,,07,05,106,,08,14,112,,17,34,167,43,1*60
$GSGSV,3,3,10,28,19,125,,39,17,237,,1*68
$GLGSV,2,1,08,68,42,038,44,69,83,206,47,70,29,217,41,76,07,339,,1*71
$GLGSV,2,2,08,77,07,023,,83,33,140,45,84,88,320,46,85,38,321,45,1*71
$GQGSV,1,1,00,1*65
$GAGSV,3,1,11,02,13,286,36,04,60,123,46,06,47,165,44,09,27,185,40,7*7B
$GAGSV,3,2,11,10,56,108,46,11,84,057,43,12,31,112,37,19,30,048,35,7*74
$GAGSV,3,3,11,25,03,237,,28,51,078,44,30,07,335,,7*41
$GBGSV,3,1,09,05,09,111,,07,16,042,30,10,17,054,28,11,14,315,31,1*79
$GBGSV,3,2,09,13,04,147,28,26,01,021,,27,67,198,40,28,30,156,34,1*7A
$GBGSV,3,3,09,30,39,304,37,1*45
$GIGSV,1,1,02,01,,,35,06,24,135,,1*4F
$GPGGA,135402.00,4825.1420501,N,00428.4545886,W,4,23,0.5,89.924,M,51.637,M,1.0,4095*61
$GPRMC,135402.00,A,4825.1420501,N,00428.4545886,W,0.0,0.0,100626,999.9,E,D*20
$GPGSV,3,1,12,01,36,121,45,02,11,129,33,03,60,058,48,04,60,159,45,1*60
$GPGSV,3,2,12,06,34,304,42,09,33,196,41,12,04,334,,13,03,334,,1*62
$GPGSV,3,3,12,17,48,233,45,19,46,283,45,28,13,039,35,31,19,068,40,1*68
$GSGSV,3,1,10,01,33,195,,02,34,181,41,04,28,145,41,05,29,147,,1*67
$GSGSV,3,2,10,06,33,195,,07,05,106,,08,14,112,,17,34,167,43,1*60
$GSGSV,3,3,10,28,19,125,,39,17,237,,1*68
$GLGSV,2,1,08,68,42,038,44,69,83,206,47,70,29,217,41,76,07,339,,1*71
$GLGSV,2,2,08,77,07,023,,83,33,140,44,84,88,320,46,85,38,321,45,1*70
$GQGSV,1,1,00,1*65
$GAGSV,3,1,11,02,13,286,36,04,60,123,46,06,47,165,44,09,27,185,39,7*75
$GAGSV,3,2,11,10,56,108,46,11,84,057,42,12,31,112,37,19,30,048,35,7*75
$GAGSV,3,3,11,25,03,237,,28,51,078,44,30,07,335,,7*41
$GBGSV,3,1,09,05,09,111,,07,16,042,29,10,17,054,27,11,14,315,31,1*7E
$GBGSV,3,2,09,13,04,147,27,26,01,021,,27,67,198,39,28,30,156,34,1*7B
$GBGSV,3,3,09,30,39,304,36,1*44
$GIGSV,1,1,02,01,,,34,06,24,135,,1*4E
$GPGGA,135403.00,4825.1420500,N,00428.4545880,W,4,23,0.5,89.922,M,51.637,M,2.0,4095*62
$GPRMC,135403.00,A,4825.1420500,N,00428.4545880,W,0.0,0.0,100626,999.9,E,D*26
$GPGSV,3,1,12,01,36,121,45,02,11,129,33,03,60,058,48,04,60,159,45,1*60
$GPGSV,3,2,12,06,34,304,41,09,33,196,41,12,04,334,,13,03,334,,1*61
$GPGSV,3,3,12,17,48,233,45,19,46,283,45,28,13,039,36,31,19,068,40,1*6B
$GSGSV,3,1,10,01,33,195,,02,34,181,41,04,28,145,41,05,29,147,,1*67
$GSGSV,3,2,10,06,33,195,,07,05,106,,08,14,112,,17,34,167,42,1*61
$GSGSV,3,3,10,28,19,125,,39,17,237,,1*68
$GLGSV,2,1,08,68,42,038,44,69,83,206,47,70,29,217,41,76,07,339,,1*71
$GLGSV,2,2,08,77,07,023,,83,33,140,44,84,88,320,46,85,38,321,45,1*70
$GQGSV,1,1,00,1*65
$GAGSV,3,1,11,02,13,286,36,04,60,123,46,06,47,165,44,09,27,185,39,7*75
$GAGSV,3,2,11,10,56,108,46,11,84,057,43,12,31,112,37,19,30,048,35,7*74
$GAGSV,3,3,11,25,03,237,,28,51,078,44,30,07,335,,7*41
$GBGSV,3,1,09,05,09,111,,07,16,042,29,10,17,054,28,11,14,315,30,1*70
$GBGSV,3,2,09,13,04,147,28,26,01,021,,27,67,198,39,28,30,156,35,1*75
$GBGSV,3,3,09,30,39,304,37,1*45
$GIGSV,1,1,02,01,,,35,06,24,135,,1*4F
$GPGGA,135404.00,4825.1420507,N,00428.4545868,W,4,23,0.5,89.925,M,51.637,M,3.0,4095*62
$GPRMC,135404.00,A,4825.1420507,N,00428.4545868,W,0.0,0.0,100626,999.9,E,D*20
$GPGSV,3,1,12,01,36,121,45,02,11,129,33,03,60,058,48,04,60,159,46,1*63
$GPGSV,3,2,12,06,34,304,41,09,33,196,42,12,04,334,,13,03,334,,1*62
$GPGSV,3,3,12,17,48,233,45,19,46,283,45,28,13,039,36,31,19,068,40,1*6B
$GSGSV,3,1,10,01,33,195,,02,34,181,41,04,28,145,42,05,29,147,,1*64
$GSGSV,3,2,10,06,33,195,,07,05,106,,08,14,112,,17,34,167,43,1*60
$GSGSV,3,3,10,28,19,125,,39,17,237,,1*68
$GLGSV,2,1,08,68,42,038,45,69,83,206,47,70,29,217,41,76,07,339,,1*70
$GLGSV,2,2,08,77,07,023,,83,33,140,44,84,88,319,46,85,38,321,45,1*7A
$GQGSV,1,1,00,1*65
$GAGSV,3,1,11,02,13,286,36,04,60,123,47,06,47,165,44,09,27,185,40,7*7A
$GAGSV,3,2,11,10,56,108,46,11,84,057,43,12,31,112,37,19,30,048,35,7*74
$GAGSV,3,3,11,25,03,237,,28,51,078,45,30,07,335,,7*40
$GBGSV,3,1,09,05,09,111,,07,16,042,30,10,17,054,28,11,14,315,31,1*79
$GBGSV,3,2,09,13,04,147,29,26,01,021,,27,67,198,39,28,30,156,34,1*75
$GBGSV,3,3,09,30,39,304,37,1*45
$GIGSV,1,1,02,01,,,34,06,24,135,,1*4E
$GPGGA,135405.00,4825.1420495,N,00428.4545898,W,4,23,0.5,89.916,M,51.637,M,1.0,4095*64
$GPRMC,135405.00,A,4825.1420495,N,00428.4545898,W,0.0,0.0,100626,999.9,E,D*24
$GPGSV,3,1,12,01,36,121,44,02,11,129,33,03,60,058,48,04,60,159,45,1*61
$GPGSV,3,2,12,06,34,304,41,09,33,196,42,12,04,334,,13,03,334,,1*62
$GPGSV,3,3,12,17,48,233,45,19,46,283,44,28,13,039,36,31,19,068,40,1*6A
$GSGSV,3,1,10,01,33,195,,02,34,181,41,04,28,145,42,05,29,147,,1*64
$GSGSV,3,2,10,06,33,195,,07,05,106,,08,14,112,,17,34,167,43,1*60
$GSGSV,3,3,10,28,19,125,,39,17,237,,1*68
$GLGSV,2,1,08,68,42,038,44,69,83,206,47,70,29,217,41,76,07,339,,1*71
$GLGSV,2,2,08,77,07,023,,83,33,140,44,84,88,319,46,85,38,321,44,1*7B
$GQGSV,1,1,00,1*65
$GAGSV,3,1,11,02,13,286,36,04,60,123,47,06,47,165,44,09,27,185,40,7*7A
$GAGSV,3,2,11,10,56,108,46,11,84,057,43,12,31,112,37,19,30,048,35,7*74
$GAGSV,3,3,11,25,03,237,,28,51,078,44,30,07,335,,7*41
$GBGSV,3,1,09,05,09,111,,07,16,042,29,10,17,054,28,11,14,315,31,1*71
$GBGSV,3,2,09,13,04,147,27,26,01,021,,27,67,198,39,28,30,156,34,1*7B
$GBGSV,3,3,09,30,39,304,37,1*45
$GIGSV,1,1,02,01,,,34,06,24,135,,1*4E
$GPGGA,135406.00,4825.1420514,N,00428.4545875,W,4,23,0.5,89.922,M,51.637,M,1.0,4095*6B
$GPRMC,135406.00,A,4825.1420514,N,00428.4545875,W,0.0,0.0,100626,999.9,E,D*2C
$GPGSV,3,1,12,01,36,121,45,02,11,129,32,03,60,058,48,04,60,159,45,1*61
$GPGSV,3,2,12,06,34,304,41,09,33,196,42,12,04,334,,13,03,334,,1*62
$GPGSV,3,3,12,17,48,233,45,19,46,283,44,28,13,039,37,31,19,068,39,1*65
$GSGSV,3,1,10,01,33,195,,02,34,181,41,04,28,145,42,05,29,147,,1*64
$GSGSV,3,2,10,06,33,195,,07,05,106,,08,14,112,,17,34,167,43,1*60
$GSGSV,3,3,10,28,19,125,,39,17,237,,1*68
$GLGSV,2,1,08,68,42,038,44,69,83,206,47,70,29,217,41,76,07,339,,1*71
$GLGSV,2,2,08,77,07,023,,83,33,140,44,84,88,319,46,85,38,321,44,1*7B
$GQGSV,1,1,00,1*65
$GAGSV,3,1,11,02,13,285,35,04,60,123,46,06,47,165,44,09,27,185,40,7*7B
$GAGSV,3,2,11,10,56,108,46,11,84,057,43,12,31,112,37,19,30,048,35,7*74
$GAGSV,3,3,11,25,03,237,,28,51,078,44,30,07,334,,7*40
$GBGSV,3,1,09,05,09,111,,07,16,042,30,10,17,054,28,11,14,315,31,1*79
$GBGSV,3,2,09,13,04,147,27,26,01,021,,27,67,198,38,28,30,156,34,1*7A
$GBGSV,3,3,09,30,39,304,37,1*45
$GIGSV,1,1,02,01,,,35,06,24,135,,1*4F
$GPGGA,135407.00,4825.1420535,N,00428.4545863,W,4,23,0.5,89.925,M,51.637,M,2.0,4095*6A
$GPRMC,135407.00,A,4825.1420535,N,00428.4545863,W,0.0,0.0,100626,999.9,E,D*29
$GPGSV,3,1,12,01,36,121,44,02,11,129,31,03,60,058,48,04,60,159,45,1*63
$GPGSV,3,2,12,06,34,304,42,09,33,196,43,12,04,334,,13,03,334,,1*60
$GPGSV,3,3,12,17,48,233,45,19,46,283,45,28,13,039,37,31,19,068,39,1*64
$GSGSV,3,1,10,01,33,195,,02,34,181,42,04,28,145,42,05,29,147,,1*67
$GSGSV,3,2,10,06,33,195,,07,05,106,,08,14,112,,17,34,167,42,1*61
$GSGSV,3,3,10,28,19,125,,39,17,237,,1*68
$GLGSV,2,1,08,68,42,038,45,69,83,207,47,70,29,217,41,76,07,339,,1*71
$GLGSV,2,2,08,77,07,023,,83,33,140,44,84,88,319,47,85,38,321,45,1*7B
$GQGSV,1,1,00,1*65
$GAGSV,3,1,11,02,13,285,36,04,60,123,46,06,47,165,43,09,27,185,39,7*71
$GAGSV,3,2,11,10,56,108,45,11,84,057,43,12,31,112,37,19,30,048,35,7*77
$GAGSV,3,3,11,25,03,237,,28,51,078,44,30,07,334,,7*40
$GBGSV,3,1,09,05,09,111,,07,16,042,30,10,17,054,28,11,14,315,31,1*79
$GBGSV,3,2,09,13,04,147,28,26,01,021,,27,67,198,38,28,30,156,33,1*72
$GBGSV,3,3,09,30,39,304,37,1*45
$GIGSV,1,1,02,01,,,34,06,24,135,,1*4E
$GPGGA,135408.00,4825.1420515,N,00428.4545851,W,4,23,0.5,89.916,M,51.637,M,3.0,4095*67
$GPRMC,135408.00,A,4825.1420515,N,00428.4545851,W,0.0,0.0,100626,999.9,E,D*25
$GPGSV,3,1,12,01,35,121,44,02,11,129,32,03,60,058,48,04,60,159,45,1*63
$GPGSV,3,2,12,06,34,304,42,09,33,196,42,12,04,334,,13,03,334,,1*61
$GPGSV,3,3,12,17,48,233,45,19,46,283,45,28,13,039,37,31,19,068,39,1*64
$GSGSV,3,1,10,01,33,195,,02,34,181,42,04,28,145,42,05,29,147,,1*67
$GSGSV,3,2,10,06,33,195,,07,05,106,,08,14,112,,17,34,167,42,1*61
$GSGSV,3,3,10,28,19,125,,39,17,237,,1*68
$GLGSV,2,1,08,68,42,038,44,69,83,207,48,70,29,218,41,76,07,339,,1*70
$GLGSV,2,2,08,77,07,023,,83,33,140,44,84,88,319,46,85,38,321,45,1*7A
$GQGSV,1,1,00,1*65
$GAGSV,3,1,11,02,13,285,36,04,60,123,47,06,47,165,44,09,27,185,39,7*77
$GAGSV,3,2,11,10,56,108,45,11,84,058,42,12,31,112,37,19,30,048,35,7*79
$GAGSV,3,3,11,25,03,237,,28,51,078,44,30,07,334,,7*40
$GBGSV,3,1,09,05,09,111,,07,16,042,30,10,17,054,29,11,14,315,31,1*78
$GBGSV,3,2,09,13,04,147,27,26,01,021,,27,67,198,39,28,30,156,34,1*7B
$GBGSV,3,3,09,30,39,304,37,1*45
$GIGSV,1,1,02,01,,,34,06,24,135,,1*4E
$GPGGA,135409.00,4825.1420479,N,00428.4545863,W,4,22,0.5,89.913,M,51.637,M,1.0,4095*6A
$GPRMC,135409.00,A,4825.1420479,N,00428.4545863,W,0.0,0.0,100626,999.9,E,D*2E
$GPGSV,3,1,12,01,35,121,43,02,11,129,32,03,60,058,48,04,60,159,45,1*64
$GPGSV,3,2,12,06,34,304,42,09,33,196,42,12,04,334,,13,03,334,,1*61
$GPGSV,3,3,12,17,48,233,45,19,46,283,45,28,13,039,37,31,19,068,39,1*64
$GSGSV,3,1,10,01,33,195,,02,34,181,42,04,28,145,42,05,29,147,,1*67
$GSGSV,3,2,10,06,33,195,,07,05,106,,08,14,112,,17,34,167,43,1*60
$GSGSV,3,3,10,28,19,125,,39,17,237,,1*68
$GLGSV,2,1,08,68,42,038,44,69,83,207,47,70,29,218,41,76,07,339,,1*7F
$GLGSV,2,2,08,77,07,023,,83,33,140,44,84,88,319,46,85,38,321,44,1*7B
$GQGSV,1,1,00,1*65
$GAGSV,3,1,11,02,13,285,35,04,60,123,47,06,47,165,44,09,27,185,39,7*74
$GAGSV,3,2,11,10,56,108,45,11,84,058,42,12,31,112,37,19,30,048,36,7*7A
$GAGSV,3,3,11,25,03,237,,28,51,078,45,30,07,334,,7*41
$GBGSV,3,1,09,05,09,111,,07,16,042,30,10,17,054,28,11,14,315,31,1*79
$GBGSV,3,2,09,13,04,147,28,26,01,021,,27,67,198,39,28,30,156,34,1*74
$GBGSV,3,3,09,30,39,304,37,1*45
$GIGSV,1,1,02,01,,,35,06,24,135,,1*4F
$GPGGA,135410.00,4825.1420506,N,00428.4545894,W,4,22,0.5,89.918,M,51.637,M,1.0,4095*68
$GPRMC,135410.00,A,4825.1420506,N,00428.4545894,W,0.0,0.0,100626,999.9,E,D*27
$GPGSV,3,1,12,01,35,121,44,02,11,129,33,03,60,058,48,04,60,159,46,1*61
$GPGSV,3,2,12,06,34,304,42,09,34,196,42,12,04,334,,13,03,334,,1*66
$GPGSV,3,3,12,17,48,233,45,19,46,283,45,28,13,039,37,31,19,068,39,1*64
$GSGSV,3,1,10,01,33,195,,02,34,181,41,04,28,145,42,05,29,147,,1*64
$GSGSV,3,2,10,06,33,195,,07,05,106,,08,14,112,,17,34,167,43,1*60
$GSGSV,3,3,10,28,19,125,,39,17,237,,1*68
$GLGSV,2,1,08,68,42,038,44,69,83,207,47,70,29,218,41,76,07,339,,1*7F
$GLGSV,2,2,08,77,07,023,,83,33,140,44,84,88,319,46,85,38,321,44,1*7B
$GQGSV,1,1,00,1*65
$GAGSV,3,1,11,02,13,285,35,04,60,123,46,06,47,165,45,09,27,185,39,7*74
$GAGSV,3,2,11,10,56,108,45,11,84,058,43,12,31,112,37,19,30,048,35,7*78
$GAGSV,3,3,11,25,03,237,,28,51,078,44,30,07,334,,7*40
$GBGSV,3,1,09,05,09,111,,07,16,042,29,10,17,054,29,11,14,315,30,1*71
$GBGSV,3,2,09,13,04,147,28,26,01,021,,27,67,198,39,28,30,156,33,1*73
$GBGSV,3,3,09,30,39,304,37,1*45
$GIGSV,1,1,02,01,,,34,06,24,135,,1*4E
$GPGGA,135411.00,4825.1420502,N,00428.4545885,W,4,22,0.5,89.921,M,51.637,M,2.0,4095*64
$GPRMC,135411.00,A,4825.1420502,N,00428.4545885,W,0.0,0.0,100626,999.9,E,D*22
$GPGSV,3,1,12,01,35,121,44,02,11,129,33,03,60,058,48,04,60,159,46,1*61
$GPGSV,3,2,12,06,35,304,42,09,34,196,42,12,04,334,,13,03,334,,1*67
$GPGSV,3,3,12,17,48,233,45,19,46,283,45,28,13,039,37,31,19,068,39,1*64
$GSGSV,3,1,10,01,33,195,,02,34,181,41,04,28,145,42,05,29,147,,1*64
$GSGSV,3,2,10,06,33,195,,07,05,106,,08,14,112,,17,34,167,43,1*60
$GSGSV,3,3,10,28,19,125,,39,17,237,,1*68
$GLGSV,2,1,08,68,42,038,45,69,83,207,47,70,29,218,41,76,07,339,,1*7E
$GLGSV,2,2,08,77,07,023,,83,33,141,44,84,89,319,47,85,38,321,44,1*7A
$GQGSV,1,1,00,1*65
$GAGSV,3,1,11,02,13,285,35,04,60,123,47,06,47,165,45,09,27,185,40,7*7B
$GAGSV,3,2,11,10,56,108,45,11,84,058,43,12,31,112,37,19,30,048,36,7*7B
$GAGSV,3,3,11,25,03,237,,28,51,078,45,30,07,334,,7*41
$GBGSV,3,1,09,05,09,111,,07,16,042,30,10,17,054,28,11,14,315,31,1*79
$GBGSV,3,2,09,13,04,147,28,26,01,021,,27,67,198,39,28,30,156,34,1*74
$GBGSV,3,3,09,30,39,304,37,1*45
$GIGSV,1,1,02,01,,,34,06,24,135,,1*4E
$GPGGA,135412.00,4825.1420496,N,00428.4545886,W,4,22,0.5,89.913,M,51.637,M,3.0,4095*68
$GPRMC,135412.00,A,4825.1420496,N,00428.4545886,W,0.0,0.0,100626,999.9,E,D*2E
$GPGSV,3,1,12,01,35,121,45,02,11,129,32,03,60,058,48,04,60,159,46,1*61
$GPGSV,3,2,12,06,35,304,41,09,34,196,41,12,04,334,,13,03,334,,1*67
$GPGSV,3,3,12,17,48,233,45,19,46,283,45,28,13,039,37,31,19,068,39,1*64
$GSGSV,3,1,10,01,33,195,,02,34,181,41,04,28,145,41,05,29,147,,1*67
$GSGSV,3,2,10,06,33,195,,07,05,106,,08,14,112,,17,34,167,43,1*60
$GSGSV,3,3,10,28,19,125,,39,17,237,,1*68
$GLGSV,2,1,08,68,42,038,45,69,83,207,47,70,29,218,41,76,07,339,,1*7E
$GLGSV,2,2,08,77,07,023,,83,33,141,44,84,89,319,47,85,38,321,44,1*7A
$GQGSV,1,1,00,1*65
$GAGSV,3,1,11,02,13,285,35,04,60,123,46,06,47,165,44,09,27,185,40,7*7B
$GAGSV,3,2,11,10,56,108,45,11,84,058,42,12,31,112,37,19,30,048,36,7*7A
$GAGSV,3,3,11,25,03,237,,28,51,078,45,30,07,334,,7*41
$GBGSV,3,1,09,05,09,111,,07,16,042,30,10,17,054,28,11,14,315,30,1*78
$GBGSV,3,2,09,13,04,147,27,26,01,021,,27,67,198,40,28,30,156,34,1*75
$GBGSV,3,3,09,30,39,304,36,1*44
$GIGSV,1,1,02,01,,,35,06,24,135,,1*4F
$GPGGA,135413.00,4825.1420491,N,00428.4545887,W,4,23,0.5,89.916,M,51.637,M,1.0,4095*69
$GPRMC,135413.00,A,4825.1420491,N,00428.4545887,W,0.0,0.0,100626,999.9,E,D*29
$GPGSV,3,1,12,01,35,121,45,02,11,129,32,03,60,058,48,04,60,159,46,1*61
$GPGSV,3,2,12,06,35,304,42,09,34,196,41,12,04,334,,13,03,334,,1*64
$GPGSV,3,3,12,17,48,233,45,19,46,283,45,28,13,039,37,31,19,068,39,1*64
$GSGSV,3,1,10,01,33,195,,02,34,181,41,04,28,145,42,05,29,147,,1*64
$GSGSV,3,2,10,06,33,195,,07,05,106,,08,14,112,,17,34,167,43,1*60
$GSGSV,3,3,10,28,19,125,,39,17,237,,1*68
$GLGSV,2,1,08,68,42,038,44,69,83,207,47,70,29,218,41,76,07,339,,1*7F
$GLGSV,2,2,08,77,07,023,,83,33,141,44,84,89,318,46,85,38,321,44,1*7A
$GQGSV,1,1,00,1*65
$GAGSV,3,1,11,02,13,285,35,04,60,123,46,06,47,165,44,09,27,185,39,7*75
$GAGSV,3,2,11,10,56,108,45,11,84,058,43,12,31,112,37,19,30,048,35,7*78
$GAGSV,3,3,11,25,03,237,,28,51,078,45,30,07,334,,7*41
$GBGSV,3,1,09,05,09,111,,07,16,042,29,10,17,054,28,11,14,315,31,1*71
$GBGSV,3,2,09,13,04,147,,26,01,021,,27,67,198,40,28,30,156,33,1*77
$GBGSV,3,3,09,30,39,304,36,1*44
$GIGSV,1,1,02,01,,,34,06,24,135,,1*4E
$GPGGA,135414.00,4825.1420504,N,00428.4545894,W,4,22,0.5,89.919,M,51.637,M,1.0,4095*6F
$GPRMC,135414.00,A,4825.1420504,N,00428.4545894,W,0.0,0.0,100626,999.9,E,D*21
$GPGSV,3,1,12,01,35,121,44,02,11,129,32,03,60,058,48,04,60,159,47,1*61
$GPGSV,3,2,12,06,35,304,42,09,34,196,41,12,04,334,,13,03,334,,1*64
$GPGSV,3,3,12,17,48,233,46,19,46,283,45,28,13,039,36,31,19,068,40,1*68
$GSGSV,3,1,10,01,33,195,,02,34,181,41,04,28,145,41,05,29,147,,1*67
$GSGSV,3,2,10,06,33,195,,07,05,106,,08,14,112,,17,34,167,43,1*60
$GSGSV,3,3,10,28,19,125,,39,17,237,,1*68
$GLGSV,2,1,08,68,42,038,45,69,83,207,47,70,29,218,41,76,07,339,,1*7E
$GLGSV,2,2,08,77,07,023,,83,33,141,44,84,89,318,46,85,38,321,44,1*7A
$GQGSV,1,1,00,1*65
$GAGSV,3,1,11,02,13,285,35,04,60,123,46,06,47,165,44,09,27,185,39,7*75
$GAGSV,3,2,11,10,56,108,46,11,84,058,42,12,31,112,38,19,30,048,35,7*75
$GAGSV,3,3,11,25,03,237,,28,51,078,44,30,07,334,,7*40
$GBGSV,3,1,09,05,09,111,,07,16,042,29,10,17,054,28,11,14,315,31,1*71
$GBGSV,3,2,09,13,04,147,,26,01,021,,27,67,198,39,28,30,156,33,1*79
$GBGSV,3,3,09,30,39,304,37,1*45
$GIGSV,1,1,02,01,,,35,06,24,135,,1*4F
$GPGGA,135415.00,4825.1420505,N,00428.4545889,W,4,22,0.5,89.936,M,51.637,M,1.0,4095*6E
$GPRMC,135415.00,A,4825.1420505,N,00428.4545889,W,0.0,0.0,100626,999.9,E,D*2D
$GPGSV,3,1,12,01,35,121,44,02,11,129,31,03,60,058,48,04,60,159,47,1*62
$GPGSV,3,2,12,06,35,304,42,09,34,196,42,12,04,334,,13,03,334,,1*67
$GPGSV,3,3,12,17,48,233,45,19,46,283,45,28,13,039,36,31,19,068,39,1*65
$GSGSV,3,1,10,01,33,195,,02,34,181,41,04,28,145,41,05,29,147,,1*67
$GSGSV,3,2,10,06,33,195,,07,05,106,,08,14,112,,17,34,167,42,1*61
$GSGSV,3,3,10,28,19,125,,39,17,237,,1*68
$GLGSV,2,1,08,68,42,038,44,69,83,207,47,70,29,218,41,76,07,339,,1*7F
$GLGSV,2,2,08,77,07,023,,83,33,141,43,84,89,318,46,85,39,321,44,1*7C
$GQGSV,1,1,00,1*65
$GAGSV,3,1,11,02,13,285,35,04,60,123,46,06,47,165,44,09,27,185,39,7*75
$GAGSV,3,2,11,10,56,108,46,11,84,058,42,12,31,112,38,19,30,048,35,7*75
$GAGSV,3,3,11,25,03,237,,28,51,078,44,30,07,334,,7*40
$GBGSV,3,1,09,05,09,111,,07,16,042,30,10,17,054,28,11,14,315,31,1*79
$GBGSV,3,2,09,13,04,147,,26,01,021,,27,67,198,39,28,30,156,34,1*7E
$GBGSV,3,3,09,30,39,304,37,1*45
$GIGSV,1,1,02,01,,,34,06,24,135,,1*4E
$GPGGA,135416.00,4825.1420495,N,00428.4545887,W,4,22,0.5,89.935,M,51.637,M,2.0,4095*6B
$GPRMC,135416.00,A,4825.1420495,N,00428.4545887,W,0.0,0.0,100626,999.9,E,D*28
$GPGSV,3,1,12,01,35,121,45,02,11,129,33,03,60,058,48,04,60,159,47,1*61
$GPGSV,3,2,12,06,35,304,42,09,34,196,42,12,04,334,,13,03,334,,1*67
$GPGSV,3,3,12,17,48,233,45,19,46,283,45,28,13,039,37,31,19,068,39,1*64
$GSGSV,3,1,10,01,33,195,,02,34,181,41,04,28,145,42,05,29,147,,1*64
$GSGSV,3,2,10,06,33,195,,07,05,106,,08,14,112,,17,34,167,42,1*61
$GSGSV,3,3,10,28,19,125,,39,17,237,,1*68
$GLGSV,2,1,08,68,42,038,45,69,83,207,47,70,29,218,41,76,07,339,,1*7E
$GLGSV,2,2,08,77,07,023,,83,33,141,43,84,89,318,46,85,39,321,45,1*7D
$GQGSV,1,1,00,1*65
$GAGSV,3,1,11,02,13,285,35,04,60,123,46,06,47,165,44,09,27,185,39,7*75
$GAGSV,3,2,11,10,56,108,46,11,84,058,42,12,31,112,37,19,30,048,36,7*79
$GAGSV,3,3,11,25,03,237,,28,51,078,45,30,07,334,,7*41
$GBGSV,3,1,09,05,09,111,,07,16,042,29,10,17,054,29,11,14,315,31,1*70
$GBGSV,3,2,09,13,04,147,,26,01,021,,27,67,198,39,28,30,156,34,1*7E
$GBGSV,3,3,09,30,39,304,37,1*45
$GIGSV,1,1,02,01,,,35,06,24,135,,1*4F
$GPGGA,135417.00,4825.1420498,N,00428.4545897,W,4,22,0.5,89.937,M,51.637,M,1.0,4095*67
$GPRMC,135417.00,A,4825.1420498,N,00428.4545897,W,0.0,0.0,100626,999.9,E,D*25
$GPGSV,3,1,12,01,35,121,45,02,11,129,32,03,60,058,48,04,60,159,46,1*61
$GPGSV,3,2,12,06,35,304,42,09,34,196,42,12,04,334,,13,03,334,,1*67
$GPGSV,3,3,12,17,48,233,45,19,46,283,45,28,13,039,36,31,19,068,39,1*65
$GSGSV,3,1,10,01,33,195,,02,34,181,41,04,28,145,42,05,29,147,,1*64
$GSGSV,3,2,10,06,33,195,,07,05,106,,08,14,112,,17,34,167,42,1*61
$GSGSV,3,3,10,28,19,125,,39,17,237,,1*68
$GLGSV,2,1,08,68,42,038,45,69,83,207,47,70,29,218,41,76,07,339,,1*7E
$GLGSV,2,2,08,77,07,023,,83,33,141,43,84,89,318,46,85,39,321,44,1*7C
$GQGSV,1,1,00,1*65
$GAGSV,3,1,11,02,13,285,34,04,60,123,46,06,47,165,45,09,27,185,39,7*75
$GAGSV,3,2,11,10,56,108,46,11,84,058,42,12,31,112,38,19,30,048,35,7*75
$GAGSV,3,3,11,25,03,237,,28,51,078,44,30,07,334,,7*40
$GBGSV,3,1,09,05,09,111,,07,16,042,29,10,17,054,28,11,14,315,31,1*71
$GBGSV,3,2,09,13,04,147,,26,01,021,,27,67,197,39,28,30,156,34,1*71
$GBGSV,3,3,09,30,39,304,37,1*45
$GIGSV,1,1,02,01,,,35,06,24,135,,1*4F
$GPGGA,135418.00,4825.1420515,N,00428.4545878,W,4,22,0.5,89.925,M,51.637,M,1.0,4095*6E
$GPRMC,135418.00,A,4825.1420515,N,00428.4545878,W,0.0,0.0,100626,999.9,E,D*2F
$GPGSV,3,1,12,01,35,121,44,02,11,129,32,03,60,058,48,04,60,159,46,1*60
$GPGSV,3,2,12,06,35,304,41,09,34,196,42,12,04,334,,13,03,334,,1*64
$GPGSV,3,3,12,17,48,233,45,19,46,283,44,28,13,039,36,31,19,068,39,1*64
$GSGSV,3,1,10,01,33,195,,02,34,181,41,04,28,145,41,05,29,147,,1*67
$GSGSV,3,2,10,06,33,195,,07,05,106,,08,14,112,,17,34,167,43,1*60
$GSGSV,3,3,10,28,19,125,,39,17,237,,1*68
$GLGSV,2,1,08,68,42,038,45,69,83,207,47,70,29,218,41,76,07,339,,1*7E
$GLGSV,2,2,08,77,07,023,,83,33,141,43,84,89,318,46,85,39,321,45,1*7D
$GQGSV,1,1,00,1*65
$GAGSV,3,1,11,02,13,285,34,04,60,123,46,06,47,165,45,09,27,185,39,7*75
$GAGSV,3,2,11,10,56,108,46,11,84,058,42,12,31,112,38,19,30,048,35,7*75
$GAGSV,3,3,11,25,03,237,,28,51,078,44,30,07,334,,7*40
$GBGSV,3,1,09,05,09,111,,07,16,042,29,10,17,054,28,11,14,315,30,1*70
$GBGSV,3,2,09,13,04,147,,26,01,021,,27,67,197,39,28,30,156,33,1*76
$GBGSV,3,3,09,30,39,304,37,1*45
$GIGSV,1,1,02,01,,,34,06,24,135,,1*4E
$GPGGA,135419.00,4825.1420515,N,00428.4545893,W,4,22,0.5,89.921,M,51.637,M,1.0,4095*6E
$GPRMC,135419.00,A,4825.1420515,N,00428.4545893,W,0.0,0.0,100626,999.9,E,D*2B
$GPGSV,3,1,12,01,35,121,45,02,11,129,32,03,60,058,48,04,60,159,46,1*61
$GPGSV,3,2,12,06,35,304,41,09,34,196,42,12,04,334,,13,03,334,,1*64
$GPGSV,3,3,12,17,48,233,46,19,46,283,44,28,13,039,36,31,19,068,39,1*67
$GSGSV,3,1,10,01,33,195,,02,34,181,40,04,28,145,41,05,29,147,,1*66
$GSGSV,3,2,10,06,33,195,,07,05,106,,08,14,112,,17,34,167,43,1*60
$GSGSV,3,3,10,28,19,125,,39,17,237,,1*68
$GLGSV,2,1,08,68,42,038,44,69,83,207,47,70,29,218,41,76,07,339,,1*7F
$GLGSV,2,2,08,77,07,023,,83,33,141,44,84,89,318,47,85,39,321,45,1*7B
$GQGSV,1,1,00,1*65
$GAGSV,3,1,11,02,13,285,34,04,60,123,46,06,47,165,44,09,27,185,39,7*74
$GAGSV,3,2,11,10,56,108,46,11,84,058,43,12,31,112,37,19,30,048,35,7*7B
$GAGSV,3,3,11,25,03,237,,28,51,078,44,30,07,334,,7*40
$GBGSV,3,1,09,05,09,111,,07,16,042,28,10,17,054,28,11,14,315,31,1*70
$GBGSV,3,2,09,13,04,147,,26,01,021,,27,67,197,39,28,30,156,34,1*71
$GBGSV,3,3,09,30,39,304,37,1*45
$GIGSV,1,1,02,01,,,34,06,24,135,,1*4E
$GPGGA,135420.00,4825.1420512,N,00428.4545895,W,4,22,0.5,89.918,M,51.637,M,2.0,4095*6C
$GPRMC,135420.00,A,4825.1420512,N,00428.4545895,W,0.0,0.0,100626,999.9,E,D*20
$GPGSV,3,1,12,01,35,121,45,02,11,129,33,03,60,058,48,04,60,159,47,1*61
$GPGSV,3,2,12,06,35,304,41,09,34,196,42,12,04,334,,13,03,334,,1*64
$GPGSV,3,3,12,17,48,233,46,19,46,283,44,28,13,039,36,31,19,068,39,1*67
$GSGSV,3,1,10,01,33,195,,02,34,181,41,04,28,145,42,05,29,147,,1*64
$GSGSV,3,2,10,06,33,195,,07,05,106,,08,14,112,,17,34,167,43,1*60
$GSGSV,3,3,10,28,19,125,,39,17,237,,1*68
$GLGSV,2,1,08,68,42,038,45,69,83,207,47,70,29,218,41,76,07,339,,1*7E
$GLGSV,2,2,08,77,07,023,,83,33,141,45,84,89,318,47,85,39,321,45,1*7A
$GQGSV,1,1,00,1*65
$GAGSV,3,1,11,02,13,285,34,04,60,123,46,06,47,165,44,09,27,185,39,7*74
$GAGSV,3,2,11,10,56,108,46,11,84,058,43,12,31,112,37,19,30,048,35,7*7B
$GAGSV,3,3,11,25,03,237,,28,51,078,44,30,07,334,,7*40
$GBGSV,3,1,09,05,09,111,,07,16,042,28,10,17,054,28,11,14,315,31,1*70
$GBGSV,3,2,09,13,04,147,,26,01,021,,27,67,197,39,28,30,156,34,1*71
$GBGSV,3,3,09,30,39,304,37,1*45
$GIGSV,1,1,02,01,,,34,06,24,135,,1*4E
$GPGGA,135421.00,4825.1420512,N,00428.4545879,W,4,22,0.5,89.923,M,51.637,M,1.0,4095*64
$GPRMC,135421.00,A,4825.1420512,N,00428.4545879,W,0.0,0.0,100626,999.9,E,D*23
$GPGSV,3,1,12,01,35,121,44,02,11,129,32,03,60,058,48,04,60,159,47,1*61
$GPGSV,3,2,12,06,35,304,42,09,34,196,42,12,04,334,,13,03,334,,1*67
$GPGSV,3,3,12,17,48,233,46,19,46,283,44,28,13,039,37,31,19,068,39,1*66
$GSGSV,3,1,10,01,33,195,,02,34,181,41,04,28,145,41,05,29,147,,1*67
$GSGSV,3,2,10,06,33,195,,07,05,106,,08,14,112,,17,34,167,43,1*60
$GSGSV,3,3,10,28,19,125,,39,17,237,,1*68
$GLGSV,2,1,08,68,42,038,44,69,83,207,47,70,29,218,41,76,07,339,,1*7F
$GLGSV,2,2,08,77,07,023,,83,33,141,44,84,89,317,46,85,39,321,45,1*75
$GQGSV,1,1,00,1*65
$GAGSV,3,1,11,02,13,285,34,04,60,123,46,06,47,165,44,09,27,185,38,7*75
$GAGSV,3,2,11,10,56,108,46,11,84,058,43,12,31,112,37,19,30,048,35,7*7B
$GAGSV,3,3,11,25,03,237,,28,51,078,44,30,07,334,,7*40
$GBGSV,3,1,09,05,09,111,,07,16,042,28,10,17,054,28,11,14,315,31,1*70
$GBGSV,3,2,09,13,04,147,,26,01,021,,27,67,197,39,28,30,156,34,1*71
$GBGSV,3,3,09,30,40,304,37,1*4B
$GIGSV,1,1,02,01,,,34,06,24,135,,1*4E
$GPGGA,135422.00,4825.1420502,N,00428.4545886,W,4,22,0.5,89.921,M,51.637,M,1.0,4095*64
$GPRMC,135422.00,A,4825.1420502,N,00428.4545886,W,0.0,0.0,100626,999.9,E,D*21
$GPGSV,3,1,12,01,35,121,44,02,11,129,32,03,60,058,48,04,60,159,46,1*60
$GPGSV,3,2,12,06,35,304,42,09,34,196,42,12,04,334,,13,03,334,,1*67
$GPGSV,3,3,12,17,48,233,45,19,46,283,44,28,13,039,37,31,19,068,40,1*6B
$GSGSV,3,1,10,01,33,195,,02,34,181,41,04,28,145,41,05,29,147,,1*67
$GSGSV,3,2,10,06,33,195,,07,05,106,,08,14,112,,17,34,167,43,1*60
$GSGSV,3,3,10,28,19,125,,39,17,237,,1*68
$GLGSV,2,1,08,68,42,038,44,69,83,207,47,70,29,218,41,76,07,339,,1*7F
$GLGSV,2,2,08,77,07,023,,83,33,141,43,84,89,317,47,85,39,321,45,1*73
$GQGSV,1,1,00,1*65
$GAGSV,3,1,11,02,13,285,34,04,60,123,46,06,47,165,44,09,27,185,38,7*75
$GAGSV,3,2,11,10,56,108,45,11,84,058,43,12,31,112,37,19,30,048,35,7*78
$GAGSV,3,3,11,25,03,237,,28,51,078,44,30,07,334,,7*40
$GBGSV,3,1,09,05,09,111,,07,16,042,29,10,17,054,28,11,14,315,31,1*71
$GBGSV,3,2,09,13,04,147,,26,01,021,,27,67,197,39,28,30,156,34,1*71
$GBGSV,3,3,09,30,40,304,37,1*4B
$GIGSV,1,1,02,01,,,34,06,24,135,,1*4E
$GPGGA,135423.00,4825.1420505,N,00428.4545894,W,4,22,0.5,89.918,M,51.637,M,1.0,4095*6B
$GPRMC,135423.00,A,4825.1420505,N,00428.4545894,W,0.0,0.0,100626,999.9,E,D*24
$GPGSV,3,1,12,01,35,121,44,02,11,129,31,03,60,058,48,04,60,159,46,1*63
$GPGSV,3,2,12,06,35,304,42,09,34,196,42,12,04,334,,13,03,334,,1*67
$GPGSV,3,3,12,17,48,233,46,19,46,283,44,28,13,039,37,31,19,068,40,1*68
$GSGSV,3,1,10,01,33,195,,02,34,181,41,04,28,145,41,05,29,147,,1*67
$GSGSV,3,2,10,06,33,195,,07,05,106,,08,14,112,,17,34,167,43,1*60
$GSGSV,3,3,10,28,19,125,,39,17,237,,1*68
$GLGSV,2,1,08,68,42,038,45,69,83,207,47,70,29,218,41,76,07,339,,1*7E
$GLGSV,2,2,08,77,07,023,,83,33,141,44,84,89,317,47,85,39,321,45,1*74
$GQGSV,1,1,00,1*65
$GAGSV,3,1,11,02,13,285,34,04,60,123,46,06,47,165,43,09,27,185,38,7*72
$GAGSV,3,2,11,10,56,108,45,11,84,058,43,12,31,112,37,19,30,048,35,7*78
$GAGSV,3,3,11,25,03,237,,28,51,078,44,30,07,334,,7*40
$GBGSV,3,1,09,05,09,111,,07,16,042,29,10,17,054,28,11,14,315,30,1*70
$GBGSV,3,2,09,13,04,147,,26,01,021,,27,67,197,38,28,30,156,35,1*71
$GBGSV,3,3,09,30,40,304,37,1*4B
$GIGSV,1,1,02,01,,,34,06,24,135,,1*4E
$GPGGA,135424.00,4825.1420518,N,00428.4545895,W,4,22,0.5,89.918,M,51.637,M,2.0,4095*62
$GPRMC,135424.00,A,4825.1420518,N,00428.4545895,W,0.0,0.0,100626,999.9,E,D*2E
$GPGSV,3,1,12,01,35,121,44,02,11,129,32,03,60,058,48,04,60,159,46,1*60
$GPGSV,3,2,12,06,35,304,41,09,34,196,42,12,04,334,,13,03,334,,1*64
$GPGSV,3,3,12,17,48,233,45,19,46,283,44,28,13,039,37,31,19,068,40,1*6B
$GSGSV,3,1,10,01,33,195,,02,34,181,41,04,28,145,42,05,29,147,,1*64
$GSGSV,3,2,10,06,33,195,,07,05,106,,08,14,112,,17,34,167,43,1*60
$GSGSV,3,3,10,28,19,125,,39,17,237,,1*68
$GLGSV,2,1,08,68,42,038,45,69,83,207,47,70,29,218,41,76,07,339,,1*7E
$GLGSV,2,2,08,77,07,023,,83,33,141,44,84,89,317,47,85,39,321,45,1*74
$GQGSV,1,1,00,1*65
$GAGSV,3,1,11,02,13,285,33,04,60,123,46,06,47,165,44,09,27,185,38,7*72
$GAGSV,3,2,11,10,56,108,45,11,84,058,42,12,31,112,37,19,30,048,35,7*79
$GAGSV,3,3,11,25,03,237,,28,51,078,44,30,07,334,,7*40
$GBGSV,3,1,09,05,09,111,,07,16,042,30,10,17,054,28,11,14,315,31,1*79
$GBGSV,3,2,09,13,04,147,,26,01,021,,27,67,197,39,28,30,156,34,1*71
$GBGSV,3,3,09,30,40,304,37,1*4B
$GIGSV,1,1,02,01,,,34,06,24,135,,1*4E
$GPGGA,135425.00,4825.1420517,N,00428.4545911,W,4,22,0.5,89.915,M,51.637,M,3.0,4095*6D
$GPRMC,135425.00,A,4825.1420517,N,00428.4545911,W,0.0,0.0,100626,999.9,E,D*2D
$GPGSV,3,1,12,01,35,121,44,02,11,129,32,03,60,058,48,04,60,159,46,1*60
$GPGSV,3,2,12,06,35,304,42,09,34,196,42,12,04,334,,13,03,334,,1*67
$GPGSV,3,3,12,17,48,233,45,19,46,283,45,28,13,039,37,31,19,068,40,1*6A
$GSGSV,3,1,10,01,33,195,,02,34,181,41,04,28,145,42,05,29,147,,1*64
$GSGSV,3,2,10,06,33,195,,07,05,106,,08,14,112,,17,34,167,43,1*60
$GSGSV,3,3,10,28,19,125,,39,17,237,,1*68
$GLGSV,2,1,08,68,42,038,45,69,83,207,47,70,29,218,41,76,07,339,,1*7E
$GLGSV,2,2,08,77,07,023,,83,33,141,43,84,89,317,47,85,39,321,45,1*73
$GQGSV,1,1,00,1*65
$GAGSV,3,1,11,02,13,285,34,04,60,123,46,06,47,165,44,09,27,185,39,7*74
$GAGSV,3,2,11,10,56,108,45,11,84,059,42,12,31,112,37,19,30,048,35,7*78
$GAGSV,3,3,11,25,03,237,,28,51,078,44,30,07,334,,7*40
$GBGSV,3,1,09,05,09,111,,07,16,042,29,10,17,054,29,11,14,315,31,1*70
$GBGSV,3,2,09,13,04,147,,26,01,021,,27,67,197,39,28,30,156,35,1*70
$GBGSV,3,3,09,30,40,304,37,1*4B
$GIGSV,1,1,02,01,,,34,06,24,135,,1*4E
$GPGGA,135426.00,4825.1420505,N,00428.4545891,W,4,23,0.5,89.924,M,51.637,M,1.0,4095*65
$GPRMC,135426.00,A,4825.1420505,N,00428.4545891,W,0.0,0.0,100626,999.9,E,D*24
$GPGSV,3,1,12,01,35,121,45,02,11,129,32,03,60,058,48,04,60,159,46,1*61
$GPGSV,3,2,12,06,35,304,42,09,34,196,42,12,04,334,,13,03,334,,1*67
$GPGSV,3,3,12,17,48,233,45,19,46,283,44,28,13,039,37,31,19,068,40,1*6B
$GSGSV,3,1,10,01,33,195,,02,34,181,41,04,28,145,41,05,29,147,,1*67
$GSGSV,3,2,10,06,33,195,,07,05,106,,08,14,112,,17,34,167,42,1*61
$GSGSV,3,3,10,28,19,125,,39,17,237,,1*68
$GLGSV,2,1,08,68,42,038,44,69,83,207,47,70,29,218,41,76,07,339,,1*7F
$GLGSV,2,2,08,77,07,023,,83,33,141,43,84,89,317,47,85,39,321,45,1*73
$GQGSV,1,1,00,1*65
$GAGSV,3,1,11,02,13,285,35,04,60,123,45,06,47,165,44,09,27,185,39,7*76
$GAGSV,3,2,11,10,56,108,45,11,84,059,43,12,31,112,36,19,30,048,35,7*78
$GAGSV,3,3,11,25,03,237,,28,51,078,44,30,07,334,,7*40
$GBGSV,3,1,09,05,09,111,,07,16,042,30,10,17,054,29,11,14,315,31,1*78
$GBGSV,3,2,09,13,04,147,,26,01,021,,27,67,197,39,28,30,156,34,1*71
$GBGSV,3,3,09,30,40,304,36,1*4A
$GIGSV,1,1,02,01,,,34,06,24,135,,1*4E
$GPGGA,135427.00,4825.1420522,N,00428.4545885,W,4,23,0.5,89.927,M,51.637,M,1.0,4095*67
$GPRMC,135427.00,A,4825.1420522,N,00428.4545885,W,0.0,0.0,100626,999.9,E,D*25
$GPGSV,3,1,12,01,35,121,45,02,11,129,33,03,60,058,48,04,60,159,46,1*60
$GPGSV,3,2,12,06,35,304,41,09,34,196,42,12,04,334,,13,03,334,,1*64
$GPGSV,3,3,12,17,48,233,45,19,46,283,45,28,13,039,36,31,19,068,40,1*6B
$GSGSV,3,1,10,01,33,195,,02,34,181,41,04,28,145,41,05,29,147,,1*67
$GSGSV,3,2,10,06,33,195,,07,05,106,,08,14,112,,17,34,167,42,1*61
$GSGSV,3,3,10,28,19,125,,39,17,237,,1*68
$GLGSV,2,1,08,68,42,038,44,69,83,207,47,70,29,218,41,76,07,339,,1*7F
$GLGSV,2,2,08,77,07,023,,83,33,141,43,84,89,317,46,85,39,321,46,1*71
$GQGSV,1,1,00,1*65
$GAGSV,3,1,11,02,13,285,35,04,60,123,45,06,47,165,44,09,27,185,40,7*78
$GAGSV,3,2,11,10,56,108,45,11,84,059,42,12,31,112,37,19,30,048,35,7*78
$GAGSV,3,3,11,25,03,237,,28,51,078,44,30,07,334,,7*40
$GBGSV,3,1,09,05,09,111,,07,16,042,29,10,17,054,28,11,14,315,31,1*71
$GBGSV,3,2,09,13,04,147,,26,01,021,,27,67,197,39,28,30,156,34,1*71
$GBGSV,3,3,09,30,40,304,37,1*4B
$GIGSV,1,1,02,01,,,34,06,24,135,,1*4E
$GPGGA,135428.00,4825.1420522,N,00428.4545889,W,4,23,0.5,89.930,M,51.637,M,2.0,4095*61
$GPRMC,135428.00,A,4825.1420522,N,00428.4545889,W,0.0,0.0,100626,999.9,E,D*26
$GPGSV,3,1,12,01,35,121,45,02,11,129,32,03,60,058,48,04,60,159,46,1*61
$GPGSV,3,2,12,06,35,304,42,09,34,196,42,12,04,334,,13,03,334,,1*67
$GPGSV,3,3,12,17,48,233,46,19,46,283,45,28,13,039,36,31,19,068,40,1*68
$GSGSV,3,1,10,01,33,195,,02,34,181,41,04,28,145,42,05,29,147,,1*64
$GSGSV,3,2,10,06,33,195,,07,05,106,,08,14,112,,17,34,167,43,1*60
$GSGSV,3,3,10,28,19,125,,39,17,237,,1*68
$GLGSV,2,1,08,68,42,038,45,69,83,207,46,70,29,218,41,76,07,339,,1*7F
$GLGSV,2,2,08,77,07,023,,83,33,141,43,84,89,316,46,85,39,321,46,1*70
$GQGSV,1,1,00,1*65
$GAGSV,3,1,11,02,13,285,35,04,60,123,45,06,47,165,44,09,27,185,40,7*78
$GAGSV,3,2,11,10,56,108,45,11,84,059,43,12,31,112,37,19,30,048,36,7*7A
$GAGSV,3,3,11,25,02,237,,28,51,078,44,30,07,334,,7*41
$GBGSV,3,1,09,05,09,111,,07,16,042,29,10,17,054,29,11,14,315,31,1*70
$GBGSV,3,2,09,13,04,147,,26,01,021,,27,67,197,39,28,30,156,34,1*71
$GBGSV,3,3,09,30,40,304,36,1*4A
$GIGSV,1,1,02,01,,,34,06,24,135,,1*4E
$GPGGA,135429.00,4825.1420529,N,00428.4545884,W,4,23,0.5,89.934,M,51.637,M,3.0,4095*63
$GPRMC,135429.00,A,4825.1420529,N,00428.4545884,W,0.0,0.0,100626,999.9,E,D*21
$GPGSV,3,1,12,01,35,121,45,02,10,129,32,03,60,058,48,04,60,159,47,1*61
$GPGSV,3,2,12,06,35,304,42,09,34,196,42,12,04,334,,13,03,334,,1*67
$GPGSV,3,3,12,17,48,233,45,19,46,283,45,28,13,039,37,31,19,068,40,1*6A
$GSGSV,3,1,10,01,33,195,,02,34,181,41,04,28,145,42,05,29,147,,1*64
$GSGSV,3,2,10,06,33,195,,07,05,106,,08,14,112,,17,34,167,42,1*61
$GSGSV,3,3,10,28,19,125,,39,17,237,,1*68
$GLGSV,2,1,08,68,42,038,45,69,83,207,47,70,29,218,41,76,07,339,,1*7E
$GLGSV,2,2,08,77,07,023,,83,33,141,43,84,89,316,46,85,39,321,46,1*70
$GQGSV,1,1,00,1*65
$GAGSV,3,1,11,02,13,285,35,04,60,123,46,06,47,165,45,09,27,185,39,7*74
$GAGSV,3,2,11,10,56,108,45,11,84,059,42,12,31,112,37,19,30,048,35,7*78
$GAGSV,3,3,11,25,02,237,,28,51,078,45,30,07,334,,7*40
$GBGSV,3,1,09,05,09,111,,07,16,042,30,10,17,054,28,11,14,315,31,1*79
$GBGSV,3,2,09,13,04,147,,26,01,021,,27,67,197,39,28,30,156,34,1*71
$GBGSV,3,3,09,30,40,304,37,1*4B
$GIGSV,1,1,02,01,,,35,06,24,135,,1*4F
$GPGGA,135430.00,4825.1420511,N,00428.4545882,W,4,23,0.5,89.924,M,51.637,M,1.0,4095*65
$GPRMC,135430.00,A,4825.1420511,N,00428.4545882,W,0.0,0.0,100626,999.9,E,D*24
$GPGSV,3,1,12,01,35,121,45,02,10,129,33,03,60,058,48,04,60,159,46,1*61
$GPGSV,3,2,12,06,35,304,42,09,34,196,42,12,04,334,,13,03,334,,1*67
$GPGSV,3,3,12,17,48,233,45,19,46,283,45,28,13,039,37,31,19,068,40,1*6A
$GSGSV,3,1,10,01,33,195,,02,34,181,41,04,28,145,42,05,29,147,,1*64
$GSGSV,3,2,10,06,33,195,,07,05,106,,08,14,112,,17,34,167,42,1*61
$GSGSV,3,3,10,28,19,125,,39,17,237,,1*68
$GLGSV,2,1,08,68,42,038,45,69,83,207,46,70,29,218,41,76,07,339,,1*7F
$GLGSV,2,2,08,77,07,023,,83,33,141,43,84,89,316,46,85,39,321,45,1*73
$GQGSV,1,1,00,1*65
$GAGSV,3,1,11,02,13,285,34,04,60,123,46,06,47,165,44,09,27,185,38,7*75
$GAGSV,3,2,11,10,56,108,46,11,84,059,42,12,31,112,37,19,30,048,35,7*7B
$GAGSV,3,3,11,25,02,237,,28,51,078,44,30,07,334,,7*41
$GBGSV,3,1,09,05,09,111,,07,16,042,30,10,17,054,29,11,14,315,31,1*78
$GBGSV,3,2,09,13,04,147,,26,01,021,,27,67,197,39,28,30,156,33,1*76
$GBGSV,3,3,09,30,40,304,37,1*4B
$GIGSV,1,1,02,01,,,35,06,24,135,,1*4F
$GPGGA,135431.00,4825.1420503,N,00428.4545888,W,4,23,0.5,89.920,M,51.637,M,1.0,4095*69
$GPRMC,135431.00,A,4825.1420503,N,00428.4545888,W,0.0,0.0,100626,999.9,E,D*2C
$GPGSV,3,1,12,01,35,121,45,02,10,129,33,03,60,058,48,04,60,159,46,1*61
$GPGSV,3,2,12,06,35,304,42,09,34,196,42,12,04,334,,13,03,334,,1*67
$GPGSV,3,3,12,17,48,233,46,19,46,283,45,28,13,039,37,31,19,068,40,1*69
$GSGSV,3,1,10,01,33,195,,02,34,181,41,04,28,145,42,05,29,147,,1*64
$GSGSV,3,2,10,06,33,195,,07,05,106,,08,14,112,,17,34,167,42,1*61
$GSGSV,3,3,10,28,19,125,,39,17,237,,1*68
$GLGSV,2,1,08,68,42,038,45,69,83,207,46,70,29,218,41,76,07,339,,1*7F
$GLGSV,2,2,08,77,07,023,,83,33,141,43,84,89,316,46,85,39,321,45,1*73
$GQGSV,1,1,00,1*65
$GAGSV,3,1,11,02,13,285,35,04,60,123,45,06,47,165,44,09,27,185,39,7*76
$GAGSV,3,2,11,10,56,108,45,11,84,059,42,12,31,112,37,19,30,048,35,7*78
$GAGSV,3,3,11,25,02,237,,28,51,078,45,30,07,334,,7*40
$GBGSV,3,1,09,05,09,111,,07,16,042,29,10,17,054,29,11,14,315,31,1*70
$GBGSV,3,2,09,13,04,147,,26,01,021,,27,67,197,39,28,30,156,34,1*71
$GBGSV,3,3,09,30,40,304,37,1*4B
$GIGSV,1,1,02,01,,,35,06,24,135,,1*4F
$GPGGA,135432.00,4825.1420507,N,00428.4545879,W,4,23,0.5,89.919,M,51.637,M,2.0,4095*69
$GPRMC,135432.00,A,4825.1420507,N,00428.4545879,W,0.0,0.0,100626,999.9,E,D*25
$GPGSV,3,1,12,01,35,121,45,02,10,129,33,03,60,058,48,04,60,159,46,1*61
$GPGSV,3,2,12,06,35,304,42,09,34,196,42,12,04,334,,13,03,334,,1*67
$GPGSV,3,3,12,17,48,233,45,19,46,283,45,28,13,039,37,31,19,067,39,1*6B
$GSGSV,3,1,10,01,33,195,,02,34,181,41,04,28,145,41,05,29,147,,1*67
$GSGSV,3,2,10,06,33,195,,07,05,106,,08,14,112,,17,34,167,42,1*61
$GSGSV,3,3,10,28,19,125,,39,17,237,,1*68
$GLGSV,2,1,08,68,42,038,45,69,83,207,47,70,29,218,41,76,07,339,,1*7E
$GLGSV,2,2,08,77,07,023,,83,33,141,43,84,89,316,46,85,39,321,45,1*73
$GQGSV,1,1,00,1*65
$GAGSV,3,1,11,02,13,285,34,04,60,123,45,06,47,165,44,09,27,185,39,7*77
$GAGSV,3,2,11,10,56,108,45,11,84,059,42,12,31,112,37,19,30,048,36,7*7B
$GAGSV,3,3,11,25,02,237,,28,51,078,45,30,07,334,,7*40
$GBGSV,3,1,09,05,09,111,,07,16,042,30,10,17,054,28,11,14,315,31,1*79
$GBGSV,3,2,09,13,04,147,,26,01,021,,27,67,197,39,28,30,156,34,1*71
$GBGSV,3,3,09,30,40,304,36,1*4A
$GIGSV,1,1,02,01,,,35,06,24,135,,1*4F
$GPGGA,135433.00,4825.1420501,N,00428.4545865,W,4,22,0.5,89.921,M,51.637,M,1.0,4095*6A
$GPRMC,135433.00,A,4825.1420501,N,00428.4545865,W,0.0,0.0,100626,999.9,E,D*2F
$GPGSV,3,1,12,01,35,121,44,02,10,129,35,03,60,058,48,04,60,159,46,1*66
$GPGSV,3,2,12,06,35,304,42,09,34,196,42,12,04,334,,13,03,334,,1*67
$GPGSV,3,3,12,17,48,233,45,19,46,283,45,28,13,039,37,31,19,067,39,1*6B
$GSGSV,3,1,10,01,33,195,,02,34,181,42,04,28,145,41,05,29,147,,1*64
$GSGSV,3,2,10,06,33,195,,07,05,106,,08,14,112,,17,34,167,42,1*61
$GSGSV,3,3,10,28,19,125,,39,17,237,,1*68
$GLGSV,2,1,08,68,42,038,45,69,83,207,47,70,29,218,41,76,07,339,,1*7E
$GLGSV,2,2,08,77,07,023,,83,33,141,43,84,89,316,47,85,39,321,45,1*72
$GQGSV,1,1,00,1*65
$GAGSV,3,1,11,02,13,285,34,04,60,123,45,06,47,165,45,09,27,185,39,7*76
$GAGSV,3,2,11,10,56,108,45,11,84,059,42,12,31,112,37,19,30,048,35,7*78
$GAGSV,3,3,11,25,02,237,,28,51,078,45,30,07,334,,7*40
$GBGSV,3,1,09,05,09,111,,07,16,042,30,10,17,054,28,11,14,315,31,1*79
$GBGSV,3,2,09,13,04,147,,26,01,021,,27,67,197,39,28,30,156,33,1*76
$GBGSV,3,3,09,30,40,304,37,1*4B
$GIGSV,1,1,02,01,,,35,06,24,135,,1*4F
$GPGGA,135434.00,4825.1420499,N,00428.4545883,W,4,23,0.5,89.919,M,51.637,M,1.0,4095*6F
$GPRMC,135434.00,A,4825.1420499,N,00428.4545883,W,0.0,0.0,100626,999.9,E,D*20
$GPGSV,3,1,12,01,35,121,45,02,10,129,35,03,60,058,48,04,60,159,46,1*67
$GPGSV,3,2,12,06,35,304,42,09,34,196,42,12,04,334,,13,03,334,,1*67
$GPGSV,3,3,12,17,48,233,46,19,46,283,45,28,13,039,37,31,19,067,39,1*68
$GSGSV,3,1,10,01,33,195,,02,34,181,41,04,28,145,41,05,29,147,,1*67
$GSGSV,3,2,10,06,33,195,,07,05,106,,08,14,112,,17,34,167,42,1*61
$GSGSV,3,3,10,28,19,125,,39,17,237,,1*68
$GLGSV,2,1,08,68,42,038,45,69,83,207,47,70,29,218,41,76,07,339,,1*7E
$GLGSV,2,2,08,77,07,023,,83,33,141,43,84,89,316,46,85,39,321,45,1*73
$GQGSV,1,1,00,1*65
$GAGSV,3,1,11,02,13,285,34,04,60,123,45,06,47,165,44,09,27,185,39,7*77
$GAGSV,3,2,11,10,56,108,46,11,84,059,42,12,31,112,37,19,30,048,36,7*78
$GAGSV,3,3,11,25,02,237,,28,51,078,45,30,07,334,,7*40
$GBGSV,3,1,09,05,09,111,,07,16,042,29,10,17,054,28,11,14,315,32,1*72
$GBGSV,3,2,09,13,04,147,,26,01,021,,27,67,197,39,28,30,156,34,1*71
$GBGSV,3,3,09,30,40,304,37,1*4B
$GIGSV,1,1,02,01,,,36,06,24,135,,1*4C
$GPGGA,135435.00,4825.1420501,N,00428.4545875,W,4,23,0.5,89.909,M,51.637,M,2.0,4095*65
$GPRMC,135435.00,A,4825.1420501,N,00428.4545875,W,0.0,0.0,100626,999.9,E,D*28
$GPGSV,3,1,12,01,35,121,45,02,10,129,34,03,60,058,49,04,60,158,46,1*66
$GPGSV,3,2,12,06,35,304,42,09,34,196,41,12,04,334,,13,03,334,,1*64
$GPGSV,3,3,12,17,48,233,45,19,46,283,45,28,13,039,37,31,19,067,39,1*6B
$GSGSV,3,1,10,01,33,195,,02,34,181,41,04,28,145,42,05,29,147,,1*64
$GSGSV,3,2,10,06,33,195,,07,05,106,,08,14,112,,17,34,167,42,1*61
$GSGSV,3,3,10,28,19,125,,39,17,237,,1*68
$GLGSV,2,1,08,68,42,038,45,69,83,207,46,70,29,218,41,76,07,339,,1*7F
$GLGSV,2,2,08,77,07,023,,83,33,141,43,84,89,315,46,85,39,321,45,1*70
$GQGSV,1,1,00,1*65
$GAGSV,3,1,11,02,13,285,34,04,60,123,45,06,47,165,44,09,27,185,39,7*77
$GAGSV,3,2,11,10,56,108,45,11,84,059,43,12,31,112,37,19,30,048,35,7*79
$GAGSV,3,3,11,25,02,237,,28,51,078,44,30,07,334,,7*41
$GBGSV,3,1,09,05,09,111,,07,16,042,29,10,17,054,28,11,14,315,32,1*72
$GBGSV,3,2,09,13,04,147,,26,01,021,,27,67,197,38,28,30,156,34,1*70
$GBGSV,3,3,09,30,40,304,37,1*4B
$GIGSV,1,1,02,01,,,36,06,24,135,,1*4C
$GPGGA,135436.00,4825.1420497,N,00428.4545858,W,4,23,0.5,89.909,M,51.637,M,3.0,4095*66
$GPRMC,135436.00,A,4825.1420497,N,00428.4545858,W,0.0,0.0,100626,999.9,E,D*2A
$GPGSV,3,1,12,01,35,121,45,02,10,129,34,03,60,058,48,04,60,158,46,1*67
$GPGSV,3,2,12,06,35,304,42,09,34,196,42,12,04,334,,13,03,334,,1*67
$GPGSV,3,3,12,17,48,233,46,19,46,283,45,28,13,039,37,31,19,067,40,1*66
$GSGSV,3,1,10,01,33,195,,02,34,181,41,04,28,145,42,05,29,147,,1*64
$GSGSV,3,2,10,06,33,195,,07,05,106,,08,14,112,,17,34,167,42,1*61
$GSGSV,3,3,10,28,19,125,,39,17,237,,1*68
$GLGSV,2,1,08,68,42,038,45,69,83,207,46,70,29,218,41,76,07,339,,1*7F
$GLGSV,2,2,08,77,07,023,,83,33,141,43,84,89,315,46,85,39,321,45,1*70
$GQGSV,1,1,00,1*65
$GAGSV,3,1,11,02,13,285,33,04,60,123,45,06,47,165,45,09,27,185,39,7*71
$GAGSV,3,2,11,10,56,108,45,11,84,059,43,12,31,112,37,19,30,048,36,7*7A
$GAGSV,3,3,11,25,02,237,,28,51,078,44,30,07,334,,7*41
$GBGSV,3,1,09,05,09,111,,07,16,042,30,10,17,054,28,11,14,315,31,1*79
$GBGSV,3,2,09,13,04,147,,26,01,021,,27,67,197,38,28,30,156,34,1*70
$GBGSV,3,3,09,30,40,304,37,1*4B
$GIGSV,1,1,02,01,,,35,06,24,135,,1*4F
$GPGGA,135437.00,4825.1420492,N,00428.4545901,W,4,23,0.5,89.917,M,51.637,M,1.0,4095*62
$GPRMC,135437.00,A,4825.1420492,N,00428.4545901,W,0.0,0.0,100626,999.9,E,D*23
$GPGSV,3,1,12,01,35,121,45,02,10,129,34,03,60,058,48,04,60,158,46,1*67
$GPGSV,3,2,12,06,35,304,42,09,34,196,41,12,04,334,,13,03,334,,1*64
$GPGSV,3,3,12,17,48,233,46,19,46,283,45,28,13,039,37,31,19,067,40,1*66
$GSGSV,3,1,10,01,33,195,,02,34,181,41,04,28,145,42,05,29,147,,1*64
$GSGSV,3,2,10,06,33,195,,07,05,106,,08,14,112,,17,34,167,42,1*61
$GSGSV,3,3,10,28,19,125,,39,17,237,,1*68
$GLGSV,2,1,08,68,42,038,44,69,83,207,46,70,29,218,40,76,07,339,,1*7F
$GLGSV,2,2,08,77,07,023,,83,33,141,43,84,89,315,46,85,39,321,45,1*70
$GQGSV,1,1,00,1*65
$GAGSV,3,1,11,02,13,285,34,04,60,123,45,06,47,165,44,09,27,185,39,7*77
$GAGSV,3,2,11,10,56,108,45,11,84,059,43,12,31,112,37,19,30,048,35,7*79
$GAGSV,3,3,11,25,02,237,,28,51,078,45,30,07,334,,7*40
$GBGSV,3,1,09,05,09,111,,07,16,042,29,10,17,054,28,11,14,315,31,1*71
$GBGSV,3,2,09,13,04,147,,26,01,021,,27,67,197,39,28,30,156,34,1*71
$GBGSV,3,3,09,30,40,304,37,1*4B
$GIGSV,1,1,02,01,,,36,06,24,135,,1*4C
$GPGGA,135438.00,4825.1420504,N,00428.4545872,W,4,23,0.5,89.921,M,51.637,M,1.0,4095*63
$GPRMC,135438.00,A,4825.1420504,N,00428.4545872,W,0.0,0.0,100626,999.9,E,D*27
$GPGSV,3,1,12,01,35,121,45,02,10,129,35,03,60,058,48,04,60,158,46,1*66
$GPGSV,3,2,12,06,35,304,42,09,34,196,41,12,04,334,,13,03,334,,1*64
$GPGSV,3,3,12,17,48,233,45,19,46,283,45,28,13,039,37,31,19,067,40,1*65
$GSGSV,3,1,10,01,33,195,,02,34,181,41,04,28,145,42,05,29,147,,1*64
$GSGSV,3,2,10,06,33,195,,07,05,106,,08,14,112,,17,34,167,42,1*61
$GSGSV,3,3,10,28,19,125,,39,17,237,,1*68
$GLGSV,2,1,08,68,42,038,44,69,83,207,46,70,29,218,40,76,07,339,,1*7F
$GLGSV,2,2,08,77,07,023,,83,33,141,43,84,89,315,46,85,39,321,44,1*71
$GQGSV,1,1,00,1*65
$GAGSV,3,1,11,02,13,285,33,04,60,123,45,06,47,165,45,09,27,185,39,7*71
$GAGSV,3,2,11,10,56,108,46,11,84,059,43,12,31,112,37,19,30,048,36,7*79
$GAGSV,3,3,11,25,02,237,,28,51,078,45,30,07,334,,7*40
$GBGSV,3,1,09,05,09,111,,07,16,042,30,10,17,054,29,11,14,315,31,1*78
$GBGSV,3,2,09,13,04,147,,26,01,021,,27,67,197,39,28,30,156,34,1*71
$GBGSV,3,3,09,30,40,304,37,1*4B
$GIGSV,1,1,02,01,,,35,06,24,135,,1*4F
$GPGGA,135439.00,4825.1420499,N,00428.4545876,W,4,23,0.5,89.922,M,51.637,M,2.0,4095*63
$GPRMC,135439.00,A,4825.1420499,N,00428.4545876,W,0.0,0.0,100626,999.9,E,D*27
$GPGSV,3,1,12,01,35,121,44,02,10,129,34,03,60,058,48,04,60,158,46,1*66
$GPGSV,3,2,12,06,35,304,42,09,34,196,42,12,04,334,,13,03,334,,1*67
$GPGSV,3,3,12,17,48,233,46,19,46,283,46,28,13,039,36,31,19,067,40,1*64
$GSGSV,3,1,10,01,33,195,,02,34,181,41,04,28,145,42,05,29,147,,1*64
$GSGSV,3,2,10,06,33,195,,07,05,106,,08,14,112,,17,34,167,42,1*61
$GSGSV,3,3,10,28,19,125,,39,17,237,,1*68
$GLGSV,2,1,08,68,42,038,44,69,83,207,46,70,29,218,41,76,07,339,,1*7E
$GLGSV,2,2,08,77,07,023,,83,33,141,43,84,89,315,46,85,39,321,44,1*71
$GQGSV,1,1,00,1*65
$GAGSV,3,1,11,02,13,285,34,04,60,123,45,06,47,165,44,09,27,185,39,7*77
$GAGSV,3,2,11,10,56,108,45,11,84,059,43,12,31,112,37,19,30,048,35,7*79
$GAGSV,3,3,11,25,02,237,,28,51,078,44,30,07,334,,7*41
$GBGSV,3,1,09,05,09,111,,07,16,042,30,10,17,054,28,11,14,315,31,1*79
$GBGSV,3,2,09,13,04,147,,26,01,021,,27,67,197,39,28,30,156,34,1*71
$GBGSV,3,3,09,30,40,304,37,1*4B
$GIGSV,1,1,02,01,,,35,06,24,135,,1*4F
$GPGGA,135440.00,4825.1420498,N,00428.4545883,W,4,22,0.5,89.925,M,51.637,M,1.0,4095*63
$GPRMC,135440.00,A,4825.1420498,N,00428.4545883,W,0.0,0.0,100626,999.9,E,D*22
$GPGSV,3,1,12,01,35,121,44,02,10,129,36,03,60,058,48,04,60,158,46,1*64
$GPGSV,3,2,12,06,35,304,42,09,34,196,42,12,04,334,,13,03,334,,1*67
$GPGSV,3,3,12,17,48,233,46,19,46,283,46,28,13,039,37,31,19,067,40,1*65
$GSGSV,3,1,10,01,33,195,,02,34,181,41,04,28,145,42,05,29,147,,1*64
$GSGSV,3,2,10,06,33,195,,07,05,106,,08,14,112,,17,34,167,42,1*61
$GSGSV,3,3,10,28,19,125,,39,17,237,,1*68
$GLGSV,2,1,08,68,42,038,44,69,83,207,47,70,29,218,40,76,07,339,,1*7E
$GLGSV,2,2,08,77,07,023,,83,33,141,43,84,89,315,46,85,39,321,44,1*71
$GQGSV,1,1,00,1*65
$GAGSV,3,1,11,02,13,285,34,04,60,123,45,06,47,165,44,09,27,185,39,7*77
$GAGSV,3,2,11,10,56,108,46,11,84,059,43,12,31,112,37,19,30,048,36,7*79
$GAGSV,3,3,11,25,02,237,,28,51,078,44,30,07,334,,7*41
$GBGSV,3,1,09,05,09,111,,07,16,042,30,10,17,054,29,11,14,315,32,1*7B
$GBGSV,3,2,09,13,04,147,,26,01,021,,27,67,197,39,28,30,156,34,1*71
$GBGSV,3,3,09,30,40,304,36,1*4A
$GIGSV,1,1,02,01,,,35,06,24,135,,1*4F
