$GNGGA,134723.000,4825.1428,N,00428.4560,W,1,49,0.2,90.7,M,52.0,M,,*6B
$GNVTG,125.5,T,,M,0.0,N,0.0,K,A*10
$GPGSV,5,1,15,01,38,118,42,02,13,127,38,03,62,055,39,04,56,161,35,1*65
$GPGSV,5,2,15,06,31,302,30,09,30,195,31,19,44,287,35,28,13,042,34,1*6E
$GPGSV,5,3,15,31,18,070,40,1*5E
$GPGSV,5,4,15,01,38,118,36,03,62,055,44,04,56,161,39,06,31,302,42,8*60
$GPGSV,5,5,15,09,30,195,36,28,13,042,36,8*60
$GQGSV,1,1,,,,,,,,,,,,,0.0*56
$GLGSV,2,1,05,69,79,202,34,70,25,215,26,83,36,138,37,84,84,330,30,1*79
$GLGSV,2,2,05,85,35,320,37,1*43
$GAGSV,5,1,18,102,14,287,28,104,57,127,35,106,43,166,35,109,24,184,27,7*7B
$GAGSV,5,2,18,110,58,104,34,111,84,030,26,112,33,109,28,119,31,049,32,7*7F
$GAGSV,5,3,18,128,51,081,33,136,37,299,31,7*7A
$GAGSV,5,4,18,102,14,287,34,106,43,166,42,109,24,184,37,110,58,104,43,1*7E
$GAGSV,5,5,18,111,84,030,41,112,33,109,31,119,31,049,31,128,51,081,36,1*78
$GBGSV,5,1,16,207,15,042,37,210,16,054,38,211,11,315,30,213,06,146,33,1*7B
$GBGSV,5,2,16,227,69,202,34,228,32,155,40,230,37,305,33,232,33,225,28,3*78
$GBGSV,5,3,16,233,34,052,42,241,84,110,34,3*7D
$GBGSV,5,4,16,227,69,202,40,228,32,155,38,230,37,305,41,232,33,225,32,5*7A
$GBGSV,5,5,16,233,34,052,34,241,84,110,45,5*7A
$GIGSV,1,1,,,,,,,,,,,,,0.0*4E
$GNGSA,A,3,01,02,03,04,19,28,31,,,,,,0.6,0.2,0.4,1*35
$GNGSA,A,3,01,03,04,06,09,28,,,,,,,0.6,0.2,0.4,1*32
$GNGSA,A,3,69,83,84,85,,,,,,,,,0.6,0.2,0.4,2*37
$GNGSA,A,3,102,104,106,110,112,119,128,136,,,,,0.6,0.2,0.4,3*36
$GNGSA,A,3,102,106,109,110,111,112,119,128,,,,,0.6,0.2,0.4,3*3E
$GNGSA,A,3,207,210,211,213,227,228,230,232,233,241,,,0.6,0.2,0.4,4*38
$GNGSA,A,3,227,228,230,232,233,241,,,,,,,0.6,0.2,0.4,4*3C
$GNRMC,134723.000,A,4825.1428,N,00428.4560,W,0.0,125.5,100626,,,A*6F
$GNGGA,134724.000,4825.1428,N,00428.4560,W,1,49,0.4,90.7,M,52.0,M,,*6A
$GNVTG,125.5,T,,M,0.0,N,0.0,K,A*10
$GPGSV,5,1,15,01,38,119,42,02,13,127,38,03,62,055,39,04,56,161,35,1*64
$GPGSV,5,2,15,06,31,302,30,09,30,195,31,19,44,287,35,28,13,042,34,1*6E
$GPGSV,5,3,15,31,18,070,40,1*5E
$GPGSV,5,4,15,01,38,119,36,03,62,055,44,04,56,161,39,06,31,302,42,8*61
$GPGSV,5,5,15,09,30,195,36,28,13,042,36,8*60
$GQGSV,1,1,,,,,,,,,,,,,0.0*56
$GLGSV,2,1,05,69,79,202,35,70,25,215,26,83,36,138,37,84,84,330,30,1*78
$GLGSV,2,2,05,85,35,320,37,1*43
$GAGSV,6,1,19,102,14,287,27,104,57,127,35,106,43,166,35,109,24,184,26,7*77
$GAGSV,6,2,19,110,58,104,34,111,84,032,25,112,33,109,29,119,31,049,32,7*7D
$GAGSV,6,3,19,128,51,081,33,136,37,299,31,7*78
$GAGSV,6,4,19,104,57,127,42,106,43,166,42,109,24,184,37,110,58,104,43,1*75
$GAGSV,6,5,19,111,84,032,42,112,33,109,31,119,31,049,31,128,51,081,36,1*7B
$GAGSV,6,6,19,136,37,299,40,1*7B
$GBGSV,5,1,15,207,15,042,37,210,16,054,38,211,11,315,30,213,06,146,33,1*78
$GBGSV,5,2,15,227,69,202,34,228,32,155,40,230,37,305,33,232,33,225,28,3*7B
$GBGSV,5,3,15,233,34,052,42,241,84,110,34,3*7E
$GBGSV,5,4,15,227,69,202,39,228,32,155,38,230,37,305,41,233,34,052,34,5*75
$GBGSV,5,5,15,241,84,110,45,5*7C
$GIGSV,1,1,,,,,,,,,,,,,0.0*4E
$GNGSA,A,3,01,02,03,04,19,28,31,,,,,,0.6,0.4,0.6,1*31
$GNGSA,A,3,01,03,04,06,09,28,,,,,,,0.6,0.4,0.6,1*36
$GNGSA,A,3,69,83,84,85,,,,,,,,,0.6,0.4,0.6,2*33
$GNGSA,A,3,102,104,106,110,112,119,128,136,,,,,0.6,0.4,0.6,3*32
$GNGSA,A,3,104,106,109,110,111,112,119,128,136,,,,0.6,0.4,0.6,3*08
$GNGSA,A,3,207,210,211,213,227,228,230,232,233,241,,,0.6,0.4,0.6,4*3C
$GNGSA,A,3,227,228,230,233,241,,,,,,,,0.6,0.4,0.6,4*0B
$GNRMC,134724.000,A,4825.1428,N,00428.4560,W,0.0,125.5,100626,,,A*68
$GNGGA,134725.000,4825.1428,N,00428.4560,W,1,48,0.4,90.7,M,52.0,M,,*6A
$GNVTG,125.5,T,,M,0.0,N,0.0,K,A*10
$GPGSV,5,1,15,01,38,119,42,02,13,127,38,03,62,055,39,04,56,161,35,1*64
$GPGSV,5,2,15,06,31,302,29,09,30,195,31,19,44,287,35,28,13,042,34,1*66
$GPGSV,5,3,15,31,18,070,40,1*5E
$GPGSV,5,4,15,01,38,119,36,03,62,055,44,04,56,161,39,06,31,302,42,8*61
$GPGSV,5,5,15,09,30,195,36,28,13,042,35,8*63
$GQGSV,1,1,,,,,,,,,,,,,0.0*56
$GLGSV,2,1,05,69,79,202,35,70,25,215,26,83,36,138,37,84,84,330,29,1*70
$GLGSV,2,2,05,85,35,320,37,1*43
$GAGSV,6,1,19,102,14,287,27,104,57,127,35,106,43,166,35,109,24,184,26,7*77
$GAGSV,6,2,19,110,58,104,34,111,84,032,25,112,33,109,29,119,31,049,32,7*7D
$GAGSV,6,3,19,128,51,081,33,136,37,299,31,7*78
$GAGSV,6,4,19,104,57,127,42,106,43,166,42,109,24,184,36,110,58,104,43,1*74
$GAGSV,6,5,19,111,84,032,42,112,33,109,32,119,31,049,31,128,51,081,36,1*78
$GAGSV,6,6,19,136,37,299,40,1*7B
$GBGSV,5,1,15,207,15,042,37,210,16,054,38,211,11,315,30,213,06,146,32,1*79
$GBGSV,5,2,15,227,69,202,34,228,32,155,40,230,37,305,33,232,33,225,27,3*74
$GBGSV,5,3,15,233,34,052,41,241,84,110,34,3*7D
$GBGSV,5,4,15,227,69,202,39,228,32,155,37,230,37,305,41,233,34,052,34,5*7A
$GBGSV,5,5,15,241,84,110,45,5*7C
$GIGSV,1,1,,,,,,,,,,,,,0.0*4E
$GNGSA,A,3,01,02,03,04,19,28,31,,,,,,0.6,0.4,0.6,1*31
$GNGSA,A,3,01,03,04,06,09,28,,,,,,,0.6,0.4,0.6,1*36
$GNGSA,A,3,83,84,85,,,,,,,,,,0.6,0.4,0.6,2*3C
$GNGSA,A,3,102,104,106,110,112,119,128,136,,,,,0.6,0.4,0.6,3*32
$GNGSA,A,3,104,106,109,110,111,112,119,128,136,,,,0.6,0.4,0.6,3*08
$GNGSA,A,3,207,210,211,213,227,228,230,232,233,241,,,0.6,0.4,0.6,4*3C
$GNGSA,A,3,227,228,230,233,241,,,,,,,,0.6,0.4,0.6,4*0B
$GNRMC,134725.000,A,4825.1428,N,00428.4560,W,0.0,125.5,100626,,,A*69
$GNGGA,134726.000,4825.1428,N,00428.4560,W,1,49,0.4,90.7,M,52.0,M,,*68
$GNVTG,125.5,T,,M,0.0,N,0.0,K,A*10
$GPGSV,5,1,15,01,38,119,42,02,13,127,38,03,62,055,39,04,56,161,35,1*64
$GPGSV,5,2,15,06,31,302,29,09,30,195,30,19,44,287,35,28,13,042,34,1*67
$GPGSV,5,3,15,31,18,070,40,1*5E
$GPGSV,5,4,15,01,38,119,35,03,62,055,44,04,56,161,38,06,31,302,41,8*60
$GPGSV,5,5,15,09,30,195,35,28,13,042,35,8*60
$GQGSV,1,1,,,,,,,,,,,,,0.0*56
$GLGSV,2,1,05,69,79,202,35,70,25,215,25,83,36,138,37,84,84,330,29,1*73
$GLGSV,2,2,05,85,35,320,37,1*43
$GAGSV,5,1,18,102,14,287,27,104,57,127,35,106,44,165,35,109,24,184,25,7*72
$GAGSV,5,2,18,110,58,104,34,111,84,032,25,112,33,109,29,119,31,049,33,7*7E
$GAGSV,5,3,18,128,51,081,33,136,37,299,31,7*7A
$GAGSV,5,4,18,104,57,127,42,106,44,165,42,109,24,184,36,110,58,104,43,1*72
$GAGSV,5,5,18,111,84,032,42,112,33,109,32,119,31,049,31,128,51,081,36,1*7A
$GBGSV,5,1,16,207,15,042,36,210,16,054,38,211,11,315,30,213,06,146,32,1*7B
$GBGSV,5,2,16,227,69,202,34,228,32,155,40,230,37,305,33,232,33,225,27,3*77
$GBGSV,5,3,16,233,34,052,41,241,84,110,34,3*7E
$GBGSV,5,4,16,227,69,202,39,228,32,155,37,230,37,305,41,232,33,225,32,5*7B
$GBGSV,5,5,16,233,34,052,34,241,84,110,45,5*7A
$GIGSV,1,1,,,,,,,,,,,,,0.0*4E
$GNGSA,A,3,01,02,03,04,19,28,31,,,,,,0.6,0.4,0.6,1*31
$GNGSA,A,3,01,03,04,06,09,28,,,,,,,0.6,0.4,0.6,1*36
$GNGSA,A,3,69,83,84,85,,,,,,,,,0.6,0.4,0.6,2*33
$GNGSA,A,3,102,104,106,110,112,119,128,136,,,,,0.6,0.4,0.6,3*32
$GNGSA,A,3,104,106,109,110,111,112,119,128,,,,,0.6,0.4,0.6,3*3C
$GNGSA,A,3,207,210,211,213,227,228,230,232,233,241,,,0.6,0.4,0.6,4*3C
$GNGSA,A,3,227,228,230,232,233,241,,,,,,,0.6,0.4,0.6,4*38
$GNRMC,134726.000,A,4825.1428,N,00428.4560,W,0.0,125.5,100626,,,A*6A
$GNGGA,134727.000,4825.1428,N,00428.4560,W,1,51,0.2,90.7,M,52.0,M,,*66
$GNVTG,125.5,T,,M,0.0,N,0.0,K,A*10
$GPGSV,5,1,15,01,38,119,42,02,13,127,38,03,62,055,39,04,56,161,35,1*64
$GPGSV,5,2,15,06,31,302,29,09,30,195,30,19,44,287,35,28,13,042,34,1*67
$GPGSV,5,3,15,31,18,070,40,1*5E
$GPGSV,5,4,15,01,38,119,35,03,62,055,44,04,56,161,38,06,31,302,41,8*60
$GPGSV,5,5,15,09,30,195,35,28,13,042,35,8*60
$GQGSV,1,1,,,,,,,,,,,,,0.0*56
$GLGSV,2,1,05,69,79,202,35,70,25,215,25,83,36,138,37,84,84,330,29,1*73
$GLGSV,2,2,05,85,35,320,37,1*43
$GAGSV,6,1,19,102,14,287,27,104,57,127,35,106,44,165,35,109,24,184,25,7*70
$GAGSV,6,2,19,110,58,104,34,111,84,032,25,112,33,109,29,119,31,049,33,7*7C
$GAGSV,6,3,19,128,51,081,33,136,37,299,31,7*78
$GAGSV,6,4,19,104,57,127,42,106,44,165,42,109,24,184,36,110,58,104,43,1*70
$GAGSV,6,5,19,111,84,032,42,112,33,109,32,119,31,049,31,128,51,081,37,1*79
$GAGSV,6,6,19,136,37,299,40,1*7B
$GBGSV,5,1,15,207,15,042,36,210,16,054,38,211,11,315,30,213,06,146,32,1*78
$GBGSV,5,2,15,227,69,202,34,228,32,155,40,230,37,305,33,232,33,225,27,3*74
$GBGSV,5,3,15,233,34,052,41,241,84,110,34,3*7D
$GBGSV,5,4,15,227,69,202,39,228,32,155,37,230,37,305,41,232,33,225,32,5*78
$GBGSV,5,5,15,241,84,110,45,5*7C
$GIGSV,1,1,,,,,,,,,,,,,0.0*4E
$GNGSA,A,3,01,02,03,04,09,19,28,31,,,,,0.6,0.2,0.4,1*3C
$GNGSA,A,3,01,03,04,06,09,28,,,,,,,0.6,0.2,0.4,1*32
$GNGSA,A,3,69,83,84,85,,,,,,,,,0.6,0.2,0.4,2*37
$GNGSA,A,3,102,104,106,110,111,112,119,128,136,,,,0.6,0.2,0.4,3*07
$GNGSA,A,3,104,106,109,110,111,112,119,128,136,,,,0.6,0.2,0.4,3*0C
$GNGSA,A,3,207,210,211,213,227,228,230,232,233,241,,,0.6,0.2,0.4,4*38
$GNGSA,A,3,227,228,230,232,241,,,,,,,,0.6,0.2,0.4,4*0E
$GNRMC,134727.000,A,4825.1428,N,00428.4560,W,0.0,125.5,100626,,,A*6B
$GNGGA,134728.000,4825.1428,N,00428.4560,W,1,50,0.2,90.7,M,52.0,M,,*68
$GNVTG,125.5,T,,M,0.0,N,0.0,K,A*10
$GPGSV,5,1,15,01,38,119,42,02,13,127,38,03,62,055,39,04,56,161,35,1*64
$GPGSV,5,2,15,06,31,302,29,09,30,195,30,19,44,287,35,28,13,042,34,1*67
$GPGSV,5,3,15,31,18,070,40,1*5E
$GPGSV,5,4,15,01,38,119,35,03,62,055,44,04,56,161,38,06,31,302,41,8*60
$GPGSV,5,5,15,09,30,195,35,28,13,042,34,8*61
$GQGSV,1,1,,,,,,,,,,,,,0.0*56
$GLGSV,2,1,05,69,79,202,35,70,25,215,24,83,36,138,37,84,84,330,29,1*72
$GLGSV,2,2,05,85,35,320,37,1*43
$GAGSV,5,1,18,102,14,287,27,104,57,127,35,106,44,165,35,109,24,184,24,7*73
$GAGSV,5,2,18,110,58,104,34,111,84,032,24,112,33,109,29,119,31,049,33,7*7F
$GAGSV,5,3,18,128,51,081,33,136,37,299,30,7*7B
$GAGSV,5,4,18,104,57,127,43,106,44,165,41,109,24,184,36,111,84,032,42,1*75
$GAGSV,5,5,18,112,33,109,32,119,31,049,31,128,51,081,37,136,37,299,40,1*77
$GBGSV,5,1,16,207,15,042,36,210,16,054,38,211,11,315,30,213,06,146,32,1*7B
$GBGSV,5,2,16,227,69,202,34,228,32,155,40,230,37,305,33,232,33,225,27,3*77
$GBGSV,5,3,16,233,34,052,41,241,84,110,34,3*7E
$GBGSV,5,4,16,227,69,202,39,228,32,155,37,230,37,305,41,232,33,225,32,5*7B
$GBGSV,5,5,16,233,34,052,33,241,84,110,45,5*7D
$GIGSV,1,1,,,,,,,,,,,,,0.0*4E
$GNGSA,A,3,01,02,03,04,19,28,31,,,,,,0.6,0.2,0.4,1*35
$GNGSA,A,3,01,03,04,06,09,28,,,,,,,0.6,0.2,0.4,1*32
$GNGSA,A,3,69,83,84,85,,,,,,,,,0.6,0.2,0.4,2*37
$GNGSA,A,3,102,104,106,110,111,112,119,128,136,,,,0.6,0.2,0.4,3*07
$GNGSA,A,3,104,106,109,111,112,119,128,136,,,,,0.6,0.2,0.4,3*3C
$GNGSA,A,3,207,210,211,213,227,228,230,232,233,241,,,0.6,0.2,0.4,4*38
$GNGSA,A,3,227,228,230,232,233,241,,,,,,,0.6,0.2,0.4,4*3C
$GNRMC,134728.000,A,4825.1428,N,00428.4560,W,0.0,125.5,100626,,,A*64
$GNGGA,134729.000,4825.1428,N,00428.4560,W,1,48,0.2,90.7,M,52.0,M,,*60
$GNVTG,125.5,T,,M,0.0,N,0.0,K,A*10
$GPGSV,5,1,15,01,38,119,42,02,13,127,38,03,62,055,39,04,56,161,35,1*64
$GPGSV,5,2,15,06,31,302,28,09,30,195,30,19,44,287,35,28,13,042,33,1*61
$GPGSV,5,3,15,31,18,070,40,1*5E
$GPGSV,5,4,15,01,38,119,34,03,62,055,44,04,56,161,38,06,31,302,41,8*61
$GPGSV,5,5,15,09,30,195,34,28,13,042,34,8*60
$GQGSV,1,1,,,,,,,,,,,,,0.0*56
$GLGSV,2,1,05,69,79,202,35,70,25,215,24,83,36,138,37,84,84,330,29,1*72
$GLGSV,2,2,05,85,35,320,37,1*43
$GAGSV,6,1,19,102,14,287,26,104,57,127,35,106,44,165,35,109,24,184,24,7*70
$GAGSV,6,2,19,110,58,104,34,111,84,032,24,112,33,109,29,119,31,049,33,7*7D
$GAGSV,6,3,19,128,51,081,33,136,37,299,30,7*79
$GAGSV,6,4,19,102,14,287,35,104,57,127,43,106,44,165,41,109,24,184,36,1*70
$GAGSV,6,5,19,110,58,104,43,111,84,032,42,119,31,049,31,128,51,081,37,1*7D
$GAGSV,6,6,19,136,37,299,40,1*7B
$GBGSV,5,1,15,207,15,042,36,210,16,054,38,211,11,315,30,213,06,146,32,1*78
$GBGSV,5,2,15,227,69,202,34,228,32,155,40,230,37,305,33,232,33,225,27,3*74
$GBGSV,5,3,15,233,34,052,41,241,84,110,35,3*7C
$GBGSV,5,4,15,228,32,155,37,230,37,305,41,232,33,225,32,233,34,052,33,5*78
$GBGSV,5,5,15,241,84,110,46,5*7F
$GIGSV,1,1,,,,,,,,,,,,,0.0*4E
$GNGSA,A,3,01,02,03,04,19,28,31,,,,,,0.6,0.2,0.6,1*37
$GNGSA,A,3,01,03,04,06,09,28,,,,,,,0.6,0.2,0.6,1*30
$GNGSA,A,3,83,84,85,,,,,,,,,,0.6,0.2,0.6,2*3A
$GNGSA,A,3,102,104,106,110,112,119,128,136,,,,,0.6,0.2,0.6,3*34
$GNGSA,A,3,102,104,106,109,110,111,119,128,136,,,,0.6,0.2,0.6,3*0F
$GNGSA,A,3,207,210,211,213,227,228,230,232,233,241,,,0.6,0.2,0.6,4*3A
$GNGSA,A,3,228,230,232,233,241,,,,,,,,0.6,0.2,0.6,4*09
$GNRMC,134729.000,A,4825.1428,N,00428.4560,W,0.0,125.5,100626,,,A*65
$GNGGA,134730.000,4825.1428,N,00428.4560,W,1,49,0.2,90.7,M,52.0,M,,*69
$GNVTG,125.5,T,,M,0.0,N,0.0,K,A*10
$GPGSV,5,1,15,01,38,119,42,02,13,127,38,03,62,055,39,04,56,161,35,1*64
$GPGSV,5,2,15,06,31,302,28,09,30,195,30,19,44,287,35,28,13,042,33,1*61
$GPGSV,5,3,15,31,18,070,40,1*5E
$GPGSV,5,4,15,01,38,119,34,03,62,055,44,04,56,161,37,06,31,302,41,8*6E
$GPGSV,5,5,15,09,30,195,34,28,13,042,34,8*60
$GQGSV,1,1,,,,,,,,,,,,,0.0*56
$GLGSV,2,1,05,69,79,202,35,70,25,215,24,83,36,138,38,84,84,330,29,1*7D
$GLGSV,2,2,05,85,35,320,37,1*43
$GAGSV,5,1,18,102,14,287,26,104,57,127,35,106,44,165,35,109,24,184,24,7*72
$GAGSV,5,2,18,110,57,104,34,111,84,032,24,112,33,109,29,119,31,049,33,7*70
$GAGSV,5,3,18,128,51,081,33,136,37,299,30,7*7B
$GAGSV,5,4,18,104,57,127,43,106,44,165,41,109,24,184,36,110,57,104,43,1*7F
$GAGSV,5,5,18,112,33,109,31,119,31,049,31,128,51,081,37,136,37,299,40,1*74
$GBGSV,5,1,16,207,15,042,35,210,16,054,38,211,11,315,30,213,06,146,31,1*7B
$GBGSV,5,2,16,227,69,202,34,228,32,155,40,230,37,305,33,232,33,225,26,3*76
$GBGSV,5,3,16,233,34,052,41,241,84,110,35,3*7F
$GBGSV,5,4,16,227,69,202,38,228,32,155,36,230,37,305,41,232,33,225,32,5*7B
$GBGSV,5,5,16,233,34,052,33,241,84,110,46,5*7E
$GIGSV,1,1,,,,,,,,,,,,,0.0*4E
$GNGSA,A,3,01,02,03,04,19,28,31,,,,,,0.6,0.2,0.6,1*37
$GNGSA,A,3,01,03,04,06,09,28,,,,,,,0.6,0.2,0.6,1*30
$GNGSA,A,3,69,83,84,85,,,,,,,,,0.6,0.2,0.6,2*35
$GNGSA,A,3,102,104,106,110,112,119,128,136,,,,,0.6,0.2,0.6,3*34
$GNGSA,A,3,104,106,109,110,112,119,128,136,,,,,0.6,0.2,0.6,3*3F
$GNGSA,A,3,207,210,211,213,227,228,230,232,233,241,,,0.6,0.2,0.6,4*3A
$GNGSA,A,3,227,228,230,232,233,241,,,,,,,0.6,0.2,0.6,4*3E
$GNRMC,134730.000,A,4825.1428,N,00428.4560,W,0.0,125.5,100626,,,A*6D
$GNGGA,134731.000,4825.1428,N,00428.4560,W,1,52,0.2,90.7,M,52.0,M,,*62
$GNVTG,125.5,T,,M,0.0,N,0.0,K,A*10
$GPGSV,5,1,15,01,38,119,42,02,13,127,38,03,62,055,40,04,56,161,35,1*6A
$GPGSV,5,2,15,06,31,302,28,09,30,195,30,19,44,287,34,28,13,042,33,1*60
$GPGSV,5,3,15,31,18,070,40,1*5E
$GPGSV,5,4,15,01,38,119,34,03,62,055,44,04,56,161,37,06,31,302,40,8*6F
$GPGSV,5,5,15,09,30,195,34,28,13,042,33,8*67
$GQGSV,1,1,,,,,,,,,,,,,0.0*56
$GLGSV,2,1,05,69,79,202,35,70,25,215,24,83,36,138,38,84,84,330,29,1*7D
$GLGSV,2,2,05,85,35,320,37,1*43
$GAGSV,6,1,19,102,14,287,26,104,57,127,35,106,44,165,34,109,24,184,23,7*76
$GAGSV,6,2,19,110,57,104,34,111,84,032,24,112,33,110,30,119,31,049,33,7*72
$GAGSV,6,3,19,128,51,081,33,136,37,299,30,7*79
$GAGSV,6,4,19,102,14,287,35,104,57,127,43,106,44,165,41,109,24,184,36,1*70
$GAGSV,6,5,19,110,57,104,43,111,84,032,42,119,31,049,31,128,51,081,37,1*72
$GAGSV,6,6,19,136,37,299,40,1*7B
$GBGSV,5,1,15,207,15,042,35,210,16,054,38,211,11,315,30,213,06,146,31,1*78
$GBGSV,5,2,15,227,69,202,34,228,32,155,40,230,37,305,33,232,33,225,26,3*75
$GBGSV,5,3,15,233,34,052,41,241,84,110,35,3*7C
$GBGSV,5,4,15,228,32,155,36,230,37,305,40,232,33,225,32,233,34,052,33,5*78
$GBGSV,5,5,15,241,84,110,46,5*7F
$GIGSV,1,1,,,,,,,,,,,,,0.0*4E
$GNGSA,A,3,01,02,03,04,06,09,19,28,31,,,,0.6,0.2,0.4,1*3A
$GNGSA,A,3,01,03,04,06,09,28,,,,,,,0.6,0.2,0.4,1*32
$GNGSA,A,3,69,83,84,85,,,,,,,,,0.6,0.2,0.4,2*37
$GNGSA,A,3,102,104,106,110,111,112,119,128,136,,,,0.6,0.2,0.4,3*07
$GNGSA,A,3,102,104,106,109,110,111,119,128,136,,,,0.6,0.2,0.4,3*0D
$GNGSA,A,3,207,210,211,213,227,228,230,232,233,241,,,0.6,0.2,0.4,4*38
$GNGSA,A,3,228,230,232,233,241,,,,,,,,0.6,0.2,0.4,4*0B
$GNRMC,134731.000,A,4825.1428,N,00428.4560,W,0.0,125.5,100626,,,A*6C
$GNGGA,134732.000,4825.1428,N,00428.4560,W,1,53,0.2,90.7,M,52.0,M,,*60
$GNVTG,125.5,T,,M,0.0,N,0.0,K,A*10
$GPGSV,5,1,15,01,38,119,41,02,13,127,38,03,62,055,40,04,56,161,35,1*69
$GPGSV,5,2,15,06,31,302,28,09,30,195,30,19,44,287,34,28,13,042,33,1*60
$GPGSV,5,3,15,31,18,070,40,1*5E
$GPGSV,5,4,15,01,38,119,33,03,62,055,45,04,56,161,37,06,31,302,40,8*69
$GPGSV,5,5,15,09,30,195,34,28,13,042,33,8*67
$GQGSV,1,1,,,,,,,,,,,,,0.0*56
$GLGSV,2,1,05,69,79,202,35,70,25,215,24,83,36,138,38,84,84,330,28,1*7C
$GLGSV,2,2,05,85,35,320,38,1*4C
$GAGSV,6,1,19,102,14,287,26,104,57,127,35,106,44,165,34,109,24,184,23,7*76
$GAGSV,6,2,19,110,57,104,34,111,84,032,24,112,33,110,30,119,31,049,33,7*72
$GAGSV,6,3,19,128,51,081,33,136,37,299,30,7*79
$GAGSV,6,4,19,102,14,287,35,104,57,127,43,106,44,165,41,109,24,184,36,1*70
$GAGSV,6,5,19,110,57,104,43,111,84,032,42,119,31,049,32,128,51,081,37,1*71
$GAGSV,6,6,19,136,37,299,40,1*7B
$GBGSV,5,1,15,207,15,042,35,210,16,054,38,211,11,315,30,213,06,146,31,1*78
$GBGSV,5,2,15,227,69,202,34,228,32,155,40,230,37,305,33,232,33,225,26,3*75
$GBGSV,5,3,15,233,34,052,41,241,84,110,35,3*7C
$GBGSV,5,4,15,227,69,202,38,228,32,155,36,230,37,305,40,232,33,225,32,5*79
$GBGSV,5,5,15,233,34,052,33,5*74
$GIGSV,1,1,,,,,,,,,,,,,0.0*4E
$GNGSA,A,3,01,02,03,04,06,09,19,28,31,,,,0.6,0.2,0.4,1*3A
$GNGSA,A,3,01,03,04,06,09,28,,,,,,,0.6,0.2,0.4,1*32
$GNGSA,A,3,69,83,84,85,,,,,,,,,0.6,0.2,0.4,2*37
$GNGSA,A,3,102,104,106,109,110,111,112,119,128,136,,,0.6,0.2,0.4,3*3F
$GNGSA,A,3,102,104,106,109,110,111,119,128,136,,,,0.6,0.2,0.4,3*0D
$GNGSA,A,3,207,210,211,213,227,228,230,232,233,241,,,0.6,0.2,0.4,4*38
$GNGSA,A,3,227,228,230,232,233,,,,,,,,0.6,0.2,0.4,4*0B
$GNRMC,134732.000,A,4825.1428,N,00428.4560,W,0.0,125.5,100626,,,A*6F
$GNGGA,134733.000,4825.1428,N,00428.4560,W,1,50,0.2,90.6,M,52.0,M,,*63
$GNVTG,125.5,T,,M,0.0,N,0.0,K,A*10
$GPGSV,5,1,15,01,38,119,41,02,13,127,39,03,62,055,40,04,56,161,35,1*68
$GPGSV,5,2,15,06,31,302,28,09,30,195,30,19,44,287,34,28,13,041,33,1*63
$GPGSV,5,3,15,31,18,070,40,1*5E
$GPGSV,5,4,15,01,38,119,33,03,62,055,45,04,56,161,37,06,31,302,40,8*69
$GPGSV,5,5,15,09,30,195,34,28,13,041,32,8*65
$GQGSV,1,1,,,,,,,,,,,,,0.0*56
$GLGSV,2,1,05,69,79,202,35,70,25,215,24,83,36,138,38,84,84,330,28,1*7C
$GLGSV,2,2,05,85,35,320,38,1*4C
$GAGSV,6,1,19,102,14,287,26,104,57,127,35,106,44,165,34,109,24,184,23,7*76
$GAGSV,6,2,19,110,57,104,34,111,84,032,24,112,33,110,30,119,31,049,33,7*72
$GAGSV,6,3,19,128,51,081,33,136,37,299,30,7*79
$GAGSV,6,4,19,102,14,287,35,104,57,127,43,106,44,165,41,109,24,184,36,1*70
$GAGSV,6,5,19,110,57,104,43,111,84,032,42,119,31,049,32,128,51,081,37,1*71
$GAGSV,6,6,19,136,37,299,40,1*7B
$GBGSV,5,1,15,207,16,042,35,210,16,054,38,211,11,315,30,213,06,146,31,1*7B
$GBGSV,5,2,15,227,69,202,34,228,32,155,40,230,37,305,33,232,33,225,26,3*75
$GBGSV,5,3,15,233,34,052,41,241,84,110,35,3*7C
$GBGSV,5,4,15,227,69,202,38,228,32,155,36,230,37,305,40,232,33,225,32,5*79
$GBGSV,5,5,15,233,34,052,33,5*74
$GIGSV,1,1,,,,,,,,,,,,,0.0*4E
$GNGSA,A,3,01,02,03,04,06,09,19,28,31,,,,0.6,0.2,0.6,1*38
$GNGSA,A,3,01,03,04,06,09,28,,,,,,,0.6,0.2,0.6,1*30
$GNGSA,A,3,69,83,84,85,,,,,,,,,0.6,0.2,0.6,2*35
$GNGSA,A,3,102,104,106,110,112,119,128,136,,,,,0.6,0.2,0.6,3*34
$GNGSA,A,3,102,104,106,109,110,111,119,128,136,,,,0.6,0.2,0.6,3*0F
$GNGSA,A,3,207,210,211,227,228,230,232,233,241,,,,0.6,0.2,0.6,4*0A
$GNGSA,A,3,227,228,230,232,233,,,,,,,,0.6,0.2,0.6,4*09
$GNRMC,134733.000,A,4825.1428,N,00428.4560,W,0.0,125.5,100626,,,A*6E
$GNGGA,134734.000,4825.1428,N,00428.4560,W,1,52,0.2,90.6,M,52.0,M,,*66
$GNVTG,125.5,T,,M,0.0,N,0.0,K,A*10
$GPGSV,5,1,15,01,38,119,41,02,13,127,39,03,62,055,40,04,56,161,35,1*68
$GPGSV,5,2,15,06,31,302,28,09,30,195,30,19,44,287,34,28,13,041,33,1*63
$GPGSV,5,3,15,31,18,070,40,1*5E
$GPGSV,5,4,15,01,38,119,33,03,62,055,45,04,56,161,37,06,31,302,40,8*69
$GPGSV,5,5,15,09,30,195,34,28,13,041,32,8*65
$GQGSV,1,1,,,,,,,,,,,,,0.0*56
$GLGSV,2,1,05,69,79,202,35,70,25,215,24,83,36,138,38,84,84,330,28,1*7C
$GLGSV,2,2,05,85,35,320,38,1*4C
$GAGSV,5,1,18,102,14,287,26,104,57,127,35,106,44,165,34,109,24,184,23,7*74
$GAGSV,5,2,18,110,57,104,34,111,84,032,24,112,33,110,30,119,31,049,33,7*70
$GAGSV,5,3,18,128,51,081,33,136,37,299,30,7*7B
$GAGSV,5,4,18,104,57,127,43,109,24,184,36,110,57,104,43,111,84,032,42,1*75
$GAGSV,5,5,18,112,33,110,31,119,31,049,32,128,51,081,37,136,37,299,40,1*7F
$GBGSV,5,1,16,207,16,042,35,210,16,054,38,211,11,315,30,213,06,146,31,1*78
$GBGSV,5,2,16,227,69,202,34,228,32,155,40,230,37,305,33,232,33,225,26,3*76
$GBGSV,5,3,16,233,34,052,41,241,84,110,35,3*7F
$GBGSV,5,4,16,227,69,202,38,228,32,155,36,230,37,305,40,232,33,225,32,5*7A
$GBGSV,5,5,16,233,34,052,33,241,84,110,46,5*7E
$GIGSV,1,1,,,,,,,,,,,,,0.0*4E
$GNGSA,A,3,01,02,03,04,06,09,19,28,31,,,,0.6,0.2,0.4,1*3A
$GNGSA,A,3,01,03,04,06,09,28,,,,,,,0.6,0.2,0.4,1*32
$GNGSA,A,3,69,83,84,85,,,,,,,,,0.6,0.2,0.4,2*37
$GNGSA,A,3,102,104,106,110,111,112,119,128,136,,,,0.6,0.2,0.4,3*07
$GNGSA,A,3,104,109,110,111,112,119,128,136,,,,,0.6,0.2,0.4,3*3B
$GNGSA,A,3,207,210,211,213,227,228,230,232,233,241,,,0.6,0.2,0.4,4*38
$GNGSA,A,3,227,228,230,232,233,241,,,,,,,0.6,0.2,0.4,4*3C
$GNRMC,134734.000,A,4825.1428,N,00428.4560,W,0.0,125.5,100626,,,A*69
$GNGGA,134735.000,4825.1428,N,00428.4560,W,1,48,0.4,90.6,M,52.0,M,,*6A
$GNVTG,125.5,T,,M,0.0,N,0.0,K,A*10
$GPGSV,5,1,15,01,38,119,41,02,13,127,39,03,62,055,40,04,56,161,35,1*68
$GPGSV,5,2,15,06,31,302,27,09,30,195,30,19,44,287,34,28,13,041,33,1*6C
$GPGSV,5,3,15,31,18,070,40,1*5E
$GPGSV,5,4,15,01,38,119,33,03,62,055,44,04,56,161,37,06,31,302,40,8*68
$GPGSV,5,5,15,09,30,195,33,28,13,041,32,8*62
$GQGSV,1,1,,,,,,,,,,,,,0.0*56
$GLGSV,2,1,05,69,79,202,35,70,25,215,24,83,36,138,38,84,84,330,28,1*7C
$GLGSV,2,2,05,85,35,320,38,1*4C
$GAGSV,5,1,18,102,14,287,26,104,57,127,35,106,44,165,34,109,24,184,22,7*75
$GAGSV,5,2,18,110,57,104,34,111,84,032,24,112,33,110,30,119,31,049,33,7*70
$GAGSV,5,3,18,128,51,081,33,136,37,299,30,7*7B
$GAGSV,5,4,18,104,57,127,43,106,44,165,41,109,24,184,36,110,57,104,43,1*7F
$GAGSV,5,5,18,111,84,032,42,119,31,049,32,128,51,081,37,136,37,299,40,1*75
$GBGSV,5,1,16,207,16,042,34,210,16,054,38,211,11,315,30,213,06,146,31,1*79
$GBGSV,5,2,16,227,69,202,34,228,32,155,40,230,37,305,33,232,33,225,26,3*76
$GBGSV,5,3,16,233,34,052,41,241,84,110,35,3*7F
$GBGSV,5,4,16,227,69,202,38,228,32,155,36,230,37,305,40,232,33,225,32,5*7A
$GBGSV,5,5,16,233,34,052,33,241,84,110,46,5*7E
$GIGSV,1,1,,,,,,,,,,,,,0.0*4E
$GNGSA,A,3,01,02,03,04,19,28,31,,,,,,0.6,0.4,0.6,1*31
$GNGSA,A,3,01,03,04,06,09,28,,,,,,,0.6,0.4,0.6,1*36
$GNGSA,A,3,69,83,84,85,,,,,,,,,0.6,0.4,0.6,2*33
$GNGSA,A,3,102,104,106,110,112,119,128,136,,,,,0.6,0.4,0.6,3*32
$GNGSA,A,3,104,106,109,110,111,119,128,136,,,,,0.6,0.4,0.6,3*3A
$GNGSA,A,3,207,210,211,227,228,230,232,233,241,,,,0.6,0.4,0.6,4*0C
$GNGSA,A,3,227,228,230,232,233,241,,,,,,,0.6,0.4,0.6,4*38
$GNRMC,134735.000,A,4825.1428,N,00428.4560,W,0.0,125.5,100626,,,A*68
$GNGGA,134736.000,4825.1428,N,00428.4560,W,1,51,0.2,90.6,M,52.0,M,,*67
$GNVTG,125.5,T,,M,0.0,N,0.0,K,A*10
$GPGSV,5,1,15,01,38,119,41,02,13,127,39,03,62,055,40,04,56,161,35,1*68
$GPGSV,5,2,15,06,31,302,27,09,30,195,30,19,44,287,34,28,13,041,33,1*6C
$GPGSV,5,3,15,31,18,070,40,1*5E
$GPGSV,5,4,15,01,38,119,33,03,62,055,44,04,56,161,37,06,31,302,40,8*68
$GPGSV,5,5,15,09,30,195,33,28,13,041,32,8*62
$GQGSV,1,1,,,,,,,,,,,,,0.0*56
$GLGSV,2,1,05,69,79,202,35,70,25,215,24,83,36,138,38,84,84,330,28,1*7C
$GLGSV,2,2,05,85,35,320,38,1*4C
$GAGSV,5,1,18,102,14,287,25,104,57,127,35,106,44,165,34,109,24,184,22,7*76
$GAGSV,5,2,18,110,57,104,34,111,84,032,24,112,33,110,30,119,31,049,33,7*70
$GAGSV,5,3,18,128,51,081,33,136,37,299,30,7*7B
$GAGSV,5,4,18,104,57,127,43,106,44,165,41,109,24,184,36,110,57,104,43,1*7F
$GAGSV,5,5,18,111,84,032,42,119,31,049,32,128,51,081,37,136,37,299,40,1*75
$GBGSV,5,1,16,207,16,042,34,210,16,054,38,211,11,315,30,213,06,146,31,1*79
$GBGSV,5,2,16,227,69,202,34,228,32,155,40,230,37,305,33,232,33,225,26,3*76
$GBGSV,5,3,16,233,34,052,41,241,84,110,35,3*7F
$GBGSV,5,4,16,227,69,202,38,228,32,155,36,230,37,305,40,232,33,225,31,5*79
$GBGSV,5,5,16,233,34,052,33,241,84,110,46,5*7E
$GIGSV,1,1,,,,,,,,,,,,,0.0*4E
$GNGSA,A,3,01,02,03,04,09,19,28,31,,,,,0.6,0.2,0.6,1*3E
$GNGSA,A,3,01,03,04,06,09,28,,,,,,,0.6,0.2,0.6,1*30
$GNGSA,A,3,69,83,84,85,,,,,,,,,0.6,0.2,0.6,2*35
$GNGSA,A,3,102,104,106,109,110,111,112,119,128,136,,,0.6,0.2,0.6,3*3D
$GNGSA,A,3,104,106,109,110,111,119,128,136,,,,,0.6,0.2,0.6,3*3C
$GNGSA,A,3,207,210,211,227,228,230,232,233,241,,,,0.6,0.2,0.6,4*0A
$GNGSA,A,3,227,228,230,232,233,241,,,,,,,0.6,0.2,0.6,4*3E
$GNRMC,134736.000,A,4825.1428,N,00428.4560,W,0.0,125.5,100626,,,A*6B
$GNGGA,134737.000,4825.1428,N,00428.4560,W,1,51,0.2,90.6,M,52.0,M,,*66
$GNVTG,125.5,T,,M,0.0,N,0.0,K,A*10
$GPGSV,5,1,15,01,38,119,41,02,13,127,39,03,62,055,40,04,56,161,35,1*68
$GPGSV,5,2,15,06,31,302,27,09,30,195,29,19,44,287,34,28,13,041,33,1*64
$GPGSV,5,3,15,31,18,070,40,1*5E
$GPGSV,5,4,15,01,38,119,33,03,62,055,44,04,56,161,37,06,31,302,40,8*68
$GPGSV,5,5,15,09,30,195,33,28,13,041,31,8*61
$GQGSV,1,1,,,,,,,,,,,,,0.0*56
$GLGSV,2,1,05,69,79,202,35,70,25,215,24,83,36,138,38,84,84,330,28,1*7C
$GLGSV,2,2,05,85,35,320,38,1*4C
$GAGSV,6,1,19,102,14,287,25,104,57,127,35,106,44,165,34,109,24,184,22,7*74
$GAGSV,6,2,19,110,57,104,34,111,84,032,24,112,33,110,30,119,31,049,33,7*72
$GAGSV,6,3,19,128,51,081,33,136,37,299,30,7*79
$GAGSV,6,4,19,102,14,287,35,104,57,127,43,106,44,165,41,109,24,184,36,1*70
$GAGSV,6,5,19,110,57,104,43,111,84,032,42,119,31,049,32,128,51,081,37,1*71
$GAGSV,6,6,19,136,37,299,40,1*7B
$GBGSV,5,1,15,207,16,042,34,210,16,054,38,211,11,315,30,213,06,146,31,1*7A
$GBGSV,5,2,15,227,69,202,34,228,32,155,40,230,37,305,32,232,33,225,26,3*74
$GBGSV,5,3,15,233,34,052,41,241,84,110,35,3*7C
$GBGSV,5,4,15,227,69,202,38,228,32,155,36,230,37,305,40,232,33,225,31,5*7A
$GBGSV,5,5,15,233,34,052,33,5*74
$GIGSV,1,1,,,,,,,,,,,,,0.0*4E
$GNGSA,A,3,01,02,03,04,06,09,19,28,31,,,,0.6,0.2,0.6,1*38
$GNGSA,A,3,01,03,04,06,09,28,,,,,,,0.6,0.2,0.6,1*30
$GNGSA,A,3,69,83,84,85,,,,,,,,,0.6,0.2,0.6,2*35
$GNGSA,A,3,104,106,109,110,111,112,119,128,136,,,,0.6,0.2,0.6,3*0E
$GNGSA,A,3,102,104,106,109,110,111,119,128,136,,,,0.6,0.2,0.6,3*0F
$GNGSA,A,3,207,210,211,227,228,230,232,233,241,,,,0.6,0.2,0.6,4*0A
$GNGSA,A,3,227,228,230,232,233,,,,,,,,0.6,0.2,0.6,4*09
$GNRMC,134737.000,A,4825.1428,N,00428.4560,W,0.0,125.5,100626,,,A*6A
$GNGGA,134738.000,4825.1428,N,00428.4560,W,1,51,0.2,90.6,M,52.0,M,,*69
$GNVTG,125.5,T,,M,0.0,N,0.0,K,A*10
$GPGSV,5,1,15,01,38,119,42,02,13,127,40,03,62,055,40,04,56,161,35,1*65
$GPGSV,5,2,15,06,31,302,27,09,30,195,28,19,44,287,34,28,13,041,33,1*65
$GPGSV,5,3,15,31,18,070,40,1*5E
$GPGSV,5,4,15,01,38,119,33,03,62,055,44,04,56,161,37,06,31,302,40,8*68
$GPGSV,5,5,15,09,30,195,33,28,13,041,31,8*61
$GQGSV,1,1,,,,,,,,,,,,,0.0*56
$GLGSV,2,1,05,69,79,202,35,70,25,215,24,83,36,138,38,84,84,330,28,1*7C
$GLGSV,2,2,05,85,35,320,38,1*4C
$GAGSV,6,1,19,102,14,287,25,104,57,127,35,106,44,165,34,109,24,184,22,7*74
$GAGSV,6,2,19,110,57,104,34,111,84,032,24,112,33,110,30,119,31,049,33,7*72
$GAGSV,6,3,19,128,51,081,33,136,37,299,30,7*79
$GAGSV,6,4,19,102,14,287,35,104,57,127,43,109,24,184,36,110,57,104,43,1*70
$GAGSV,6,5,19,111,84,032,42,112,33,110,31,119,31,049,32,128,51,081,37,1*71
$GAGSV,6,6,19,136,37,299,40,1*7B
$GBGSV,5,1,15,207,16,042,34,210,16,054,38,211,11,315,30,213,06,146,32,1*79
$GBGSV,5,2,15,227,69,202,34,228,32,155,40,230,37,305,32,232,33,225,24,3*76
$GBGSV,5,3,15,233,34,052,41,241,84,110,35,3*7C
$GBGSV,5,4,15,227,69,202,38,228,32,155,35,230,37,305,40,232,33,225,31,5*79
$GBGSV,5,5,15,241,84,110,46,5*7F
$GIGSV,1,1,,,,,,,,,,,,,0.0*4E
$GNGSA,A,3,01,02,03,04,06,09,19,28,31,,,,0.6,0.2,0.6,1*38
$GNGSA,A,3,01,03,04,06,09,28,,,,,,,0.6,0.2,0.6,1*30
$GNGSA,A,3,69,83,84,85,,,,,,,,,0.6,0.2,0.6,2*35
$GNGSA,A,3,104,106,109,110,111,112,119,128,136,,,,0.6,0.2,0.6,3*0E
$GNGSA,A,3,102,104,109,110,111,112,119,128,136,,,,0.6,0.2,0.6,3*0A
$GNGSA,A,3,207,210,211,227,228,230,232,233,241,,,,0.6,0.2,0.6,4*0A
$GNGSA,A,3,227,228,230,232,241,,,,,,,,0.6,0.2,0.6,4*0C
$GNRMC,134738.000,A,4825.1428,N,00428.4560,W,0.0,125.5,100626,,,A*65
$GNGGA,134739.000,4825.1428,N,00428.4560,W,1,49,0.4,90.6,M,52.0,M,,*67
$GNVTG,125.5,T,,M,0.0,N,0.0,K,A*10
$GPGSV,5,1,15,01,38,119,42,02,13,127,40,03,62,055,40,04,56,161,35,1*65
$GPGSV,5,2,15,06,31,302,27,09,30,195,27,19,44,287,34,28,13,041,33,1*6A
$GPGSV,5,3,15,31,18,070,40,1*5E
$GPGSV,5,4,15,01,38,119,33,03,62,055,44,04,56,161,37,06,31,302,39,8*66
$GPGSV,5,5,15,09,30,195,33,28,13,041,31,8*61
$GQGSV,1,1,,,,,,,,,,,,,0.0*56
$GLGSV,2,1,05,69,79,202,35,70,25,215,23,83,36,138,38,84,84,330,28,1*7B
$GLGSV,2,2,05,85,35,320,38,1*4C
$GAGSV,6,1,20,102,14,287,25,104,57,127,35,106,44,165,34,109,24,184,23,7*7F
$GAGSV,6,2,20,110,57,104,34,111,84,032,23,112,33,110,30,119,31,049,33,7*7F
$GAGSV,6,3,20,128,51,081,34,136,37,299,30,7*74
$GAGSV,6,4,20,102,14,287,35,104,57,127,43,106,44,165,41,109,24,184,36,1*7A
$GAGSV,6,5,20,110,57,104,43,111,84,032,42,112,33,110,32,119,31,049,31,1*79
$GAGSV,6,6,20,128,51,081,37,136,37,299,40,1*73
$GBGSV,4,1,13,207,16,042,34,210,16,054,38,211,11,315,30,213,06,146,32,1*7E
$GBGSV,4,2,13,227,69,202,34,228,32,155,40,230,37,305,32,233,34,052,41,3*76
$GBGSV,4,3,13,241,84,110,35,3*7C
$GBGSV,4,4,13,227,69,202,38,228,32,155,35,230,37,305,40,233,34,052,33,5*78
$GIGSV,1,1,,,,,,,,,,,,,0.0*4E
$GNGSA,A,3,01,02,03,04,06,19,28,31,,,,,0.6,0.4,0.6,1*37
$GNGSA,A,3,01,03,04,06,09,28,,,,,,,0.6,0.4,0.6,1*36
$GNGSA,A,3,69,83,84,85,,,,,,,,,0.6,0.4,0.6,2*33
$GNGSA,A,3,104,106,109,110,111,112,119,128,136,,,,0.6,0.4,0.6,3*08
$GNGSA,A,3,102,104,106,109,110,111,112,119,128,136,,,0.6,0.4,0.6,3*3B
$GNGSA,A,3,207,210,211,227,228,230,233,241,,,,,0.6,0.4,0.6,4*3F
$GNGSA,A,3,227,228,230,233,,,,,,,,,0.6,0.4,0.6,4*3C
$GNRMC,134739.000,A,4825.1428,N,00428.4560,W,0.0,125.5,100626,,,A*64
$GNGGA,134740.000,4825.1428,N,00428.4560,W,1,51,0.2,90.6,M,52.0,M,,*66
$GNVTG,125.5,T,,M,0.0,N,0.0,K,A*10
$GPGSV,5,1,15,01,38,119,42,02,13,127,40,03,62,055,40,04,56,161,35,1*65
$GPGSV,5,2,15,06,31,302,27,09,30,195,27,19,44,287,34,28,13,041,33,1*6A
$GPGSV,5,3,15,31,18,070,40,1*5E
$GPGSV,5,4,15,01,38,119,33,03,62,055,44,04,56,161,36,06,31,302,39,8*67
$GPGSV,5,5,15,09,30,195,33,28,13,041,31,8*61
$GQGSV,1,1,,,,,,,,,,,,,0.0*56
$GLGSV,2,1,05,69,79,202,35,70,25,215,24,83,36,138,38,84,84,330,28,1*7C
$GLGSV,2,2,05,85,35,320,38,1*4C
$GAGSV,6,1,20,102,14,287,25,104,57,127,35,106,44,165,34,109,24,184,23,7*7F
$GAGSV,6,2,20,110,57,104,34,111,84,032,23,112,33,110,30,119,31,049,33,7*7F
$GAGSV,6,3,20,128,51,081,34,136,37,299,30,7*74
$GAGSV,6,4,20,102,14,287,35,104,57,127,43,106,44,165,41,109,24,184,36,1*7A
$GAGSV,6,5,20,110,57,104,43,111,84,032,42,112,33,110,32,119,31,049,31,1*79
$GAGSV,6,6,20,128,51,081,37,136,37,299,40,1*73
$GBGSV,4,1,13,207,16,042,34,210,16,054,38,211,11,315,30,213,06,146,33,1*7F
$GBGSV,4,2,13,227,69,202,34,228,32,155,40,230,37,305,32,233,34,052,41,3*76
$GBGSV,4,3,13,241,84,110,35,3*7C
$GBGSV,4,4,13,228,32,155,35,230,37,305,40,233,34,052,33,241,84,110,46,5*72
$GIGSV,1,1,,,,,,,,,,,,,0.0*4E
$GNGSA,A,3,01,02,03,04,06,19,28,31,,,,,0.6,0.2,0.4,1*33
$GNGSA,A,3,01,03,04,06,09,28,,,,,,,0.6,0.2,0.4,1*32
$GNGSA,A,3,69,70,83,84,85,,,,,,,,0.6,0.2,0.4,2*30
$GNGSA,A,3,102,104,106,110,111,112,119,128,136,,,,0.6,0.2,0.4,3*07
$GNGSA,A,3,102,104,106,109,110,111,112,119,128,136,,,0.6,0.2,0.4,3*3F
$GNGSA,A,3,207,210,211,213,227,228,230,233,241,,,,0.6,0.2,0.4,4*0B
$GNGSA,A,3,228,230,233,241,,,,,,,,,0.6,0.2,0.4,4*38
$GNRMC,134740.000,A,4825.1428,N,00428.4560,W,0.0,125.5,100626,,,A*6A
$GNGGA,134741.000,4825.1428,N,00428.4560,W,1,51,0.2,90.5,M,52.0,M,,*64
$GNVTG,125.5,T,,M,0.0,N,0.0,K,A*10
$GPGSV,5,1,15,01,38,119,42,02,13,127,40,03,62,055,40,04,56,161,35,1*65
$GPGSV,5,2,15,06,31,302,26,09,30,195,26,19,44,287,34,28,13,041,33,1*6A
$GPGSV,5,3,15,31,18,070,40,1*5E
$GPGSV,5,4,15,01,38,119,33,03,62,055,44,04,56,161,36,06,31,302,39,8*67
$GPGSV,5,5,15,09,30,195,33,28,13,041,31,8*61
$GQGSV,1,1,,,,,,,,,,,,,0.0*56
$GLGSV,2,1,05,69,79,203,35,70,25,215,24,83,36,138,38,84,84,330,28,1*7D
$GLGSV,2,2,05,85,35,320,38,1*4C
$GAGSV,6,1,20,102,14,287,25,104,57,127,35,106,44,165,34,109,24,184,23,7*7F
$GAGSV,6,2,20,110,57,104,34,111,84,032,23,112,33,110,30,119,31,049,33,7*7F
$GAGSV,6,3,20,128,51,081,34,136,37,299,30,7*74
$GAGSV,6,4,20,102,14,287,35,104,57,127,43,106,44,165,41,109,24,184,36,1*7A
$GAGSV,6,5,20,110,57,104,43,111,84,032,42,112,33,110,32,119,31,049,31,1*79
$GAGSV,6,6,20,128,51,081,37,136,37,299,40,1*73
$GBGSV,4,1,14,207,16,042,33,210,16,054,38,211,11,315,30,213,06,146,33,1*7F
$GBGSV,4,2,14,227,69,202,34,228,32,155,40,230,37,305,32,232,33,225,21,3*73
$GBGSV,4,3,14,233,34,052,41,241,84,110,35,3*7C
$GBGSV,4,4,14,228,32,155,35,230,37,305,40,233,34,052,33,241,84,110,46,5*75
$GIGSV,1,1,,,,,,,,,,,,,0.0*4E
$GNGSA,A,3,01,02,03,04,06,09,19,28,31,,,,0.6,0.2,0.6,1*38
$GNGSA,A,3,01,03,04,06,09,28,,,,,,,0.6,0.2,0.6,1*30
$GNGSA,A,3,69,83,84,85,,,,,,,,,0.6,0.2,0.6,2*35
$GNGSA,A,3,102,104,106,110,111,112,119,128,136,,,,0.6,0.2,0.6,3*05
$GNGSA,A,3,102,104,106,109,110,111,112,119,128,136,,,0.6,0.2,0.6,3*3D
$GNGSA,A,3,207,210,211,227,228,230,232,233,241,,,,0.6,0.2,0.6,4*0A
$GNGSA,A,3,228,230,233,241,,,,,,,,,0.6,0.2,0.6,4*3A
$GNRMC,134741.000,A,4825.1428,N,00428.4560,W,0.0,125.5,100626,,,A*6B
$GNGGA,134742.000,4825.1428,N,00428.4560,W,1,51,0.2,90.5,M,52.0,M,,*67
$GNVTG,125.5,T,,M,0.0,N,0.0,K,A*10
$GPGSV,5,1,15,01,38,119,42,02,13,127,40,03,62,055,40,04,56,161,35,1*65
$GPGSV,5,2,15,06,31,302,26,09,30,195,26,19,44,287,34,28,13,041,33,1*6A
$GPGSV,5,3,15,31,18,070,40,1*5E
$GPGSV,5,4,15,01,38,119,32,03,62,055,44,04,56,161,36,06,31,302,39,8*66
$GPGSV,5,5,15,09,30,195,33,28,13,041,31,8*61
$GQGSV,1,1,,,,,,,,,,,,,0.0*56
$GLGSV,2,1,05,69,79,203,35,70,25,215,24,83,36,138,38,84,84,330,28,1*7D
$GLGSV,2,2,05,85,35,320,38,1*4C
$GAGSV,6,1,19,102,14,287,25,104,57,127,35,106,44,165,34,109,24,184,23,7*75
$GAGSV,6,2,19,110,57,104,34,111,84,032,23,112,33,110,30,119,31,049,33,7*75
$GAGSV,6,3,19,128,51,081,34,136,37,299,30,7*7E
$GAGSV,6,4,19,102,14,287,35,104,57,127,43,106,44,165,41,109,24,184,37,1*71
$GAGSV,6,5,19,110,57,104,43,112,33,110,32,119,31,049,31,128,51,081,37,1*7B
$GAGSV,6,6,19,136,37,299,40,1*7B
$GBGSV,5,1,15,207,16,042,33,210,16,054,38,211,11,315,30,213,06,146,33,1*7F
$GBGSV,5,2,15,227,69,202,34,228,32,155,40,230,37,305,32,232,33,225,20,3*72
$GBGSV,5,3,15,233,34,052,41,241,84,110,35,3*7C
$GBGSV,5,4,15,227,69,202,38,230,37,305,40,232,33,225,31,233,34,052,33,5*75
$GBGSV,5,5,15,241,84,110,46,5*7F
$GIGSV,1,1,,,,,,,,,,,,,0.0*4E
$GNGSA,A,3,01,02,03,04,06,09,19,28,31,,,,0.6,0.2,0.6,1*38
$GNGSA,A,3,01,03,04,06,09,28,,,,,,,0.6,0.2,0.6,1*30
$GNGSA,A,3,69,83,84,85,,,,,,,,,0.6,0.2,0.6,2*35
$GNGSA,A,3,102,104,106,110,111,112,119,128,136,,,,0.6,0.2,0.6,3*05
$GNGSA,A,3,102,104,106,109,110,112,119,128,136,,,,0.6,0.2,0.6,3*0C
$GNGSA,A,3,207,210,211,227,228,230,232,233,241,,,,0.6,0.2,0.6,4*0A
$GNGSA,A,3,227,230,232,233,241,,,,,,,,0.6,0.2,0.6,4*06
$GNRMC,134742.000,A,4825.1428,N,00428.4560,W,0.0,125.5,100626,,,A*68
$GNGGA,134743.000,4825.1429,N,00428.4560,W,1,52,0.2,90.5,M,52.0,M,,*64
$GNVTG,125.5,T,,M,0.0,N,0.0,K,A*10
$GPGSV,5,1,15,01,38,119,42,02,13,127,40,03,62,055,41,04,56,161,35,1*64
$GPGSV,5,2,15,06,31,302,26,09,30,195,26,19,44,287,34,28,13,041,33,1*6A
$GPGSV,5,3,15,31,18,070,40,1*5E
$GPGSV,5,4,15,01,38,119,32,03,62,055,44,04,56,161,36,06,31,302,39,8*66
$GPGSV,5,5,15,09,30,195,33,28,13,041,31,8*61
$GQGSV,1,1,,,,,,,,,,,,,0.0*56
$GLGSV,2,1,05,69,79,203,36,70,25,215,24,83,36,138,38,84,84,330,28,1*7E
$GLGSV,2,2,05,85,35,320,38,1*4C
$GAGSV,5,1,18,102,14,287,25,104,57,127,35,106,44,165,34,109,24,184,23,7*77
$GAGSV,5,2,18,110,57,104,34,111,84,032,24,112,33,110,30,119,31,049,33,7*70
$GAGSV,5,3,18,128,51,081,34,136,37,299,30,7*7C
$GAGSV,5,4,18,102,14,287,36,104,57,127,43,109,24,184,37,110,57,104,43,1*70
$GAGSV,5,5,18,111,84,032,42,112,33,110,32,119,31,049,31,128,51,081,37,1*73
$GBGSV,5,1,16,207,16,042,33,210,16,054,38,211,11,315,29,213,06,146,33,1*74
$GBGSV,5,2,16,227,69,201,34,228,32,155,40,230,37,305,32,232,33,225,20,3*72
$GBGSV,5,3,16,233,34,052,41,241,84,110,35,3*7F
$GBGSV,5,4,16,227,69,201,38,228,32,155,35,230,37,305,40,232,33,225,31,5*79
$GBGSV,5,5,16,233,34,052,33,241,84,110,46,5*7E
$GIGSV,1,1,,,,,,,,,,,,,0.0*4E
$GNGSA,A,3,01,02,03,04,06,09,19,28,31,,,,0.6,0.2,0.4,1*3A
$GNGSA,A,3,01,03,04,06,09,28,,,,,,,0.6,0.2,0.4,1*32
$GNGSA,A,3,69,83,84,85,,,,,,,,,0.6,0.2,0.4,2*37
$GNGSA,A,3,102,104,106,109,110,111,112,119,128,136,,,0.6,0.2,0.4,3*3F
$GNGSA,A,3,102,104,109,110,111,112,119,128,,,,,0.6,0.2,0.4,3*3C
$GNGSA,A,3,207,210,211,227,228,230,232,233,241,,,,0.6,0.2,0.4,4*08
$GNGSA,A,3,227,228,230,232,233,241,,,,,,,0.6,0.2,0.4,4*3C
$GNRMC,134743.000,A,4825.1429,N,00428.4560,W,0.0,125.5,100626,,,A*68
$GNGGA,134744.000,4825.1429,N,00428.4560,W,1,52,0.2,90.6,M,52.0,M,,*60
$GNVTG,125.5,T,,M,0.0,N,0.0,K,A*10
$GPGSV,5,1,15,01,38,119,42,02,13,127,40,03,62,055,41,04,56,161,35,1*64
$GPGSV,5,2,15,06,31,302,26,09,30,195,26,19,44,287,34,28,13,041,33,1*6A
$GPGSV,5,3,15,31,18,070,40,1*5E
$GPGSV,5,4,15,01,38,119,32,03,62,055,44,04,56,161,36,06,31,302,39,8*66
$GPGSV,5,5,15,09,30,195,33,28,13,041,30,8*60
$GQGSV,1,1,,,,,,,,,,,,,0.0*56
$GLGSV,2,1,05,69,79,203,36,70,25,215,25,83,36,138,38,84,84,330,28,1*7F
$GLGSV,2,2,05,85,35,320,38,1*4C
$GAGSV,6,1,20,102,14,287,25,104,57,127,35,106,44,165,34,109,24,184,23,7*7F
$GAGSV,6,2,20,110,57,104,35,111,84,032,24,112,33,110,30,119,31,049,33,7*79
$GAGSV,6,3,20,128,51,081,34,136,37,299,30,7*74
$GAGSV,6,4,20,102,14,287,36,104,57,127,43,106,44,165,41,109,24,184,37,1*78
$GAGSV,6,5,20,110,57,104,43,111,84,032,42,112,33,110,32,119,31,049,31,1*79
$GAGSV,6,6,20,128,51,081,37,136,37,299,40,1*73
$GBGSV,4,1,14,207,16,042,33,210,16,054,38,211,11,315,29,213,06,146,34,1*70
$GBGSV,4,2,14,227,69,201,34,228,32,155,40,230,37,305,32,232,33,225,20,3*71
$GBGSV,4,3,14,233,34,052,41,241,84,110,35,3*7C
$GBGSV,4,4,14,230,37,305,40,232,33,225,31,233,34,052,33,241,84,110,45,5*7C
$GIGSV,1,1,,,,,,,,,,,,,0.0*4E
$GNGSA,A,3,01,02,03,04,06,09,19,28,31,,,,0.6,0.2,0.6,1*38
$GNGSA,A,3,01,03,04,06,09,28,,,,,,,0.6,0.2,0.6,1*30
$GNGSA,A,3,69,83,84,85,,,,,,,,,0.6,0.2,0.6,2*35
$GNGSA,A,3,102,104,106,109,110,111,112,119,128,136,,,0.6,0.2,0.6,3*3D
$GNGSA,A,3,102,104,106,109,110,111,112,119,128,136,,,0.6,0.2,0.6,3*3D
$GNGSA,A,3,207,210,211,227,228,230,232,233,241,,,,0.6,0.2,0.6,4*0A
$GNGSA,A,3,230,232,233,241,,,,,,,,,0.6,0.2,0.6,4*31
$GNRMC,134744.000,A,4825.1429,N,00428.4560,W,0.0,125.5,100626,,,A*6F
$GNGGA,134745.000,4825.1429,N,00428.4560,W,1,52,0.2,90.5,M,52.0,M,,*62
$GNVTG,125.5,T,,M,0.0,N,0.0,K,A*10
$GPGSV,5,1,15,01,38,119,42,02,13,127,41,03,62,055,41,04,56,161,35,1*65
$GPGSV,5,2,15,06,31,302,26,09,30,195,25,19,44,287,34,28,13,041,33,1*69
$GPGSV,5,3,15,31,18,070,40,1*5E
$GPGSV,5,4,15,01,38,119,32,03,62,055,45,04,56,161,36,06,31,302,39,8*67
$GPGSV,5,5,15,09,30,195,33,28,13,041,30,8*60
$GQGSV,1,1,,,,,,,,,,,,,0.0*56
$GLGSV,2,1,05,69,79,203,36,70,25,215,25,83,36,138,38,84,84,330,28,1*7F
$GLGSV,2,2,05,85,35,320,38,1*4C
$GAGSV,6,1,19,102,14,287,24,104,57,127,35,106,44,165,34,109,24,184,23,7*74
$GAGSV,6,2,19,110,57,104,35,111,84,032,24,112,33,110,30,119,31,049,33,7*73
$GAGSV,6,3,19,128,51,081,34,136,37,299,30,7*7E
$GAGSV,6,4,19,102,14,287,36,104,57,127,43,106,44,165,41,110,57,104,43,1*75
$GAGSV,6,5,19,111,84,032,42,112,33,110,32,119,31,049,31,128,51,081,36,1*70
$GAGSV,6,6,19,136,37,299,40,1*7B
$GBGSV,5,1,15,207,16,042,33,210,16,054,38,211,11,315,29,213,06,146,34,1*70
$GBGSV,5,2,15,227,69,201,34,228,32,155,40,230,37,305,32,232,33,225,20,3*71
$GBGSV,5,3,15,233,34,052,41,241,84,110,35,3*7C
$GBGSV,5,4,15,227,69,201,38,228,32,155,35,230,37,305,40,232,33,225,31,5*7A
$GBGSV,5,5,15,233,34,052,33,5*74
$GIGSV,1,1,,,,,,,,,,,,,0.0*4E
$GNGSA,A,3,01,02,03,04,06,09,19,28,31,,,,0.6,0.2,0.6,1*38
$GNGSA,A,3,01,03,04,06,09,28,,,,,,,0.6,0.2,0.6,1*30
$GNGSA,A,3,69,83,84,85,,,,,,,,,0.6,0.2,0.6,2*35
$GNGSA,A,3,102,104,106,109,110,111,112,119,128,136,,,0.6,0.2,0.6,3*3D
$GNGSA,A,3,102,104,106,110,111,112,119,128,136,,,,0.6,0.2,0.6,3*05
$GNGSA,A,3,207,210,211,227,228,230,232,233,241,,,,0.6,0.2,0.6,4*0A
$GNGSA,A,3,227,228,230,232,233,,,,,,,,0.6,0.2,0.6,4*09
$GNRMC,134745.000,A,4825.1429,N,00428.4560,W,0.0,125.5,100626,,,A*6E
$GNGGA,134746.000,4825.1429,N,00428.4560,W,1,51,0.2,90.5,M,52.0,M,,*62
$GNVTG,125.5,T,,M,0.0,N,0.0,K,A*10
$GPGSV,5,1,15,01,38,119,42,02,13,127,41,03,62,055,41,04,56,161,35,1*65
$GPGSV,5,2,15,06,31,302,26,09,30,195,25,19,44,287,34,28,13,041,33,1*69
$GPGSV,5,3,15,31,18,070,40,1*5E
$GPGSV,5,4,15,01,38,119,32,03,62,055,45,04,56,161,36,06,31,302,39,8*67
$GPGSV,5,5,15,09,30,195,33,28,13,041,30,8*60
$GQGSV,1,1,,,,,,,,,,,,,0.0*56
$GLGSV,2,1,05,69,79,203,36,70,25,215,25,83,36,138,38,84,84,330,28,1*7F
$GLGSV,2,2,05,85,35,320,38,1*4C
$GAGSV,6,1,20,102,14,287,24,104,57,127,35,106,44,165,34,109,24,184,23,7*7E
$GAGSV,6,2,20,110,57,104,35,111,84,032,24,112,33,110,30,119,31,049,33,7*79
$GAGSV,6,3,20,128,51,081,34,136,37,299,30,7*74
$GAGSV,6,4,20,102,14,287,36,104,57,127,43,106,44,165,41,109,24,184,37,1*78
$GAGSV,6,5,20,110,57,104,43,111,84,032,42,112,33,110,31,119,31,049,31,1*7A
$GAGSV,6,6,20,128,51,081,36,136,37,299,40,1*72
$GBGSV,4,1,14,207,16,042,33,210,16,054,38,211,11,315,29,213,06,146,34,1*70
$GBGSV,4,2,14,227,69,201,34,228,32,155,40,230,37,305,32,232,33,225,20,3*71
$GBGSV,4,3,14,233,34,052,42,241,84,110,35,3*7F
$GBGSV,4,4,14,230,37,305,40,232,33,225,31,233,34,052,34,241,84,110,45,5*7B
$GIGSV,1,1,,,,,,,,,,,,,0.0*4E
$GNGSA,A,3,01,02,03,04,09,19,28,31,,,,,0.6,0.2,0.6,1*3E
$GNGSA,A,3,01,03,04,06,09,28,,,,,,,0.6,0.2,0.6,1*30
$GNGSA,A,3,69,83,84,85,,,,,,,,,0.6,0.2,0.6,2*35
$GNGSA,A,3,102,104,106,109,110,111,112,119,128,136,,,0.6,0.2,0.6,3*3D
$GNGSA,A,3,102,104,106,109,110,111,112,119,128,136,,,0.6,0.2,0.6,3*3D
$GNGSA,A,3,207,210,211,227,228,230,232,233,241,,,,0.6,0.2,0.6,4*0A
$GNGSA,A,3,230,232,233,241,,,,,,,,,0.6,0.2,0.6,4*31
$GNRMC,134746.000,A,4825.1429,N,00428.4560,W,0.0,125.5,100626,,,A*6D
$GNGGA,134747.000,4825.1429,N,00428.4560,W,1,51,0.2,90.5,M,52.0,M,,*63
$GNVTG,125.5,T,,M,0.0,N,0.0,K,A*10
$GPGSV,5,1,15,01,38,119,42,02,13,127,41,03,62,055,41,04,56,161,35,1*65
$GPGSV,5,2,15,06,31,302,26,09,30,195,25,19,44,287,34,28,13,041,33,1*69
$GPGSV,5,3,15,31,18,070,40,1*5E
$GPGSV,5,4,15,01,38,119,32,03,62,055,45,04,56,161,36,06,31,302,39,8*67
$GPGSV,5,5,15,09,30,195,33,28,13,041,30,8*60
$GQGSV,1,1,,,,,,,,,,,,,0.0*56
$GLGSV,2,1,05,69,79,203,36,70,25,215,25,83,36,138,38,84,84,330,28,1*7F
$GLGSV,2,2,05,85,35,320,38,1*4C
$GAGSV,6,1,19,102,14,287,24,104,57,127,35,106,44,165,34,109,24,184,23,7*74
$GAGSV,6,2,19,110,57,104,35,111,84,032,24,112,33,110,29,119,31,049,33,7*7B
$GAGSV,6,3,19,128,51,081,34,136,37,299,30,7*7E
$GAGSV,6,4,19,102,14,287,36,104,57,127,43,106,44,165,41,109,24,184,37,1*72
$GAGSV,6,5,19,110,57,104,43,111,84,032,42,119,31,049,31,128,51,081,36,1*73
$GAGSV,6,6,19,136,37,299,40,1*7B
$GBGSV,5,1,15,207,16,042,33,210,16,054,38,211,11,315,29,213,06,146,34,1*70
$GBGSV,5,2,15,227,69,201,34,228,32,155,40,230,37,305,32,232,33,225,20,3*71
$GBGSV,5,3,15,233,34,052,42,241,84,110,35,3*7F
$GBGSV,5,4,15,227,69,201,38,228,32,155,35,230,37,305,40,232,33,225,31,5*7A
$GBGSV,5,5,15,241,84,110,45,5*7C
$GIGSV,1,1,,,,,,,,,,,,,0.0*4E
$GNGSA,A,3,01,02,03,04,06,09,19,28,31,,,,0.6,0.2,0.6,1*38
$GNGSA,A,3,01,03,04,06,09,28,,,,,,,0.6,0.2,0.6,1*30
$GNGSA,A,3,69,83,84,85,,,,,,,,,0.6,0.2,0.6,2*35
$GNGSA,A,3,102,104,106,110,111,112,119,128,136,,,,0.6,0.2,0.6,3*05
$GNGSA,A,3,102,104,106,109,110,111,119,128,136,,,,0.6,0.2,0.6,3*0F
$GNGSA,A,3,207,210,211,227,228,230,232,233,241,,,,0.6,0.2,0.6,4*0A
$GNGSA,A,3,227,228,230,232,241,,,,,,,,0.6,0.2,0.6,4*0C
$GNRMC,134747.000,A,4825.1429,N,00428.4560,W,0.0,125.5,100626,,,A*6C
$GNGGA,134748.000,4825.1429,N,00428.4560,W,1,50,0.2,90.5,M,52.0,M,,*6D
$GNVTG,125.5,T,,M,0.0,N,0.0,K,A*10
$GPGSV,5,1,15,01,38,119,42,02,13,127,41,03,62,055,41,04,56,161,35,1*65
$GPGSV,5,2,15,06,31,302,26,09,30,195,25,19,44,287,33,28,13,041,33,1*6E
$GPGSV,5,3,15,31,18,070,40,1*5E
$GPGSV,5,4,15,01,38,119,32,03,62,055,45,04,56,161,36,06,31,302,39,8*67
$GPGSV,5,5,15,09,30,195,33,28,13,041,30,8*60
$GQGSV,1,1,,,,,,,,,,,,,0.0*56
$GLGSV,2,1,05,69,79,203,36,70,25,215,25,83,36,138,38,84,84,330,29,1*7E
$GLGSV,2,2,05,85,35,320,38,1*4C
$GAGSV,6,1,19,102,14,287,24,104,57,127,35,106,44,165,34,109,24,184,23,7*74
$GAGSV,6,2,19,110,57,104,35,111,84,032,24,112,33,110,29,119,31,049,33,7*7B
$GAGSV,6,3,19,128,51,081,34,136,37,299,30,7*7E
$GAGSV,6,4,19,102,14,287,36,104,57,127,43,106,44,165,41,109,24,184,37,1*72
$GAGSV,6,5,19,110,57,104,43,111,84,032,42,112,33,110,31,119,31,049,31,1*70
$GAGSV,6,6,19,136,37,299,40,1*7B
$GBGSV,5,1,15,207,16,042,33,210,16,054,38,211,11,315,29,213,06,146,34,1*70
$GBGSV,5,2,15,227,69,201,34,228,32,155,40,230,37,305,32,232,33,225,20,3*71
$GBGSV,5,3,15,233,34,052,42,241,84,110,35,3*7F
$GBGSV,5,4,15,227,69,201,38,228,32,155,35,232,33,225,31,233,34,052,33,5*7F
$GBGSV,5,5,15,241,84,110,45,5*7C
$GIGSV,1,1,,,,,,,,,,,,,0.0*4E
$GNGSA,A,3,01,02,03,04,06,09,19,28,31,,,,0.6,0.2,0.6,1*38
$GNGSA,A,3,01,03,04,06,09,28,,,,,,,0.6,0.2,0.6,1*30
$GNGSA,A,3,69,70,83,84,85,,,,,,,,0.6,0.2,0.6,2*32
$GNGSA,A,3,102,104,106,110,112,119,128,136,,,,,0.6,0.2,0.6,3*34
$GNGSA,A,3,102,104,106,109,110,111,112,119,136,,,,0.6,0.2,0.6,3*06
$GNGSA,A,3,207,210,211,227,228,230,233,241,,,,,0.6,0.2,0.6,4*39
$GNGSA,A,3,227,228,232,233,241,,,,,,,,0.6,0.2,0.6,4*0F
$GNRMC,134748.000,A,4825.1429,N,00428.4560,W,0.0,125.5,100626,,,A*63
$GNGGA,134749.000,4825.1429,N,00428.4560,W,1,50,0.2,90.6,M,52.0,M,,*6F
$GNVTG,125.5,T,,M,0.0,N,0.0,K,A*10
$GPGSV,5,1,15,01,38,119,42,02,13,127,41,03,62,055,41,04,56,161,35,1*65
$GPGSV,5,2,15,06,31,302,26,09,30,195,25,19,44,287,33,28,13,041,33,1*6E
$GPGSV,5,3,15,31,18,070,40,1*5E
$GPGSV,5,4,15,01,38,119,32,03,62,055,44,04,56,161,36,06,31,302,39,8*66
$GPGSV,5,5,15,09,30,195,33,28,13,041,30,8*60
$GQGSV,1,1,,,,,,,,,,,,,0.0*56
$GLGSV,2,1,05,69,79,203,36,70,25,215,25,83,36,138,38,84,84,330,29,1*7E
$GLGSV,2,2,05,85,35,320,38,1*4C
$GAGSV,6,1,19,102,14,287,24,104,57,127,35,106,44,165,33,109,24,184,23,7*73
$GAGSV,6,2,19,110,57,104,35,111,84,032,24,112,33,110,29,119,31,049,33,7*7B
$GAGSV,6,3,19,128,51,081,34,136,37,299,30,7*7E
$GAGSV,6,4,19,102,14,287,36,104,57,127,43,106,44,165,41,109,24,184,37,1*72
$GAGSV,6,5,19,110,57,104,43,111,84,032,42,112,33,110,31,119,31,049,31,1*70
$GAGSV,6,6,19,136,37,299,40,1*7B
$GBGSV,5,1,15,207,16,042,33,210,16,054,38,211,11,315,29,213,06,146,34,1*70
$GBGSV,5,2,15,227,69,201,34,228,32,155,40,230,37,305,32,232,33,225,20,3*71
$GBGSV,5,3,15,233,34,052,42,241,84,108,35,3*76
$GBGSV,5,4,15,227,69,201,38,228,32,155,35,232,33,225,31,233,34,052,33,5*7F
$GBGSV,5,5,15,241,84,108,45,5*75
$GIGSV,1,1,,,,,,,,,,,,,0.0*4E
$GNGSA,A,3,01,02,03,04,06,09,19,28,31,,,,0.6,0.2,0.6,1*38
$GNGSA,A,3,01,03,04,06,09,28,,,,,,,0.6,0.2,0.6,1*30
$GNGSA,A,3,69,83,84,85,,,,,,,,,0.6,0.2,0.6,2*35
$GNGSA,A,3,102,104,106,110,112,119,128,136,,,,,0.6,0.2,0.6,3*34
$GNGSA,A,3,102,104,106,109,110,111,112,119,136,,,,0.6,0.2,0.6,3*06
$GNGSA,A,3,207,210,211,227,228,230,232,233,241,,,,0.6,0.2,0.6,4*0A
$GNGSA,A,3,227,228,232,233,241,,,,,,,,0.6,0.2,0.6,4*0F
$GNRMC,134749.000,A,4825.1429,N,00428.4560,W,0.0,125.5,100626,,,A*62
$GNGGA,134750.000,4825.1429,N,00428.4560,W,1,51,0.2,90.5,M,52.0,M,,*65
$GNVTG,125.5,T,,M,0.0,N,0.0,K,A*10
$GPGSV,5,1,15,01,38,119,42,02,13,127,41,03,62,055,41,04,56,161,35,1*65
$GPGSV,5,2,15,06,31,302,25,09,30,195,25,19,44,287,33,28,13,041,33,1*6D
$GPGSV,5,3,15,31,18,070,40,1*5E
$GPGSV,5,4,15,01,38,119,32,03,62,055,44,04,56,161,36,06,31,302,39,8*66
$GPGSV,5,5,15,09,30,195,33,28,13,041,30,8*60
$GQGSV,1,1,,,,,,,,,,,,,0.0*56
$GLGSV,2,1,05,69,79,203,36,70,25,215,25,83,36,138,38,84,84,330,29,1*7E
$GLGSV,2,2,05,85,35,320,38,1*4C
$GAGSV,6,1,19,102,14,287,24,104,57,127,35,106,44,165,33,109,24,184,23,7*73
$GAGSV,6,2,19,110,57,104,35,111,84,032,24,112,33,110,29,119,31,049,33,7*7B
$GAGSV,6,3,19,128,51,081,34,136,37,299,30,7*7E
$GAGSV,6,4,19,102,14,287,36,104,57,127,43,109,24,184,37,110,57,104,43,1*72
$GAGSV,6,5,19,111,84,032,42,112,33,110,31,119,31,049,31,128,51,081,36,1*73
$GAGSV,6,6,19,136,37,299,40,1*7B
$GBGSV,5,1,15,207,16,042,33,210,16,054,38,211,11,315,29,213,06,146,34,1*70
$GBGSV,5,2,15,227,69,201,34,228,32,155,40,230,37,305,32,232,33,225,20,3*71
$GBGSV,5,3,15,233,34,052,42,241,84,108,35,3*76
$GBGSV,5,4,15,228,32,155,35,230,37,305,39,232,33,225,31,233,34,052,33,5*76
$GBGSV,5,5,15,241,84,108,45,5*75
$GIGSV,1,1,,,,,,,,,,,,,0.0*4E
$GNGSA,A,3,01,02,03,04,06,09,19,28,31,,,,0.6,0.2,0.6,1*38
$GNGSA,A,3,01,03,04,06,09,28,,,,,,,0.6,0.2,0.6,1*30
$GNGSA,A,3,69,83,84,85,,,,,,,,,0.6,0.2,0.6,2*35
$GNGSA,A,3,102,104,106,110,111,112,119,128,136,,,,0.6,0.2,0.6,3*05
$GNGSA,A,3,102,104,109,110,111,112,119,128,136,,,,0.6,0.2,0.6,3*0A
$GNGSA,A,3,207,210,211,227,228,230,232,233,241,,,,0.6,0.2,0.6,4*0A
$GNGSA,A,3,228,230,232,233,241,,,,,,,,0.6,0.2,0.6,4*09
$GNRMC,134750.000,A,4825.1429,N,00428.4560,W,0.0,125.5,100626,,,A*6A
$GNGGA,134751.000,4825.1429,N,00428.4559,W,1,51,0.2,90.5,M,52.0,M,,*6E
$GNVTG,125.5,T,,M,0.0,N,0.0,K,A*10
$GPGSV,5,1,15,01,38,119,42,02,13,127,41,03,62,055,41,04,56,161,35,1*65
$GPGSV,5,2,15,06,31,302,25,09,30,195,25,19,44,287,33,28,13,041,33,1*6D
$GPGSV,5,3,15,31,18,070,40,1*5E
$GPGSV,5,4,15,01,38,119,32,03,62,055,44,04,56,161,36,06,31,302,39,8*66
$GPGSV,5,5,15,09,30,195,33,28,13,041,30,8*60
$GQGSV,1,1,,,,,,,,,,,,,0.0*56
$GLGSV,2,1,05,69,79,203,36,70,25,215,25,83,36,138,38,84,84,330,29,1*7E
$GLGSV,2,2,05,85,35,320,38,1*4C
$GAGSV,6,1,19,102,14,287,25,104,57,127,35,106,44,165,32,109,24,184,23,7*73
$GAGSV,6,2,19,110,57,104,35,111,84,032,24,112,33,110,29,119,31,049,33,7*7B
$GAGSV,6,3,19,128,51,081,34,136,37,299,30,7*7E
$GAGSV,6,4,19,102,14,287,36,104,57,127,44,109,24,184,37,110,57,104,43,1*75
$GAGSV,6,5,19,111,84,032,42,112,33,110,31,119,31,049,31,128,51,081,36,1*73
$GAGSV,6,6,19,136,37,299,40,1*7B
$GBGSV,5,1,15,207,16,042,33,210,16,054,38,211,11,315,29,213,06,146,34,1*70
$GBGSV,5,2,15,227,69,201,33,228,32,155,40,230,37,305,32,232,33,225,21,3*77
$GBGSV,5,3,15,233,34,052,42,241,84,108,35,3*76
$GBGSV,5,4,15,228,32,155,35,230,37,305,39,232,33,225,31,233,34,052,33,5*76
$GBGSV,5,5,15,241,84,108,45,5*75
$GIGSV,1,1,,,,,,,,,,,,,0.0*4E
$GNGSA,A,3,01,02,03,04,06,09,19,28,31,,,,0.6,0.2,0.6,1*38
$GNGSA,A,3,01,03,04,06,09,28,,,,,,,0.6,0.2,0.6,1*30
$GNGSA,A,3,69,83,84,85,,,,,,,,,0.6,0.2,0.6,2*35
$GNGSA,A,3,102,104,106,110,111,112,119,128,136,,,,0.6,0.2,0.6,3*05
$GNGSA,A,3,102,104,109,110,111,112,119,128,136,,,,0.6,0.2,0.6,3*0A
$GNGSA,A,3,207,210,211,227,228,230,232,233,241,,,,0.6,0.2,0.6,4*0A
$GNGSA,A,3,228,230,232,233,241,,,,,,,,0.6,0.2,0.6,4*09
$GNRMC,134751.000,A,4825.1429,N,00428.4559,W,0.0,125.5,100626,,,A*61
$GNGGA,134752.000,4825.1429,N,00428.4559,W,1,51,0.2,90.5,M,52.0,M,,*6D
$GNVTG,125.5,T,,M,0.0,N,0.0,K,A*10
$GPGSV,5,1,15,01,38,119,42,02,13,127,41,03,62,055,41,04,56,161,35,1*65
$GPGSV,5,2,15,06,31,302,25,09,30,195,25,19,44,287,33,28,13,041,33,1*6D
$GPGSV,5,3,15,31,18,070,40,1*5E
$GPGSV,5,4,15,01,38,119,32,03,62,055,44,04,56,161,36,06,31,302,39,8*66
$GPGSV,5,5,15,09,30,195,33,28,13,041,30,8*60
$GQGSV,1,1,,,,,,,,,,,,,0.0*56
$GLGSV,2,1,05,69,79,203,36,70,25,215,25,83,36,138,38,84,84,330,29,1*7E
$GLGSV,2,2,05,85,35,320,38,1*4C
$GAGSV,6,1,20,102,14,287,25,104,57,127,35,106,44,165,32,109,24,184,23,7*79
$GAGSV,6,2,20,110,57,104,35,111,84,032,24,112,33,110,29,119,31,049,33,7*71
$GAGSV,6,3,20,128,51,081,34,136,37,299,30,7*74
$GAGSV,6,4,20,102,14,287,36,104,57,127,44,106,44,165,41,109,24,184,37,1*7F
$GAGSV,6,5,20,110,57,104,43,111,84,032,42,112,33,110,31,119,31,049,31,1*7A
$GAGSV,6,6,20,128,51,081,37,136,37,299,40,1*73
$GBGSV,4,1,14,207,16,042,33,210,16,054,38,211,11,315,29,213,06,146,34,1*70
$GBGSV,4,2,14,227,69,201,33,228,32,155,40,230,37,305,32,232,33,225,21,3*77
$GBGSV,4,3,14,233,34,052,42,241,84,108,35,3*76
$GBGSV,4,4,14,227,69,201,38,232,33,225,31,233,34,052,33,241,84,108,45,5*72
$GIGSV,1,1,,,,,,,,,,,,,0.0*4E
$GNGSA,A,3,01,02,03,04,09,19,28,31,,,,,0.6,0.2,0.4,1*3C
$GNGSA,A,3,01,03,04,06,09,28,,,,,,,0.6,0.2,0.4,1*32
$GNGSA,A,3,69,70,83,84,85,,,,,,,,0.6,0.2,0.4,2*30
$GNGSA,A,3,102,104,106,110,111,112,119,128,136,,,,0.6,0.2,0.4,3*07
$GNGSA,A,3,102,104,106,109,110,111,112,119,128,136,,,0.6,0.2,0.4,3*3F
$GNGSA,A,3,207,210,211,227,228,230,232,233,241,,,,0.6,0.2,0.4,4*08
$GNGSA,A,3,227,232,233,241,,,,,,,,,0.6,0.2,0.4,4*35
$GNRMC,134752.000,A,4825.1429,N,00428.4559,W,0.0,125.5,100626,,,A*62
$GNGGA,134753.000,4825.1429,N,00428.4559,W,1,50,0.2,90.5,M,52.0,M,,*6D
$GNVTG,125.5,T,,M,0.0,N,0.0,K,A*10
$GPGSV,5,1,15,01,38,119,42,02,13,127,41,03,62,055,41,04,57,161,35,1*64
$GPGSV,5,2,15,06,31,302,25,09,30,195,24,19,44,287,33,28,13,041,33,1*6C
$GPGSV,5,3,15,31,18,070,40,1*5E
$GPGSV,5,4,15,01,38,119,32,03,62,055,44,04,57,161,36,06,31,302,39,8*67
$GPGSV,5,5,15,09,30,195,33,28,13,041,30,8*60
$GQGSV,1,1,,,,,,,,,,,,,0.0*56
$GLGSV,2,1,05,69,79,203,36,70,25,215,25,83,36,138,38,84,84,330,29,1*7E
$GLGSV,2,2,05,85,35,320,38,1*4C
$GAGSV,6,1,19,102,14,287,25,104,57,127,35,106,44,165,32,109,24,184,22,7*72
$GAGSV,6,2,19,110,57,104,35,111,84,032,24,112,33,110,29,119,31,049,33,7*7B
$GAGSV,6,3,19,128,51,081,34,136,37,299,30,7*7E
$GAGSV,6,4,19,102,14,287,36,104,57,127,44,106,44,165,41,109,24,184,37,1*75
$GAGSV,6,5,19,110,57,104,43,111,84,032,42,112,33,110,31,119,31,049,31,1*70
$GAGSV,6,6,19,136,37,299,40,1*7B
$GBGSV,5,1,15,207,16,042,32,210,16,054,38,211,11,315,29,213,06,146,34,1*71
$GBGSV,5,2,15,227,69,201,33,228,32,155,40,230,37,305,32,232,33,225,21,3*77
$GBGSV,5,3,15,233,34,052,42,241,84,108,35,3*76
$GBGSV,5,4,15,228,32,155,35,230,37,305,39,232,33,225,31,233,34,052,34,5*71
$GBGSV,5,5,15,241,84,108,45,5*75
$GIGSV,1,1,,,,,,,,,,,,,0.0*4E
$GNGSA,A,3,01,02,03,04,09,19,28,31,,,,,0.6,0.2,0.6,1*3E
$GNGSA,A,3,01,03,04,06,09,28,,,,,,,0.6,0.2,0.6,1*30
$GNGSA,A,3,69,83,84,85,,,,,,,,,0.6,0.2,0.6,2*35
$GNGSA,A,3,102,104,106,110,111,112,119,128,136,,,,0.6,0.2,0.6,3*05
$GNGSA,A,3,102,104,106,109,110,111,112,119,136,,,,0.6,0.2,0.6,3*06
$GNGSA,A,3,207,210,211,227,228,230,232,233,241,,,,0.6,0.2,0.6,4*0A
$GNGSA,A,3,228,230,232,233,241,,,,,,,,0.6,0.2,0.6,4*09
$GNRMC,134753.000,A,4825.1429,N,00428.4559,W,0.0,125.5,100626,,,A*63
$GNGGA,134754.000,4825.1429,N,00428.4559,W,1,50,0.4,90.5,M,52.0,M,,*6C
$GNVTG,125.5,T,,M,0.0,N,0.0,K,A*10
$GPGSV,5,1,15,01,38,119,42,02,12,127,41,03,62,055,41,04,57,161,35,1*65
$GPGSV,5,2,15,06,31,302,25,09,30,195,24,19,44,287,33,28,13,041,33,1*6C
$GPGSV,5,3,15,31,18,070,40,1*5E
$GPGSV,5,4,15,01,38,119,32,03,62,055,44,04,57,161,36,06,31,302,39,8*67
$GPGSV,5,5,15,09,30,195,33,28,13,041,30,8*60
$GQGSV,1,1,,,,,,,,,,,,,0.0*56
$GLGSV,2,1,05,69,79,203,36,70,25,215,25,83,36,138,38,84,84,330,29,1*7E
$GLGSV,2,2,05,85,35,320,38,1*4C
$GAGSV,5,1,18,102,14,287,25,104,57,127,35,106,44,165,32,109,24,184,22,7*70
$GAGSV,5,2,18,110,57,104,35,111,84,032,24,112,33,110,29,119,31,049,33,7*79
$GAGSV,5,3,18,128,51,081,34,136,37,299,30,7*7C
$GAGSV,5,4,18,102,14,287,36,106,44,165,41,110,57,104,43,111,84,032,42,1*79
$GAGSV,5,5,18,112,33,110,31,119,31,049,31,128,51,081,37,136,37,299,40,1*7C
$GBGSV,5,1,16,207,16,042,32,210,16,054,38,211,11,315,29,213,06,146,34,1*72
$GBGSV,5,2,16,227,69,201,33,228,32,155,40,230,37,305,32,232,33,225,21,3*74
$GBGSV,5,3,16,233,34,052,42,241,84,108,35,3*75
$GBGSV,5,4,16,227,69,201,38,228,32,155,35,230,37,305,39,232,33,225,31,5*77
$GBGSV,5,5,16,233,34,052,34,241,84,108,45,5*73
$GIGSV,1,1,,,,,,,,,,,,,0.0*4E
$GNGSA,A,3,01,02,03,04,09,19,28,31,,,,,0.6,0.4,0.6,1*38
$GNGSA,A,3,01,03,04,06,09,28,,,,,,,0.6,0.4,0.6,1*36
$GNGSA,A,3,69,83,84,85,,,,,,,,,0.6,0.4,0.6,2*33
$GNGSA,A,3,102,104,106,110,111,112,119,128,136,,,,0.6,0.4,0.6,3*03
$GNGSA,A,3,102,106,110,111,112,119,128,136,,,,,0.6,0.4,0.6,3*36
$GNGSA,A,3,207,210,211,227,228,230,232,233,241,,,,0.6,0.4,0.6,4*0C
$GNGSA,A,3,227,228,230,232,233,241,,,,,,,0.6,0.4,0.6,4*38
$GNRMC,134754.000,A,4825.1429,N,00428.4559,W,0.0,125.5,100626,,,A*64
$GNGGA,134755.000,4825.1429,N,00428.4559,W,1,51,0.2,90.5,M,52.0,M,,*6A
$GNVTG,125.5,T,,M,0.0,N,0.0,K,A*10
$GPGSV,5,1,15,01,38,119,42,02,12,127,41,03,62,055,41,04,57,161,35,1*65
$GPGSV,5,2,15,06,31,302,25,09,30,195,24,19,44,287,34,28,13,041,33,1*6B
$GPGSV,5,3,15,31,18,070,40,1*5E
$GPGSV,5,4,15,01,38,119,32,03,62,055,44,04,57,161,36,06,31,302,39,8*67
$GPGSV,5,5,15,09,30,195,34,28,13,041,30,8*67
$GQGSV,1,1,,,,,,,,,,,,,0.0*56
$GLGSV,2,1,05,69,79,203,36,70,25,215,25,83,36,138,38,84,84,330,29,1*7E
$GLGSV,2,2,05,85,35,320,38,1*4C
$GAGSV,5,1,18,102,14,287,26,104,57,127,35,106,44,165,31,109,24,184,22,7*70
$GAGSV,5,2,18,110,57,104,35,111,84,034,24,112,33,110,29,119,31,049,33,7*7F
$GAGSV,5,3,18,128,51,081,34,136,37,299,30,7*7C
$GAGSV,5,4,18,102,14,287,36,104,57,127,43,109,24,184,37,110,57,104,43,1*70
$GAGSV,5,5,18,111,84,034,42,112,33,110,31,119,31,049,31,136,37,299,40,1*72
$GBGSV,5,1,16,207,16,042,32,210,16,054,38,211,11,315,29,213,06,146,34,1*72
$GBGSV,5,2,16,227,69,201,33,228,32,155,40,230,37,305,32,232,33,225,22,3*77
$GBGSV,5,3,16,233,34,052,42,241,84,108,36,3*76
$GBGSV,5,4,16,227,69,201,38,228,32,155,36,230,37,305,39,232,33,225,30,5*75
$GBGSV,5,5,16,233,34,052,34,241,84,108,45,5*73
$GIGSV,1,1,,,,,,,,,,,,,0.0*4E
$GNGSA,A,3,01,02,03,04,09,19,28,31,,,,,0.6,0.2,0.4,1*3C
$GNGSA,A,3,01,03,04,06,09,28,,,,,,,0.6,0.2,0.4,1*32
$GNGSA,A,3,69,70,83,84,85,,,,,,,,0.6,0.2,0.4,2*30
$GNGSA,A,3,102,104,106,110,111,112,119,128,136,,,,0.6,0.2,0.4,3*07
$GNGSA,A,3,102,104,109,110,111,112,119,136,,,,,0.6,0.2,0.4,3*33
$GNGSA,A,3,207,210,211,227,228,230,232,233,241,,,,0.6,0.2,0.4,4*08
$GNGSA,A,3,227,228,230,232,233,241,,,,,,,0.6,0.2,0.4,4*3C
$GNRMC,134755.000,A,4825.1429,N,00428.4559,W,0.0,125.5,100626,,,A*65
$GNGGA,134756.000,4825.1429,N,00428.4559,W,1,49,0.4,90.5,M,52.0,M,,*66
$GNVTG,125.5,T,,M,0.0,N,0.0,K,A*10
$GPGSV,5,1,15,01,38,119,42,02,12,127,41,03,62,055,41,04,57,161,34,1*64
$GPGSV,5,2,15,06,31,302,25,09,30,195,24,19,44,287,34,28,13,041,33,1*6B
$GPGSV,5,3,15,31,18,070,40,1*5E
$GPGSV,5,4,15,01,38,119,32,03,62,055,44,04,57,161,36,06,31,302,39,8*67
$GPGSV,5,5,15,09,30,195,34,28,13,041,30,8*67
$GQGSV,1,1,,,,,,,,,,,,,0.0*56
$GLGSV,2,1,05,69,79,203,36,70,26,215,25,83,36,138,38,84,84,330,29,1*7D
$GLGSV,2,2,05,85,35,320,38,1*4C
$GAGSV,6,1,20,102,14,287,26,104,57,127,35,106,44,165,31,109,24,184,22,7*78
$GAGSV,6,2,20,110,57,104,35,111,84,034,24,112,33,110,29,119,31,049,33,7*77
$GAGSV,6,3,20,128,51,081,34,136,37,299,30,7*74
$GAGSV,6,4,20,102,14,287,36,104,57,127,43,106,44,165,41,109,24,184,37,1*78
$GAGSV,6,5,20,110,57,104,43,111,84,034,42,112,33,110,31,119,31,049,31,1*7C
$GAGSV,6,6,20,128,51,081,37,136,37,299,40,1*73
$GBGSV,4,1,14,207,16,042,32,210,16,054,38,211,11,315,29,213,06,146,34,1*71
$GBGSV,4,2,14,227,69,201,33,228,32,155,40,230,37,305,32,232,33,225,22,3*74
$GBGSV,4,3,14,233,34,052,42,241,84,108,36,3*75
$GBGSV,4,4,14,227,69,201,38,230,37,305,39,232,33,225,30,241,84,108,45,5*78
$GIGSV,1,1,,,,,,,,,,,,,0.0*4E
$GNGSA,A,3,01,02,03,04,19,28,31,,,,,,0.6,0.4,0.6,1*31
$GNGSA,A,3,01,03,04,06,09,28,,,,,,,0.6,0.4,0.6,1*36
$GNGSA,A,3,69,83,84,85,,,,,,,,,0.6,0.4,0.6,2*33
$GNGSA,A,3,102,104,106,110,111,112,119,128,136,,,,0.6,0.4,0.6,3*03
$GNGSA,A,3,102,104,106,109,110,111,112,119,128,136,,,0.6,0.4,0.6,3*3B
$GNGSA,A,3,207,210,211,227,228,230,232,233,241,,,,0.6,0.4,0.6,4*0C
$GNGSA,A,3,227,230,232,241,,,,,,,,,0.6,0.4,0.6,4*32
$GNRMC,134756.000,A,4825.1429,N,00428.4559,W,0.0,125.5,100626,,,A*66
$GNGGA,134757.000,4825.1429,N,00428.4559,W,1,49,0.4,90.5,M,52.0,M,,*67
$GNVTG,125.5,T,,M,0.0,N,0.0,K,A*10
$GPGSV,5,1,15,01,38,119,42,02,12,127,41,03,62,055,41,04,57,161,34,1*64
$GPGSV,5,2,15,06,31,302,25,09,30,195,24,19,44,287,34,28,13,041,33,1*6B
$GPGSV,5,3,15,31,18,070,40,1*5E
$GPGSV,5,4,15,01,38,119,32,03,62,055,44,04,57,161,36,06,31,302,39,8*67
$GPGSV,5,5,15,09,30,195,34,28,13,041,30,8*67
$GQGSV,1,1,,,,,,,,,,,,,0.0*56
$GLGSV,2,1,05,69,79,203,36,70,26,215,25,83,36,138,38,84,84,330,29,1*7D
$GLGSV,2,2,05,85,35,320,38,1*4C
$GAGSV,6,1,19,102,14,287,26,104,57,127,35,106,44,165,31,109,24,184,22,7*72
$GAGSV,6,2,19,110,57,104,35,111,84,034,24,112,33,110,29,119,31,049,33,7*7D
$GAGSV,6,3,19,128,51,081,34,136,37,299,30,7*7E
$GAGSV,6,4,19,102,14,287,36,104,57,127,43,106,44,165,41,109,24,184,37,1*72
$GAGSV,6,5,19,110,57,104,43,111,84,034,42,112,33,110,31,128,51,081,37,1*70
$GAGSV,6,6,19,136,37,299,40,1*7B
$GBGSV,5,1,15,207,16,042,32,210,16,054,38,211,11,315,29,213,06,146,34,1*71
$GBGSV,5,2,15,227,69,201,33,228,32,155,40,230,37,305,32,232,33,225,22,3*74
$GBGSV,5,3,15,233,34,052,42,241,84,108,36,3*75
$GBGSV,5,4,15,228,32,155,36,230,37,305,39,232,33,225,30,233,34,052,34,5*73
$GBGSV,5,5,15,241,84,108,45,5*75
$GIGSV,1,1,,,,,,,,,,,,,0.0*4E
$GNGSA,A,3,01,02,03,04,19,28,31,,,,,,0.6,0.4,0.6,1*31
$GNGSA,A,3,01,03,04,06,09,28,,,,,,,0.6,0.4,0.6,1*36
$GNGSA,A,3,69,83,84,85,,,,,,,,,0.6,0.4,0.6,2*33
$GNGSA,A,3,102,104,106,110,111,112,119,128,136,,,,0.6,0.4,0.6,3*03
$GNGSA,A,3,102,104,106,109,110,111,112,128,136,,,,0.6,0.4,0.6,3*02
$GNGSA,A,3,207,210,211,227,228,230,232,233,241,,,,0.6,0.4,0.6,4*0C
$GNGSA,A,3,228,230,232,233,241,,,,,,,,0.6,0.4,0.6,4*0F
$GNRMC,134757.000,A,4825.1429,N,00428.4559,W,0.0,125.5,100626,,,A*67
$GNGGA,134758.000,4825.1429,N,00428.4559,W,1,50,0.2,90.6,M,52.0,M,,*65
$GNVTG,125.5,T,,M,0.0,N,0.0,K,A*10
$GPGSV,5,1,15,01,38,119,42,02,12,127,41,03,62,055,41,04,57,161,34,1*64
$GPGSV,5,2,15,06,31,302,25,09,30,195,24,19,44,287,34,28,13,041,33,1*6B
$GPGSV,5,3,15,31,18,070,40,1*5E
$GPGSV,5,4,15,01,38,119,32,03,62,055,44,04,57,161,36,06,31,302,39,8*67
$GPGSV,5,5,15,09,30,195,34,28,13,041,30,8*67
$GQGSV,1,1,,,,,,,,,,,,,0.0*56
$GLGSV,2,1,05,69,79,203,36,70,26,215,25,83,36,138,38,84,84,330,29,1*7D
$GLGSV,2,2,05,85,35,320,38,1*4C
$GAGSV,5,1,18,102,14,287,26,104,57,127,35,106,44,165,31,109,24,184,22,7*70
$GAGSV,5,2,18,110,57,104,35,111,84,034,24,112,33,110,29,119,31,049,33,7*7F
$GAGSV,5,3,18,128,51,081,34,136,37,299,30,7*7C
$GAGSV,5,4,18,102,14,287,36,104,57,127,43,106,44,165,41,109,24,184,37,1*70
$GAGSV,5,5,18,110,57,104,43,112,33,110,31,128,51,081,37,136,37,299,40,1*78
$GBGSV,5,1,16,207,16,042,32,210,16,054,38,211,11,315,29,213,06,146,34,1*72
$GBGSV,5,2,16,227,69,201,33,228,32,155,40,230,37,305,32,232,33,225,22,3*77
$GBGSV,5,3,16,233,34,052,42,241,84,108,36,3*76
$GBGSV,5,4,16,227,69,201,38,228,32,155,36,230,37,305,39,232,33,225,30,5*75
$GBGSV,5,5,16,233,34,052,34,241,84,108,45,5*73
$GIGSV,1,1,,,,,,,,,,,,,0.0*4E
$GNGSA,A,3,01,02,03,04,19,28,31,,,,,,0.6,0.2,0.6,1*37
$GNGSA,A,3,01,03,04,06,09,28,,,,,,,0.6,0.2,0.6,1*30
$GNGSA,A,3,69,70,83,84,85,,,,,,,,0.6,0.2,0.6,2*32
$GNGSA,A,3,102,104,106,110,111,112,119,128,136,,,,0.6,0.2,0.6,3*05
$GNGSA,A,3,102,104,106,109,110,112,128,136,,,,,0.6,0.2,0.6,3*35
$GNGSA,A,3,207,210,211,227,228,230,232,233,241,,,,0.6,0.2,0.6,4*0A
$GNGSA,A,3,227,228,230,232,233,241,,,,,,,0.6,0.2,0.6,4*3E
$GNRMC,134758.000,A,4825.1429,N,00428.4559,W,0.0,125.5,100626,,,A*68
$GNGGA,134759.000,4825.1429,N,00428.4559,W,1,49,0.4,90.6,M,52.0,M,,*6A
$GNVTG,125.5,T,,M,0.0,N,0.0,K,A*10
$GPGSV,5,1,15,01,38,119,42,02,12,127,41,03,62,055,41,04,57,161,34,1*64
$GPGSV,5,2,15,06,31,302,24,09,30,195,24,19,44,287,34,28,13,041,33,1*6A
$GPGSV,5,3,15,31,18,070,40,1*5E
$GPGSV,5,4,15,01,38,119,32,03,62,055,44,04,57,161,36,06,31,302,39,8*67
$GPGSV,5,5,15,09,30,195,34,28,13,041,30,8*67
$GQGSV,1,1,,,,,,,,,,,,,0.0*56
$GLGSV,2,1,05,69,79,203,36,70,26,215,25,83,36,138,38,84,84,330,29,1*7D
$GLGSV,2,2,05,85,35,320,38,1*4C
$GAGSV,6,1,19,102,14,287,26,104,57,127,35,106,44,165,31,109,24,184,22,7*72
$GAGSV,6,2,19,110,57,104,35,111,84,034,24,112,33,110,29,119,31,049,33,7*7D
$GAGSV,6,3,19,128,51,081,34,136,37,299,30,7*7E
$GAGSV,6,4,19,104,57,127,43,106,44,165,41,109,24,184,37,110,57,104,43,1*7C
$GAGSV,6,5,19,111,84,034,42,112,33,110,31,119,31,049,31,128,51,081,37,1*74
$GAGSV,6,6,19,136,37,299,40,1*7B
$GBGSV,5,1,15,207,16,042,32,210,16,054,38,211,11,315,29,213,06,146,35,1*70
$GBGSV,5,2,15,227,69,201,33,228,32,155,40,230,37,305,32,232,33,225,22,3*74
$GBGSV,5,3,15,233,34,052,42,241,84,108,36,3*75
$GBGSV,5,4,15,227,69,201,38,230,37,305,39,232,33,225,30,233,34,052,34,5*7E
$GBGSV,5,5,15,241,84,108,45,5*75
$GIGSV,1,1,,,,,,,,,,,,,0.0*4E
$GNGSA,A,3,01,02,03,04,19,28,31,,,,,,0.6,0.4,0.6,1*31
$GNGSA,A,3,01,03,04,06,09,28,,,,,,,0.6,0.4,0.6,1*36
$GNGSA,A,3,69,83,84,85,,,,,,,,,0.6,0.4,0.6,2*33
$GNGSA,A,3,102,104,106,110,111,112,119,128,136,,,,0.6,0.4,0.6,3*03
$GNGSA,A,3,104,106,109,110,111,112,119,128,136,,,,0.6,0.4,0.6,3*08
$GNGSA,A,3,207,210,211,227,228,230,232,233,241,,,,0.6,0.4,0.6,4*0C
$GNGSA,A,3,227,230,232,233,241,,,,,,,,0.6,0.4,0.6,4*00
$GNRMC,134759.000,A,4825.1429,N,00428.4559,W,0.0,125.5,100626,,,A*69
$GNGGA,134800.000,4825.1429,N,00428.4559,W,1,48,0.4,90.6,M,52.0,M,,*68
$GNVTG,125.5,T,,M,0.0,N,0.0,K,A*10
$GPGSV,5,1,15,01,38,119,42,02,12,127,41,03,62,055,41,04,57,161,34,1*64
$GPGSV,5,2,15,06,31,302,24,09,30,195,24,19,44,287,34,28,13,041,33,1*6A
$GPGSV,5,3,15,31,18,070,40,1*5E
$GPGSV,5,4,15,01,38,119,32,03,62,055,44,04,57,161,36,06,31,302,39,8*67
$GPGSV,5,5,15,09,30,195,34,28,13,041,30,8*67
$GQGSV,1,1,,,,,,,,,,,,,0.0*56
$GLGSV,2,1,05,69,79,203,36,70,26,215,25,83,36,138,38,84,84,330,29,1*7D
$GLGSV,2,2,05,85,35,320,38,1*4C
$GAGSV,6,1,19,102,14,287,26,104,58,126,35,106,44,165,31,109,24,184,22,7*7C
$GAGSV,6,2,19,110,57,104,35,111,84,034,24,112,33,110,29,119,31,049,33,7*7D
$GAGSV,6,3,19,128,51,081,34,136,37,299,30,7*7E
$GAGSV,6,4,19,102,14,287,36,104,58,126,43,106,44,165,41,109,24,184,37,1*7C
$GAGSV,6,5,19,110,57,104,43,112,33,110,31,119,31,049,31,128,51,081,37,1*78
$GAGSV,6,6,19,136,37,299,40,1*7B
$GBGSV,5,1,15,207,16,042,32,210,16,054,38,211,11,315,29,213,06,146,35,1*70
$GBGSV,5,2,15,227,69,201,33,228,32,155,40,230,37,305,32,232,33,225,22,3*74
$GBGSV,5,3,15,233,34,052,42,241,84,108,36,3*75
$GBGSV,5,4,15,227,69,201,38,230,37,305,39,232,33,225,30,233,34,052,34,5*7E
$GBGSV,5,5,15,241,84,108,45,5*75
$GIGSV,1,1,,,,,,,,,,,,,0.0*4E
$GNGSA,A,3,01,02,03,04,19,28,31,,,,,,0.6,0.4,0.6,1*31
$GNGSA,A,3,01,03,04,06,09,28,,,,,,,0.6,0.4,0.6,1*36
$GNGSA,A,3,69,83,84,85,,,,,,,,,0.6,0.4,0.6,2*33
$GNGSA,A,3,102,104,106,110,111,112,119,128,136,,,,0.6,0.4,0.6,3*03
$GNGSA,A,3,102,104,106,109,110,112,119,128,136,,,,0.6,0.4,0.6,3*0A
$GNGSA,A,3,207,210,211,227,228,230,233,241,,,,,0.6,0.4,0.6,4*3F
$GNGSA,A,3,227,230,232,233,241,,,,,,,,0.6,0.4,0.6,4*00
$GNRMC,134800.000,A,4825.1429,N,00428.4559,W,0.0,125.5,100626,,,A*6A
$GNGGA,134801.000,4825.1429,N,00428.4559,W,1,51,0.2,90.6,M,52.0,M,,*67
$GNVTG,125.5,T,,M,0.0,N,0.0,K,A*10
$GPGSV,5,1,15,01,38,119,42,02,12,127,41,03,62,055,41,04,57,161,34,1*64
$GPGSV,5,2,15,06,31,302,24,09,30,195,23,19,44,287,34,28,13,041,33,1*6D
$GPGSV,5,3,15,31,18,070,40,1*5E
$GPGSV,5,4,15,01,38,119,32,03,62,055,44,04,57,161,36,06,31,302,39,8*67
$GPGSV,5,5,15,09,30,195,34,28,13,041,30,8*67
$GQGSV,1,1,,,,,,,,,,,,,0.0*56
$GLGSV,2,1,05,69,79,203,36,70,26,215,25,83,36,138,38,84,84,330,29,1*7D
$GLGSV,2,2,05,85,35,320,38,1*4C
$GAGSV,5,1,18,102,14,287,26,104,58,126,35,106,44,165,30,109,24,184,22,7*7F
$GAGSV,5,2,18,110,57,104,35,111,84,034,25,112,33,110,29,119,31,049,33,7*7E
$GAGSV,5,3,18,128,51,081,33,136,37,299,30,7*7B
$GAGSV,5,4,18,104,58,126,43,106,44,165,41,109,24,184,36,110,57,104,43,1*71
$GAGSV,5,5,18,112,33,110,31,119,31,049,31,128,51,081,37,136,37,299,40,1*7C
$GBGSV,5,1,16,207,16,042,32,210,16,054,38,211,11,315,29,213,06,146,35,1*73
$GBGSV,5,2,16,227,69,201,33,228,32,155,40,230,37,305,31,232,33,225,22,3*74
$GBGSV,5,3,16,233,34,052,42,241,84,108,36,3*76
$GBGSV,5,4,16,227,69,201,38,228,32,155,36,230,37,305,39,232,33,225,29,5*7D
$GBGSV,5,5,16,233,34,052,34,241,84,108,45,5*73
$GIGSV,1,1,,,,,,,,,,,,,0.0*4E
$GNGSA,A,3,01,02,03,04,06,19,28,31,,,,,0.6,0.2,0.6,1*31
$GNGSA,A,3,01,03,04,06,09,28,,,,,,,0.6,0.2,0.6,1*30
$GNGSA,A,3,69,70,83,84,85,,,,,,,,0.6,0.2,0.6,2*32
$GNGSA,A,3,102,104,106,110,111,112,119,128,136,,,,0.6,0.2,0.6,3*05
$GNGSA,A,3,104,106,109,110,112,119,128,136,,,,,0.6,0.2,0.6,3*3F
$GNGSA,A,3,207,210,211,227,228,230,232,233,241,,,,0.6,0.2,0.6,4*0A
$GNGSA,A,3,227,228,230,232,233,241,,,,,,,0.6,0.2,0.6,4*3E
$GNRMC,134801.000,A,4825.1429,N,00428.4559,W,0.0,125.5,100626,,,A*6B
$GNGGA,134802.000,4825.1429,N,00428.4559,W,1,48,0.4,90.6,M,52.0,M,,*6A
$GNVTG,125.5,T,,M,0.0,N,0.0,K,A*10
$GPGSV,5,1,15,01,38,119,42,02,12,127,41,03,62,055,41,04,57,161,34,1*64
$GPGSV,5,2,15,06,31,302,24,09,30,195,23,19,44,287,34,28,13,041,33,1*6D
$GPGSV,5,3,15,31,18,070,40,1*5E
$GPGSV,5,4,15,01,38,119,32,03,62,055,44,04,57,161,36,06,31,302,39,8*67
$GPGSV,5,5,15,09,30,195,34,28,13,041,30,8*67
$GQGSV,1,1,,,,,,,,,,,,,0.0*56
$GLGSV,2,1,05,69,79,203,36,70,26,215,25,83,36,138,38,84,84,330,29,1*7D
$GLGSV,2,2,05,85,35,320,38,1*4C
$GAGSV,5,1,18,102,14,287,26,104,58,126,35,106,44,165,30,109,24,184,22,7*7F
$GAGSV,5,2,18,110,57,104,35,111,84,034,25,112,33,110,29,119,31,049,33,7*7E
$GAGSV,5,3,18,128,51,081,33,136,37,299,30,7*7B
$GAGSV,5,4,18,106,44,165,41,109,24,184,36,110,57,104,43,111,84,034,42,1*77
$GAGSV,5,5,18,112,33,110,31,119,31,049,30,128,51,081,37,136,37,299,40,1*7D
$GBGSV,5,1,16,207,16,042,32,210,16,054,38,211,11,315,29,213,06,146,35,1*73
$GBGSV,5,2,16,227,69,201,33,228,32,155,40,230,37,305,31,232,33,225,22,3*74
$GBGSV,5,3,16,233,34,052,42,241,84,108,36,3*76
$GBGSV,5,4,16,227,69,201,38,228,32,155,36,230,37,305,39,232,33,225,29,5*7D
$GBGSV,5,5,16,233,34,052,34,241,84,108,45,5*73
$GIGSV,1,1,,,,,,,,,,,,,0.0*4E
$GNGSA,A,3,01,02,03,04,19,28,31,,,,,,0.6,0.4,0.6,1*31
$GNGSA,A,3,01,03,04,06,09,28,,,,,,,0.6,0.4,0.6,1*36
$GNGSA,A,3,69,70,84,85,,,,,,,,,0.6,0.4,0.6,2*3F
$GNGSA,A,3,102,104,106,110,111,112,119,128,136,,,,0.6,0.4,0.6,3*03
$GNGSA,A,3,106,109,110,111,112,119,128,136,,,,,0.6,0.4,0.6,3*3D
$GNGSA,A,3,207,210,211,227,228,230,233,241,,,,,0.6,0.4,0.6,4*3F
$GNGSA,A,3,227,228,230,232,233,241,,,,,,,0.6,0.4,0.6,4*38
$GNRMC,134802.000,A,4825.1429,N,00428.4559,W,0.0,125.5,100626,,,A*68
$GNGGA,134803.000,4825.1429,N,00428.4559,W,1,50,0.4,90.7,M,52.0,M,,*63
$GNVTG,125.5,T,,M,0.0,N,0.0,K,A*10
$GPGSV,5,1,15,01,38,119,42,02,12,127,41,03,62,055,41,04,57,161,34,1*64
$GPGSV,5,2,15,06,31,302,24,09,30,195,23,19,44,287,34,28,13,041,33,1*6D
$GPGSV,5,3,15,31,18,070,40,1*5E
$GPGSV,5,4,15,01,38,119,32,03,62,055,44,04,57,161,36,06,31,302,39,8*67
$GPGSV,5,5,15,09,30,195,34,28,13,041,30,8*67
$GQGSV,1,1,,,,,,,,,,,,,0.0*56
$GLGSV,2,1,05,69,79,203,36,70,26,215,26,83,36,138,38,84,84,330,29,1*7E
$GLGSV,2,2,05,85,35,320,38,1*4C
$GAGSV,6,1,20,102,14,287,26,104,58,126,35,106,44,165,30,109,24,184,21,7*74
$GAGSV,6,2,20,110,57,104,35,111,84,034,25,112,33,110,29,119,31,049,33,7*76
$GAGSV,6,3,20,128,51,081,33,136,37,299,30,7*73
$GAGSV,6,4,20,102,14,287,36,104,58,126,43,106,44,165,42,109,24,184,36,1*74
$GAGSV,6,5,20,110,57,104,43,111,84,034,42,112,33,110,31,119,31,049,30,1*7D
$GAGSV,6,6,20,128,51,081,37,136,37,299,40,1*73
$GBGSV,4,1,14,207,16,042,32,210,16,054,38,211,11,315,29,213,06,146,35,1*70
$GBGSV,4,2,14,227,69,201,33,228,32,155,40,230,37,305,31,232,33,225,22,3*77
$GBGSV,4,3,14,233,34,052,42,241,84,108,36,3*75
$GBGSV,4,4,14,227,69,201,38,228,32,155,36,232,33,225,29,241,84,108,45,5*74
$GIGSV,1,1,,,,,,,,,,,,,0.0*4E
$GNGSA,A,3,01,02,03,04,06,19,28,31,,,,,0.6,0.4,0.4,1*35
$GNGSA,A,3,01,03,04,06,09,28,,,,,,,0.6,0.4,0.4,1*34
$GNGSA,A,3,69,83,84,85,,,,,,,,,0.6,0.4,0.4,2*31
$GNGSA,A,3,102,104,106,109,110,111,112,119,128,136,,,0.6,0.4,0.4,3*39
$GNGSA,A,3,102,104,106,109,110,111,112,119,128,136,,,0.6,0.4,0.4,3*39
$GNGSA,A,3,207,210,211,227,228,230,233,241,,,,,0.6,0.4,0.4,4*3D
$GNGSA,A,3,227,228,232,241,,,,,,,,,0.6,0.4,0.4,4*39
$GNRMC,134803.000,A,4825.1429,N,00428.4559,W,0.0,125.5,100626,,,A*69
$GNGGA,134804.000,4825.1429,N,00428.4559,W,1,49,0.4,90.7,M,52.0,M,,*6C
$GNVTG,125.5,T,,M,0.0,N,0.0,K,A*10
$GPGSV,5,1,15,01,38,119,42,02,12,127,41,03,62,055,41,04,57,161,34,1*64
$GPGSV,5,2,15,06,31,302,24,09,30,195,23,19,44,287,34,28,13,041,33,1*6D
$GPGSV,5,3,15,31,18,070,40,1*5E
$GPGSV,5,4,15,01,38,119,32,03,62,055,44,04,57,161,36,06,31,302,39,8*67
$GPGSV,5,5,15,09,30,195,34,28,13,041,31,8*66
$GQGSV,1,1,,,,,,,,,,,,,0.0*56
$GLGSV,2,1,05,69,79,203,36,70,26,215,26,83,36,138,38,84,84,330,29,1*7E
$GLGSV,2,2,05,85,35,320,38,1*4C
$GAGSV,6,1,19,102,14,287,26,104,58,126,35,106,44,165,30,109,24,184,21,7*7E
$GAGSV,6,2,19,110,57,104,35,111,84,034,25,112,33,110,29,119,31,049,33,7*7C
$GAGSV,6,3,19,128,51,081,33,136,37,299,30,7*79
$GAGSV,6,4,19,104,58,126,43,106,44,165,42,109,24,184,36,110,57,104,43,1*70
$GAGSV,6,5,19,111,84,034,42,112,33,110,31,119,31,049,30,128,51,081,37,1*75
$GAGSV,6,6,19,136,37,299,40,1*7B
$GBGSV,5,1,15,207,16,042,32,210,16,054,38,211,11,315,29,213,06,146,35,1*70
$GBGSV,5,2,15,227,69,201,33,228,32,155,40,230,37,305,31,232,33,225,22,3*77
$GBGSV,5,3,15,233,34,052,42,241,84,108,36,3*75
$GBGSV,5,4,15,227,69,201,38,228,32,155,36,232,33,225,29,233,34,052,34,5*72
$GBGSV,5,5,15,241,84,108,45,5*75
$GIGSV,1,1,,,,,,,,,,,,,0.0*4E
$GNGSA,A,3,01,02,03,04,06,19,28,31,,,,,0.6,0.4,0.6,1*37
$GNGSA,A,3,01,03,04,06,09,28,,,,,,,0.6,0.4,0.6,1*36
$GNGSA,A,3,69,83,84,85,,,,,,,,,0.6,0.4,0.6,2*33
$GNGSA,A,3,102,104,106,110,111,112,119,128,136,,,,0.6,0.4,0.6,3*03
$GNGSA,A,3,104,106,109,110,111,112,119,128,136,,,,0.6,0.4,0.6,3*08
$GNGSA,A,3,207,210,211,227,228,230,233,241,,,,,0.6,0.4,0.6,4*3F
$GNGSA,A,3,227,228,232,233,241,,,,,,,,0.6,0.4,0.6,4*09
$GNRMC,134804.000,A,4825.1429,N,00428.4559,W,0.0,125.5,100626,,,A*6E
$GNGGA,134805.000,4825.1429,N,00428.4559,W,1,51,0.2,90.7,M,52.0,M,,*62
$GNVTG,125.5,T,,M,0.0,N,0.0,K,A*10
$GPGSV,5,1,15,01,38,119,42,02,12,127,41,03,62,055,41,04,57,161,34,1*64
$GPGSV,5,2,15,06,31,302,24,09,30,195,23,19,44,287,34,28,13,041,32,1*6C
$GPGSV,5,3,15,31,18,070,40,1*5E
$GPGSV,5,4,15,01,38,119,32,03,62,055,44,04,57,161,36,06,31,302,39,8*67
$GPGSV,5,5,15,09,30,195,34,28,13,041,31,8*66
$GQGSV,1,1,,,,,,,,,,,,,0.0*56
$GLGSV,2,1,05,69,79,203,36,70,26,215,26,83,36,138,38,84,84,330,30,1*76
$GLGSV,2,2,05,85,35,320,38,1*4C
$GAGSV,6,1,19,102,14,287,25,104,58,126,35,106,44,165,30,109,24,184,21,7*7D
$GAGSV,6,2,19,110,57,104,35,111,84,034,25,112,33,110,29,119,31,049,33,7*7C
$GAGSV,6,3,19,128,51,081,33,136,37,299,30,7*79
$GAGSV,6,4,19,102,14,287,36,104,58,126,43,106,44,165,42,109,24,184,36,1*7E
$GAGSV,6,5,19,111,84,034,42,112,33,110,31,119,31,049,30,128,51,081,37,1*75
$GAGSV,6,6,19,136,37,299,40,1*7B
$GBGSV,5,1,15,207,16,042,32,210,16,054,38,211,11,315,29,213,06,146,35,1*70
$GBGSV,5,2,15,227,69,201,33,228,32,155,40,230,37,305,31,232,33,225,22,3*77
$GBGSV,5,3,15,233,34,052,42,241,84,108,36,3*75
$GBGSV,5,4,15,228,32,155,36,230,37,305,40,232,33,225,29,233,34,052,34,5*75
$GBGSV,5,5,15,241,84,108,45,5*75
$GIGSV,1,1,,,,,,,,,,,,,0.0*4E
$GNGSA,A,3,01,02,03,04,06,19,28,31,,,,,0.6,0.2,0.6,1*31
$GNGSA,A,3,01,03,04,06,09,28,,,,,,,0.6,0.2,0.6,1*30
$GNGSA,A,3,69,70,83,84,85,,,,,,,,0.6,0.2,0.6,2*32
$GNGSA,A,3,102,104,106,110,111,112,119,128,136,,,,0.6,0.2,0.6,3*05
$GNGSA,A,3,102,104,106,109,111,112,119,128,136,,,,0.6,0.2,0.6,3*0D
$GNGSA,A,3,207,210,211,227,228,230,232,233,241,,,,0.6,0.2,0.6,4*0A
$GNGSA,A,3,228,230,232,233,241,,,,,,,,0.6,0.2,0.6,4*09
$GNRMC,134805.000,A,4825.1429,N,00428.4559,W,0.0,125.5,100626,,,A*6F
$GNGGA,134806.000,4825.1429,N,00428.4559,W,1,50,0.4,90.7,M,52.0,M,,*66
$GNVTG,125.5,T,,M,0.0,N,0.0,K,A*10
$GPGSV,5,1,15,01,38,119,42,02,12,127,41,03,62,055,41,04,57,161,34,1*64
$GPGSV,5,2,15,06,31,302,24,09,30,195,23,19,44,287,34,28,13,041,32,1*6C
$GPGSV,5,3,15,31,18,070,40,1*5E
$GPGSV,5,4,15,01,38,119,32,03,62,055,44,04,57,161,36,06,31,302,39,8*67
$GPGSV,5,5,15,09,30,195,34,28,13,041,31,8*66
$GQGSV,1,1,,,,,,,,,,,,,0.0*56
$GLGSV,2,1,05,69,79,203,36,70,26,215,27,83,36,138,38,84,84,330,30,1*77
$GLGSV,2,2,05,85,35,320,38,1*4C
$GAGSV,6,1,19,102,14,287,25,104,58,126,35,106,44,165,30,109,24,184,21,7*7D
$GAGSV,6,2,19,110,57,104,35,111,84,034,25,112,33,110,29,119,31,049,33,7*7C
$GAGSV,6,3,19,128,51,081,33,136,37,299,29,7*71
$GAGSV,6,4,19,102,14,287,36,104,58,126,43,106,44,165,42,110,57,104,43,1*78
$GAGSV,6,5,19,111,84,034,42,112,33,110,31,119,31,049,30,128,51,081,37,1*75
$GAGSV,6,6,19,136,37,299,40,1*7B
$GBGSV,5,1,15,207,16,042,32,210,16,054,38,211,11,315,29,213,06,146,35,1*70
$GBGSV,5,2,15,227,69,201,33,228,32,155,40,230,37,305,31,232,33,225,22,3*77
$GBGSV,5,3,15,233,34,052,42,241,84,108,36,3*75
$GBGSV,5,4,15,227,69,201,38,228,32,155,36,230,37,305,40,232,33,225,29,5*70
$GBGSV,5,5,15,241,84,108,45,5*75
$GIGSV,1,1,,,,,,,,,,,,,0.0*4E
$GNGSA,A,3,01,02,03,04,19,28,31,,,,,,0.6,0.4,0.6,1*31
$GNGSA,A,3,01,03,04,06,09,28,,,,,,,0.6,0.4,0.6,1*36
$GNGSA,A,3,69,70,83,84,85,,,,,,,,0.6,0.4,0.6,2*34
$GNGSA,A,3,102,104,106,110,111,112,119,128,136,,,,0.6,0.4,0.6,3*03
$GNGSA,A,3,102,104,106,110,111,112,119,128,136,,,,0.6,0.4,0.6,3*03
$GNGSA,A,3,207,210,211,227,228,230,232,233,241,,,,0.6,0.4,0.6,4*0C
$GNGSA,A,3,227,228,230,232,241,,,,,,,,0.6,0.4,0.6,4*0A
$GNRMC,134806.000,A,4825.1429,N,00428.4559,W,0.0,125.5,100626,,,A*6C
$GNGGA,134807.000,4825.1429,N,00428.4559,W,1,50,0.2,90.7,M,52.0,M,,*61
$GNVTG,125.5,T,,M,0.0,N,0.0,K,A*10
$GPGSV,5,1,15,01,38,119,42,02,12,127,41,03,62,055,41,04,57,161,34,1*64
$GPGSV,5,2,15,06,31,302,24,09,30,195,22,19,44,287,34,28,13,041,32,1*6D
$GPGSV,5,3,15,31,18,070,40,1*5E
$GPGSV,5,4,15,01,38,119,32,03,62,055,44,04,57,161,36,06,31,302,39,8*67
$GPGSV,5,5,15,09,30,195,34,28,13,041,31,8*66
$GQGSV,1,1,,,,,,,,,,,,,0.0*56
$GLGSV,2,1,05,69,79,203,36,70,26,215,27,83,36,138,38,84,84,330,30,1*77
$GLGSV,2,2,05,85,35,320,38,1*4C
$GAGSV,6,1,19,102,14,287,25,104,58,126,35,106,44,165,29,109,24,184,21,7*75
$GAGSV,6,2,19,110,57,104,35,111,84,034,25,112,33,110,28,119,31,049,33,7*7D
$GAGSV,6,3,19,128,51,081,33,136,37,299,29,7*71
$GAGSV,6,4,19,102,14,287,36,104,58,126,43,106,44,165,42,109,24,184,37,1*7F
$GAGSV,6,5,19,110,57,104,43,111,84,034,42,112,33,110,31,119,31,049,30,1*77
$GAGSV,6,6,19,136,37,299,40,1*7B
$GBGSV,5,1,15,207,16,042,32,210,16,054,38,211,11,315,29,213,06,146,35,1*70
$GBGSV,5,2,15,227,69,201,33,228,32,155,40,230,37,305,31,232,33,225,22,3*77
$GBGSV,5,3,15,233,34,052,42,241,84,108,36,3*75
$GBGSV,5,4,15,227,69,201,38,228,32,155,36,230,37,305,40,232,33,225,29,5*70
$GBGSV,5,5,15,241,84,108,45,5*75
$GIGSV,1,1,,,,,,,,,,,,,0.0*4E
$GNGSA,A,3,01,02,03,04,19,28,31,,,,,,0.6,0.2,0.4,1*35
$GNGSA,A,3,01,03,04,06,09,28,,,,,,,0.6,0.2,0.4,1*32
$GNGSA,A,3,69,83,84,85,,,,,,,,,0.6,0.2,0.4,2*37
$GNGSA,A,3,102,104,106,110,111,112,119,128,136,,,,0.6,0.2,0.4,3*07
$GNGSA,A,3,102,104,106,109,110,111,112,119,136,,,,0.6,0.2,0.4,3*04
$GNGSA,A,3,207,210,211,213,227,228,230,232,233,241,,,0.6,0.2,0.4,4*38
$GNGSA,A,3,227,228,230,232,241,,,,,,,,0.6,0.2,0.4,4*0E
$GNRMC,134807.000,A,4825.1429,N,00428.4559,W,0.0,125.5,100626,,,A*6D
$GNGGA,134808.000,4825.1429,N,00428.4559,W,1,51,0.2,90.7,M,52.0,M,,*6F
$GNVTG,125.5,T,,M,0.0,N,0.0,K,A*10
$GPGSV,5,1,15,01,38,119,42,02,12,127,41,03,62,055,41,04,57,161,34,1*64
$GPGSV,5,2,15,06,31,302,23,09,30,195,22,19,44,287,34,28,13,041,32,1*6A
$GPGSV,5,3,15,31,18,070,40,1*5E
$GPGSV,5,4,15,01,38,119,32,03,62,055,44,04,57,161,36,06,31,302,39,8*67
$GPGSV,5,5,15,09,30,195,34,28,13,041,31,8*66
$GQGSV,1,1,,,,,,,,,,,,,0.0*56
$GLGSV,2,1,05,69,79,203,36,70,26,215,27,83,36,138,38,84,84,330,30,1*77
$GLGSV,2,2,05,85,35,320,38,1*4C
$GAGSV,5,1,18,102,14,287,26,104,58,126,35,106,44,165,29,109,24,184,21,7*74
$GAGSV,5,2,18,110,57,104,35,111,84,034,25,112,33,110,28,119,31,049,33,7*7F
$GAGSV,5,3,18,128,51,081,33,136,37,299,29,7*73
$GAGSV,5,4,18,104,58,126,43,106,44,165,42,110,57,104,43,111,84,034,42,1*78
$GAGSV,5,5,18,112,33,110,31,119,31,049,30,128,51,081,38,136,37,299,40,1*72
$GBGSV,5,1,16,207,16,042,32,210,16,054,38,211,11,315,29,213,06,146,35,1*73
$GBGSV,5,2,16,227,69,201,33,228,32,155,40,230,37,305,31,232,33,225,22,3*74
$GBGSV,5,3,16,233,34,052,42,241,84,108,36,3*76
$GBGSV,5,4,16,227,69,201,38,228,32,155,36,230,37,305,40,232,33,225,29,5*73
$GBGSV,5,5,16,233,34,052,33,241,84,108,45,5*74
$GIGSV,1,1,,,,,,,,,,,,,0.0*4E
$GNGSA,A,3,01,02,03,04,19,28,31,,,,,,0.6,0.2,0.4,1*35
$GNGSA,A,3,01,03,04,06,09,28,,,,,,,0.6,0.2,0.4,1*32
$GNGSA,A,3,69,70,83,84,85,,,,,,,,0.6,0.2,0.4,2*30
$GNGSA,A,3,102,104,106,110,111,112,119,128,136,,,,0.6,0.2,0.4,3*07
$GNGSA,A,3,104,106,110,111,112,119,128,136,,,,,0.6,0.2,0.4,3*34
$GNGSA,A,3,207,210,211,213,227,228,230,232,233,241,,,0.6,0.2,0.4,4*38
$GNGSA,A,3,227,228,230,232,233,241,,,,,,,0.6,0.2,0.4,4*3C
$GNRMC,134808.000,A,4825.1429,N,00428.4559,W,0.0,125.5,100626,,,A*62
$GNGGA,134809.000,4825.1429,N,00428.4559,W,1,49,0.2,90.7,M,52.0,M,,*67
$GNVTG,125.5,T,,M,0.0,N,0.0,K,A*10
$GPGSV,5,1,15,01,38,119,42,02,12,127,41,03,62,055,41,04,57,161,34,1*64
$GPGSV,5,2,15,06,31,302,23,09,30,195,22,19,44,287,34,28,13,041,32,1*6A
$GPGSV,5,3,15,31,18,070,40,1*5E
$GPGSV,5,4,15,01,38,119,32,03,62,055,44,04,57,161,36,06,31,302,39,8*67
$GPGSV,5,5,15,09,30,195,34,28,13,041,31,8*66
$GQGSV,1,1,,,,,,,,,,,,,0.0*56
$GLGSV,2,1,05,69,79,203,36,70,26,215,27,83,36,138,38,84,84,330,30,1*77
$GLGSV,2,2,05,85,35,320,38,1*4C
$GAGSV,5,1,18,102,14,287,26,104,58,126,35,106,44,165,29,109,24,184,21,7*74
$GAGSV,5,2,18,110,57,104,35,111,84,034,25,112,33,110,28,119,31,049,33,7*7F
$GAGSV,5,3,18,128,51,081,33,136,37,299,29,7*73
$GAGSV,5,4,18,102,14,287,36,104,58,126,43,109,24,184,37,111,84,034,42,1*72
$GAGSV,5,5,18,112,33,110,31,119,31,049,30,128,51,081,38,136,37,299,40,1*72
$GBGSV,5,1,16,207,16,042,32,210,16,054,38,211,11,315,29,213,05,146,36,1*73
$GBGSV,5,2,16,227,69,201,33,228,32,155,40,230,37,305,31,232,33,225,22,3*74
$GBGSV,5,3,16,233,34,052,42,241,84,108,36,3*76
$GBGSV,5,4,16,227,69,201,38,228,32,155,36,230,37,305,40,232,33,225,29,5*73
$GBGSV,5,5,16,233,34,052,33,241,84,108,45,5*74
$GIGSV,1,1,,,,,,,,,,,,,0.0*4E
$GNGSA,A,3,01,02,03,04,19,28,31,,,,,,0.6,0.2,0.6,1*37
$GNGSA,A,3,01,03,04,06,09,28,,,,,,,0.6,0.2,0.6,1*30
$GNGSA,A,3,70,83,84,85,,,,,,,,,0.6,0.2,0.6,2*3D
$GNGSA,A,3,102,104,106,110,111,112,119,128,136,,,,0.6,0.2,0.6,3*05
$GNGSA,A,3,102,104,109,111,112,119,128,136,,,,,0.6,0.2,0.6,3*3A
$GNGSA,A,3,207,210,211,227,228,230,232,233,241,,,,0.6,0.2,0.6,4*0A
$GNGSA,A,3,227,228,230,232,233,241,,,,,,,0.6,0.2,0.6,4*3E
$GNRMC,134809.000,A,4825.1429,N,00428.4559,W,0.0,125.5,100626,,,A*63
$GNGGA,134810.000,4825.1429,N,00428.4559,W,1,49,0.2,90.7,M,52.0,M,,*6F
$GNVTG,125.5,T,,M,0.0,N,0.0,K,A*10
$GPGSV,5,1,15,01,38,119,42,02,12,127,41,03,62,055,41,04,57,161,34,1*64
$GPGSV,5,2,15,06,31,302,23,09,30,195,22,19,44,287,34,28,13,041,32,1*6A
$GPGSV,5,3,15,31,18,070,40,1*5E
$GPGSV,5,4,15,01,38,119,32,03,62,055,44,04,57,161,35,06,31,302,39,8*64
$GPGSV,5,5,15,09,30,195,34,28,13,041,31,8*66
$GQGSV,1,1,,,,,,,,,,,,,0.0*56
$GLGSV,2,1,05,69,79,203,36,70,26,215,27,83,36,138,37,84,84,330,30,1*78
$GLGSV,2,2,05,85,35,320,39,1*4D
$GAGSV,5,1,18,102,14,287,26,104,58,126,35,106,44,165,29,109,24,184,21,7*74
$GAGSV,5,2,18,110,57,104,35,111,84,034,25,112,33,110,28,119,31,049,33,7*7F
$GAGSV,5,3,18,128,51,081,33,136,37,299,29,7*73
$GAGSV,5,4,18,102,14,287,36,104,58,126,43,106,44,165,42,109,24,184,37,1*7D
$GAGSV,5,5,18,110,57,104,43,111,84,034,42,112,33,110,31,136,37,299,40,1*76
$GBGSV,5,1,16,207,16,042,32,210,16,054,38,211,11,315,29,213,05,146,36,1*73
$GBGSV,5,2,16,227,69,201,33,228,32,155,40,230,37,305,31,232,33,225,22,3*74
$GBGSV,5,3,16,233,34,052,42,241,84,108,36,3*76
$GBGSV,5,4,16,227,69,201,38,228,32,155,36,230,37,305,40,232,33,225,29,5*73
$GBGSV,5,5,16,233,34,052,33,241,84,108,45,5*74
$GIGSV,1,1,,,,,,,,,,,,,0.0*4E
$GNGSA,A,3,01,02,03,04,19,28,31,,,,,,0.6,0.2,0.6,1*37
$GNGSA,A,3,01,03,04,06,09,28,,,,,,,0.6,0.2,0.6,1*30
$GNGSA,A,3,69,83,85,,,,,,,,,,0.6,0.2,0.6,2*39
$GNGSA,A,3,102,104,106,109,110,111,112,119,128,136,,,0.6,0.2,0.6,3*3D
$GNGSA,A,3,102,104,106,109,110,111,112,136,,,,,0.6,0.2,0.6,3*3F
$GNGSA,A,3,207,210,211,227,228,230,232,233,241,,,,0.6,0.2,0.6,4*0A
$GNGSA,A,3,227,228,230,232,233,241,,,,,,,0.6,0.2,0.6,4*3E
$GNRMC,134810.000,A,4825.1429,N,00428.4559,W,0.0,125.5,100626,,,A*6B
$GNGGA,134811.000,4825.1429,N,00428.4559,W,1,50,0.2,90.8,M,52.0,M,,*69
$GNVTG,125.5,T,,M,0.0,N,0.0,K,A*10
$GPGSV,5,1,15,01,38,119,42,02,12,127,41,03,62,055,41,04,57,161,34,1*64
$GPGSV,5,2,15,06,31,302,23,09,30,195,22,19,44,287,34,28,13,041,32,1*6A
$GPGSV,5,3,15,31,18,070,40,1*5E
$GPGSV,5,4,15,01,38,119,32,03,62,055,44,04,57,161,35,06,31,302,39,8*64
$GPGSV,5,5,15,09,30,195,35,28,13,041,31,8*67
$GQGSV,1,1,,,,,,,,,,,,,0.0*56
$GLGSV,2,1,05,69,79,203,36,70,26,215,27,83,36,138,37,84,84,330,30,1*78
$GLGSV,2,2,05,85,35,320,39,1*4D
$GAGSV,5,1,18,102,14,287,26,104,58,126,35,106,44,165,29,109,24,184,21,7*74
$GAGSV,5,2,18,110,57,104,35,111,84,034,25,112,33,110,28,119,31,049,33,7*7F
$GAGSV,5,3,18,128,51,081,33,136,37,299,29,7*73
$GAGSV,5,4,18,106,44,165,42,109,24,184,37,110,57,104,43,111,84,034,42,1*75
$GAGSV,5,5,18,112,33,110,31,119,31,049,30,128,51,081,38,136,37,299,40,1*72
$GBGSV,5,1,16,207,16,042,32,210,16,054,38,211,11,315,29,213,05,146,36,1*73
$GBGSV,5,2,16,227,69,201,33,228,32,155,40,230,37,305,31,232,33,225,22,3*74
$GBGSV,5,3,16,233,34,052,42,241,84,108,36,3*76
$GBGSV,5,4,16,227,69,201,38,228,32,155,36,230,37,305,40,232,33,225,29,5*73
$GBGSV,5,5,16,233,34,052,34,241,84,108,45,5*73
$GIGSV,1,1,,,,,,,,,,,,,0.0*4E
$GNGSA,A,3,01,02,03,06,19,28,31,,,,,,0.6,0.2,0.6,1*35
$GNGSA,A,3,01,03,04,06,09,28,,,,,,,0.6,0.2,0.6,1*30
$GNGSA,A,3,69,83,84,85,,,,,,,,,0.6,0.2,0.6,2*35
$GNGSA,A,3,102,104,106,109,110,111,112,119,128,136,,,0.6,0.2,0.6,3*3D
$GNGSA,A,3,106,109,110,111,112,119,128,136,,,,,0.6,0.2,0.6,3*3B
$GNGSA,A,3,207,210,211,227,228,230,232,233,241,,,,0.6,0.2,0.6,4*0A
$GNGSA,A,3,227,228,230,232,233,241,,,,,,,0.6,0.2,0.6,4*3E
$GNRMC,134811.000,A,4825.1429,N,00428.4559,W,0.0,125.5,100626,,,A*6A
$GNGGA,134812.000,4825.1429,N,00428.4559,W,1,49,0.4,90.8,M,52.0,M,,*64
$GNVTG,125.5,T,,M,0.0,N,0.0,K,A*10
$GPGSV,5,1,15,01,38,119,42,02,12,127,41,03,62,055,41,04,57,161,33,1*63
$GPGSV,5,2,15,06,31,302,23,09,30,195,22,19,44,287,34,28,13,041,32,1*6A
$GPGSV,5,3,15,31,18,070,40,1*5E
$GPGSV,5,4,15,01,38,119,32,03,62,055,44,04,57,161,35,06,31,302,39,8*64
$GPGSV,5,5,15,09,30,195,35,28,13,041,31,8*67
$GQGSV,1,1,,,,,,,,,,,,,0.0*56
$GLGSV,2,1,05,69,79,203,36,70,26,215,27,83,36,138,37,84,84,330,30,1*78
$GLGSV,2,2,05,85,35,320,39,1*4D
$GAGSV,6,1,19,102,14,287,26,104,58,126,35,106,44,165,29,109,24,184,21,7*76
$GAGSV,6,2,19,110,57,104,35,111,84,034,25,112,33,110,28,119,31,049,33,7*7D
$GAGSV,6,3,19,128,51,081,33,136,37,299,29,7*71
$GAGSV,6,4,19,102,14,287,36,104,58,126,43,106,44,165,42,109,24,184,37,1*7F
$GAGSV,6,5,19,110,57,104,43,111,84,034,42,112,33,110,31,119,31,049,30,1*77
$GAGSV,6,6,19,128,51,081,38,1*70
$GBGSV,5,1,15,207,16,042,32,210,16,054,38,211,11,315,29,213,05,146,36,1*70
$GBGSV,5,2,15,227,69,201,33,228,32,155,40,230,37,305,31,232,33,225,22,3*77
$GBGSV,5,3,15,233,34,052,42,241,84,108,36,3*75
$GBGSV,5,4,15,227,69,201,38,228,32,155,36,230,37,305,40,232,33,225,29,5*70
$GBGSV,5,5,15,233,34,052,34,5*73
$GIGSV,1,1,,,,,,,,,,,,,0.0*4E
$GNGSA,A,3,01,02,03,04,19,28,31,,,,,,0.6,0.4,0.6,1*31
$GNGSA,A,3,01,03,04,06,09,28,,,,,,,0.6,0.4,0.6,1*36
$GNGSA,A,3,69,83,84,85,,,,,,,,,0.6,0.4,0.6,2*33
$GNGSA,A,3,102,104,106,109,110,111,112,119,128,136,,,0.6,0.4,0.6,3*3B
$GNGSA,A,3,102,104,106,109,110,111,112,119,128,,,,0.6,0.4,0.6,3*0F
$GNGSA,A,3,207,210,211,227,228,230,233,241,,,,,0.6,0.4,0.6,4*3F
$GNGSA,A,3,227,228,230,232,233,,,,,,,,0.6,0.4,0.6,4*0F
$GNRMC,134812.000,A,4825.1429,N,00428.4559,W,0.0,125.5,100626,,,A*69
$GNGGA,134813.000,4825.1429,N,00428.4559,W,1,51,0.2,90.7,M,52.0,M,,*65
$GNVTG,125.5,T,,M,0.0,N,0.0,K,A*10
$GPGSV,5,1,15,01,38,119,42,02,12,127,41,03,62,055,41,04,57,161,33,1*63
$GPGSV,5,2,15,06,31,302,23,09,30,195,23,19,44,287,34,28,13,041,32,1*6B
$GPGSV,5,3,15,31,18,070,40,1*5E
$GPGSV,5,4,15,01,38,119,32,03,62,055,44,04,57,161,35,06,31,302,39,8*64
$GPGSV,5,5,15,09,30,195,35,28,13,041,31,8*67
$GQGSV,1,1,,,,,,,,,,,,,0.0*56
$GLGSV,2,1,05,69,79,203,36,70,26,215,27,83,36,138,37,84,84,330,30,1*78
$GLGSV,2,2,05,85,35,320,39,1*4D
$GAGSV,6,1,19,102,14,287,25,104,58,126,35,106,44,165,29,109,24,184,21,7*75
$GAGSV,6,2,19,110,57,104,35,111,84,034,25,112,33,110,28,119,31,049,33,7*7D
$GAGSV,6,3,19,128,51,081,33,136,37,299,29,7*71
$GAGSV,6,4,19,102,14,287,36,104,58,126,43,109,24,184,37,110,57,104,43,1*7C
$GAGSV,6,5,19,111,84,034,42,112,33,110,31,119,31,049,30,128,51,081,38,1*7A
$GAGSV,6,6,19,136,37,299,40,1*7B
$GBGSV,5,1,15,207,16,042,32,210,16,054,38,211,11,315,29,213,05,146,36,1*70
$GBGSV,5,2,15,227,69,201,33,228,32,155,40,230,37,305,31,232,33,225,22,3*77
$GBGSV,5,3,15,233,34,052,42,241,84,108,36,3*75
$GBGSV,5,4,15,227,69,201,38,228,32,155,36,230,37,305,40,232,33,225,29,5*70
$GBGSV,5,5,15,233,34,052,34,5*73
$GIGSV,1,1,,,,,,,,,,,,,0.0*4E
$GNGSA,A,3,01,02,03,04,19,28,31,,,,,,0.6,0.2,0.4,1*35
$GNGSA,A,3,01,03,04,06,09,28,,,,,,,0.6,0.2,0.4,1*32
$GNGSA,A,3,69,70,83,84,85,,,,,,,,0.6,0.2,0.4,2*30
$GNGSA,A,3,102,104,106,110,111,112,119,128,136,,,,0.6,0.2,0.4,3*07
$GNGSA,A,3,102,104,109,110,111,112,119,128,136,,,,0.6,0.2,0.4,3*08
$GNGSA,A,3,207,210,211,213,227,228,230,232,233,241,,,0.6,0.2,0.4,4*38
$GNGSA,A,3,227,228,230,232,233,,,,,,,,0.6,0.2,0.4,4*0B
$GNRMC,134813.000,A,4825.1429,N,00428.4559,W,0.0,125.5,100626,,,A*68
$GNGGA,134814.000,4825.1429,N,00428.4559,W,1,47,0.4,90.7,M,52.0,M,,*63
$GNVTG,125.5,T,,M,0.0,N,0.0,K,A*10
$GPGSV,5,1,15,01,38,119,42,02,12,127,41,03,62,055,41,04,57,161,33,1*63
$GPGSV,5,2,15,06,31,302,23,09,30,195,23,19,44,287,34,28,13,041,32,1*6B
$GPGSV,5,3,15,31,18,070,40,1*5E
$GPGSV,5,4,15,01,38,119,32,03,62,055,44,04,57,161,35,06,31,302,39,8*64
$GPGSV,5,5,15,09,30,195,35,28,13,041,31,8*67
$GQGSV,1,1,,,,,,,,,,,,,0.0*56
$GLGSV,2,1,05,69,79,203,36,70,26,215,27,83,36,138,37,84,84,330,30,1*78
$GLGSV,2,2,05,85,35,320,39,1*4D
$GAGSV,5,1,18,102,14,287,25,104,58,126,35,106,44,165,29,109,24,184,21,7*77
$GAGSV,5,2,18,110,57,104,35,111,84,034,25,112,33,110,28,119,31,049,33,7*7F
$GAGSV,5,3,18,128,51,081,33,136,37,299,29,7*73
$GAGSV,5,4,18,104,58,126,43,106,44,165,42,109,24,184,37,110,57,104,43,1*73
$GAGSV,5,5,18,111,84,034,42,112,33,110,31,119,31,049,30,128,51,081,38,1*78
$GBGSV,5,1,16,207,16,042,32,210,16,054,38,211,11,315,29,213,05,146,37,1*72
$GBGSV,5,2,16,227,69,201,33,228,32,155,40,230,37,305,31,232,33,225,23,3*75
$GBGSV,5,3,16,233,34,052,42,241,84,108,36,3*76
$GBGSV,5,4,16,227,69,201,38,228,32,155,36,230,37,305,40,232,33,225,29,5*73
$GBGSV,5,5,16,233,34,052,34,241,84,108,45,5*73
$GIGSV,1,1,,,,,,,,,,,,,0.0*4E
$GNGSA,A,3,01,02,03,04,19,28,31,,,,,,0.6,0.4,0.6,1*31
$GNGSA,A,3,01,03,04,06,09,28,,,,,,,0.6,0.4,0.6,1*36
$GNGSA,A,3,69,83,84,85,,,,,,,,,0.6,0.4,0.6,2*33
$GNGSA,A,3,106,110,111,112,119,128,136,,,,,,0.6,0.4,0.6,3*05
$GNGSA,A,3,104,106,109,110,111,112,119,128,,,,,0.6,0.4,0.6,3*3C
$GNGSA,A,3,207,210,211,227,228,230,232,233,241,,,,0.6,0.4,0.6,4*0C
$GNGSA,A,3,227,228,230,232,233,241,,,,,,,0.6,0.4,0.6,4*38
$GNRMC,134814.000,A,4825.1429,N,00428.4559,W,0.0,125.5,100626,,,A*6F
$GNGGA,134815.000,4825.1429,N,00428.4559,W,1,51,0.2,90.7,M,52.0,M,,*63
$GNVTG,125.5,T,,M,0.0,N,0.0,K,A*10
$GPGSV,5,1,15,01,38,119,42,02,12,127,41,03,62,055,41,04,57,161,33,1*63
$GPGSV,5,2,15,06,31,302,23,09,30,195,23,19,44,287,34,28,13,041,32,1*6B
$GPGSV,5,3,15,31,18,070,40,1*5E
$GPGSV,5,4,15,01,38,119,32,03,62,055,44,04,57,161,35,06,31,302,39,8*64
$GPGSV,5,5,15,09,30,195,35,28,13,041,31,8*67
$GQGSV,1,1,,,,,,,,,,,,,0.0*56
$GLGSV,2,1,05,69,79,203,36,70,26,215,27,83,36,138,37,84,84,330,30,1*78
$GLGSV,2,2,05,85,35,320,39,1*4D
$GAGSV,6,1,19,102,14,287,25,104,58,126,34,106,44,165,29,109,24,184,21,7*74
$GAGSV,6,2,19,110,57,104,35,111,84,034,25,112,33,110,28,119,31,049,33,7*7D
$GAGSV,6,3,19,128,51,081,33,136,37,299,29,7*71
$GAGSV,6,4,19,104,58,126,43,106,44,165,42,109,24,184,37,110,57,104,43,1*71
$GAGSV,6,5,19,111,84,034,42,112,33,110,31,119,31,049,31,128,51,081,38,1*7B
$GAGSV,6,6,19,136,37,299,40,1*7B
$GBGSV,5,1,15,207,16,042,32,210,16,054,38,211,11,315,29,213,05,146,37,1*71
$GBGSV,5,2,15,227,69,201,33,228,32,155,40,230,37,305,31,232,33,225,23,3*76
$GBGSV,5,3,15,233,34,052,42,241,84,108,35,3*76
$GBGSV,5,4,15,227,69,201,38,228,32,155,36,230,37,305,40,232,33,225,30,5*78
$GBGSV,5,5,15,233,34,052,34,5*73
$GIGSV,1,1,,,,,,,,,,,,,0.0*4E
$GNGSA,A,3,01,02,03,04,06,19,28,31,,,,,0.6,0.2,0.4,1*33
$GNGSA,A,3,01,03,04,06,09,28,,,,,,,0.6,0.2,0.4,1*32
$GNGSA,A,3,69,83,84,85,,,,,,,,,0.6,0.2,0.4,2*37
$GNGSA,A,3,102,104,106,110,111,112,119,128,136,,,,0.6,0.2,0.4,3*07
$GNGSA,A,3,104,106,109,110,111,112,119,128,136,,,,0.6,0.2,0.4,3*0C
$GNGSA,A,3,207,210,211,213,227,228,230,232,233,241,,,0.6,0.2,0.4,4*38
$GNGSA,A,3,227,228,230,232,233,,,,,,,,0.6,0.2,0.4,4*0B
$GNRMC,134815.000,A,4825.1429,N,00428.4559,W,0.0,125.5,100626,,,A*6E
$GNGGA,134816.000,4825.1429,N,00428.4559,W,1,50,0.4,90.7,M,52.0,M,,*67
$GNVTG,125.5,T,,M,0.0,N,0.0,K,A*10
$GPGSV,5,1,15,01,38,119,42,02,12,127,41,03,62,055,41,04,57,161,33,1*63
$GPGSV,5,2,15,06,31,302,22,09,30,195,23,19,44,287,34,28,13,041,32,1*6A
$GPGSV,5,3,15,31,18,070,40,1*5E
$GPGSV,5,4,15,01,38,119,33,03,62,055,44,04,57,161,35,06,31,302,39,8*65
$GPGSV,5,5,15,09,30,195,35,28,13,041,30,8*66
$GQGSV,1,1,,,,,,,,,,,,,0.0*56
$GLGSV,2,1,05,69,79,203,36,70,26,215,27,83,36,138,37,84,85,329,30,1*71
$GLGSV,2,2,05,85,35,320,39,1*4D
$GAGSV,5,1,18,102,14,287,25,104,58,126,34,106,44,165,29,109,24,184,21,7*76
$GAGSV,5,2,18,110,57,104,35,111,84,034,25,112,33,110,28,119,31,049,33,7*7F
$GAGSV,5,3,18,128,51,081,33,136,37,299,29,7*73
$GAGSV,5,4,18,102,14,287,35,104,58,126,43,106,44,165,42,110,57,104,43,1*79
$GAGSV,5,5,18,111,84,034,42,112,33,110,31,119,31,049,31,128,51,081,38,1*79
$GBGSV,5,1,16,207,16,042,32,210,16,054,38,211,11,315,29,213,05,146,37,1*72
$GBGSV,5,2,16,227,69,201,33,228,32,155,40,230,37,305,30,232,33,225,23,3*74
$GBGSV,5,3,16,233,34,052,42,241,84,108,35,3*75
$GBGSV,5,4,16,227,69,201,38,228,32,155,36,230,37,305,40,232,33,225,30,5*7B
$GBGSV,5,5,16,233,34,052,34,241,84,108,45,5*73
$GIGSV,1,1,,,,,,,,,,,,,0.0*4E
$GNGSA,A,3,01,02,03,04,19,28,31,,,,,,0.6,0.4,0.4,1*33
$GNGSA,A,3,01,03,04,06,09,28,,,,,,,0.6,0.4,0.4,1*34
$GNGSA,A,3,69,83,84,85,,,,,,,,,0.6,0.4,0.4,2*31
$GNGSA,A,3,102,104,106,110,111,112,119,128,136,,,,0.6,0.4,0.4,3*01
$GNGSA,A,3,102,104,106,110,111,112,119,128,,,,,0.6,0.4,0.4,3*35
$GNGSA,A,3,207,210,211,213,227,228,230,232,233,241,,,0.6,0.4,0.4,4*3E
$GNGSA,A,3,227,228,230,232,233,241,,,,,,,0.6,0.4,0.4,4*3A
$GNRMC,134816.000,A,4825.1429,N,00428.4559,W,0.0,125.5,100626,,,A*6D
$GNGGA,134817.000,4825.1429,N,00428.4559,W,1,52,0.2,90.7,M,52.0,M,,*62
$GNVTG,125.5,T,,M,0.0,N,0.0,K,A*10
$GPGSV,5,1,15,01,38,119,42,02,12,127,41,03,62,055,41,04,57,161,33,1*63
$GPGSV,5,2,15,06,31,302,22,09,30,195,23,19,44,287,34,28,13,041,32,1*6A
$GPGSV,5,3,15,31,18,070,40,1*5E
$GPGSV,5,4,15,01,38,119,33,03,62,055,44,04,57,161,35,06,31,302,40,8*6B
$GPGSV,5,5,15,09,30,195,34,28,13,041,30,8*67
$GQGSV,1,1,,,,,,,,,,,,,0.0*56
$GLGSV,2,1,05,69,79,203,36,70,26,215,28,83,36,138,37,84,85,329,30,1*7E
$GLGSV,2,2,05,85,35,320,39,1*4D
$GAGSV,6,1,19,102,14,287,25,104,58,126,34,106,44,165,29,109,24,184,21,7*74
$GAGSV,6,2,19,110,57,104,35,111,84,034,25,112,33,110,28,119,31,049,33,7*7D
$GAGSV,6,3,19,128,51,081,32,136,37,299,29,7*70
$GAGSV,6,4,19,102,14,287,35,106,44,165,42,109,24,184,37,110,57,104,43,1*76
$GAGSV,6,5,19,111,84,034,42,112,33,110,31,119,31,049,31,128,51,081,38,1*7B
$GAGSV,6,6,19,136,37,299,40,1*7B
$GBGSV,5,1,15,207,16,042,32,210,16,054,38,211,11,315,28,213,05,146,37,1*70
$GBGSV,5,2,15,227,69,201,32,228,32,155,40,230,37,305,30,232,33,225,23,3*76
$GBGSV,5,3,15,233,34,052,42,241,84,108,35,3*76
$GBGSV,5,4,15,227,69,201,38,228,32,155,36,230,37,305,39,232,33,225,30,5*76
$GBGSV,5,5,15,241,84,108,45,5*75
$GIGSV,1,1,,,,,,,,,,,,,0.0*4E
$GNGSA,A,3,01,02,03,04,06,19,28,31,,,,,0.6,0.2,0.4,1*33
$GNGSA,A,3,01,03,04,06,09,28,,,,,,,0.6,0.2,0.4,1*32
$GNGSA,A,3,69,83,84,85,,,,,,,,,0.6,0.2,0.4,2*37
$GNGSA,A,3,102,104,106,109,110,111,112,119,128,136,,,0.6,0.2,0.4,3*3F
$GNGSA,A,3,102,106,109,110,111,112,119,128,136,,,,0.6,0.2,0.4,3*0A
$GNGSA,A,3,207,210,211,213,227,228,230,232,233,241,,,0.6,0.2,0.4,4*38
$GNGSA,A,3,227,228,230,232,241,,,,,,,,0.6,0.2,0.4,4*0E
$GNRMC,134817.000,A,4825.1429,N,00428.4559,W,0.0,125.5,100626,,,A*6C
$GNGGA,134818.000,4825.1429,N,00428.4559,W,1,52,0.2,90.7,M,52.0,M,,*6D
$GNVTG,125.5,T,,M,0.0,N,0.0,K,A*10
$GPGSV,5,1,15,01,38,119,42,02,12,127,41,03,62,055,41,04,57,161,33,1*63
$GPGSV,5,2,15,06,31,302,22,09,30,195,23,19,44,287,34,28,13,041,32,1*6A
$GPGSV,5,3,15,31,18,070,40,1*5E
$GPGSV,5,4,15,01,38,119,33,03,62,055,44,04,57,161,35,06,31,302,40,8*6B
$GPGSV,5,5,15,09,30,195,34,28,13,041,30,8*67
$GQGSV,1,1,,,,,,,,,,,,,0.0*56
$GLGSV,2,1,05,69,79,203,36,70,26,215,28,83,36,138,37,84,85,329,30,1*7E
$GLGSV,2,2,05,85,35,320,39,1*4D
$GAGSV,6,1,19,102,14,287,25,104,58,126,34,106,44,165,29,109,24,184,22,7*77
$GAGSV,6,2,19,110,57,104,35,111,84,034,25,112,33,110,28,119,31,049,33,7*7D
$GAGSV,6,3,19,128,51,081,32,136,37,299,29,7*70
$GAGSV,6,4,19,102,14,287,35,104,58,126,43,106,44,165,42,109,24,184,37,1*7C
$GAGSV,6,5,19,110,57,104,43,112,33,110,31,119,31,049,31,128,51,081,37,1*78
$GAGSV,6,6,19,136,37,299,40,1*7B
$GBGSV,5,1,15,207,16,042,32,210,16,054,38,211,11,315,28,213,05,146,37,1*70
$GBGSV,5,2,15,227,69,201,32,228,32,155,40,230,37,305,31,232,33,225,23,3*77
$GBGSV,5,3,15,233,34,052,42,241,84,108,35,3*76
$GBGSV,5,4,15,227,69,201,38,228,32,155,36,230,37,305,39,232,33,225,30,5*76
$GBGSV,5,5,15,241,84,108,45,5*75
$GIGSV,1,1,,,,,,,,,,,,,0.0*4E
$GNGSA,A,3,01,02,03,04,06,19,28,31,,,,,0.6,0.2,0.4,1*33
$GNGSA,A,3,01,03,04,06,09,28,,,,,,,0.6,0.2,0.4,1*32
$GNGSA,A,3,69,83,84,85,,,,,,,,,0.6,0.2,0.4,2*37
$GNGSA,A,3,102,104,106,109,110,111,112,119,128,136,,,0.6,0.2,0.4,3*3F
$GNGSA,A,3,102,104,106,109,110,112,119,128,136,,,,0.6,0.2,0.4,3*0E
$GNGSA,A,3,207,210,211,213,227,228,230,232,233,241,,,0.6,0.2,0.4,4*38
$GNGSA,A,3,227,228,230,232,241,,,,,,,,0.6,0.2,0.4,4*0E
$GNRMC,134818.000,A,4825.1429,N,00428.4559,W,0.0,125.5,100626,,,A*63
$GNGGA,134819.000,4825.1429,N,00428.4559,W,1,52,0.2,90.7,M,52.0,M,,*6C
$GNVTG,125.5,T,,M,0.0,N,0.0,K,A*10
$GPGSV,5,1,15,01,38,119,42,02,12,127,41,03,62,055,41,04,57,161,33,1*63
$GPGSV,5,2,15,06,31,302,22,09,30,195,23,19,44,287,34,28,13,041,32,1*6A
$GPGSV,5,3,15,31,18,070,40,1*5E
$GPGSV,5,4,15,01,38,119,33,03,62,055,45,04,57,161,35,06,31,302,40,8*6A
$GPGSV,5,5,15,09,30,195,34,28,13,041,30,8*67
$GQGSV,1,1,,,,,,,,,,,,,0.0*56
$GLGSV,2,1,05,69,79,203,36,70,26,215,28,83,36,138,37,84,85,329,30,1*7E
$GLGSV,2,2,05,85,35,320,39,1*4D
$GAGSV,6,1,19,102,14,287,25,104,58,126,34,106,44,165,29,109,24,184,22,7*77
$GAGSV,6,2,19,110,57,104,35,111,84,034,25,112,33,110,28,119,31,049,33,7*7D
$GAGSV,6,3,19,128,51,081,32,136,37,299,29,7*70
$GAGSV,6,4,19,102,14,287,35,104,58,126,43,106,44,165,42,109,24,184,37,1*7C
$GAGSV,6,5,19,110,57,104,43,112,33,110,31,119,31,049,31,128,51,081,37,1*78
$GAGSV,6,6,19,136,37,299,40,1*7B
$GBGSV,5,1,15,207,16,042,32,210,16,054,38,211,11,315,28,213,05,146,37,1*70
$GBGSV,5,2,15,227,69,201,32,228,32,155,40,230,37,305,31,232,33,225,23,3*77
$GBGSV,5,3,15,233,34,052,42,241,84,108,35,3*76
$GBGSV,5,4,15,227,69,201,38,228,32,155,36,230,37,305,39,233,34,052,34,5*76
$GBGSV,5,5,15,241,84,108,45,5*75
$GIGSV,1,1,,,,,,,,,,,,,0.0*4E
$GNGSA,A,3,01,02,03,04,19,28,31,,,,,,0.6,0.2,0.4,1*35
$GNGSA,A,3,01,03,04,06,09,28,,,,,,,0.6,0.2,0.4,1*32
$GNGSA,A,3,69,70,83,84,85,,,,,,,,0.6,0.2,0.4,2*30
$GNGSA,A,3,102,104,106,109,110,111,112,119,128,136,,,0.6,0.2,0.4,3*3F
$GNGSA,A,3,102,104,106,109,110,112,119,128,136,,,,0.6,0.2,0.4,3*0E
$GNGSA,A,3,207,210,211,213,227,228,230,232,233,241,,,0.6,0.2,0.4,4*38
$GNGSA,A,3,227,228,230,233,241,,,,,,,,0.6,0.2,0.4,4*0F
$GNRMC,134819.000,A,4825.1429,N,00428.4559,W,0.0,125.5,100626,,,A*62
$GNGGA,134820.000,4825.1429,N,00428.4559,W,1,51,0.2,90.7,M,52.0,M,,*65
$GNVTG,125.5,T,,M,0.0,N,0.0,K,A*10
$GPGSV,5,1,15,01,38,119,42,02,12,127,41,03,62,055,41,04,57,161,33,1*63
$GPGSV,5,2,15,06,31,302,22,09,30,195,24,19,44,287,34,28,13,041,32,1*6D
$GPGSV,5,3,15,31,18,070,40,1*5E
$GPGSV,5,4,15,01,38,119,33,03,62,055,45,04,57,161,36,06,31,302,40,8*69
$GPGSV,5,5,15,09,30,195,34,28,13,041,30,8*67
$GQGSV,1,1,,,,,,,,,,,,,0.0*56
$GLGSV,2,1,05,69,79,203,36,70,26,215,27,83,36,138,37,84,85,329,30,1*71
$GLGSV,2,2,05,85,35,320,39,1*4D
$GAGSV,5,1,18,102,14,287,25,104,58,126,34,106,44,165,29,109,24,184,22,7*75
$GAGSV,5,2,18,110,57,104,35,111,84,034,25,112,33,110,28,119,31,049,33,7*7F
$GAGSV,5,3,18,128,51,081,32,136,37,299,29,7*72
$GAGSV,5,4,18,102,14,287,35,106,44,165,42,109,24,184,37,110,57,104,43,1*74
$GAGSV,5,5,18,111,84,034,42,112,33,110,31,119,31,049,31,128,51,081,37,1*76
$GBGSV,5,1,16,207,16,042,32,210,16,054,38,211,11,315,28,213,05,146,37,1*73
$GBGSV,5,2,16,227,69,201,32,228,32,155,40,230,37,305,31,232,33,225,23,3*74
$GBGSV,5,3,16,233,34,052,42,241,84,106,35,3*7B
$GBGSV,5,4,16,227,69,201,38,228,32,155,36,230,37,305,39,232,33,225,31,5*74
$GBGSV,5,5,16,233,34,052,34,241,84,106,45,5*7D
$GIGSV,1,1,,,,,,,,,,,,,0.0*4E
$GNGSA,A,3,01,02,03,04,19,28,31,,,,,,0.6,0.2,0.4,1*35
$GNGSA,A,3,01,03,04,06,09,28,,,,,,,0.6,0.2,0.4,1*32
$GNGSA,A,3,69,70,83,84,85,,,,,,,,0.6,0.2,0.4,2*30
$GNGSA,A,3,102,104,106,109,110,111,112,119,128,136,,,0.6,0.2,0.4,3*3F
$GNGSA,A,3,102,106,109,110,111,112,119,128,,,,,0.6,0.2,0.4,3*3E
$GNGSA,A,3,207,210,213,227,228,230,232,233,241,,,,0.6,0.2,0.4,4*0A
$GNGSA,A,3,227,228,230,232,233,241,,,,,,,0.6,0.2,0.4,4*3C
$GNRMC,134820.000,A,4825.1429,N,00428.4559,W,0.0,125.5,100626,,,A*68
$GNGGA,134821.000,4825.1429,N,00428.4559,W,1,50,0.2,90.7,M,52.0,M,,*65
$GNVTG,125.5,T,,M,0.0,N,0.0,K,A*10
$GPGSV,5,1,15,01,38,119,42,02,12,127,41,03,62,055,41,04,57,161,33,1*63
$GPGSV,5,2,15,06,31,302,22,09,30,195,24,19,44,287,34,28,13,041,32,1*6D
$GPGSV,5,3,15,31,18,070,40,1*5E
$GPGSV,5,4,15,01,38,119,33,03,62,055,45,04,57,161,36,06,31,302,40,8*69
$GPGSV,5,5,15,09,30,195,34,28,13,041,30,8*67
$GQGSV,1,1,,,,,,,,,,,,,0.0*56
$GLGSV,2,1,05,69,79,203,36,70,26,215,27,83,36,138,37,84,85,329,30,1*71
$GLGSV,2,2,05,85,35,320,39,1*4D
$GAGSV,5,1,18,102,14,287,25,104,58,126,34,106,44,165,29,109,24,184,23,7*74
$GAGSV,5,2,18,110,57,104,35,111,84,034,25,112,33,110,29,119,31,049,33,7*7E
$GAGSV,5,3,18,128,51,081,32,136,37,299,29,7*72
$GAGSV,5,4,18,102,14,287,35,104,58,126,43,106,44,165,42,109,24,184,37,1*7E
$GAGSV,5,5,18,111,84,034,42,112,33,110,31,119,31,049,30,128,51,081,37,1*77
$GBGSV,5,1,16,207,16,042,32,210,16,054,38,211,11,315,28,213,05,146,37,1*73
$GBGSV,5,2,16,227,69,201,32,228,32,155,40,230,37,305,31,232,33,225,23,3*74
$GBGSV,5,3,16,233,34,052,42,241,84,106,35,3*7B
$GBGSV,5,4,16,227,69,201,38,228,32,155,36,230,37,305,39,232,33,225,31,5*74
$GBGSV,5,5,16,233,34,052,34,241,84,106,45,5*7D
$GIGSV,1,1,,,,,,,,,,,,,0.0*4E
$GNGSA,A,3,01,02,03,04,19,28,31,,,,,,0.6,0.2,0.4,1*35
$GNGSA,A,3,01,03,04,06,09,28,,,,,,,0.6,0.2,0.4,1*32
$GNGSA,A,3,69,83,84,85,,,,,,,,,0.6,0.2,0.4,2*37
$GNGSA,A,3,102,104,106,109,110,111,112,119,128,136,,,0.6,0.2,0.4,3*3F
$GNGSA,A,3,102,104,106,109,111,112,119,128,,,,,0.6,0.2,0.4,3*3B
$GNGSA,A,3,207,210,211,213,227,228,230,233,241,,,,0.6,0.2,0.4,4*0B
$GNGSA,A,3,227,228,230,232,233,241,,,,,,,0.6,0.2,0.4,4*3C
$GNRMC,134821.000,A,4825.1429,N,00428.4559,W,0.0,125.5,100626,,,A*69
$GNGGA,134822.000,4825.1429,N,00428.4559,W,1,52,0.2,90.8,M,52.0,M,,*6B
$GNVTG,125.5,T,,M,0.0,N,0.0,K,A*10
$GPGSV,5,1,15,01,38,119,42,02,12,127,41,03,62,055,41,04,57,161,33,1*63
$GPGSV,5,2,15,06,31,302,22,09,30,195,29,19,44,287,34,28,13,041,32,1*60
$GPGSV,5,3,15,31,18,070,40,1*5E
$GPGSV,5,4,15,01,38,119,33,03,62,055,45,04,57,161,36,06,31,302,40,8*69
$GPGSV,5,5,15,09,30,195,33,28,13,041,30,8*60
$GQGSV,1,1,,,,,,,,,,,,,0.0*56
$GLGSV,2,1,05,69,79,203,36,70,26,215,27,83,36,138,37,84,85,329,30,1*71
$GLGSV,2,2,05,85,35,320,39,1*4D
$GAGSV,6,1,19,102,14,287,25,104,58,126,34,106,44,165,29,109,24,184,23,7*76
$GAGSV,6,2,19,110,57,104,35,111,84,034,25,112,33,110,29,119,31,049,33,7*7C
$GAGSV,6,3,19,128,51,081,32,136,37,299,29,7*70
$GAGSV,6,4,19,102,14,287,35,104,58,126,43,106,44,165,42,109,24,184,37,1*7C
$GAGSV,6,5,19,111,84,034,42,112,33,110,31,119,31,049,30,128,51,081,37,1*75
$GAGSV,6,6,19,136,37,299,41,1*7A
$GBGSV,5,1,15,207,16,042,32,210,16,054,38,211,11,315,28,213,05,146,37,1*70
$GBGSV,5,2,15,227,69,201,32,228,32,155,40,230,37,305,31,232,33,225,23,3*77
$GBGSV,5,3,15,233,34,052,42,241,84,106,35,3*78
$GBGSV,5,4,15,227,69,201,38,228,32,155,36,230,37,305,39,233,34,052,34,5*76
$GBGSV,5,5,15,241,84,106,45,5*7B
$GIGSV,1,1,,,,,,,,,,,,,0.0*4E
$GNGSA,A,3,01,02,03,04,06,19,28,31,,,,,0.6,0.2,0.4,1*33
$GNGSA,A,3,01,03,04,06,09,28,,,,,,,0.6,0.2,0.4,1*32
$GNGSA,A,3,69,70,83,84,85,,,,,,,,0.6,0.2,0.4,2*30
$GNGSA,A,3,102,104,106,109,110,111,112,119,128,136,,,0.6,0.2,0.4,3*3F
$GNGSA,A,3,102,104,106,109,111,112,119,128,136,,,,0.6,0.2,0.4,3*0F
$GNGSA,A,3,207,210,211,213,227,228,230,233,241,,,,0.6,0.2,0.4,4*0B
$GNGSA,A,3,227,228,230,233,241,,,,,,,,0.6,0.2,0.4,4*0F
$GNRMC,134822.000,A,4825.1429,N,00428.4559,W,0.0,125.5,100626,,,A*6A
$GNGGA,134823.000,4825.1429,N,00428.4559,W,1,51,0.2,90.8,M,52.0,M,,*69
$GNVTG,125.5,T,,M,0.0,N,0.0,K,A*10
$GPGSV,5,1,15,01,38,119,42,02,12,127,41,03,62,055,41,04,57,161,32,1*62
$GPGSV,5,2,15,06,31,302,22,09,30,195,29,19,44,287,34,28,13,041,32,1*60
$GPGSV,5,3,15,31,18,070,40,1*5E
$GPGSV,5,4,15,01,38,119,33,03,62,055,45,04,57,161,36,06,31,302,40,8*69
$GPGSV,5,5,15,09,30,195,33,28,13,041,30,8*60
$GQGSV,1,1,,,,,,,,,,,,,0.0*56
$GLGSV,2,1,05,69,79,203,36,70,26,215,26,83,36,138,37,84,85,329,30,1*70
$GLGSV,2,2,05,85,35,320,38,1*4C
$GAGSV,6,1,19,102,14,287,25,104,58,126,34,106,44,165,30,109,24,184,23,7*7E
$GAGSV,6,2,19,110,57,104,35,111,84,034,25,112,33,110,29,119,31,049,33,7*7C
$GAGSV,6,3,19,128,51,081,32,136,37,299,29,7*70
$GAGSV,6,4,19,102,14,287,35,104,58,126,43,106,44,165,42,109,24,184,37,1*7C
$GAGSV,6,5,19,110,57,104,42,112,33,110,31,119,31,049,30,128,51,081,37,1*78
$GAGSV,6,6,19,136,37,299,41,1*7A
$GBGSV,5,1,15,207,16,042,33,210,16,054,38,211,11,315,28,213,05,146,37,1*71
$GBGSV,5,2,15,227,69,201,32,228,32,155,40,230,37,305,32,232,33,225,23,3*74
$GBGSV,5,3,15,233,34,052,42,241,84,106,35,3*78
$GBGSV,5,4,15,227,69,201,38,228,32,155,36,232,33,225,31,233,34,052,34,5*7B
$GBGSV,5,5,15,241,84,106,45,5*7B
$GIGSV,1,1,,,,,,,,,,,,,0.0*4E
$GNGSA,A,3,01,02,03,04,06,19,28,31,,,,,0.6,0.2,0.4,1*33
$GNGSA,A,3,01,03,04,06,09,28,,,,,,,0.6,0.2,0.4,1*32
$GNGSA,A,3,69,70,83,84,85,,,,,,,,0.6,0.2,0.4,2*30
$GNGSA,A,3,102,104,106,110,111,112,119,128,136,,,,0.6,0.2,0.4,3*07
$GNGSA,A,3,102,104,106,109,110,112,119,128,136,,,,0.6,0.2,0.4,3*0E
$GNGSA,A,3,207,210,211,213,227,228,230,233,241,,,,0.6,0.2,0.4,4*0B
$GNGSA,A,3,227,228,232,233,241,,,,,,,,0.6,0.2,0.4,4*0D
$GNRMC,134823.000,A,4825.1429,N,00428.4559,W,0.0,125.5,100626,,,A*6B
$GNGGA,134824.000,4825.1429,N,00428.4559,W,1,48,0.4,90.8,M,52.0,M,,*60
$GNVTG,125.5,T,,M,0.0,N,0.0,K,A*10
$GPGSV,5,1,15,01,37,119,42,02,12,127,41,03,62,055,40,04,57,161,32,1*6C
$GPGSV,5,2,15,06,31,302,22,09,30,195,29,19,44,287,34,28,13,041,32,1*60
$GPGSV,5,3,15,31,18,070,40,1*5E
$GPGSV,5,4,15,01,37,119,33,03,62,055,45,04,57,161,36,06,31,302,40,8*66
$GPGSV,5,5,15,09,30,195,33,28,13,041,29,8*68
$GQGSV,1,1,,,,,,,,,,,,,0.0*56
$GLGSV,2,1,05,69,79,203,36,70,26,215,26,83,36,138,38,84,85,329,30,1*7F
$GLGSV,2,2,05,85,35,320,38,1*4C
$GAGSV,6,1,19,102,14,287,24,104,58,126,34,106,44,165,30,109,24,184,23,7*7F
$GAGSV,6,2,19,110,57,104,35,111,84,034,25,112,33,110,29,119,31,049,33,7*7C
$GAGSV,6,3,19,128,51,081,32,136,37,299,29,7*70
$GAGSV,6,4,19,102,14,287,35,104,58,126,43,106,44,165,42,109,24,184,37,1*7C
$GAGSV,6,5,19,110,57,104,42,111,84,034,42,112,33,110,31,119,31,049,30,1*76
$GAGSV,6,6,19,128,51,081,37,1*7F
$GBGSV,5,1,15,207,16,042,33,210,16,054,38,211,11,315,27,213,05,146,37,1*7E
$GBGSV,5,2,15,227,69,201,32,228,32,155,40,230,37,305,32,232,33,225,22,3*75
$GBGSV,5,3,15,233,34,052,42,241,84,106,35,3*78
$GBGSV,5,4,15,227,69,201,38,228,32,155,36,230,37,305,39,232,33,225,31,5*77
$GBGSV,5,5,15,241,84,106,45,5*7B
$GIGSV,1,1,,,,,,,,,,,,,0.0*4E
$GNGSA,A,3,01,02,03,04,06,19,28,31,,,,,0.6,0.4,0.6,1*37
$GNGSA,A,3,01,03,04,06,09,28,,,,,,,0.6,0.4,0.6,1*36
$GNGSA,A,3,69,83,84,85,,,,,,,,,0.6,0.4,0.6,2*33
$GNGSA,A,3,104,106,110,111,112,119,128,136,,,,,0.6,0.4,0.6,3*30
$GNGSA,A,3,102,104,106,109,110,111,112,119,128,,,,0.6,0.4,0.6,3*0F
$GNGSA,A,3,207,210,213,227,228,230,233,241,,,,,0.6,0.4,0.6,4*3D
$GNGSA,A,3,227,228,230,232,241,,,,,,,,0.6,0.4,0.6,4*0A
$GNRMC,134824.000,A,4825.1429,N,00428.4559,W,0.0,125.5,100626,,,A*6C
$GNGGA,134825.000,4825.1429,N,00428.4559,W,1,50,0.4,90.8,M,52.0,M,,*68
$GNVTG,125.5,T,,M,0.0,N,0.0,K,A*10
$GPGSV,5,1,15,01,37,119,42,02,12,127,41,03,62,055,40,04,57,161,32,1*6C
$GPGSV,5,2,15,06,31,302,22,09,30,195,29,19,44,287,34,28,13,041,32,1*60
$GPGSV,5,3,15,31,18,070,40,1*5E
$GPGSV,5,4,15,01,37,119,33,03,62,055,45,04,57,161,36,06,31,302,40,8*66
$GPGSV,5,5,15,09,30,195,33,28,13,041,29,8*68
$GQGSV,1,1,,,,,,,,,,,,,0.0*56
$GLGSV,2,1,05,69,79,203,36,70,26,215,25,83,36,138,38,84,85,329,30,1*7C
$GLGSV,2,2,05,85,35,320,38,1*4C
$GAGSV,6,1,20,102,14,287,24,104,58,126,34,106,44,165,31,109,24,184,23,7*74
$GAGSV,6,2,20,110,57,104,35,111,84,034,24,112,33,110,29,119,31,049,33,7*77
$GAGSV,6,3,20,128,51,081,32,136,37,299,28,7*7B
$GAGSV,6,4,20,102,14,287,36,104,58,126,43,106,44,165,42,109,24,184,37,1*75
$GAGSV,6,5,20,110,57,104,42,111,84,034,42,112,33,110,31,119,31,049,30,1*7C
$GAGSV,6,6,20,128,51,081,37,136,37,299,41,1*72
$GBGSV,4,1,14,207,16,042,33,210,16,054,38,211,11,315,26,213,05,146,37,1*7F
$GBGSV,4,2,14,227,69,201,32,228,32,155,40,230,37,305,32,232,33,225,22,3*75
$GBGSV,4,3,14,233,34,052,42,241,84,106,35,3*78
$GBGSV,4,4,14,227,69,201,38,228,32,155,36,232,33,225,31,241,84,106,45,5*73
$GIGSV,1,1,,,,,,,,,,,,,0.0*4E
$GNGSA,A,3,01,02,03,04,06,19,28,31,,,,,0.6,0.4,0.4,1*35
$GNGSA,A,3,01,03,04,06,09,28,,,,,,,0.6,0.4,0.4,1*34
$GNGSA,A,3,69,70,83,84,85,,,,,,,,0.6,0.4,0.4,2*36
$GNGSA,A,3,104,106,110,111,112,119,128,136,,,,,0.6,0.4,0.4,3*32
$GNGSA,A,3,102,104,106,109,110,111,112,119,128,136,,,0.6,0.4,0.4,3*39
$GNGSA,A,3,207,210,213,227,228,230,232,233,241,,,,0.6,0.4,0.4,4*0C
$GNGSA,A,3,227,228,232,241,,,,,,,,,0.6,0.4,0.4,4*39
$GNRMC,134825.000,A,4825.1429,N,00428.4559,W,0.0,125.5,100626,,,A*6D
$GNGGA,134826.000,4825.1429,N,00428.4559,W,1,50,0.2,90.8,M,52.0,M,,*6D
$GNVTG,125.5,T,,M,0.0,N,0.0,K,A*10
$GPGSV,5,1,15,01,37,119,42,02,12,127,41,03,62,055,40,04,57,161,32,1*6C
$GPGSV,5,2,15,06,31,302,22,09,30,195,29,19,44,287,34,28,13,041,32,1*60
$GPGSV,5,3,15,31,18,070,40,1*5E
$GPGSV,5,4,15,01,37,119,33,03,62,055,45,04,57,161,36,06,31,302,40,8*66
$GPGSV,5,5,15,09,30,195,33,28,13,041,29,8*68
$GQGSV,1,1,,,,,,,,,,,,,0.0*56
$GLGSV,2,1,05,69,79,203,36,70,26,215,25,83,36,138,38,84,85,329,30,1*7C
$GLGSV,2,2,05,85,35,320,38,1*4C
$GAGSV,6,1,20,102,14,287,24,104,58,126,34,106,44,165,31,109,24,184,23,7*74
$GAGSV,6,2,20,110,57,104,35,111,84,036,24,112,33,110,29,119,31,049,33,7*75
$GAGSV,6,3,20,128,51,081,33,136,37,299,28,7*7A
$GAGSV,6,4,20,102,14,287,36,104,58,126,43,106,44,165,42,109,24,184,36,1*74
$GAGSV,6,5,20,110,57,104,42,111,84,036,42,112,33,110,31,119,31,049,30,1*7E
$GAGSV,6,6,20,128,51,081,37,136,37,299,41,1*72
$GBGSV,4,1,14,207,16,042,33,210,16,054,38,211,11,315,25,213,05,146,37,1*7C
$GBGSV,4,2,14,227,69,201,32,228,32,155,40,230,37,305,32,232,33,225,22,3*75
$GBGSV,4,3,14,233,34,052,42,241,84,106,35,3*78
$GBGSV,4,4,14,228,32,155,35,230,37,305,39,233,34,052,34,241,84,106,45,5*78
$GIGSV,1,1,,,,,,,,,,,,,0.0*4E
$GNGSA,A,3,01,02,03,04,09,19,28,31,,,,,0.6,0.2,0.4,1*3C
$GNGSA,A,3,01,03,04,06,09,28,,,,,,,0.6,0.2,0.4,1*32
$GNGSA,A,3,69,83,84,85,,,,,,,,,0.6,0.2,0.4,2*37
$GNGSA,A,3,102,104,106,110,111,112,119,128,136,,,,0.6,0.2,0.4,3*07
$GNGSA,A,3,102,104,106,109,110,111,112,119,128,136,,,0.6,0.2,0.4,3*3F
$GNGSA,A,3,207,210,213,227,228,230,232,233,241,,,,0.6,0.2,0.4,4*0A
$GNGSA,A,3,228,230,233,241,,,,,,,,,0.6,0.2,0.4,4*38
$GNRMC,134826.000,A,4825.1429,N,00428.4559,W,0.0,125.5,100626,,,A*6E
$GNGGA,134827.000,4825.1429,N,00428.4559,W,1,50,0.4,90.8,M,52.0,M,,*6A
$GNVTG,125.5,T,,M,0.0,N,0.0,K,A*10
$GPGSV,5,1,15,01,37,119,42,02,12,127,41,03,62,055,40,04,57,161,33,1*6D
$GPGSV,5,2,15,06,32,302,22,09,30,195,28,19,44,287,34,28,13,041,32,1*62
$GPGSV,5,3,15,31,18,070,40,1*5E
$GPGSV,5,4,15,01,37,119,33,03,62,055,45,04,57,161,36,06,32,302,40,8*65
$GPGSV,5,5,15,09,30,195,33,28,13,041,29,8*68
$GQGSV,1,1,,,,,,,,,,,,,0.0*56
$GLGSV,2,1,05,69,79,203,36,70,26,215,25,83,36,138,38,84,85,329,30,1*7C
$GLGSV,2,2,05,85,35,320,38,1*4C
$GAGSV,6,1,20,102,14,287,24,104,58,126,34,106,44,165,31,109,24,184,22,7*75
$GAGSV,6,2,20,110,57,104,35,111,84,036,24,112,33,110,29,119,31,049,33,7*75
$GAGSV,6,3,20,128,51,081,33,136,37,299,28,7*7A
$GAGSV,6,4,20,102,14,287,36,104,58,126,43,106,44,165,42,109,24,184,36,1*74
$GAGSV,6,5,20,110,57,104,42,111,84,036,42,112,33,110,31,119,31,049,30,1*7E
$GAGSV,6,6,20,128,51,081,37,136,37,299,41,1*72
$GBGSV,4,1,14,207,16,042,33,210,16,054,39,211,11,315,25,213,05,146,37,1*7D
$GBGSV,4,2,14,227,69,201,32,228,32,155,40,230,37,305,32,232,33,225,22,3*75
$GBGSV,4,3,14,233,34,052,42,241,84,106,35,3*78
$GBGSV,4,4,14,227,69,201,38,228,32,155,35,233,34,052,34,241,84,106,45,5*71
$GIGSV,1,1,,,,,,,,,,,,,0.0*4E
$GNGSA,A,3,01,02,03,04,19,28,31,,,,,,0.6,0.4,0.4,1*33
$GNGSA,A,3,01,03,04,06,09,28,,,,,,,0.6,0.4,0.4,1*34
$GNGSA,A,3,69,83,84,85,,,,,,,,,0.6,0.4,0.4,2*31
$GNGSA,A,3,102,104,106,110,111,112,119,128,136,,,,0.6,0.4,0.4,3*01
$GNGSA,A,3,102,104,106,109,110,111,112,119,128,136,,,0.6,0.4,0.4,3*39
$GNGSA,A,3,207,210,211,213,227,228,230,232,233,241,,,0.6,0.4,0.4,4*3E
$GNGSA,A,3,227,228,233,241,,,,,,,,,0.6,0.4,0.4,4*38
$GNRMC,134827.000,A,4825.1429,N,00428.4559,W,0.0,125.5,100626,,,A*6F
$GNGGA,134828.000,4825.1429,N,00428.4559,W,1,52,0.2,90.8,M,52.0,M,,*61
$GNVTG,125.5,T,,M,0.0,N,0.0,K,A*10
$GPGSV,5,1,15,01,37,119,42,02,12,127,41,03,62,055,40,04,57,161,33,1*6D
$GPGSV,5,2,15,06,32,302,22,09,30,195,28,19,44,286,34,28,13,041,32,1*63
$GPGSV,5,3,15,31,18,070,40,1*5E
$GPGSV,5,4,15,01,37,119,33,03,62,055,45,04,57,161,36,06,32,302,40,8*65
$GPGSV,5,5,15,09,30,195,33,28,13,041,29,8*68
$GQGSV,1,1,,,,,,,,,,,,,0.0*56
$GLGSV,2,1,05,69,79,203,36,70,26,215,25,83,36,138,38,84,85,329,29,1*74
$GLGSV,2,2,05,85,35,320,38,1*4C
$GAGSV,5,1,18,102,14,287,24,104,58,126,34,106,44,165,32,109,24,184,22,7*7E
$GAGSV,5,2,18,110,57,104,35,111,84,036,24,112,33,110,29,119,31,049,33,7*7D
$GAGSV,5,3,18,128,51,081,33,136,37,299,28,7*72
$GAGSV,5,4,18,102,14,287,36,106,44,165,42,109,24,184,37,110,57,104,42,1*76
$GAGSV,5,5,18,112,33,110,32,119,31,049,30,128,51,081,36,136,37,299,41,1*7E
$GBGSV,5,1,16,207,16,042,33,210,16,054,39,211,11,315,24,213,05,146,37,1*7F
$GBGSV,5,2,16,227,69,201,31,228,32,155,40,230,37,305,32,232,33,225,22,3*75
$GBGSV,5,3,16,233,34,052,42,241,84,106,35,3*7B
$GBGSV,5,4,16,227,69,201,38,228,32,155,35,230,37,305,39,232,33,225,32,5*74
$GBGSV,5,5,16,233,34,052,34,241,84,106,45,5*7D
$GIGSV,1,1,,,,,,,,,,,,,0.0*4E
$GNGSA,A,3,01,02,03,04,06,19,28,31,,,,,0.6,0.2,0.4,1*33
$GNGSA,A,3,01,03,04,06,09,28,,,,,,,0.6,0.2,0.4,1*32
$GNGSA,A,3,69,70,83,84,85,,,,,,,,0.6,0.2,0.4,2*30
$GNGSA,A,3,102,104,106,110,111,112,119,128,136,,,,0.6,0.2,0.4,3*07
$GNGSA,A,3,102,106,109,110,112,119,128,136,,,,,0.6,0.2,0.4,3*3B
$GNGSA,A,3,207,210,211,213,227,228,230,232,233,241,,,0.6,0.2,0.4,4*38
$GNGSA,A,3,227,228,230,232,233,241,,,,,,,0.6,0.2,0.4,4*3C
$GNRMC,134828.000,A,4825.1429,N,00428.4559,W,0.0,125.5,100626,,,A*60
$GNGGA,134829.000,4825.1429,N,00428.4559,W,1,50,0.2,90.9,M,52.0,M,,*63
$GNVTG,125.5,T,,M,0.0,N,0.0,K,A*10
$GPGSV,5,1,15,01,37,119,42,02,12,127,40,03,62,055,40,04,57,161,33,1*6C
$GPGSV,5,2,15,06,32,302,22,09,30,195,28,19,44,286,34,28,13,041,32,1*63
$GPGSV,5,3,15,31,18,070,40,1*5E
$GPGSV,5,4,15,01,37,119,34,03,62,055,45,04,57,161,36,06,32,302,40,8*62
$GPGSV,5,5,15,09,30,195,33,28,13,041,29,8*68
$GQGSV,1,1,,,,,,,,,,,,,0.0*56
$GLGSV,2,1,05,69,79,203,36,70,26,215,25,83,36,138,38,84,85,329,29,1*74
$GLGSV,2,2,05,85,35,320,38,1*4C
$GAGSV,6,1,19,102,14,287,24,104,58,126,34,106,44,165,32,109,24,184,22,7*7C
$GAGSV,6,2,19,110,57,104,35,111,84,036,25,112,33,110,29,119,31,049,33,7*7E
$GAGSV,6,3,19,128,51,081,33,136,37,299,28,7*70
$GAGSV,6,4,19,102,14,287,35,104,58,126,43,109,24,184,37,110,57,104,42,1*7E
$GAGSV,6,5,19,111,84,036,42,112,33,110,32,119,31,049,30,128,51,081,36,1*75
$GAGSV,6,6,19,136,37,299,41,1*7A
$GBGSV,5,1,15,207,16,042,33,210,16,054,39,211,11,315,24,213,05,146,37,1*7C
$GBGSV,5,2,15,227,69,201,31,228,32,155,40,230,37,305,32,232,33,225,22,3*76
$GBGSV,5,3,15,233,34,052,42,241,84,106,35,3*78
$GBGSV,5,4,15,227,69,201,38,228,32,155,35,230,37,305,39,232,33,225,32,5*77
$GBGSV,5,5,15,241,84,106,45,5*7B
$GIGSV,1,1,,,,,,,,,,,,,0.0*4E
$GNGSA,A,3,01,02,03,04,06,19,28,31,,,,,0.6,0.2,0.4,1*33
$GNGSA,A,3,01,03,04,06,09,28,,,,,,,0.6,0.2,0.4,1*32
$GNGSA,A,3,69,83,84,85,,,,,,,,,0.6,0.2,0.4,2*37
$GNGSA,A,3,102,104,106,110,111,112,119,128,136,,,,0.6,0.2,0.4,3*07
$GNGSA,A,3,102,104,109,110,111,112,119,128,136,,,,0.6,0.2,0.4,3*08
$GNGSA,A,3,207,210,213,227,228,230,232,233,241,,,,0.6,0.2,0.4,4*0A
$GNGSA,A,3,227,228,230,232,241,,,,,,,,0.6,0.2,0.4,4*0E
$GNRMC,134829.000,A,4825.1429,N,00428.4559,W,0.0,125.5,100626,,,A*61
$GNGGA,134830.000,4825.1429,N,00428.4559,W,1,50,0.2,90.9,M,52.0,M,,*6B
$GNVTG,125.5,T,,M,0.0,N,0.0,K,A*10
$GPGSV,5,1,15,01,37,119,42,02,12,127,40,03,62,055,40,04,57,161,33,1*6C
$GPGSV,5,2,15,06,32,302,22,09,30,195,28,19,44,286,34,28,13,041,32,1*63
$GPGSV,5,3,15,31,18,070,40,1*5E
$GPGSV,5,4,15,01,37,119,34,03,62,055,45,04,57,161,36,06,32,302,40,8*62
$GPGSV,5,5,15,09,30,195,33,28,13,041,30,8*60
$GQGSV,1,1,,,,,,,,,,,,,0.0*56
$GLGSV,2,1,05,69,79,203,36,70,26,215,25,83,36,138,38,84,85,329,29,1*74
$GLGSV,2,2,05,85,35,320,38,1*4C
$GAGSV,5,1,18,102,14,287,24,104,58,126,34,106,44,165,32,109,24,184,22,7*7E
$GAGSV,5,2,18,110,57,104,35,111,84,036,25,112,33,110,29,119,31,049,33,7*7C
$GAGSV,5,3,18,128,51,081,33,136,37,299,28,7*72
$GAGSV,5,4,18,102,14,287,35,106,44,165,42,109,24,184,37,110,57,104,42,1*75
$GAGSV,5,5,18,112,33,110,33,119,31,049,31,128,51,081,36,136,37,299,41,1*7E
$GBGSV,5,1,16,207,16,042,33,210,16,054,39,211,11,315,24,213,05,146,37,1*7F
$GBGSV,5,2,16,227,69,201,31,228,32,155,40,230,37,305,32,232,33,225,22,3*75
$GBGSV,5,3,16,233,34,052,42,241,84,106,35,3*7B
$GBGSV,5,4,16,227,69,201,39,228,32,155,36,230,37,305,39,232,33,225,32,5*76
$GBGSV,5,5,16,233,34,052,34,241,84,106,45,5*7D
$GIGSV,1,1,,,,,,,,,,,,,0.0*4E
$GNGSA,A,3,01,02,03,04,19,28,31,,,,,,0.6,0.2,0.4,1*35
$GNGSA,A,3,01,03,04,06,09,28,,,,,,,0.6,0.2,0.4,1*32
$GNGSA,A,3,69,83,84,85,,,,,,,,,0.6,0.2,0.4,2*37
$GNGSA,A,3,102,104,106,110,111,112,119,128,136,,,,0.6,0.2,0.4,3*07
$GNGSA,A,3,102,106,109,110,112,119,128,136,,,,,0.6,0.2,0.4,3*3B
$GNGSA,A,3,207,210,211,213,227,228,230,232,233,241,,,0.6,0.2,0.4,4*38
$GNGSA,A,3,227,228,230,232,233,241,,,,,,,0.6,0.2,0.4,4*3C
$GNRMC,134830.000,A,4825.1429,N,00428.4559,W,0.0,125.5,100626,,,A*69
$GNGGA,134831.000,4825.1429,N,00428.4560,W,1,51,0.2,90.9,M,52.0,M,,*61
$GNVTG,125.5,T,,M,0.0,N,0.0,K,A*10
$GPGSV,5,1,15,01,37,119,42,02,12,127,40,03,62,055,40,04,57,161,33,1*6C
$GPGSV,5,2,15,06,32,302,22,09,30,195,28,19,44,286,34,28,13,041,32,1*63
$GPGSV,5,3,15,31,18,070,40,1*5E
$GPGSV,5,4,15,01,37,119,35,03,62,055,45,04,57,161,36,06,32,302,40,8*63
$GPGSV,5,5,15,09,30,195,33,28,13,041,30,8*60
$GQGSV,1,1,,,,,,,,,,,,,0.0*56
$GLGSV,2,1,05,69,79,203,36,70,26,215,25,83,36,138,38,84,85,329,29,1*74
$GLGSV,2,2,05,85,35,320,38,1*4C
$GAGSV,5,1,18,102,14,287,24,104,58,126,33,106,44,165,33,109,24,184,22,7*78
$GAGSV,5,2,18,110,57,105,35,111,84,036,25,112,33,110,29,119,31,049,33,7*7D
$GAGSV,5,3,18,128,51,081,33,136,37,299,28,7*72
$GAGSV,5,4,18,102,14,287,35,104,58,126,43,106,44,165,42,109,24,184,37,1*7E
$GAGSV,5,5,18,110,57,105,42,111,84,036,42,112,33,110,33,128,51,081,36,1*73
$GBGSV,5,1,16,207,16,042,33,210,16,054,39,211,11,315,24,213,05,146,37,1*7F
$GBGSV,5,2,16,227,69,201,31,228,32,155,40,230,37,305,32,232,33,225,22,3*75
$GBGSV,5,3,16,233,34,052,42,241,84,106,35,3*7B
$GBGSV,5,4,16,227,69,201,39,228,32,155,36,230,37,305,39,232,33,225,32,5*76
$GBGSV,5,5,16,233,34,052,34,241,84,106,45,5*7D
$GIGSV,1,1,,,,,,,,,,,,,0.0*4E
$GNGSA,A,3,01,02,03,04,19,28,31,,,,,,0.6,0.2,0.4,1*35
$GNGSA,A,3,01,03,04,06,09,28,,,,,,,0.6,0.2,0.4,1*32
$GNGSA,A,3,69,70,83,84,85,,,,,,,,0.6,0.2,0.4,2*30
$GNGSA,A,3,102,104,106,110,111,112,119,128,136,,,,0.6,0.2,0.4,3*07
$GNGSA,A,3,102,104,106,109,110,111,112,128,,,,,0.6,0.2,0.4,3*32
$GNGSA,A,3,207,210,211,213,227,228,230,232,233,241,,,0.6,0.2,0.4,4*38
$GNGSA,A,3,227,228,230,232,233,241,,,,,,,0.6,0.2,0.4,4*3C
$GNRMC,134831.000,A,4825.1429,N,00428.4560,W,0.0,125.5,100626,,,A*62
$GNGGA,134832.000,4825.1429,N,00428.4560,W,1,51,0.2,90.9,M,52.0,M,,*62
$GNVTG,125.5,T,,M,0.0,N,0.0,K,A*10
$GPGSV,5,1,15,01,37,119,42,02,12,127,40,03,62,055,40,04,57,161,33,1*6C
$GPGSV,5,2,15,06,32,302,23,09,30,195,27,19,44,286,34,28,13,041,32,1*6D
$GPGSV,5,3,15,31,18,070,40,1*5E
$GPGSV,5,4,15,01,37,119,35,03,62,055,45,04,57,161,36,06,32,302,40,8*63
$GPGSV,5,5,15,09,30,195,33,28,13,041,30,8*60
$GQGSV,1,1,,,,,,,,,,,,,0.0*56
$GLGSV,2,1,05,69,79,203,36,70,26,215,25,83,36,138,38,84,85,329,29,1*74
$GLGSV,2,2,05,85,35,320,38,1*4C
$GAGSV,5,1,18,102,14,287,24,104,58,126,33,106,44,165,33,109,24,184,22,7*78
$GAGSV,5,2,18,110,57,105,35,111,84,036,25,112,33,110,29,119,31,049,33,7*7D
$GAGSV,5,3,18,128,51,081,33,136,37,299,28,7*72
$GAGSV,5,4,18,104,58,126,43,106,44,165,42,109,24,184,37,110,57,105,42,1*73
$GAGSV,5,5,18,111,84,036,42,112,33,110,33,128,51,081,36,136,37,299,41,1*74
$GBGSV,5,1,16,207,16,042,33,210,16,054,39,211,11,315,24,213,05,146,37,1*7F
$GBGSV,5,2,16,227,69,201,31,228,32,155,39,230,37,305,32,232,33,225,22,3*7B
$GBGSV,5,3,16,233,34,052,42,241,84,106,35,3*7B
$GBGSV,5,4,16,227,69,201,39,228,32,155,36,230,37,305,39,232,33,225,32,5*76
$GBGSV,5,5,16,233,34,052,34,241,84,106,45,5*7D
$GIGSV,1,1,,,,,,,,,,,,,0.0*4E
$GNGSA,A,3,01,02,03,04,06,19,28,31,,,,,0.6,0.2,0.4,1*33
$GNGSA,A,3,01,03,04,06,09,28,,,,,,,0.6,0.2,0.4,1*32
$GNGSA,A,3,69,70,83,84,85,,,,,,,,0.6,0.2,0.4,2*30
$GNGSA,A,3,102,104,106,110,111,112,119,128,136,,,,0.6,0.2,0.4,3*07
$GNGSA,A,3,104,106,109,110,111,112,128,136,,,,,0.6,0.2,0.4,3*35
$GNGSA,A,3,207,210,213,227,228,230,232,233,241,,,,0.6,0.2,0.4,4*0A
$GNGSA,A,3,227,228,230,232,233,241,,,,,,,0.6,0.2,0.4,4*3C
$GNRMC,134832.000,A,4825.1429,N,00428.4560,W,0.0,125.5,100626,,,A*61
$GNGGA,134833.000,4825.1429,N,00428.4560,W,1,50,0.4,90.9,M,52.0,M,,*64
$GNVTG,125.5,T,,M,0.0,N,0.0,K,A*10
$GPGSV,5,1,15,01,37,119,42,02,12,127,40,03,62,055,40,04,57,161,33,1*6C
$GPGSV,5,2,15,06,32,302,23,09,30,195,27,19,44,286,34,28,13,041,32,1*6D
$GPGSV,5,3,15,31,18,070,40,1*5E
$GPGSV,5,4,15,01,37,119,35,03,62,055,45,04,57,161,35,06,32,302,40,8*60
$GPGSV,5,5,15,09,30,195,33,28,13,041,30,8*60
$GQGSV,1,1,,,,,,,,,,,,,0.0*56
$GLGSV,2,1,05,69,79,203,36,70,26,215,25,83,36,138,38,84,85,329,29,1*74
$GLGSV,2,2,05,85,35,320,38,1*4C
$GAGSV,6,1,19,102,14,287,24,104,58,126,33,106,44,165,33,109,24,184,22,7*7A
$GAGSV,6,2,19,110,57,105,35,111,84,036,25,112,32,110,29,119,31,049,33,7*7E
$GAGSV,6,3,19,128,51,081,33,136,37,299,28,7*70
$GAGSV,6,4,19,104,58,126,43,106,44,165,42,109,24,184,37,110,57,105,42,1*71
$GAGSV,6,5,19,111,84,036,42,112,32,110,33,119,31,049,31,128,51,081,36,1*74
$GAGSV,6,6,19,136,37,299,41,1*7A
$GBGSV,5,1,15,207,16,042,33,210,16,054,39,211,11,315,23,213,05,146,37,1*7B
$GBGSV,5,2,15,227,69,201,31,228,32,155,39,230,37,305,32,232,33,225,22,3*78
$GBGSV,5,3,15,233,34,052,42,241,84,106,35,3*78
$GBGSV,5,4,15,227,69,201,39,228,32,155,36,230,37,305,39,232,33,225,32,5*75
$GBGSV,5,5,15,241,84,106,45,5*7B
$GIGSV,1,1,,,,,,,,,,,,,0.0*4E
$GNGSA,A,3,01,02,03,04,06,19,28,31,,,,,0.6,0.4,0.4,1*35
$GNGSA,A,3,01,03,04,06,09,28,,,,,,,0.6,0.4,0.4,1*34
$GNGSA,A,3,69,70,83,84,85,,,,,,,,0.6,0.4,0.4,2*36
$GNGSA,A,3,102,104,106,110,111,112,119,128,136,,,,0.6,0.4,0.4,3*01
$GNGSA,A,3,104,106,109,110,111,112,119,128,136,,,,0.6,0.4,0.4,3*0A
$GNGSA,A,3,207,210,213,227,228,230,233,241,,,,,0.6,0.4,0.4,4*3F
$GNGSA,A,3,227,228,230,232,241,,,,,,,,0.6,0.4,0.4,4*08
$GNRMC,134833.000,A,4825.1429,N,00428.4560,W,0.0,125.5,100626,,,A*60
$GNGGA,134834.000,4825.1429,N,00428.4560,W,1,49,0.4,90.9,M,52.0,M,,*6B
$GNVTG,125.5,T,,M,0.0,N,0.0,K,A*10
$GPGSV,5,1,15,01,37,119,42,02,12,127,40,03,62,055,41,04,57,161,33,1*6D
$GPGSV,5,2,15,06,32,302,23,09,30,195,27,19,44,286,34,28,13,041,32,1*6D
$GPGSV,5,3,15,31,18,070,40,1*5E
$GPGSV,5,4,15,01,37,119,35,03,62,055,45,04,57,161,35,06,32,302,40,8*60
$GPGSV,5,5,15,09,30,195,33,28,13,041,30,8*60
$GQGSV,1,1,,,,,,,,,,,,,0.0*56
$GLGSV,2,1,05,69,79,203,36,70,26,215,25,83,36,138,38,84,85,329,29,1*74
$GLGSV,2,2,05,85,35,320,38,1*4C
$GAGSV,5,1,18,102,14,287,24,104,58,126,33,106,44,165,33,109,24,184,22,7*78
$GAGSV,5,2,18,110,57,105,35,111,84,036,25,112,32,110,29,119,31,049,33,7*7C
$GAGSV,5,3,18,128,51,081,33,136,37,299,28,7*72
$GAGSV,5,4,18,102,14,287,35,104,58,126,43,106,44,165,42,109,24,184,37,1*7E
$GAGSV,5,5,18,112,32,110,33,119,31,049,31,128,51,081,36,136,37,299,41,1*7F
$GBGSV,5,1,16,207,16,042,33,210,16,054,38,211,11,315,23,213,05,146,37,1*79
$GBGSV,5,2,16,227,69,201,31,228,32,155,39,230,37,305,32,232,33,225,21,3*78
$GBGSV,5,3,16,233,34,052,42,241,84,106,35,3*7B
$GBGSV,5,4,16,227,69,201,39,228,32,155,36,230,37,305,39,232,33,225,32,5*76
$GBGSV,5,5,16,233,34,052,34,241,84,106,45,5*7D
$GIGSV,1,1,,,,,,,,,,,,,0.0*4E
$GNGSA,A,3,01,02,03,04,09,19,28,31,,,,,0.6,0.4,0.6,1*38
$GNGSA,A,3,01,03,04,06,09,28,,,,,,,0.6,0.4,0.6,1*36
$GNGSA,A,3,69,83,84,85,,,,,,,,,0.6,0.4,0.6,2*33
$GNGSA,A,3,104,106,110,111,112,119,128,136,,,,,0.6,0.4,0.6,3*30
$GNGSA,A,3,102,104,106,109,112,119,128,136,,,,,0.6,0.4,0.6,3*3A
$GNGSA,A,3,207,210,213,227,228,230,232,233,241,,,,0.6,0.4,0.6,4*0E
$GNGSA,A,3,227,228,230,232,233,241,,,,,,,0.6,0.4,0.6,4*38
$GNRMC,134834.000,A,4825.1429,N,00428.4560,W,0.0,125.5,100626,,,A*67
$GNGGA,134835.000,4825.1429,N,00428.4560,W,1,52,0.2,91.0,M,52.0,M,,*6E
$GNVTG,125.5,T,,M,0.0,N,0.0,K,A*10
$GPGSV,5,1,15,01,37,119,42,02,12,127,40,03,62,055,41,04,57,161,33,1*6D
$GPGSV,5,2,15,06,32,302,23,09,30,195,27,19,44,286,34,28,13,041,32,1*6D
$GPGSV,5,3,15,31,18,070,40,1*5E
$GPGSV,5,4,15,01,37,119,35,03,62,055,45,04,57,161,35,06,32,302,40,8*60
$GPGSV,5,5,15,09,30,195,32,28,13,041,31,8*60
$GQGSV,1,1,,,,,,,,,,,,,0.0*56
$GLGSV,2,1,05,69,79,203,36,70,26,215,25,83,36,138,38,84,85,329,29,1*74
$GLGSV,2,2,05,85,35,320,38,1*4C
$GAGSV,6,1,19,102,14,287,24,104,58,126,33,106,44,165,34,109,24,184,21,7*7E
$GAGSV,6,2,19,110,57,105,35,111,84,036,25,112,32,110,29,119,31,049,33,7*7E
$GAGSV,6,3,19,128,51,081,33,136,37,299,28,7*70
$GAGSV,6,4,19,104,58,126,43,106,44,165,42,109,24,184,37,110,57,105,42,1*71
$GAGSV,6,5,19,111,84,036,42,112,32,110,33,119,31,049,31,128,51,081,36,1*74
$GAGSV,6,6,19,136,37,299,41,1*7A
$GBGSV,5,1,15,207,16,042,34,210,16,054,38,211,11,315,23,213,05,146,37,1*7D
$GBGSV,5,2,15,227,69,201,31,228,32,155,39,230,37,305,32,232,33,225,21,3*7B
$GBGSV,5,3,15,233,34,052,42,241,84,106,35,3*78
$GBGSV,5,4,15,227,69,201,39,230,37,305,39,232,33,225,32,233,34,052,35,5*7C
$GBGSV,5,5,15,241,84,106,45,5*7B
$GIGSV,1,1,,,,,,,,,,,,,0.0*4E
$GNGSA,A,3,01,02,03,04,09,19,28,31,,,,,0.6,0.2,0.4,1*3C
$GNGSA,A,3,01,03,04,06,09,28,,,,,,,0.6,0.2,0.4,1*32
$GNGSA,A,3,69,70,83,84,85,,,,,,,,0.6,0.2,0.4,2*30
$GNGSA,A,3,102,104,106,110,111,112,119,128,136,,,,0.6,0.2,0.4,3*07
$GNGSA,A,3,104,106,109,110,111,112,119,128,136,,,,0.6,0.2,0.4,3*0C
$GNGSA,A,3,207,210,211,213,227,228,230,232,233,241,,,0.6,0.2,0.4,4*38
$GNGSA,A,3,227,230,232,233,241,,,,,,,,0.6,0.2,0.4,4*04
$GNRMC,134835.000,A,4825.1429,N,00428.4560,W,0.0,125.5,100626,,,A*66
$GNGGA,134836.000,4825.1429,N,00428.4560,W,1,51,0.2,91.0,M,52.0,M,,*6E
$GNVTG,125.5,T,,M,0.0,N,0.0,K,A*10
$GPGSV,5,1,15,01,37,119,42,02,12,127,40,03,62,055,41,04,57,161,33,1*6D
$GPGSV,5,2,15,06,32,302,23,09,30,195,27,19,44,286,34,28,13,041,32,1*6D
$GPGSV,5,3,15,31,18,070,40,1*5E
$GPGSV,5,4,15,01,37,119,35,03,62,055,45,04,57,161,35,06,32,302,40,8*60
$GPGSV,5,5,15,09,30,195,32,28,13,041,31,8*60
$GQGSV,1,1,,,,,,,,,,,,,0.0*56
$GLGSV,2,1,05,69,79,203,36,70,26,215,25,83,36,138,38,84,85,329,29,1*74
$GLGSV,2,2,05,85,35,320,38,1*4C
$GAGSV,6,1,19,102,14,287,24,104,58,126,33,106,44,165,34,109,24,184,21,7*7E
$GAGSV,6,2,19,110,57,105,35,111,84,036,26,112,32,110,29,119,31,049,34,7*7A
$GAGSV,6,3,19,128,51,081,33,136,37,299,28,7*70
$GAGSV,6,4,19,102,14,287,36,104,58,126,43,106,44,165,42,109,24,184,37,1*7F
$GAGSV,6,5,19,110,57,105,42,112,32,110,32,119,31,049,31,128,51,081,36,1*7B
$GAGSV,6,6,19,136,37,299,41,1*7A
$GBGSV,5,1,15,207,16,042,34,210,16,054,38,211,11,315,23,213,05,146,37,1*7D
$GBGSV,5,2,15,227,69,201,30,228,32,155,39,230,37,305,32,232,33,225,21,3*7A
$GBGSV,5,3,15,233,34,052,42,241,84,106,35,3*78
$GBGSV,5,4,15,227,69,201,39,230,37,305,39,232,33,225,32,233,34,052,35,5*7C
$GBGSV,5,5,15,241,84,106,45,5*7B
$GIGSV,1,1,,,,,,,,,,,,,0.0*4E
$GNGSA,A,3,01,02,03,04,09,19,28,31,,,,,0.6,0.2,0.4,1*3C
$GNGSA,A,3,01,03,04,06,09,28,,,,,,,0.6,0.2,0.4,1*32
$GNGSA,A,3,69,83,84,85,,,,,,,,,0.6,0.2,0.4,2*37
$GNGSA,A,3,102,104,106,110,111,112,119,128,136,,,,0.6,0.2,0.4,3*07
$GNGSA,A,3,102,104,106,109,110,112,119,128,136,,,,0.6,0.2,0.4,3*0E
$GNGSA,A,3,207,210,211,213,227,228,230,232,233,241,,,0.6,0.2,0.4,4*38
$GNGSA,A,3,227,230,232,233,241,,,,,,,,0.6,0.2,0.4,4*04
$GNRMC,134836.000,A,4825.1429,N,00428.4560,W,0.0,125.5,100626,,,A*65
$GNGGA,134837.000,4825.1429,N,00428.4560,W,1,52,0.2,91.0,M,52.0,M,,*6C
$GNVTG,125.5,T,,M,0.0,N,0.0,K,A*10
$GPGSV,5,1,15,01,37,119,42,02,12,127,40,03,62,055,41,04,57,161,33,1*6D
$GPGSV,5,2,15,06,32,302,24,09,30,195,27,19,44,286,34,28,13,041,32,1*6A
$GPGSV,5,3,15,31,18,070,40,1*5E
$GPGSV,5,4,15,01,37,119,35,03,62,055,45,04,57,161,35,06,32,302,39,8*6E
$GPGSV,5,5,15,09,30,195,32,28,13,041,30,8*61
$GQGSV,1,1,,,,,,,,,,,,,0.0*56
$GLGSV,2,1,05,69,79,203,36,70,26,215,25,83,36,138,38,84,85,329,29,1*74
$GLGSV,2,2,05,85,35,320,38,1*4C
$GAGSV,5,1,18,102,14,287,24,104,58,126,33,106,44,165,34,109,24,184,21,7*7C
$GAGSV,5,2,18,110,57,105,35,111,84,036,26,112,32,110,29,119,31,049,34,7*78
$GAGSV,5,3,18,128,51,081,33,136,37,299,28,7*72
$GAGSV,5,4,18,102,14,287,36,104,58,126,43,106,44,165,42,109,24,184,37,1*7D
$GAGSV,5,5,18,111,84,036,42,112,32,110,32,119,31,049,32,128,51,081,36,1*74
$GBGSV,5,1,16,207,16,042,34,210,16,054,38,211,11,315,23,213,05,146,37,1*7E
$GBGSV,5,2,16,227,69,201,30,228,32,155,39,230,37,305,32,232,33,225,21,3*79
$GBGSV,5,3,16,233,34,052,42,241,84,106,35,3*7B
$GBGSV,5,4,16,227,69,201,39,228,32,155,36,230,37,305,39,232,33,225,32,5*76
$GBGSV,5,5,16,233,34,052,35,241,84,106,45,5*7C
$GIGSV,1,1,,,,,,,,,,,,,0.0*4E
$GNGSA,A,3,01,02,03,04,09,19,28,31,,,,,0.6,0.2,0.4,1*3C
$GNGSA,A,3,01,03,04,06,09,28,,,,,,,0.6,0.2,0.4,1*32
$GNGSA,A,3,69,70,83,84,85,,,,,,,,0.6,0.2,0.4,2*30
$GNGSA,A,3,102,104,106,110,111,112,119,128,136,,,,0.6,0.2,0.4,3*07
$GNGSA,A,3,102,104,106,109,111,112,119,128,,,,,0.6,0.2,0.4,3*3B
$GNGSA,A,3,207,210,211,213,227,228,230,232,233,241,,,0.6,0.2,0.4,4*38
$GNGSA,A,3,227,228,230,232,233,241,,,,,,,0.6,0.2,0.4,4*3C
$GNRMC,134837.000,A,4825.1429,N,00428.4560,W,0.0,125.5,100626,,,A*64
$GNGGA,134838.000,4825.1429,N,00428.4560,W,1,50,0.2,91.0,M,52.0,M,,*61
$GNVTG,125.5,T,,M,0.0,N,0.0,K,A*10
$GPGSV,5,1,15,01,37,119,42,02,12,127,40,03,62,055,41,04,57,161,33,1*6D
$GPGSV,5,2,15,06,32,302,24,09,30,195,27,19,44,286,33,28,13,041,32,1*6D
$GPGSV,5,3,15,31,18,070,40,1*5E
$GPGSV,5,4,15,01,37,119,35,03,62,055,45,04,57,161,35,06,32,302,39,8*6E
$GPGSV,5,5,15,09,30,195,32,28,13,041,30,8*61
$GQGSV,1,1,,,,,,,,,,,,,0.0*56
$GLGSV,2,1,05,69,79,203,36,70,26,215,25,83,36,138,38,84,85,329,29,1*74
$GLGSV,2,2,05,85,35,320,38,1*4C
$GAGSV,6,1,20,102,14,287,24,104,58,126,33,106,44,165,34,109,24,184,21,7*74
$GAGSV,6,2,20,110,57,105,35,111,84,036,26,112,32,110,29,119,31,049,34,7*70
$GAGSV,6,3,20,128,51,081,33,136,37,299,28,7*7A
$GAGSV,6,4,20,102,14,287,36,104,58,126,43,106,44,165,42,109,24,184,37,1*75
$GAGSV,6,5,20,110,57,105,42,111,84,036,42,112,32,110,32,119,31,049,32,1*7F
$GAGSV,6,6,20,128,51,081,36,136,37,299,41,1*73
$GBGSV,4,1,14,207,16,042,34,210,16,054,38,211,11,315,23,213,05,146,37,1*7D
$GBGSV,4,2,14,227,69,201,30,228,32,155,39,230,37,305,32,232,33,225,21,3*7A
$GBGSV,4,3,14,233,34,052,42,241,84,106,35,3*78
$GBGSV,4,4,14,227,69,201,39,228,32,155,37,230,37,305,39,232,33,225,32,5*74
$GIGSV,1,1,,,,,,,,,,,,,0.0*4E
$GNGSA,A,3,01,02,03,04,19,28,31,,,,,,0.6,0.2,0.4,1*35
$GNGSA,A,3,01,03,04,06,09,28,,,,,,,0.6,0.2,0.4,1*32
$GNGSA,A,3,69,70,83,84,85,,,,,,,,0.6,0.2,0.4,2*30
$GNGSA,A,3,102,104,106,110,111,112,119,128,136,,,,0.6,0.2,0.4,3*07
$GNGSA,A,3,102,104,106,109,110,111,112,119,128,136,,,0.6,0.2,0.4,3*3F
$GNGSA,A,3,207,210,213,227,228,230,232,233,241,,,,0.6,0.2,0.4,4*0A
$GNGSA,A,3,227,228,230,232,,,,,,,,,0.6,0.2,0.4,4*39
$GNRMC,134838.000,A,4825.1429,N,00428.4560,W,0.0,125.5,100626,,,A*6B
$GNGGA,134839.000,4825.1429,N,00428.4560,W,1,50,0.4,91.0,M,52.0,M,,*66
$GNVTG,125.5,T,,M,0.0,N,0.0,K,A*10
$GPGSV,5,1,15,01,37,119,42,02,12,127,40,03,62,055,41,04,57,161,33,1*6D
$GPGSV,5,2,15,06,32,302,24,09,30,195,27,19,44,286,33,28,13,041,32,1*6D
$GPGSV,5,3,15,31,18,070,40,1*5E
$GPGSV,5,4,15,01,37,119,35,03,62,055,44,04,57,161,35,06,32,302,39,8*6F
$GPGSV,5,5,15,09,30,195,32,28,13,041,30,8*61
$GQGSV,1,1,,,,,,,,,,,,,0.0*56
$GLGSV,2,1,05,69,79,203,36,70,26,215,25,83,36,138,38,84,85,329,29,1*74
$GLGSV,2,2,05,85,35,320,38,1*4C
$GAGSV,5,1,18,102,14,287,24,104,58,126,33,106,44,165,33,109,24,184,21,7*7B
$GAGSV,5,2,18,110,57,105,35,111,84,036,26,112,32,110,29,119,31,049,34,7*78
$GAGSV,5,3,18,128,51,081,33,136,37,299,28,7*72
$GAGSV,5,4,18,104,58,126,43,106,44,165,42,110,57,105,42,111,84,036,42,1*7A
$GAGSV,5,5,18,112,32,110,31,119,31,049,32,128,51,081,36,136,37,299,41,1*7E
$GBGSV,5,1,16,207,16,042,34,210,16,054,38,211,11,315,23,213,05,146,37,1*7E
$GBGSV,5,2,16,227,69,201,30,228,32,155,39,230,37,305,32,232,33,225,21,3*79
$GBGSV,5,3,16,233,34,052,42,241,84,106,35,3*7B
$GBGSV,5,4,16,227,69,201,39,228,32,155,37,230,37,305,39,232,33,225,32,5*77
$GBGSV,5,5,16,233,34,052,35,241,84,106,44,5*7D
$GIGSV,1,1,,,,,,,,,,,,,0.0*4E
$GNGSA,A,3,01,02,03,04,06,19,28,31,,,,,0.6,0.4,0.6,1*37
$GNGSA,A,3,01,03,04,06,09,28,,,,,,,0.6,0.4,0.6,1*36
$GNGSA,A,3,69,83,84,85,,,,,,,,,0.6,0.4,0.6,2*33
$GNGSA,A,3,104,106,110,111,112,119,128,136,,,,,0.6,0.4,0.6,3*30
$GNGSA,A,3,104,106,110,111,112,119,128,136,,,,,0.6,0.4,0.6,3*30
$GNGSA,A,3,207,210,211,213,227,228,230,232,233,241,,,0.6,0.4,0.6,4*3C
$GNGSA,A,3,227,228,230,232,233,241,,,,,,,0.6,0.4,0.6,4*38
$GNRMC,134839.000,A,4825.1429,N,00428.4560,W,0.0,125.5,100626,,,A*6A
$GNGGA,134840.000,4825.1429,N,00428.4560,W,1,51,0.2,91.0,M,52.0,M,,*6F
$GNVTG,125.5,T,,M,0.0,N,0.0,K,A*10
$GPGSV,5,1,15,01,37,119,42,02,12,127,40,03,62,055,41,04,57,161,33,1*6D
$GPGSV,5,2,15,06,32,302,25,09,30,195,27,19,44,286,33,28,13,041,32,1*6C
$GPGSV,5,3,15,31,18,070,40,1*5E
$GPGSV,5,4,15,01,37,119,35,03,62,055,44,04,57,161,35,06,32,302,39,8*6F
$GPGSV,5,5,15,09,30,195,32,28,13,041,30,8*61
$GQGSV,1,1,,,,,,,,,,,,,0.0*56
$GLGSV,2,1,05,69,79,203,36,70,26,215,25,83,36,138,38,84,85,329,29,1*74
$GLGSV,2,2,05,85,35,320,38,1*4C
$GAGSV,5,1,18,102,14,287,24,104,58,126,33,106,44,165,33,109,24,184,21,7*7B
$GAGSV,5,2,18,110,57,105,35,111,84,036,27,112,32,110,29,119,31,049,34,7*79
$GAGSV,5,3,18,128,51,081,33,136,37,299,28,7*72
$GAGSV,5,4,18,102,14,287,35,104,58,126,43,106,44,165,42,109,24,184,37,1*7E
$GAGSV,5,5,18,111,84,036,42,112,32,110,31,119,31,049,32,128,51,081,36,1*77
$GBGSV,5,1,16,207,16,042,34,210,16,054,38,211,11,315,23,213,05,146,37,1*7E
$GBGSV,5,2,16,227,69,201,30,228,32,155,39,230,37,305,32,232,33,225,21,3*79
$GBGSV,5,3,16,233,34,052,42,241,84,106,35,3*7B
$GBGSV,5,4,16,227,69,201,39,228,32,155,37,230,37,305,39,232,33,225,33,5*76
$GBGSV,5,5,16,233,34,052,35,241,84,106,44,5*7D
$GIGSV,1,1,,,,,,,,,,,,,0.0*4E
$GNGSA,A,3,01,02,03,04,06,09,19,28,31,,,,0.6,0.2,0.4,1*3A
$GNGSA,A,3,01,03,04,06,09,28,,,,,,,0.6,0.2,0.4,1*32
$GNGSA,A,3,69,70,83,84,85,,,,,,,,0.6,0.2,0.4,2*30
$GNGSA,A,3,104,106,110,111,112,119,128,136,,,,,0.6,0.2,0.4,3*34
$GNGSA,A,3,102,104,106,109,111,112,119,128,,,,,0.6,0.2,0.4,3*3B
$GNGSA,A,3,207,210,213,227,228,230,232,233,241,,,,0.6,0.2,0.4,4*0A
$GNGSA,A,3,227,228,230,232,233,241,,,,,,,0.6,0.2,0.4,4*3C
$GNRMC,134840.000,A,4825.1429,N,00428.4560,W,0.0,125.5,100626,,,A*64
$GNGGA,134841.000,4825.1429,N,00428.4560,W,1,51,0.2,91.0,M,52.0,M,,*6E
$GNVTG,125.5,T,,M,0.0,N,0.0,K,A*10
$GPGSV,5,1,15,01,37,119,42,02,12,127,40,03,62,055,41,04,57,161,33,1*6D
$GPGSV,5,2,15,06,32,302,25,09,30,195,27,19,44,286,33,28,13,041,32,1*6C
$GPGSV,5,3,15,31,18,070,40,1*5E
$GPGSV,5,4,15,01,37,119,35,03,62,055,44,04,57,161,35,06,32,302,39,8*6F
$GPGSV,5,5,15,09,30,195,32,28,13,041,30,8*61
$GQGSV,1,1,,,,,,,,,,,,,0.0*56
$GLGSV,2,1,05,69,79,203,36,70,26,215,25,83,35,138,38,84,85,329,29,1*77
$GLGSV,2,2,05,85,35,320,38,1*4C
$GAGSV,6,1,19,102,14,287,24,104,58,126,33,106,44,165,33,109,24,184,20,7*78
$GAGSV,6,2,19,110,57,105,35,111,84,036,27,112,32,110,29,119,31,049,34,7*7B
$GAGSV,6,3,19,128,51,081,33,136,37,299,27,7*7F
$GAGSV,6,4,19,102,14,287,35,104,58,126,43,106,44,165,42,109,24,184,37,1*7C
$GAGSV,6,5,19,110,57,105,43,111,84,036,42,112,32,110,31,119,31,049,32,1*77
$GAGSV,6,6,19,128,51,081,36,1*7E
$GBGSV,5,1,15,207,16,042,34,210,16,054,38,211,11,315,23,213,05,146,37,1*7D
$GBGSV,5,2,15,227,69,201,30,228,32,155,40,230,37,305,32,232,33,225,21,3*74
$GBGSV,5,3,15,233,34,052,42,241,84,106,35,3*78
$GBGSV,5,4,15,227,69,201,39,230,37,305,39,232,33,225,33,233,34,052,35,5*7D
$GBGSV,5,5,15,241,84,106,44,5*7A
$GIGSV,1,1,,,,,,,,,,,,,0.0*4E
$GNGSA,A,3,01,02,03,04,06,09,19,28,31,,,,0.6,0.2,0.4,1*3A
$GNGSA,A,3,01,03,04,06,09,28,,,,,,,0.6,0.2,0.4,1*32
$GNGSA,A,3,69,70,83,84,85,,,,,,,,0.6,0.2,0.4,2*30
$GNGSA,A,3,102,104,106,110,111,112,119,128,136,,,,0.6,0.2,0.4,3*07
$GNGSA,A,3,102,104,106,109,110,111,112,119,128,,,,0.6,0.2,0.4,3*0B
$GNGSA,A,3,207,210,213,227,228,230,233,241,,,,,0.6,0.2,0.4,4*39
$GNGSA,A,3,227,230,232,233,241,,,,,,,,0.6,0.2,0.4,4*04
$GNRMC,134841.000,A,4825.1429,N,00428.4560,W,0.0,125.5,100626,,,A*65
$GNGGA,134842.000,4825.1429,N,00428.4560,W,1,48,0.4,91.0,M,52.0,M,,*63
$GNVTG,125.5,T,,M,0.0,N,0.0,K,A*10
$GPGSV,5,1,15,01,37,119,42,02,12,127,40,03,62,055,41,04,57,161,33,1*6D
$GPGSV,5,2,15,06,32,302,25,09,30,195,27,19,44,286,33,28,13,041,31,1*6F
$GPGSV,5,3,15,31,18,070,40,1*5E
$GPGSV,5,4,15,01,37,119,35,03,62,055,44,04,57,161,35,06,32,302,39,8*6F
$GPGSV,5,5,15,09,30,195,32,28,13,041,30,8*61
$GQGSV,1,1,,,,,,,,,,,,,0.0*56
$GLGSV,2,1,05,69,79,203,36,70,26,215,25,83,35,138,38,84,85,329,29,1*77
$GLGSV,2,2,05,85,35,320,38,1*4C
$GAGSV,6,1,19,102,14,287,24,104,58,126,33,106,44,165,33,109,24,184,20,7*78
$GAGSV,6,2,19,110,57,105,35,111,84,036,27,112,32,110,29,119,31,049,34,7*7B
$GAGSV,6,3,19,128,51,081,33,136,37,299,27,7*7F
$GAGSV,6,4,19,102,14,287,35,104,58,126,43,106,44,165,42,109,24,184,37,1*7C
$GAGSV,6,5,19,111,84,036,42,112,32,110,31,119,31,049,32,128,51,081,36,1*75
$GAGSV,6,6,19,136,37,299,40,1*7B
$GBGSV,5,1,15,207,16,042,34,210,16,054,38,211,11,315,23,213,05,146,37,1*7D
$GBGSV,5,2,15,227,69,201,30,228,32,155,40,230,37,305,32,232,33,225,21,3*74
$GBGSV,5,3,15,233,34,052,42,241,84,106,35,3*78
$GBGSV,5,4,15,227,69,201,39,228,32,155,36,230,37,305,39,232,33,225,33,5*74
$GBGSV,5,5,15,241,84,106,44,5*7A
$GIGSV,1,1,,,,,,,,,,,,,0.0*4E
$GNGSA,A,3,01,02,03,04,19,28,31,,,,,,0.6,0.4,0.6,1*31
$GNGSA,A,3,01,03,04,06,09,28,,,,,,,0.6,0.4,0.6,1*36
$GNGSA,A,3,69,83,85,,,,,,,,,,0.6,0.4,0.6,2*3F
$GNGSA,A,3,102,104,106,110,111,112,119,128,136,,,,0.6,0.4,0.6,3*03
$GNGSA,A,3,102,104,106,109,111,112,119,128,136,,,,0.6,0.4,0.6,3*0B
$GNGSA,A,3,207,210,213,227,228,230,232,233,241,,,,0.6,0.4,0.6,4*0E
$GNGSA,A,3,227,228,230,232,241,,,,,,,,0.6,0.4,0.6,4*0A
$GNRMC,134842.000,A,4825.1429,N,00428.4560,W,0.0,125.5,100626,,,A*66
$GNGGA,134843.000,4825.1429,N,00428.4560,W,1,51,0.2,91.0,M,52.0,M,,*6C
$GNVTG,125.5,T,,M,0.0,N,0.0,K,A*10
$GPGSV,5,1,15,01,37,119,42,02,12,127,40,03,62,055,41,04,57,161,33,1*6D
$GPGSV,5,2,15,06,32,302,26,09,30,195,27,19,44,286,33,28,13,041,31,1*6C
$GPGSV,5,3,15,31,18,070,40,1*5E
$GPGSV,5,4,15,01,37,119,35,03,62,055,44,04,57,161,35,06,32,302,39,8*6F
$GPGSV,5,5,15,09,30,195,32,28,13,041,29,8*69
$GQGSV,1,1,,,,,,,,,,,,,0.0*56
$GLGSV,2,1,05,69,79,203,35,70,26,215,26,83,35,138,38,84,85,329,29,1*77
$GLGSV,2,2,05,85,35,320,38,1*4C
$GAGSV,6,1,19,102,14,287,24,104,58,126,33,106,44,165,33,109,24,184,20,7*78
$GAGSV,6,2,19,110,57,105,35,111,84,036,27,112,32,110,29,119,31,049,34,7*7B
$GAGSV,6,3,19,128,51,081,33,136,37,299,27,7*7F
$GAGSV,6,4,19,102,14,287,36,104,58,126,43,106,44,165,42,109,24,184,37,1*7F
$GAGSV,6,5,19,110,57,105,42,111,84,036,42,112,32,110,30,119,31,049,32,1*77
$GAGSV,6,6,19,128,51,081,36,1*7E
$GBGSV,5,1,15,207,16,042,34,210,16,054,38,211,11,315,22,213,05,146,37,1*7C
$GBGSV,5,2,15,227,69,201,30,228,32,155,40,230,37,305,32,232,33,225,21,3*74
$GBGSV,5,3,15,233,34,052,42,241,84,106,35,3*78
$GBGSV,5,4,15,227,69,201,39,230,37,305,39,232,33,225,33,233,34,052,35,5*7D
$GBGSV,5,5,15,241,84,106,44,5*7A
$GIGSV,1,1,,,,,,,,,,,,,0.0*4E
$GNGSA,A,3,01,02,03,04,19,28,31,,,,,,0.6,0.2,0.4,1*35
$GNGSA,A,3,01,03,04,06,09,28,,,,,,,0.6,0.2,0.4,1*32
$GNGSA,A,3,69,70,83,84,85,,,,,,,,0.6,0.2,0.4,2*30
$GNGSA,A,3,102,104,106,110,111,112,119,128,136,,,,0.6,0.2,0.4,3*07
$GNGSA,A,3,102,104,106,109,110,111,112,119,128,,,,0.6,0.2,0.4,3*0B
$GNGSA,A,3,207,210,211,213,227,228,230,232,233,241,,,0.6,0.2,0.4,4*38
$GNGSA,A,3,227,230,232,233,241,,,,,,,,0.6,0.2,0.4,4*04
$GNRMC,134843.000,A,4825.1429,N,00428.4560,W,0.0,125.5,100626,,,A*67
$GNGGA,134844.000,4825.1429,N,00428.4560,W,1,49,0.4,91.0,M,52.0,M,,*64
$GNVTG,125.5,T,,M,0.0,N,0.0,K,A*10
$GPGSV,5,1,15,01,37,119,42,02,12,127,40,03,62,055,41,04,57,161,33,1*6D
$GPGSV,5,2,15,06,32,302,26,09,30,195,27,19,44,286,34,28,13,041,31,1*6B
$GPGSV,5,3,15,31,18,070,40,1*5E
$GPGSV,5,4,15,01,37,119,34,03,62,055,45,04,57,161,35,06,32,302,39,8*6F
$GPGSV,5,5,15,09,30,195,32,28,13,041,29,8*69
$GQGSV,1,1,,,,,,,,,,,,,0.0*56
$GLGSV,2,1,05,69,79,203,35,70,26,215,26,83,35,138,38,84,85,329,29,1*77
$GLGSV,2,2,05,85,35,320,38,1*4C
$GAGSV,6,1,20,102,14,287,24,104,58,126,33,106,44,165,33,109,24,184,20,7*72
$GAGSV,6,2,20,110,57,105,36,111,84,036,27,112,32,110,29,119,31,049,34,7*72
$GAGSV,6,3,20,128,51,081,33,136,37,299,27,7*75
$GAGSV,6,4,20,102,14,287,36,104,58,126,43,106,44,165,42,109,24,184,37,1*75
$GAGSV,6,5,20,110,57,105,42,111,84,036,42,112,32,110,30,119,31,049,32,1*7D
$GAGSV,6,6,20,128,51,081,36,136,37,299,40,1*72
$GBGSV,4,1,14,207,16,042,34,210,16,054,38,211,11,315,22,213,05,146,37,1*7C
$GBGSV,4,2,14,227,69,201,30,228,32,155,40,230,37,305,32,232,33,225,20,3*75
$GBGSV,4,3,14,233,34,052,42,241,84,106,35,3*78
$GBGSV,4,4,14,230,37,305,39,232,33,225,33,233,34,052,35,241,84,106,44,5*70
$GIGSV,1,1,,,,,,,,,,,,,0.0*4E
$GNGSA,A,3,01,02,03,04,19,28,31,,,,,,0.6,0.4,0.4,1*33
$GNGSA,A,3,01,03,04,06,09,28,,,,,,,0.6,0.4,0.4,1*34
$GNGSA,A,3,69,83,84,85,,,,,,,,,0.6,0.4,0.4,2*31
$GNGSA,A,3,102,104,106,110,111,112,119,128,136,,,,0.6,0.4,0.4,3*01
$GNGSA,A,3,102,104,106,109,110,111,112,119,128,136,,,0.6,0.4,0.4,3*39
$GNGSA,A,3,207,210,213,227,228,230,232,233,241,,,,0.6,0.4,0.4,4*0C
$GNGSA,A,3,230,232,233,241,,,,,,,,,0.6,0.4,0.4,4*35
$GNRMC,134844.000,A,4825.1429,N,00428.4560,W,0.0,125.5,100626,,,A*60
$GNGGA,134845.000,4825.1429,N,00428.4560,W,1,52,0.2,91.0,M,52.0,M,,*69
$GNVTG,125.5,T,,M,0.0,N,0.0,K,A*10
$GPGSV,5,1,15,01,37,119,42,02,12,127,40,03,62,055,41,04,57,161,33,1*6D
$GPGSV,5,2,15,06,32,302,26,09,30,195,27,19,44,286,34,28,13,041,31,1*6B
$GPGSV,5,3,15,31,18,070,40,1*5E
$GPGSV,5,4,15,01,37,119,34,03,62,055,45,04,57,161,35,06,32,302,40,8*61
$GPGSV,5,5,15,09,30,195,32,28,13,041,29,8*69
$GQGSV,1,1,,,,,,,,,,,,,0.0*56
$GLGSV,2,1,05,69,79,203,35,70,26,215,26,83,35,138,38,84,85,329,29,1*77
$GLGSV,2,2,05,85,35,320,38,1*4C
$GAGSV,6,1,19,102,14,287,24,104,58,126,33,106,44,165,33,109,24,184,20,7*78
$GAGSV,6,2,19,110,57,105,36,111,84,036,27,112,32,110,30,119,31,049,34,7*70
$GAGSV,6,3,19,128,51,081,33,136,37,299,27,7*7F
$GAGSV,6,4,19,104,58,126,43,106,44,165,42,109,24,184,37,110,57,105,42,1*71
$GAGSV,6,5,19,111,84,036,42,112,32,110,30,119,31,049,32,128,51,081,36,1*74
$GAGSV,6,6,19,136,37,299,40,1*7B
$GBGSV,5,1,15,207,16,042,34,210,16,054,38,211,11,315,22,213,05,146,37,1*7C
$GBGSV,5,2,15,227,69,201,30,228,32,155,40,230,37,305,32,232,33,225,20,3*75
$GBGSV,5,3,15,233,34,052,42,241,84,106,35,3*78
$GBGSV,5,4,15,227,69,201,39,230,37,305,39,232,33,225,34,233,34,052,35,5*7A
$GBGSV,5,5,15,241,84,106,44,5*7A
$GIGSV,1,1,,,,,,,,,,,,,0.0*4E
$GNGSA,A,3,01,02,03,04,09,19,28,31,,,,,0.6,0.2,0.4,1*3C
$GNGSA,A,3,01,03,04,06,09,28,,,,,,,0.6,0.2,0.4,1*32
$GNGSA,A,3,69,70,83,84,85,,,,,,,,0.6,0.2,0.4,2*30
$GNGSA,A,3,102,104,106,110,111,112,119,128,136,,,,0.6,0.2,0.4,3*07
$GNGSA,A,3,104,106,109,110,111,112,119,128,136,,,,0.6,0.2,0.4,3*0C
$GNGSA,A,3,207,210,211,213,227,228,230,232,233,241,,,0.6,0.2,0.4,4*38
$GNGSA,A,3,227,230,232,233,241,,,,,,,,0.6,0.2,0.4,4*04
$GNRMC,134845.000,A,4825.1429,N,00428.4560,W,0.0,125.5,100626,,,A*61
$GNGGA,134846.000,4825.1429,N,00428.4560,W,1,49,0.2,91.0,M,52.0,M,,*60
$GNVTG,125.5,T,,M,0.0,N,0.0,K,A*10
$GPGSV,5,1,15,01,37,119,42,02,12,127,40,03,62,055,41,04,57,161,33,1*6D
$GPGSV,5,2,15,06,32,302,26,09,30,195,27,19,44,286,34,28,13,041,31,1*6B
$GPGSV,5,3,15,31,18,070,40,1*5E
$GPGSV,5,4,15,01,37,119,34,03,62,055,45,04,57,161,35,06,32,302,40,8*61
$GPGSV,5,5,15,09,30,195,32,28,13,041,30,8*61
$GQGSV,1,1,,,,,,,,,,,,,0.0*56
$GLGSV,2,1,05,69,79,203,35,70,26,215,26,83,35,138,38,84,85,329,29,1*77
$GLGSV,2,2,05,85,35,320,38,1*4C
$GAGSV,5,1,18,102,14,287,24,104,58,126,33,106,44,165,33,109,24,184,20,7*7A
$GAGSV,5,2,18,110,57,105,36,111,84,036,27,112,32,110,30,119,31,049,34,7*72
$GAGSV,5,3,18,128,51,081,33,136,37,299,27,7*7D
$GAGSV,5,4,18,102,14,287,36,104,58,126,43,106,44,165,42,109,24,184,37,1*7D
$GAGSV,5,5,18,111,84,036,42,112,32,110,30,119,31,049,32,136,37,299,41,1*72
$GBGSV,5,1,16,207,16,042,34,210,16,054,38,211,11,315,22,213,05,146,37,1*7F
$GBGSV,5,2,16,227,69,201,30,228,32,155,40,230,37,305,32,232,33,225,20,3*76
$GBGSV,5,3,16,233,34,052,42,241,84,106,35,3*7B
$GBGSV,5,4,16,227,69,201,39,228,32,155,36,230,37,305,39,232,33,225,34,5*70
$GBGSV,5,5,16,233,34,052,35,241,84,106,44,5*7D
$GIGSV,1,1,,,,,,,,,,,,,0.0*4E
$GNGSA,A,3,01,02,03,04,09,19,28,31,,,,,0.6,0.2,0.4,1*3C
$GNGSA,A,3,01,03,04,06,09,28,,,,,,,0.6,0.2,0.4,1*32
$GNGSA,A,3,69,83,84,85,,,,,,,,,0.6,0.2,0.4,2*37
$GNGSA,A,3,102,104,106,110,111,112,119,128,136,,,,0.6,0.2,0.4,3*07
$GNGSA,A,3,102,104,106,109,111,112,119,136,,,,,0.6,0.2,0.4,3*34
$GNGSA,A,3,207,210,213,227,228,230,233,241,,,,,0.6,0.2,0.4,4*39
$GNGSA,A,3,227,228,230,232,233,241,,,,,,,0.6,0.2,0.4,4*3C
$GNRMC,134846.000,A,4825.1429,N,00428.4560,W,0.0,125.5,100626,,,A*62
$GNGGA,134847.000,4825.1429,N,00428.4560,W,1,50,0.2,91.0,M,52.0,M,,*69
$GNVTG,125.5,T,,M,0.0,N,0.0,K,A*10
$GPGSV,5,1,15,01,37,119,41,02,12,127,40,03,62,055,41,04,57,161,33,1*6E
$GPGSV,5,2,15,06,32,302,26,09,30,195,27,19,44,286,34,28,13,041,31,1*6B
$GPGSV,5,3,15,31,18,070,40,1*5E
$GPGSV,5,4,15,01,37,119,34,03,62,055,45,04,57,161,34,06,32,302,40,8*60
$GPGSV,5,5,15,09,30,195,32,28,13,041,30,8*61
$GQGSV,1,1,,,,,,,,,,,,,0.0*56
$GLGSV,2,1,05,69,79,203,35,70,26,215,26,83,35,138,38,84,85,329,29,1*77
$GLGSV,2,2,05,85,35,320,38,1*4C
$GAGSV,6,1,19,102,14,287,24,104,58,126,33,106,44,165,33,109,24,184,20,7*78
$GAGSV,6,2,19,110,57,105,36,111,84,036,27,112,32,110,30,119,31,049,34,7*70
$GAGSV,6,3,19,128,51,081,33,136,37,299,27,7*7F
$GAGSV,6,4,19,102,14,287,36,104,58,126,43,106,44,165,42,109,24,184,37,1*7F
$GAGSV,6,5,19,111,84,036,42,112,32,110,30,119,31,049,32,128,51,081,35,1*77
$GAGSV,6,6,19,136,37,299,41,1*7A
$GBGSV,5,1,15,207,16,042,34,210,16,054,38,211,11,315,22,213,05,146,37,1*7C
$GBGSV,5,2,15,227,69,201,30,228,32,155,40,230,37,305,32,232,33,225,20,3*75
$GBGSV,5,3,15,233,33,052,42,241,84,106,35,3*7F
$GBGSV,5,4,15,228,32,155,36,230,37,305,39,232,33,225,34,233,33,052,35,5*71
$GBGSV,5,5,15,241,84,106,44,5*7A
$GIGSV,1,1,,,,,,,,,,,,,0.0*4E
$GNGSA,A,3,01,02,03,04,09,19,28,31,,,,,0.6,0.2,0.4,1*3C
$GNGSA,A,3,01,03,04,06,09,28,,,,,,,0.6,0.2,0.4,1*32
$GNGSA,A,3,69,83,84,85,,,,,,,,,0.6,0.2,0.4,2*37
$GNGSA,A,3,102,104,106,110,111,112,119,128,136,,,,0.6,0.2,0.4,3*07
$GNGSA,A,3,102,104,106,109,111,112,119,128,136,,,,0.6,0.2,0.4,3*0F
$GNGSA,A,3,207,210,211,213,227,228,230,233,241,,,,0.6,0.2,0.4,4*0B
$GNGSA,A,3,228,230,232,233,241,,,,,,,,0.6,0.2,0.4,4*0B
$GNRMC,134847.000,A,4825.1429,N,00428.4560,W,0.0,125.5,100626,,,A*63
$GNGGA,134848.000,4825.1429,N,00428.4560,W,1,51,0.2,91.1,M,52.0,M,,*66
$GNVTG,125.5,T,,M,0.0,N,0.0,K,A*10
$GPGSV,5,1,15,01,37,119,41,02,12,127,40,03,62,055,41,04,57,161,33,1*6E
$GPGSV,5,2,15,06,32,302,26,09,30,195,27,19,44,286,34,28,13,041,31,1*6B
$GPGSV,5,3,15,31,18,070,40,1*5E
$GPGSV,5,4,15,01,37,119,33,03,62,055,45,04,57,161,34,06,32,302,40,8*67
$GPGSV,5,5,15,09,30,195,32,28,13,041,30,8*61
$GQGSV,1,1,,,,,,,,,,,,,0.0*56
$GLGSV,2,1,05,69,79,203,35,70,26,215,26,83,35,138,38,84,85,329,29,1*77
$GLGSV,2,2,05,85,35,320,38,1*4C
$GAGSV,5,1,18,102,14,287,25,104,58,126,33,106,44,165,33,109,24,184,20,7*7B
$GAGSV,5,2,18,110,57,105,36,111,84,036,27,112,32,110,30,119,31,049,34,7*72
$GAGSV,5,3,18,128,51,081,33,136,37,299,27,7*7D
$GAGSV,5,4,18,102,14,287,36,104,58,126,43,109,24,184,37,110,57,105,42,1*7E
$GAGSV,5,5,18,112,32,110,30,119,31,049,32,128,51,081,36,136,37,299,41,1*7F
$GBGSV,5,1,16,207,16,042,34,210,16,054,38,211,11,315,22,213,05,146,37,1*7F
$GBGSV,5,2,16,227,69,201,30,228,32,155,40,230,37,305,32,232,33,225,20,3*76
$GBGSV,5,3,16,233,33,052,42,241,84,106,35,3*7C
$GBGSV,5,4,16,227,69,201,38,228,32,155,36,230,37,305,39,232,33,225,34,5*71
$GBGSV,5,5,16,233,33,052,35,241,84,106,44,5*7A
$GIGSV,1,1,,,,,,,,,,,,,0.0*4E
$GNGSA,A,3,01,02,03,04,09,19,28,31,,,,,0.6,0.2,0.4,1*3C
$GNGSA,A,3,01,03,04,06,09,28,,,,,,,0.6,0.2,0.4,1*32
$GNGSA,A,3,69,83,84,85,,,,,,,,,0.6,0.2,0.4,2*37
$GNGSA,A,3,102,104,106,110,111,112,119,128,136,,,,0.6,0.2,0.4,3*07
$GNGSA,A,3,102,104,109,110,112,119,128,136,,,,,0.6,0.2,0.4,3*39
$GNGSA,A,3,207,210,211,213,227,228,230,232,233,241,,,0.6,0.2,0.4,4*38
$GNGSA,A,3,227,228,230,232,233,241,,,,,,,0.6,0.2,0.4,4*3C
$GNRMC,134848.000,A,4825.1429,N,00428.4560,W,0.0,125.5,100626,,,A*6C
$GNGGA,134849.000,4825.1429,N,00428.4560,W,1,49,0.4,91.1,M,52.0,M,,*68
$GNVTG,125.5,T,,M,0.0,N,0.0,K,A*10
$GPGSV,5,1,15,01,37,119,42,02,12,127,40,03,62,055,41,04,57,161,33,1*6D
$GPGSV,5,2,15,06,32,302,26,09,30,195,27,19,44,286,34,28,13,041,31,1*6B
$GPGSV,5,3,15,31,18,070,40,1*5E
$GPGSV,5,4,15,01,37,119,34,03,62,055,45,04,57,161,34,06,32,302,39,8*6E
$GPGSV,5,5,15,09,30,195,33,28,13,041,30,8*60
$GQGSV,1,1,,,,,,,,,,,,,0.0*56
$GLGSV,2,1,05,69,79,203,35,70,26,215,26,83,35,138,38,84,85,329,29,1*77
$GLGSV,2,2,05,85,35,320,38,1*4C
$GAGSV,6,1,19,102,14,287,25,104,58,126,33,106,44,165,33,109,24,184,20,7*79
$GAGSV,6,2,19,110,57,105,36,111,84,036,27,112,32,110,30,119,31,049,34,7*70
$GAGSV,6,3,19,128,51,081,33,136,37,299,27,7*7F
$GAGSV,6,4,19,102,14,287,37,104,58,126,43,106,44,165,42,109,24,184,37,1*7E
$GAGSV,6,5,19,110,57,105,42,111,84,036,42,112,32,110,31,128,51,081,36,1*72
$GAGSV,6,6,19,136,37,299,41,1*7A
$GBGSV,5,1,15,207,16,042,34,210,16,054,38,211,11,315,22,213,05,146,37,1*7C
$GBGSV,5,2,15,227,69,201,30,228,32,155,40,230,37,305,32,232,33,225,20,3*75
$GBGSV,5,3,15,233,33,052,42,241,84,106,35,3*7F
$GBGSV,5,4,15,227,69,201,38,230,37,305,39,232,33,225,34,233,33,052,35,5*7C
$GBGSV,5,5,15,241,84,106,45,5*7B
$GIGSV,1,1,,,,,,,,,,,,,0.0*4E
$GNGSA,A,3,01,02,03,04,19,31,,,,,,,0.6,0.4,0.4,1*39
$GNGSA,A,3,01,03,04,06,09,28,,,,,,,0.6,0.4,0.4,1*34
$GNGSA,A,3,69,70,83,84,85,,,,,,,,0.6,0.4,0.4,2*36
$GNGSA,A,3,102,104,106,110,111,112,119,128,136,,,,0.6,0.4,0.4,3*01
$GNGSA,A,3,102,104,106,109,110,111,112,128,136,,,,0.6,0.4,0.4,3*00
$GNGSA,A,3,207,210,213,227,228,230,232,233,241,,,,0.6,0.4,0.4,4*0C
$GNGSA,A,3,227,230,232,233,241,,,,,,,,0.6,0.4,0.4,4*02
$GNRMC,134849.000,A,4825.1429,N,00428.4560,W,0.0,125.5,100626,,,A*6D
$GNGGA,134850.000,4825.1429,N,00428.4560,W,1,53,0.2,91.0,M,52.0,M,,*6C
$GNVTG,125.5,T,,M,0.0,N,0.0,K,A*10
$GPGSV,5,1,15,01,37,119,42,02,12,127,40,03,62,055,41,04,57,161,32,1*6C
$GPGSV,5,2,15,06,32,302,25,09,30,195,27,19,44,286,34,28,13,041,31,1*68
$GPGSV,5,3,15,31,18,070,40,1*5E
$GPGSV,5,4,15,01,37,119,34,03,62,055,45,04,57,161,34,06,32,302,39,8*6E
$GPGSV,5,5,15,09,30,195,33,28,13,041,30,8*60
$GQGSV,1,1,,,,,,,,,,,,,0.0*56
$GLGSV,2,1,05,69,79,203,35,70,26,215,26,83,35,138,38,84,85,329,29,1*77
$GLGSV,2,2,05,85,35,320,38,1*4C
$GAGSV,6,1,20,102,14,287,25,104,58,126,33,106,44,165,33,109,24,184,19,7*79
$GAGSV,6,2,20,110,57,105,36,111,84,036,27,112,32,110,30,119,31,049,34,7*7A
$GAGSV,6,3,20,128,51,081,33,136,37,299,27,7*75
$GAGSV,6,4,20,102,14,287,37,104,58,126,44,106,44,165,42,109,24,184,37,1*73
$GAGSV,6,5,20,110,57,105,42,111,84,036,42,112,32,110,32,119,31,049,32,1*7F
$GAGSV,6,6,20,128,51,081,36,136,37,299,41,1*73
$GBGSV,4,1,14,207,16,042,33,210,16,054,38,211,11,315,22,213,05,146,37,1*7B
$GBGSV,4,2,14,227,69,201,30,228,32,155,40,230,37,305,33,232,33,225,20,3*74
$GBGSV,4,3,14,233,33,052,42,241,84,106,35,3*7F
$GBGSV,4,4,14,227,69,201,38,228,32,155,36,230,37,305,39,232,33,225,34,5*72
$GIGSV,1,1,,,,,,,,,,,,,0.0*4E
$GNGSA,A,3,01,02,03,04,06,09,19,28,31,,,,0.6,0.2,0.4,1*3A
$GNGSA,A,3,01,03,04,06,09,28,,,,,,,0.6,0.2,0.4,1*32
$GNGSA,A,3,69,70,83,84,85,,,,,,,,0.6,0.2,0.4,2*30
$GNGSA,A,3,102,104,106,110,111,112,119,128,136,,,,0.6,0.2,0.4,3*07
$GNGSA,A,3,102,104,106,109,110,111,112,119,128,136,,,0.6,0.2,0.4,3*3F
$GNGSA,A,3,207,210,211,213,227,228,230,232,233,241,,,0.6,0.2,0.4,4*38
$GNGSA,A,3,227,228,230,232,,,,,,,,,0.6,0.2,0.4,4*39
$GNRMC,134850.000,A,4825.1429,N,00428.4560,W,0.0,125.5,100626,,,A*65
$GNGGA,134851.000,4825.1429,N,00428.4560,W,1,53,0.2,91.0,M,52.0,M,,*6D
$GNVTG,125.5,T,,M,0.0,N,0.0,K,A*10
$GPGSV,5,1,15,01,37,119,42,02,12,127,40,03,62,055,41,04,57,161,32,1*6C
$GPGSV,5,2,15,06,32,302,25,09,30,195,27,19,44,286,34,28,13,041,31,1*68
$GPGSV,5,3,15,31,18,070,40,1*5E
$GPGSV,5,4,15,01,37,119,35,03,62,055,45,04,57,161,34,06,32,302,39,8*6F
$GPGSV,5,5,15,09,30,195,33,28,13,041,30,8*60
$GQGSV,1,1,,,,,,,,,,,,,0.0*56
$GLGSV,2,1,05,69,79,203,35,70,26,215,26,83,35,138,38,84,85,329,29,1*77
$GLGSV,2,2,05,85,35,320,38,1*4C
$GAGSV,6,1,19,102,14,287,26,104,58,126,33,106,44,165,33,109,24,184,19,7*70
$GAGSV,6,2,19,110,57,105,36,111,84,036,27,112,32,110,30,119,31,049,34,7*70
$GAGSV,6,3,19,128,51,081,33,136,37,299,27,7*7F
$GAGSV,6,4,19,104,58,126,44,106,44,165,42,109,24,184,37,110,57,105,42,1*76
$GAGSV,6,5,19,111,84,036,42,112,32,110,32,119,31,049,32,128,51,081,36,1*76
$GAGSV,6,6,19,136,37,299,41,1*7A
$GBGSV,5,1,15,207,16,042,33,210,16,054,38,211,11,315,22,213,05,146,37,1*7B
$GBGSV,5,2,15,227,69,201,30,228,32,155,40,230,37,305,33,232,33,225,21,3*75
$GBGSV,5,3,15,233,33,052,42,241,84,104,35,3*7D
$GBGSV,5,4,15,227,69,201,38,228,32,155,36,230,37,305,39,232,33,225,34,5*72
$GBGSV,5,5,15,241,84,104,45,5*79
$GIGSV,1,1,,,,,,,,,,,,,0.0*4E
$GNGSA,A,3,01,02,03,04,06,09,19,28,31,,,,0.6,0.2,0.4,1*3A
$GNGSA,A,3,01,03,04,06,09,28,,,,,,,0.6,0.2,0.4,1*32
$GNGSA,A,3,69,70,83,84,85,,,,,,,,0.6,0.2,0.4,2*30
$GNGSA,A,3,102,104,106,110,111,112,119,128,136,,,,0.6,0.2,0.4,3*07
$GNGSA,A,3,104,106,109,110,111,112,119,128,136,,,,0.6,0.2,0.4,3*0C
$GNGSA,A,3,207,210,211,213,227,228,230,232,233,241,,,0.6,0.2,0.4,4*38
$GNGSA,A,3,227,228,230,232,241,,,,,,,,0.6,0.2,0.4,4*0E
$GNRMC,134851.000,A,4825.1429,N,00428.4560,W,0.0,125.5,100626,,,A*64
$GNGGA,134852.000,4825.1429,N,00428.4560,W,1,53,0.2,91.1,M,52.0,M,,*6F
$GNVTG,125.5,T,,M,0.0,N,0.0,K,A*10
$GPGSV,5,1,15,01,37,119,42,02,12,127,40,03,62,055,41,04,57,161,32,1*6C
$GPGSV,5,2,15,06,32,302,25,09,30,195,27,19,44,286,34,28,13,041,31,1*68
$GPGSV,5,3,15,31,18,070,40,1*5E
$GPGSV,5,4,15,01,37,119,35,03,62,055,45,04,57,161,34,06,32,302,40,8*61
$GPGSV,5,5,15,09,30,195,33,28,13,041,31,8*61
$GQGSV,1,1,,,,,,,,,,,,,0.0*56
$GLGSV,2,1,05,69,79,203,35,70,26,215,27,83,35,138,38,84,85,329,29,1*76
$GLGSV,2,2,05,85,35,320,38,1*4C
$GAGSV,5,1,18,102,14,287,26,104,58,126,33,106,44,165,34,109,24,184,19,7*75
$GAGSV,5,2,18,110,57,105,36,111,84,036,27,112,32,110,30,119,31,049,34,7*72
$GAGSV,5,3,18,128,51,081,34,136,37,299,27,7*7A
$GAGSV,5,4,18,104,58,126,44,106,44,165,42,109,24,184,37,110,57,105,42,1*74
$GAGSV,5,5,18,112,32,110,33,119,31,049,32,128,51,081,36,136,37,299,41,1*7C
$GBGSV,5,1,16,207,16,042,33,210,16,054,38,211,11,315,22,213,05,146,37,1*78
$GBGSV,5,2,16,227,69,201,31,228,32,155,40,230,37,305,33,232,33,225,22,3*74
$GBGSV,5,3,16,233,33,052,42,241,84,104,35,3*7E
$GBGSV,5,4,16,227,69,201,38,228,32,155,36,230,37,305,39,232,33,225,35,5*70
$GBGSV,5,5,16,233,33,052,33,241,84,104,45,5*7F
$GIGSV,1,1,,,,,,,,,,,,,0.0*4E
$GNGSA,A,3,01,02,03,04,06,09,19,28,31,,,,0.6,0.2,0.4,1*3A
$GNGSA,A,3,01,03,04,06,09,28,,,,,,,0.6,0.2,0.4,1*32
$GNGSA,A,3,69,70,83,84,85,,,,,,,,0.6,0.2,0.4,2*30
$GNGSA,A,3,102,104,106,110,111,112,119,128,136,,,,0.6,0.2,0.4,3*07
$GNGSA,A,3,104,106,109,110,112,119,128,136,,,,,0.6,0.2,0.4,3*3D
$GNGSA,A,3,207,210,211,213,227,228,230,232,233,241,,,0.6,0.2,0.4,4*38
$GNGSA,A,3,227,228,230,232,233,241,,,,,,,0.6,0.2,0.4,4*3C
$GNRMC,134852.000,A,4825.1429,N,00428.4560,W,0.0,125.5,100626,,,A*67
$GNGGA,134853.000,4825.1429,N,00428.4560,W,1,52,0.2,91.1,M,52.0,M,,*6F
$GNVTG,125.5,T,,M,0.0,N,0.0,K,A*10
$GPGSV,5,1,15,01,37,119,42,02,12,127,40,03,62,055,41,04,57,161,32,1*6C
$GPGSV,5,2,15,06,32,302,25,09,30,195,26,19,44,286,34,28,13,041,31,1*69
$GPGSV,5,3,15,31,18,070,41,1*5F
$GPGSV,5,4,15,01,37,119,36,03,62,055,45,04,57,161,34,06,32,302,40,8*62
$GPGSV,5,5,15,09,30,195,32,28,13,041,31,8*60
$GQGSV,1,1,,,,,,,,,,,,,0.0*56
$GLGSV,2,1,05,69,79,203,35,70,26,215,27,83,35,138,38,84,85,329,29,1*76
$GLGSV,2,2,05,85,35,320,38,1*4C
$GAGSV,6,1,19,102,14,287,26,104,58,126,33,106,44,165,34,109,24,184,19,7*77
$GAGSV,6,2,19,110,57,105,36,111,84,036,27,112,32,110,30,119,31,049,34,7*70
$GAGSV,6,3,19,128,51,081,34,136,37,299,27,7*78
$GAGSV,6,4,19,102,14,287,36,104,58,126,44,109,24,184,37,110,57,105,42,1*7B
$GAGSV,6,5,19,111,84,036,42,112,32,110,33,119,31,049,32,128,51,081,36,1*77
$GAGSV,6,6,19,136,37,299,41,1*7A
$GBGSV,5,1,15,207,16,042,33,210,16,054,38,211,11,315,22,213,05,146,37,1*7B
$GBGSV,5,2,15,227,69,201,31,228,32,155,40,230,37,305,33,232,33,225,22,3*77
$GBGSV,5,3,15,233,33,052,42,241,84,104,35,3*7D
$GBGSV,5,4,15,227,69,201,38,228,32,155,37,230,37,305,39,232,33,225,35,5*72
$GBGSV,5,5,15,241,84,104,45,5*79
$GIGSV,1,1,,,,,,,,,,,,,0.0*4E
$GNGSA,A,3,01,02,03,04,06,09,19,28,31,,,,0.6,0.2,0.4,1*3A
$GNGSA,A,3,01,03,04,06,09,28,,,,,,,0.6,0.2,0.4,1*32
$GNGSA,A,3,69,83,84,85,,,,,,,,,0.6,0.2,0.4,2*37
$GNGSA,A,3,102,104,106,110,111,112,119,128,136,,,,0.6,0.2,0.4,3*07
$GNGSA,A,3,102,104,109,110,111,112,119,128,136,,,,0.6,0.2,0.4,3*08
$GNGSA,A,3,207,210,211,213,227,228,230,232,233,241,,,0.6,0.2,0.4,4*38
$GNGSA,A,3,227,228,230,232,241,,,,,,,,0.6,0.2,0.4,4*0E
$GNRMC,134853.000,A,4825.1429,N,00428.4560,W,0.0,125.5,100626,,,A*66
$GNGGA,134854.000,4825.1428,N,00428.4560,W,1,50,0.2,91.1,M,52.0,M,,*6B
$GNVTG,125.5,T,,M,0.0,N,0.0,K,A*10
$GPGSV,5,1,15,01,37,119,42,02,12,128,40,03,62,055,41,04,57,161,32,1*63
$GPGSV,5,2,15,06,32,302,25,09,30,195,26,19,44,286,34,28,13,041,31,1*69
$GPGSV,5,3,15,31,18,070,41,1*5F
$GPGSV,5,4,15,01,37,119,36,03,62,055,45,04,57,161,34,06,32,302,40,8*62
$GPGSV,5,5,15,09,30,195,32,28,13,041,31,8*60
$GQGSV,1,1,,,,,,,,,,,,,0.0*56
$GLGSV,2,1,05,69,79,203,35,70,26,215,27,83,35,138,38,84,85,329,30,1*7E
$GLGSV,2,2,05,85,35,320,38,1*4C
$GAGSV,6,1,19,102,14,287,26,104,58,126,33,106,44,165,34,109,24,184,19,7*77
$GAGSV,6,2,19,110,57,105,36,111,84,036,27,112,32,110,30,119,31,049,34,7*70
$GAGSV,6,3,19,128,51,081,34,136,37,299,27,7*78
$GAGSV,6,4,19,102,14,287,36,104,58,126,44,106,44,165,42,109,24,184,37,1*78
$GAGSV,6,5,19,110,57,105,42,111,84,036,42,112,32,110,33,128,51,081,36,1*70
$GAGSV,6,6,19,136,37,299,41,1*7A
$GBGSV,5,1,15,207,16,042,33,210,16,054,38,211,11,315,22,213,05,146,37,1*7B
$GBGSV,5,2,15,227,69,201,31,228,32,155,40,230,37,305,33,232,33,225,23,3*76
$GBGSV,5,3,15,233,33,052,42,241,84,104,35,3*7D
$GBGSV,5,4,15,227,69,201,38,228,32,155,37,230,37,305,39,232,33,225,35,5*72
$GBGSV,5,5,15,241,84,104,45,5*79
$GIGSV,1,1,,,,,,,,,,,,,0.0*4E
$GNGSA,A,3,01,02,03,04,09,19,28,31,,,,,0.6,0.2,0.4,1*3C
$GNGSA,A,3,01,03,04,06,09,28,,,,,,,0.6,0.2,0.4,1*32
$GNGSA,A,3,69,70,83,84,85,,,,,,,,0.6,0.2,0.4,2*30
$GNGSA,A,3,102,104,106,110,111,112,119,128,136,,,,0.6,0.2,0.4,3*07
$GNGSA,A,3,102,104,106,109,110,111,112,128,136,,,,0.6,0.2,0.4,3*06
$GNGSA,A,3,207,210,213,227,228,230,233,241,,,,,0.6,0.2,0.4,4*39
$GNGSA,A,3,227,228,230,232,241,,,,,,,,0.6,0.2,0.4,4*0E
$GNRMC,134854.000,A,4825.1428,N,00428.4560,W,0.0,125.5,100626,,,A*60
$GNGGA,134855.000,4825.1428,N,00428.4560,W,1,53,0.2,91.1,M,52.0,M,,*69
$GNVTG,125.5,T,,M,0.0,N,0.0,K,A*10
$GPGSV,5,1,15,01,37,119,42,02,12,128,40,03,62,055,41,04,57,161,31,1*60
$GPGSV,5,2,15,06,32,302,25,09,30,195,26,19,44,286,34,28,13,041,31,1*69
$GPGSV,5,3,15,31,18,070,41,1*5F
$GPGSV,5,4,15,01,37,119,36,03,62,055,45,04,57,161,34,06,32,302,40,8*62
$GPGSV,5,5,15,09,30,195,31,28,13,041,31,8*63
$GQGSV,1,1,,,,,,,,,,,,,0.0*56
$GLGSV,2,1,05,69,79,203,35,70,26,215,27,83,35,138,38,84,85,329,30,1*7E
$GLGSV,2,2,05,85,35,320,38,1*4C
$GAGSV,6,1,20,102,14,287,26,104,58,126,33,106,44,165,34,109,24,184,19,7*7D
$GAGSV,6,2,20,110,57,105,36,111,84,036,27,112,32,110,30,119,31,048,34,7*7B
$GAGSV,6,3,20,128,51,081,34,136,37,299,27,7*72
$GAGSV,6,4,20,102,14,287,36,104,58,126,44,106,44,165,42,109,24,184,37,1*72
$GAGSV,6,5,20,110,57,105,42,111,84,036,42,112,32,110,34,119,31,048,31,1*7B
$GAGSV,6,6,20,128,51,081,36,136,37,299,41,1*73
$GBGSV,4,1,14,207,16,042,33,210,16,054,38,211,11,315,23,213,05,146,37,1*7A
$GBGSV,4,2,14,227,69,201,31,228,32,155,40,230,37,305,33,232,33,225,23,3*76
$GBGSV,4,3,14,233,33,052,42,241,84,104,35,3*7D
$GBGSV,4,4,14,227,69,201,38,228,32,155,37,230,37,305,39,241,84,104,45,5*7D
$GIGSV,1,1,,,,,,,,,,,,,0.0*4E
$GNGSA,A,3,01,02,03,04,06,09,19,28,31,,,,0.6,0.2,0.4,1*3A
$GNGSA,A,3,01,03,04,06,09,28,,,,,,,0.6,0.2,0.4,1*32
$GNGSA,A,3,69,70,83,84,85,,,,,,,,0.6,0.2,0.4,2*30
$GNGSA,A,3,102,104,106,110,111,112,119,128,136,,,,0.6,0.2,0.4,3*07
$GNGSA,A,3,102,104,106,109,110,111,112,119,128,136,,,0.6,0.2,0.4,3*3F
$GNGSA,A,3,207,210,211,213,227,228,230,232,233,241,,,0.6,0.2,0.4,4*38
$GNGSA,A,3,227,228,230,241,,,,,,,,,0.6,0.2,0.4,4*3D
$GNRMC,134855.000,A,4825.1428,N,00428.4560,W,0.0,125.5,100626,,,A*61
$GNGGA,134856.000,4825.1428,N,00428.4560,W,1,51,0.2,91.1,M,52.0,M,,*68
$GNVTG,125.5,T,,M,0.0,N,0.0,K,A*10
$GPGSV,5,1,15,01,37,119,42,02,12,128,40,03,62,055,41,04,57,161,31,1*60
$GPGSV,5,2,15,06,32,302,25,09,30,195,26,19,44,286,34,28,13,041,31,1*69
$GPGSV,5,3,15,31,18,070,41,1*5F
$GPGSV,5,4,15,01,37,119,36,03,62,055,45,04,57,161,34,06,32,302,41,8*63
$GPGSV,5,5,15,09,30,195,31,28,13,041,31,8*63
$GQGSV,1,1,,,,,,,,,,,,,0.0*56
$GLGSV,2,1,05,69,79,203,35,70,26,216,27,83,35,138,38,84,85,329,30,1*7D
$GLGSV,2,2,05,85,35,320,38,1*4C
$GAGSV,6,1,19,102,14,287,25,104,58,126,33,106,44,165,34,109,24,184,19,7*74
$GAGSV,6,2,19,110,57,105,36,111,84,038,27,112,32,110,31,119,31,048,34,7*7E
$GAGSV,6,3,19,128,51,081,34,136,37,299,28,7*77
$GAGSV,6,4,19,102,14,287,36,104,58,126,44,106,44,165,42,110,57,105,42,1*7F
$GAGSV,6,5,19,111,84,038,42,112,32,110,34,119,31,048,31,128,51,081,36,1*7C
$GAGSV,6,6,19,136,37,299,41,1*7A
$GBGSV,5,1,15,207,16,042,33,210,16,054,38,211,11,315,23,213,05,146,38,1*75
$GBGSV,5,2,15,227,69,201,31,228,32,155,40,230,37,305,33,232,33,225,29,3*7C
$GBGSV,5,3,15,233,33,052,42,241,84,104,35,3*7D
$GBGSV,5,4,15,227,69,201,38,228,32,155,37,232,33,225,34,233,33,052,32,5*7E
$GBGSV,5,5,15,241,84,104,45,5*79
$GIGSV,1,1,,,,,,,,,,,,,0.0*4E
$GNGSA,A,3,01,02,03,04,09,19,28,31,,,,,0.6,0.2,0.4,1*3C
$GNGSA,A,3,01,03,04,06,09,28,,,,,,,0.6,0.2,0.4,1*32
$GNGSA,A,3,69,70,83,84,85,,,,,,,,0.6,0.2,0.4,2*30
$GNGSA,A,3,104,106,110,111,112,119,128,136,,,,,0.6,0.2,0.4,3*34
$GNGSA,A,3,102,104,106,110,111,112,119,128,136,,,,0.6,0.2,0.4,3*07
$GNGSA,A,3,207,210,211,213,227,228,230,232,233,241,,,0.6,0.2,0.4,4*38
$GNGSA,A,3,227,228,232,233,241,,,,,,,,0.6,0.2,0.4,4*0D
$GNRMC,134856.000,A,4825.1428,N,00428.4560,W,0.0,125.5,100626,,,A*62
$GNGGA,134857.000,4825.1428,N,00428.4560,W,1,52,0.2,91.2,M,52.0,M,,*69
$GNVTG,125.5,T,,M,0.0,N,0.0,K,A*10
$GPGSV,5,1,15,01,37,119,42,02,12,128,40,03,62,055,41,04,57,161,31,1*60
$GPGSV,5,2,15,06,32,303,25,09,30,195,26,19,44,286,34,28,13,041,31,1*68
$GPGSV,5,3,15,31,18,070,41,1*5F
$GPGSV,5,4,15,01,37,119,36,03,62,055,45,04,57,161,34,06,32,303,41,8*62
$GPGSV,5,5,15,09,30,195,30,28,13,041,31,8*62
$GQGSV,1,1,,,,,,,,,,,,,0.0*56
$GLGSV,2,1,05,69,79,203,35,70,26,216,27,83,35,138,38,84,85,329,30,1*7D
$GLGSV,2,2,05,85,35,320,38,1*4C
$GAGSV,5,1,18,102,14,287,25,104,58,126,33,106,44,165,33,109,24,184,19,7*71
$GAGSV,5,2,18,110,57,105,36,111,84,038,27,112,32,110,31,119,31,048,34,7*7C
$GAGSV,5,3,18,128,51,081,34,136,37,299,28,7*75
$GAGSV,5,4,18,106,44,165,42,109,24,184,37,110,57,105,42,111,84,038,42,1*79
$GAGSV,5,5,18,112,32,110,34,119,31,048,31,128,51,081,36,136,37,299,41,1*79
$GBGSV,5,1,16,207,16,042,33,210,16,054,38,211,11,315,24,213,05,146,38,1*71
$GBGSV,5,2,16,227,69,201,31,228,32,155,40,230,37,305,33,232,33,225,29,3*7F
$GBGSV,5,3,16,233,33,052,42,241,84,104,35,3*7E
$GBGSV,5,4,16,227,69,201,38,228,32,155,37,230,37,305,39,232,33,225,34,5*70
$GBGSV,5,5,16,233,33,052,32,241,84,104,45,5*7E
$GIGSV,1,1,,,,,,,,,,,,,0.0*4E
$GNGSA,A,3,01,02,03,04,06,19,28,31,,,,,0.6,0.2,0.4,1*33
$GNGSA,A,3,01,03,04,06,09,28,,,,,,,0.6,0.2,0.4,1*32
$GNGSA,A,3,69,70,83,84,85,,,,,,,,0.6,0.2,0.4,2*30
$GNGSA,A,3,102,104,106,110,111,112,119,128,136,,,,0.6,0.2,0.4,3*07
$GNGSA,A,3,106,109,110,111,112,119,128,136,,,,,0.6,0.2,0.4,3*39
$GNGSA,A,3,207,210,211,213,227,228,230,232,233,241,,,0.6,0.2,0.4,4*38
$GNGSA,A,3,227,228,230,232,233,241,,,,,,,0.6,0.2,0.4,4*3C
$GNRMC,134857.000,A,4825.1428,N,00428.4560,W,0.0,125.5,100626,,,A*63
$GNGGA,134858.000,4825.1428,N,00428.4560,W,1,52,0.2,91.2,M,52.0,M,,*66
$GNVTG,125.5,T,,M,0.0,N,0.0,K,A*10
$GPGSV,5,1,15,01,37,119,42,02,12,128,40,03,62,055,41,04,57,161,30,1*61
$GPGSV,5,2,15,06,32,303,25,09,30,195,26,19,45,286,34,28,13,041,31,1*69
$GPGSV,5,3,15,31,18,070,41,1*5F
$GPGSV,5,4,15,01,37,119,36,03,62,055,45,04,57,161,34,06,32,303,41,8*62
$GPGSV,5,5,15,09,30,195,30,28,13,041,31,8*62
$GQGSV,1,1,,,,,,,,,,,,,0.0*56
$GLGSV,2,1,05,69,79,203,35,70,26,216,27,83,35,138,38,84,85,329,30,1*7D
$GLGSV,2,2,05,85,35,320,38,1*4C
$GAGSV,6,1,19,102,14,287,25,104,58,126,34,106,44,165,33,109,24,184,18,7*75
$GAGSV,6,2,19,110,57,105,36,111,84,038,27,112,32,110,32,119,31,048,34,7*7D
$GAGSV,6,3,19,128,51,081,34,136,37,299,33,7*7D
$GAGSV,6,4,19,102,14,287,36,104,58,126,44,109,24,184,37,110,57,105,42,1*7B
$GAGSV,6,5,19,111,84,038,42,112,32,110,34,119,31,048,31,128,51,081,36,1*7C
$GAGSV,6,6,19,136,37,299,41,1*7A
$GBGSV,5,1,15,207,16,042,33,210,16,054,38,211,11,315,24,213,05,146,38,1*72
$GBGSV,5,2,15,227,69,201,31,228,32,155,40,230,37,305,33,232,33,225,29,3*7C
$GBGSV,5,3,15,233,33,052,41,241,84,104,35,3*7E
$GBGSV,5,4,15,227,69,201,38,230,37,305,39,232,33,225,34,233,33,052,32,5*7B
$GBGSV,5,5,15,241,84,104,45,5*79
$GIGSV,1,1,,,,,,,,,,,,,0.0*4E
$GNGSA,A,3,01,02,03,04,06,19,28,31,,,,,0.6,0.2,0.4,1*33
$GNGSA,A,3,01,03,04,06,09,28,,,,,,,0.6,0.2,0.4,1*32
$GNGSA,A,3,69,70,83,84,85,,,,,,,,0.6,0.2,0.4,2*30
$GNGSA,A,3,102,104,106,110,111,112,119,128,136,,,,0.6,0.2,0.4,3*07
$GNGSA,A,3,102,104,109,110,111,112,119,128,136,,,,0.6,0.2,0.4,3*08
$GNGSA,A,3,207,210,211,213,227,228,230,232,233,241,,,0.6,0.2,0.4,4*38
$GNGSA,A,3,227,230,232,233,241,,,,,,,,0.6,0.2,0.4,4*04
$GNRMC,134858.000,A,4825.1428,N,00428.4560,W,0.0,125.5,100626,,,A*6C
$GNGGA,134859.000,4825.1428,N,00428.4560,W,1,52,0.2,91.2,M,52.0,M,,*67
$GNVTG,125.5,T,,M,0.0,N,0.0,K,A*10
$GPGSV,5,1,15,01,37,119,42,02,12,128,39,03,62,055,41,04,57,161,30,1*6F
$GPGSV,5,2,15,06,32,303,25,09,30,195,26,19,45,286,34,28,13,041,31,1*69
$GPGSV,5,3,15,31,18,070,42,1*5C
$GPGSV,5,4,15,01,37,119,36,03,62,055,45,04,57,161,34,06,32,303,41,8*62
$GPGSV,5,5,15,09,30,195,30,28,13,041,31,8*62
$GQGSV,1,1,,,,,,,,,,,,,0.0*56
$GLGSV,2,1,05,69,79,203,35,70,26,216,27,83,35,138,38,84,85,329,31,1*7C
$GLGSV,2,2,05,85,35,320,38,1*4C
$GAGSV,6,1,19,102,13,287,25,104,58,126,34,106,44,165,33,109,24,184,18,7*72
$GAGSV,6,2,19,110,57,105,36,111,84,038,27,112,32,110,32,119,31,048,34,7*7D
$GAGSV,6,3,19,128,51,081,34,136,37,299,33,7*7D
$GAGSV,6,4,19,102,13,287,36,104,58,126,44,106,44,165,42,109,24,184,37,1*7F
$GAGSV,6,5,19,111,84,038,42,112,32,110,33,119,31,048,31,128,51,081,36,1*7B
$GAGSV,6,6,19,136,37,299,41,1*7A
$GBGSV,5,1,15,207,16,042,33,210,16,054,38,211,11,315,24,213,05,146,38,1*72
$GBGSV,5,2,15,227,69,201,31,228,32,155,40,230,37,305,33,232,33,225,29,3*7C
$GBGSV,5,3,15,233,33,052,41,241,84,104,35,3*7E
$GBGSV,5,4,15,227,69,201,38,228,32,155,37,232,33,225,34,233,33,052,33,5*7F
$GBGSV,5,5,15,241,84,104,45,5*79
$GIGSV,1,1,,,,,,,,,,,,,0.0*4E
$GNGSA,A,3,01,02,03,04,06,09,19,28,31,,,,0.6,0.2,0.4,1*3A
$GNGSA,A,3,01,03,04,06,09,28,,,,,,,0.6,0.2,0.4,1*32
$GNGSA,A,3,69,70,83,84,85,,,,,,,,0.6,0.2,0.4,2*30
$GNGSA,A,3,102,104,106,110,111,112,119,128,136,,,,0.6,0.2,0.4,3*07
$GNGSA,A,3,102,104,106,109,111,112,119,128,136,,,,0.6,0.2,0.4,3*0F
$GNGSA,A,3,207,210,213,227,228,230,232,233,241,,,,0.6,0.2,0.4,4*0A
$GNGSA,A,3,227,228,232,233,241,,,,,,,,0.6,0.2,0.4,4*0D
$GNRMC,134859.000,A,4825.1428,N,00428.4560,W,0.0,125.5,100626,,,A*6D
$GNGGA,134900.000,4825.1428,N,00428.4560,W,1,50,0.2,91.2,M,52.0,M,,*68
$GNVTG,125.5,T,,M,0.0,N,0.0,K,A*10
$GPGSV,5,1,15,01,37,119,42,02,12,128,39,03,62,055,41,04,57,161,30,1*6F
$GPGSV,5,2,15,06,32,303,25,09,30,195,26,19,45,286,34,28,13,041,31,1*69
$GPGSV,5,3,15,31,18,070,42,1*5C
$GPGSV,5,4,15,01,37,119,36,03,62,055,45,04,57,161,34,06,32,303,41,8*62
$GPGSV,5,5,15,09,30,195,30,28,13,041,31,8*62
$GQGSV,1,1,,,,,,,,,,,,,0.0*56
$GLGSV,2,1,05,69,79,203,35,70,26,216,27,83,35,138,38,84,85,329,31,1*7C
$GLGSV,2,2,05,85,35,320,38,1*4C
$GAGSV,5,1,18,102,13,287,25,104,58,126,34,106,44,165,33,109,24,184,18,7*70
$GAGSV,5,2,18,110,57,105,36,111,84,038,27,112,32,110,33,119,31,048,34,7*7E
$GAGSV,5,3,18,128,51,081,34,136,37,299,33,7*7F
$GAGSV,5,4,18,102,13,287,36,104,58,126,44,106,44,165,42,109,24,184,37,1*7D
$GAGSV,5,5,18,111,84,038,42,112,32,110,33,119,31,048,31,136,37,299,41,1*7D
$GBGSV,5,1,16,207,16,042,33,210,16,054,38,211,11,315,24,213,05,146,38,1*71
$GBGSV,5,2,16,227,69,201,31,228,32,155,40,230,37,305,33,232,33,225,29,3*7F
$GBGSV,5,3,16,233,33,052,41,241,84,104,35,3*7D
$GBGSV,5,4,16,227,69,201,38,228,32,155,37,230,37,305,39,232,33,225,34,5*70
$GBGSV,5,5,16,233,33,052,33,241,84,104,45,5*7F
$GIGSV,1,1,,,,,,,,,,,,,0.0*4E
$GNGSA,A,3,01,02,03,04,09,19,28,31,,,,,0.6,0.2,0.4,1*3C
$GNGSA,A,3,01,03,04,06,09,28,,,,,,,0.6,0.2,0.4,1*32
$GNGSA,A,3,69,83,84,85,,,,,,,,,0.6,0.2,0.4,2*37
$GNGSA,A,3,102,104,106,110,111,112,119,128,136,,,,0.6,0.2,0.4,3*07
$GNGSA,A,3,102,104,106,109,111,112,119,136,,,,,0.6,0.2,0.4,3*34
$GNGSA,A,3,207,210,213,227,228,230,232,233,241,,,,0.6,0.2,0.4,4*0A
$GNGSA,A,3,227,228,230,232,233,241,,,,,,,0.6,0.2,0.4,4*3C
$GNRMC,134900.000,A,4825.1428,N,00428.4560,W,0.0,125.5,100626,,,A*60
$GNGGA,134901.000,4825.1428,N,00428.4560,W,1,51,0.2,91.2,M,52.0,M,,*68
$GNVTG,125.5,T,,M,0.0,N,0.0,K,A*10
$GPGSV,5,1,15,01,37,119,42,02,12,128,39,03,62,055,41,04,57,161,29,1*67
$GPGSV,5,2,15,06,32,303,25,09,30,195,26,19,45,286,34,28,13,041,31,1*69
$GPGSV,5,3,15,31,18,070,42,1*5C
$GPGSV,5,4,15,01,37,119,36,03,62,055,45,04,57,161,34,06,32,303,41,8*62
$GPGSV,5,5,15,09,30,195,29,28,13,041,31,8*6A
$GQGSV,1,1,,,,,,,,,,,,,0.0*56
$GLGSV,2,1,05,69,79,203,35,70,26,216,27,83,35,138,38,84,85,329,31,1*7C
$GLGSV,2,2,05,85,35,320,38,1*4C
$GAGSV,6,1,19,102,13,287,25,104,58,126,34,106,44,165,33,109,24,184,18,7*72
$GAGSV,6,2,19,110,57,105,36,111,84,038,27,112,32,110,33,119,31,048,35,7*7D
$GAGSV,6,3,19,128,51,081,34,136,37,299,33,7*7D
$GAGSV,6,4,19,102,13,287,36,104,58,126,44,106,44,165,42,109,24,184,37,1*7F
$GAGSV,6,5,19,111,84,038,42,112,32,110,33,119,31,048,31,128,51,081,36,1*7B
$GAGSV,6,6,19,136,37,299,41,1*7A
$GBGSV,5,1,15,207,16,042,33,210,16,054,38,211,11,315,24,213,05,146,38,1*72
$GBGSV,5,2,15,227,69,201,31,228,32,155,40,230,37,305,33,232,33,225,29,3*7C
$GBGSV,5,3,15,233,33,052,41,241,84,104,35,3*7E
$GBGSV,5,4,15,227,69,201,38,230,37,305,39,232,33,225,34,233,33,052,33,5*7A
$GBGSV,5,5,15,241,84,104,45,5*79
$GIGSV,1,1,,,,,,,,,,,,,0.0*4E
$GNGSA,A,3,01,02,03,04,19,28,31,,,,,,0.6,0.2,0.4,1*35
$GNGSA,A,3,01,03,04,06,09,28,,,,,,,0.6,0.2,0.4,1*32
$GNGSA,A,3,69,70,83,84,85,,,,,,,,0.6,0.2,0.4,2*30
$GNGSA,A,3,102,104,106,110,111,112,119,128,136,,,,0.6,0.2,0.4,3*07
$GNGSA,A,3,102,104,106,109,111,112,119,128,136,,,,0.6,0.2,0.4,3*0F
$GNGSA,A,3,207,210,211,213,227,228,230,232,233,241,,,0.6,0.2,0.4,4*38
$GNGSA,A,3,227,230,232,233,241,,,,,,,,0.6,0.2,0.4,4*04
$GNRMC,134901.000,A,4825.1428,N,00428.4560,W,0.0,125.5,100626,,,A*61
$GNGGA,134902.000,4825.1428,N,00428.4560,W,1,52,0.2,91.2,M,52.0,M,,*68
$GNVTG,125.5,T,,M,0.0,N,0.0,K,A*10
$GPGSV,5,1,15,01,37,119,42,02,12,128,39,03,62,055,41,04,57,161,29,1*67
$GPGSV,5,2,15,06,32,303,25,09,30,195,26,19,45,286,34,28,13,041,31,1*69
$GPGSV,5,3,15,31,18,070,42,1*5C
$GPGSV,5,4,15,01,37,119,36,03,62,055,45,04,57,161,34,06,32,303,41,8*62
$GPGSV,5,5,15,09,30,195,29,28,13,041,31,8*6A
$GQGSV,1,1,,,,,,,,,,,,,0.0*56
$GLGSV,2,1,05,69,79,203,35,70,26,216,27,83,35,138,38,84,85,329,31,1*7C
$GLGSV,2,2,05,85,35,320,38,1*4C
$GAGSV,6,1,19,102,13,287,25,104,58,126,34,106,44,165,34,109,24,184,18,7*75
$GAGSV,6,2,19,110,57,105,36,111,84,038,27,112,32,110,33,119,31,048,35,7*7D
$GAGSV,6,3,19,128,51,081,34,136,37,299,33,7*7D
$GAGSV,6,4,19,102,13,287,37,104,58,126,44,109,24,184,37,110,57,105,41,1*7E
$GAGSV,6,5,19,111,84,038,42,112,32,110,34,119,31,048,31,128,51,081,36,1*7C
$GAGSV,6,6,19,136,37,299,41,1*7A
$GBGSV,5,1,15,207,16,042,33,210,16,054,38,211,11,315,25,213,05,146,38,1*73
$GBGSV,5,2,15,227,69,201,31,228,32,155,39,230,37,305,33,232,33,225,29,3*72
$GBGSV,5,3,15,233,33,052,41,241,84,104,35,3*7E
$GBGSV,5,4,15,227,69,201,38,228,32,155,36,230,37,305,39,232,33,225,34,5*72
$GBGSV,5,5,15,241,84,104,45,5*79
$GIGSV,1,1,,,,,,,,,,,,,0.0*4E
$GNGSA,A,3,01,02,03,04,06,19,28,31,,,,,0.6,0.2,0.4,1*33
$GNGSA,A,3,01,03,04,06,09,28,,,,,,,0.6,0.2,0.4,1*32
$GNGSA,A,3,69,70,83,84,85,,,,,,,,0.6,0.2,0.4,2*30
$GNGSA,A,3,102,104,106,110,111,112,119,128,136,,,,0.6,0.2,0.4,3*07
$GNGSA,A,3,102,104,109,110,111,112,119,128,136,,,,0.6,0.2,0.4,3*08
$GNGSA,A,3,207,210,211,213,227,228,230,232,233,241,,,0.6,0.2,0.4,4*38
$GNGSA,A,3,227,228,230,232,241,,,,,,,,0.6,0.2,0.4,4*0E
$GNRMC,134902.000,A,4825.1428,N,00428.4560,W,0.0,125.5,100626,,,A*62
$GNGGA,134903.000,4825.1428,N,00428.4560,W,1,50,0.2,91.2,M,52.0,M,,*6B
$GNVTG,125.5,T,,M,0.0,N,0.0,K,A*10
$GPGSV,5,1,15,01,37,119,42,02,12,128,39,03,62,055,40,04,57,161,29,1*66
$GPGSV,5,2,15,06,32,303,26,09,30,195,25,19,45,286,34,28,13,041,31,1*69
$GPGSV,5,3,15,31,18,070,42,1*5C
$GPGSV,5,4,15,01,37,119,36,03,62,055,45,04,57,161,35,06,32,303,41,8*63
$GPGSV,5,5,15,09,30,195,29,28,13,041,31,8*6A
$GQGSV,1,1,,,,,,,,,,,,,0.0*56
$GLGSV,2,1,05,69,79,203,35,70,26,216,27,83,35,138,39,84,85,329,31,1*7D
$GLGSV,2,2,05,85,35,320,38,1*4C
$GAGSV,5,1,18,102,13,287,25,104,58,126,34,106,44,165,34,109,24,184,18,7*77
$GAGSV,5,2,18,110,57,105,36,111,84,038,27,112,32,110,33,119,31,048,35,7*7F
$GAGSV,5,3,18,128,51,081,34,136,37,299,33,7*7F
$GAGSV,5,4,18,102,13,287,37,104,58,126,44,106,44,165,42,109,24,184,37,1*7C
$GAGSV,5,5,18,110,57,105,41,111,84,038,42,119,31,048,31,136,37,299,41,1*7D
$GBGSV,5,1,16,207,16,042,34,210,16,054,38,211,11,315,25,213,05,146,38,1*77
$GBGSV,5,2,16,227,69,201,31,228,32,155,39,230,37,305,33,232,33,225,29,3*71
$GBGSV,5,3,16,233,33,052,41,241,84,104,35,3*7D
$GBGSV,5,4,16,227,69,201,38,228,32,155,36,230,37,305,39,232,33,225,34,5*71
$GBGSV,5,5,16,233,33,052,32,241,84,104,45,5*7E
$GIGSV,1,1,,,,,,,,,,,,,0.0*4E
$GNGSA,A,3,01,02,03,04,06,19,28,31,,,,,0.6,0.2,0.4,1*33
$GNGSA,A,3,01,03,04,06,09,28,,,,,,,0.6,0.2,0.4,1*32
$GNGSA,A,3,69,70,83,84,85,,,,,,,,0.6,0.2,0.4,2*30
$GNGSA,A,3,104,106,110,111,112,119,128,136,,,,,0.6,0.2,0.4,3*34
$GNGSA,A,3,102,104,106,109,110,111,119,136,,,,,0.6,0.2,0.4,3*36
$GNGSA,A,3,207,210,211,213,227,228,230,232,233,241,,,0.6,0.2,0.4,4*38
$GNGSA,A,3,227,228,230,232,233,241,,,,,,,0.6,0.2,0.4,4*3C
$GNRMC,134903.000,A,4825.1428,N,00428.4560,W,0.0,125.5,100626,,,A*63
$GNGGA,134904.000,4825.1428,N,00428.4560,W,1,50,0.4,91.2,M,52.0,M,,*6A
$GNVTG,125.5,T,,M,0.0,N,0.0,K,A*10
$GPGSV,5,1,15,01,37,119,42,02,12,128,40,03,62,055,40,04,57,161,29,1*68
$GPGSV,5,2,15,06,32,303,26,09,30,195,25,19,45,286,34,28,13,041,31,1*69
$GPGSV,5,3,15,31,18,070,42,1*5C
$GPGSV,5,4,15,01,37,119,36,03,62,055,45,04,57,161,35,06,32,303,41,8*63
$GPGSV,5,5,15,09,30,195,29,28,13,041,31,8*6A
$GQGSV,1,1,,,,,,,,,,,,,0.0*56
$GLGSV,2,1,05,69,79,203,34,70,26,216,27,83,35,138,39,84,85,329,31,1*7C
$GLGSV,2,2,05,85,35,320,38,1*4C
$GAGSV,6,1,19,102,13,287,25,104,58,126,35,106,44,165,34,109,24,184,18,7*74
$GAGSV,6,2,19,110,57,105,36,111,84,038,27,112,32,110,34,119,31,048,35,7*7A
$GAGSV,6,3,19,128,51,081,34,136,37,299,33,7*7D
$GAGSV,6,4,19,104,58,126,44,106,44,165,42,109,24,184,37,110,57,105,41,1*75
$GAGSV,6,5,19,111,84,038,42,112,32,110,32,119,31,048,31,128,51,081,36,1*7A
$GAGSV,6,6,19,136,37,299,41,1*7A
$GBGSV,5,1,15,207,16,042,34,210,16,054,38,211,11,315,25,213,05,146,38,1*74
$GBGSV,5,2,15,227,69,201,31,228,32,155,39,230,37,305,33,232,33,225,29,3*72
$GBGSV,5,3,15,233,33,052,41,241,84,104,36,3*7D
$GBGSV,5,4,15,227,69,201,38,228,32,155,36,230,37,305,39,233,33,052,33,5*76
$GBGSV,5,5,15,241,84,104,45,5*79
$GIGSV,1,1,,,,,,,,,,,,,0.0*4E
$GNGSA,A,3,01,02,03,04,19,31,,,,,,,0.6,0.4,0.4,1*39
$GNGSA,A,3,01,03,04,06,09,28,,,,,,,0.6,0.4,0.4,1*34
$GNGSA,A,3,69,70,83,84,85,,,,,,,,0.6,0.4,0.4,2*36
$GNGSA,A,3,102,104,106,110,111,112,119,128,136,,,,0.6,0.4,0.4,3*01
$GNGSA,A,3,104,106,109,110,111,112,119,128,136,,,,0.6,0.4,0.4,3*0A
$GNGSA,A,3,207,210,211,213,227,228,230,232,233,241,,,0.6,0.4,0.4,4*3E
$GNGSA,A,3,227,228,230,233,241,,,,,,,,0.6,0.4,0.4,4*09
$GNRMC,134904.000,A,4825.1428,N,00428.4560,W,0.0,125.5,100626,,,A*64
$GNGGA,134905.000,4825.1428,N,00428.4560,W,1,51,0.2,91.3,M,52.0,M,,*6D
$GNVTG,125.5,T,,M,0.0,N,0.0,K,A*10
$GPGSV,5,1,15,01,37,119,42,02,12,128,40,03,62,055,40,04,57,161,29,1*68
$GPGSV,5,2,15,06,32,303,26,09,30,195,25,19,45,286,34,28,13,041,31,1*69
$GPGSV,5,3,15,31,18,070,42,1*5C
$GPGSV,5,4,15,01,37,119,36,03,62,055,45,04,57,161,35,06,32,303,41,8*63
$GPGSV,5,5,15,09,30,195,30,28,13,041,32,8*61
$GQGSV,1,1,,,,,,,,,,,,,0.0*56
$GLGSV,2,1,05,69,79,203,34,70,26,216,27,83,35,138,39,84,85,329,31,1*7C
$GLGSV,2,2,05,85,35,320,38,1*4C
$GAGSV,6,1,20,102,13,287,25,104,58,126,35,106,44,165,34,109,24,184,18,7*7E
$GAGSV,6,2,20,110,57,105,35,111,84,038,27,112,32,110,34,119,31,048,35,7*73
$GAGSV,6,3,20,128,51,081,34,136,37,299,33,7*77
$GAGSV,6,4,20,102,13,287,37,104,58,126,44,106,44,165,42,109,24,184,37,1*74
$GAGSV,6,5,20,110,57,105,41,111,84,038,42,112,32,110,31,119,31,048,31,1*73
$GAGSV,6,6,20,128,51,081,36,136,37,299,40,1*72
$GBGSV,4,1,14,207,16,042,34,210,16,054,38,211,11,315,25,213,05,146,38,1*74
$GBGSV,4,2,14,227,69,201,31,228,32,155,39,230,37,305,33,232,33,225,29,3*72
$GBGSV,4,3,14,233,33,052,41,241,84,104,36,3*7D
$GBGSV,4,4,14,228,32,155,36,232,33,225,34,233,33,052,33,241,84,104,45,5*71
$GIGSV,1,1,,,,,,,,,,,,,0.0*4E
$GNGSA,A,3,01,02,03,04,09,19,28,31,,,,,0.6,0.2,0.4,1*3C
$GNGSA,A,3,01,03,04,06,09,28,,,,,,,0.6,0.2,0.4,1*32
$GNGSA,A,3,69,83,84,85,,,,,,,,,0.6,0.2,0.4,2*37
$GNGSA,A,3,102,104,106,110,111,112,119,128,136,,,,0.6,0.2,0.4,3*07
$GNGSA,A,3,102,104,106,109,110,111,112,119,128,136,,,0.6,0.2,0.4,3*3F
$GNGSA,A,3,207,210,211,213,227,228,230,232,233,241,,,0.6,0.2,0.4,4*38
$GNGSA,A,3,228,232,233,241,,,,,,,,,0.6,0.2,0.4,4*3A
$GNRMC,134905.000,A,4825.1428,N,00428.4560,W,0.0,125.5,100626,,,A*65
$GNGGA,134906.000,4825.1428,N,00428.4560,W,1,52,0.2,91.3,M,52.0,M,,*6D
$GNVTG,125.5,T,,M,0.0,N,0.0,K,A*10
$GPGSV,5,1,15,01,37,119,42,02,12,128,40,03,62,055,40,04,57,161,29,1*68
$GPGSV,5,2,15,06,32,303,27,09,30,195,25,19,45,286,35,28,13,041,31,1*69
$GPGSV,5,3,15,31,18,070,42,1*5C
$GPGSV,5,4,15,01,37,119,36,03,62,055,45,04,57,161,35,06,32,303,41,8*63
$GPGSV,5,5,15,09,30,195,30,28,13,041,32,8*61
$GQGSV,1,1,,,,,,,,,,,,,0.0*56
$GLGSV,2,1,05,69,79,203,34,70,26,216,27,83,35,138,39,84,85,329,31,1*7C
$GLGSV,2,2,05,85,35,320,38,1*4C
$GAGSV,6,1,19,102,13,287,25,104,58,126,35,106,44,165,34,109,24,184,19,7*75
$GAGSV,6,2,19,110,57,105,35,111,84,038,27,112,32,110,34,119,31,048,35,7*79
$GAGSV,6,3,19,128,51,081,34,136,37,299,33,7*7D
$GAGSV,6,4,19,102,13,287,37,104,58,126,44,106,44,165,42,109,24,184,37,1*7E
$GAGSV,6,5,19,110,57,105,41,111,84,038,42,112,32,110,31,119,31,048,31,1*79
$GAGSV,6,6,19,136,37,299,40,1*7B
$GBGSV,5,1,15,207,16,042,34,210,16,054,38,211,11,315,25,213,05,146,38,1*74
$GBGSV,5,2,15,227,69,201,31,228,32,155,39,230,37,305,33,232,33,225,29,3*72
$GBGSV,5,3,15,233,33,052,41,241,84,104,36,3*7D
$GBGSV,5,4,15,227,69,201,38,228,32,155,36,230,37,305,39,233,33,052,33,5*76
$GBGSV,5,5,15,241,84,104,45,5*79
$GIGSV,1,1,,,,,,,,,,,,,0.0*4E
$GNGSA,A,3,01,02,03,04,06,19,28,31,,,,,0.6,0.2,0.4,1*33
$GNGSA,A,3,01,03,04,06,09,28,,,,,,,0.6,0.2,0.4,1*32
$GNGSA,A,3,69,70,83,84,85,,,,,,,,0.6,0.2,0.4,2*30
$GNGSA,A,3,102,104,106,110,111,112,119,128,136,,,,0.6,0.2,0.4,3*07
$GNGSA,A,3,102,104,106,109,110,111,112,119,136,,,,0.6,0.2,0.4,3*04
$GNGSA,A,3,207,210,211,213,227,228,230,232,233,241,,,0.6,0.2,0.4,4*38
$GNGSA,A,3,227,228,230,233,241,,,,,,,,0.6,0.2,0.4,4*0F
$GNRMC,134906.000,A,4825.1428,N,00428.4560,W,0.0,125.5,100626,,,A*66
$GNGGA,134907.000,4825.1428,N,00428.4560,W,1,52,0.2,91.3,M,52.0,M,,*6C
$GNVTG,125.5,T,,M,0.0,N,0.0,K,A*10
$GPGSV,5,1,15,01,37,119,42,02,12,128,40,03,62,055,40,04,57,161,29,1*68
$GPGSV,5,2,15,06,32,303,27,09,30,195,25,19,45,286,35,28,13,041,30,1*68
$GPGSV,5,3,15,31,18,070,43,1*5D
$GPGSV,5,4,15,01,37,119,37,03,62,055,45,04,57,161,35,06,32,303,41,8*62
$GPGSV,5,5,15,09,30,195,31,28,13,041,32,8*60
$GQGSV,1,1,,,,,,,,,,,,,0.0*56
$GLGSV,2,1,05,69,79,203,34,70,26,216,27,83,35,138,38,84,85,329,31,1*7D
$GLGSV,2,2,05,85,35,320,38,1*4C
$GAGSV,6,1,19,102,13,287,25,104,58,126,35,106,44,165,34,109,24,184,19,7*75
$GAGSV,6,2,19,110,57,105,35,111,84,038,27,112,32,110,35,119,31,048,35,7*78
$GAGSV,6,3,19,128,51,081,34,136,37,299,33,7*7D
$GAGSV,6,4,19,102,13,287,37,104,58,126,44,106,44,165,42,109,24,184,37,1*7E
$GAGSV,6,5,19,110,57,105,41,111,84,038,42,119,31,048,31,128,51,081,36,1*7B
$GAGSV,6,6,19,136,37,299,40,1*7B
$GBGSV,5,1,15,207,16,042,34,210,16,054,38,211,11,315,25,213,05,146,38,1*74
$GBGSV,5,2,15,227,69,201,31,228,32,155,39,230,37,305,33,232,33,225,29,3*72
$GBGSV,5,3,15,233,33,052,41,241,84,104,36,3*7D
$GBGSV,5,4,15,227,69,201,38,228,32,155,36,232,33,225,33,233,33,052,33,5*79
$GBGSV,5,5,15,241,84,104,45,5*79
$GIGSV,1,1,,,,,,,,,,,,,0.0*4E
$GNGSA,A,3,01,02,03,04,06,09,19,28,31,,,,0.6,0.2,0.4,1*3A
$GNGSA,A,3,01,03,04,06,09,28,,,,,,,0.6,0.2,0.4,1*32
$GNGSA,A,3,69,83,84,85,,,,,,,,,0.6,0.2,0.4,2*37
$GNGSA,A,3,102,104,106,110,111,112,119,128,136,,,,0.6,0.2,0.4,3*07
$GNGSA,A,3,102,104,106,109,110,111,119,128,136,,,,0.6,0.2,0.4,3*0D
$GNGSA,A,3,207,210,211,213,227,228,230,232,233,241,,,0.6,0.2,0.4,4*38
$GNGSA,A,3,227,228,232,233,241,,,,,,,,0.6,0.2,0.4,4*0D
$GNRMC,134907.000,A,4825.1428,N,00428.4560,W,0.0,125.5,100626,,,A*67
$GNGGA,134908.000,4825.1428,N,00428.4560,W,1,51,0.2,91.3,M,52.0,M,,*60
$GNVTG,125.5,T,,M,0.0,N,0.0,K,A*10
$GPGSV,5,1,15,01,37,119,41,02,12,128,40,03,62,055,40,04,57,161,29,1*6B
$GPGSV,5,2,15,06,32,303,28,09,30,195,25,19,45,286,35,28,13,041,30,1*67
$GPGSV,5,3,15,31,18,070,43,1*5D
$GPGSV,5,4,15,01,37,119,37,03,62,055,45,04,57,161,35,06,32,303,41,8*62
$GPGSV,5,5,15,09,30,195,31,28,13,041,32,8*60
$GQGSV,1,1,,,,,,,,,,,,,0.0*56
$GLGSV,2,1,05,69,79,203,34,70,26,216,26,83,35,138,38,84,85,329,31,1*7C
$GLGSV,2,2,05,85,35,320,38,1*4C
$GAGSV,6,1,19,102,13,287,25,104,58,126,35,106,44,165,33,109,24,184,19,7*72
$GAGSV,6,2,19,110,57,105,35,111,84,038,27,112,32,110,35,119,31,048,35,7*78
$GAGSV,6,3,19,128,51,081,34,136,37,299,33,7*7D
$GAGSV,6,4,19,102,13,287,37,104,58,126,44,106,44,165,42,109,24,184,37,1*7E
$GAGSV,6,5,19,111,84,038,42,112,32,110,29,119,31,048,31,128,51,081,36,1*70
$GAGSV,6,6,19,136,37,299,40,1*7B
$GBGSV,5,1,15,207,16,042,34,210,16,054,38,211,11,315,26,213,05,146,38,1*77
$GBGSV,5,2,15,227,69,201,31,228,32,155,39,230,37,305,33,232,33,225,29,3*72
$GBGSV,5,3,15,233,33,052,41,241,84,104,36,3*7D
$GBGSV,5,4,15,227,69,201,38,230,37,305,39,232,33,225,33,233,33,052,32,5*7C
$GBGSV,5,5,15,241,84,104,45,5*79
$GIGSV,1,1,,,,,,,,,,,,,0.0*4E
$GNGSA,A,3,01,02,03,04,06,09,19,28,31,,,,0.6,0.2,0.4,1*3A
$GNGSA,A,3,01,03,04,06,09,28,,,,,,,0.6,0.2,0.4,1*32
$GNGSA,A,3,69,83,84,85,,,,,,,,,0.6,0.2,0.4,2*37
$GNGSA,A,3,102,104,106,110,111,112,119,128,136,,,,0.6,0.2,0.4,3*07
$GNGSA,A,3,102,104,106,109,111,112,119,128,136,,,,0.6,0.2,0.4,3*0F
$GNGSA,A,3,207,210,213,227,228,230,232,233,241,,,,0.6,0.2,0.4,4*0A
$GNGSA,A,3,227,230,232,233,241,,,,,,,,0.6,0.2,0.4,4*04
$GNRMC,134908.000,A,4825.1428,N,00428.4560,W,0.0,125.5,100626,,,A*68
$GNGGA,134909.000,4825.1428,N,00428.4560,W,1,51,0.2,91.3,M,52.0,M,,*61
$GNVTG,125.5,T,,M,0.0,N,0.0,K,A*10
$GPGSV,5,1,15,01,37,119,41,02,12,128,40,03,62,055,40,04,57,161,29,1*6B
$GPGSV,5,2,15,06,32,303,28,09,30,195,25,19,45,286,35,28,13,041,30,1*67
$GPGSV,5,3,15,31,18,070,43,1*5D
$GPGSV,5,4,15,01,37,119,37,03,62,055,45,04,57,161,36,06,32,303,41,8*61
$GPGSV,5,5,15,09,30,195,31,28,13,041,33,8*61
$GQGSV,1,1,,,,,,,,,,,,,0.0*56
$GLGSV,2,1,05,69,79,203,34,70,26,216,26,83,35,138,38,84,85,329,30,1*7D
$GLGSV,2,2,05,85,35,320,38,1*4C
$GAGSV,6,1,19,102,13,287,25,104,58,126,35,106,44,165,33,109,24,184,18,7*73
$GAGSV,6,2,19,110,57,105,35,111,84,038,27,112,32,110,35,119,31,048,35,7*78
$GAGSV,6,3,19,128,51,081,34,136,37,299,33,7*7D
$GAGSV,6,4,19,102,13,287,37,106,44,165,42,109,24,184,37,110,57,105,41,1*70
$GAGSV,6,5,19,111,84,038,42,112,32,110,29,119,31,048,30,128,51,081,36,1*71
$GAGSV,6,6,19,136,37,299,40,1*7B
$GBGSV,5,1,15,207,16,042,34,210,16,054,38,211,11,315,26,213,05,146,38,1*77
$GBGSV,5,2,15,227,69,201,30,228,32,155,39,230,37,305,33,232,33,225,29,3*73
$GBGSV,5,3,15,233,33,052,41,241,84,104,36,3*7D
$GBGSV,5,4,15,227,69,201,38,230,37,305,39,232,33,225,33,233,33,052,32,5*7C
$GBGSV,5,5,15,241,84,104,45,5*79
$GIGSV,1,1,,,,,,,,,,,,,0.0*4E
$GNGSA,A,3,01,02,03,04,09,19,28,31,,,,,0.6,0.2,0.4,1*3C
$GNGSA,A,3,01,03,04,06,09,28,,,,,,,0.6,0.2,0.4,1*32
$GNGSA,A,3,69,83,84,85,,,,,,,,,0.6,0.2,0.4,2*37
$GNGSA,A,3,102,104,106,110,111,112,119,128,136,,,,0.6,0.2,0.4,3*07
$GNGSA,A,3,102,106,109,110,111,112,119,128,136,,,,0.6,0.2,0.4,3*0A
$GNGSA,A,3,207,210,211,213,227,228,230,232,233,241,,,0.6,0.2,0.4,4*38
$GNGSA,A,3,227,230,232,233,241,,,,,,,,0.6,0.2,0.4,4*04
$GNRMC,134909.000,A,4825.1428,N,00428.4560,W,0.0,125.5,100626,,,A*69
$GNGGA,134910.000,4825.1428,N,00428.4560,W,1,50,0.2,91.3,M,52.0,M,,*68
$GNVTG,125.5,T,,M,0.0,N,0.0,K,A*10
$GPGSV,5,1,15,01,37,119,40,02,12,128,40,03,62,055,40,04,57,161,29,1*6A
$GPGSV,5,2,15,06,32,303,28,09,30,195,25,19,45,286,35,28,13,041,30,1*67
$GPGSV,5,3,15,31,18,070,43,1*5D
$GPGSV,5,4,15,01,37,119,37,03,62,055,45,04,57,161,36,06,32,303,41,8*61
$GPGSV,5,5,15,09,30,195,31,28,13,041,33,8*61
$GQGSV,1,1,,,,,,,,,,,,,0.0*56
$GLGSV,1,1,04,69,79,203,34,83,35,138,38,84,85,329,30,85,35,320,38,1*7C
$GAGSV,5,1,18,102,13,287,26,104,58,126,35,106,44,165,33,109,24,184,18,7*72
$GAGSV,5,2,18,110,57,105,35,111,84,038,27,112,32,110,35,119,31,048,35,7*7A
$GAGSV,5,3,18,128,51,081,34,136,37,299,33,7*7F
$GAGSV,5,4,18,102,13,287,37,104,58,126,44,109,24,184,37,110,57,105,41,1*7C
$GAGSV,5,5,18,111,84,038,42,119,31,048,30,128,51,081,36,136,37,299,40,1*7D
$GBGSV,5,1,16,207,16,042,34,210,16,054,38,211,11,315,26,213,05,146,38,1*74
$GBGSV,5,2,16,227,69,201,30,228,32,155,39,230,37,305,33,232,33,225,29,3*70
$GBGSV,5,3,16,233,33,052,41,241,84,104,36,3*7E
$GBGSV,5,4,16,227,69,201,38,228,32,155,36,230,37,305,39,232,33,225,33,5*76
$GBGSV,5,5,16,233,33,052,32,241,84,104,45,5*7E
$GIGSV,1,1,,,,,,,,,,,,,0.0*4E
$GNGSA,A,3,01,02,03,04,09,19,28,31,,,,,0.6,0.2,0.4,1*3C
$GNGSA,A,3,01,03,04,06,09,28,,,,,,,0.6,0.2,0.4,1*32
$GNGSA,A,3,69,83,84,85,,,,,,,,,0.6,0.2,0.4,2*37
$GNGSA,A,3,102,104,106,110,111,112,119,128,136,,,,0.6,0.2,0.4,3*07
$GNGSA,A,3,102,104,109,110,111,119,128,136,,,,,0.6,0.2,0.4,3*3A
$GNGSA,A,3,207,210,213,227,228,230,232,233,241,,,,0.6,0.2,0.4,4*0A
$GNGSA,A,3,227,228,230,232,233,241,,,,,,,0.6,0.2,0.4,4*3C
$GNRMC,134910.000,A,4825.1428,N,00428.4560,W,0.0,125.5,100626,,,A*61
$GNGGA,134911.000,4825.1428,N,00428.4560,W,1,50,0.2,91.3,M,52.0,M,,*69
$GNVTG,125.5,T,,M,0.0,N,0.0,K,A*10
$GPGSV,5,1,15,01,37,119,40,02,12,128,40,03,62,055,40,04,57,161,29,1*6A
$GPGSV,5,2,15,06,32,303,28,09,30,195,25,19,45,286,36,28,13,041,30,1*64
$GPGSV,5,3,15,31,18,070,43,1*5D
$GPGSV,5,4,15,01,37,119,37,03,62,055,45,04,57,161,36,06,32,303,42,8*62
$GPGSV,5,5,15,09,30,195,31,28,13,041,33,8*61
$GQGSV,1,1,,,,,,,,,,,,,0.0*56
$GLGSV,2,1,05,69,80,203,34,70,26,216,24,83,35,138,38,84,85,329,30,1*79
$GLGSV,2,2,05,85,35,320,38,1*4C
$GAGSV,6,1,18,102,13,287,26,104,58,126,35,106,44,165,33,110,57,105,35,7*7B
$GAGSV,6,2,18,111,84,038,27,112,32,110,35,119,31,048,35,128,51,080,34,7*79
$GAGSV,6,3,18,136,37,299,33,7*7D
$GAGSV,6,4,18,102,13,287,37,104,58,126,44,106,44,165,42,109,24,184,37,1*7F
$GAGSV,6,5,18,110,57,105,41,111,84,038,42,112,32,110,27,119,31,048,30,1*7E
$GAGSV,6,6,18,128,51,080,36,1*7E
$GBGSV,5,1,15,207,16,042,34,210,16,054,38,211,11,315,26,213,05,146,38,1*77
$GBGSV,5,2,15,227,69,201,30,228,32,155,39,230,37,305,33,232,33,225,29,3*73
$GBGSV,5,3,15,233,33,052,41,241,84,104,36,3*7D
$GBGSV,5,4,15,228,32,155,36,230,37,305,39,232,33,225,33,233,33,052,32,5*71
$GBGSV,5,5,15,241,84,104,45,5*79
$GIGSV,1,1,,,,,,,,,,,,,0.0*4E
$GNGSA,A,3,01,02,03,04,09,19,28,31,,,,,0.6,0.2,0.4,1*3C
$GNGSA,A,3,01,03,04,06,09,28,,,,,,,0.6,0.2,0.4,1*32
$GNGSA,A,3,69,83,84,85,,,,,,,,,0.6,0.2,0.4,2*37
$GNGSA,A,3,102,104,106,110,111,112,119,128,136,,,,0.6,0.2,0.4,3*07
$GNGSA,A,3,102,104,106,109,110,111,112,119,128,,,,0.6,0.2,0.4,3*0B
$GNGSA,A,3,207,210,213,227,228,230,232,233,241,,,,0.6,0.2,0.4,4*0A
$GNGSA,A,3,228,230,232,233,241,,,,,,,,0.6,0.2,0.4,4*0B
$GNRMC,134911.000,A,4825.1428,N,00428.4560,W,0.0,125.5,100626,,,A*60
$GNGGA,134912.000,4825.1428,N,00428.4560,W,1,51,0.2,91.3,M,52.0,M,,*6B
$GNVTG,125.5,T,,M,0.0,N,0.0,K,A*10
$GPGSV,5,1,15,01,37,119,40,02,12,128,40,03,62,055,40,04,57,161,29,1*6A
$GPGSV,5,2,15,06,32,303,29,09,30,195,25,19,45,286,36,28,13,041,30,1*65
$GPGSV,5,3,15,31,18,070,43,1*5D
$GPGSV,5,4,15,01,37,119,37,03,62,055,45,04,57,161,36,06,32,303,42,8*62
$GPGSV,5,5,15,09,30,195,31,28,13,041,33,8*61
$GQGSV,1,1,,,,,,,,,,,,,0.0*56
$GLGSV,2,1,05,69,80,203,34,70,26,216,23,83,35,138,38,84,85,329,30,1*7E
$GLGSV,2,2,05,85,35,320,38,1*4C
$GAGSV,6,1,18,102,13,287,26,104,58,126,36,106,44,165,33,110,57,105,35,7*78
$GAGSV,6,2,18,111,84,038,27,112,32,110,36,119,31,048,35,128,51,080,34,7*7A
$GAGSV,6,3,18,136,37,299,33,7*7D
$GAGSV,6,4,18,102,13,287,37,104,58,126,44,106,44,165,42,109,24,184,37,1*7F
$GAGSV,6,5,18,111,84,038,42,112,32,110,27,119,31,048,30,128,51,080,36,1*7F
$GAGSV,6,6,18,136,37,299,40,1*7A
$GBGSV,5,1,15,207,16,042,34,210,16,054,38,211,11,315,26,213,05,146,38,1*77
$GBGSV,5,2,15,227,69,201,30,228,32,155,39,230,37,305,33,232,33,225,29,3*73
$GBGSV,5,3,15,233,33,052,41,241,84,104,36,3*7D
$GBGSV,5,4,15,227,69,201,38,228,32,155,36,230,37,305,39,232,33,225,33,5*75
$GBGSV,5,5,15,241,84,104,45,5*79
$GIGSV,1,1,,,,,,,,,,,,,0.0*4E
$GNGSA,A,3,01,02,03,04,09,19,28,31,,,,,0.6,0.2,0.4,1*3C
$GNGSA,A,3,01,03,04,06,09,28,,,,,,,0.6,0.2,0.4,1*32
$GNGSA,A,3,69,83,84,85,,,,,,,,,0.6,0.2,0.4,2*37
$GNGSA,A,3,102,104,106,110,111,112,119,128,136,,,,0.6,0.2,0.4,3*07
$GNGSA,A,3,102,104,106,109,111,112,119,128,136,,,,0.6,0.2,0.4,3*0F
$GNGSA,A,3,207,210,211,213,227,228,230,232,233,241,,,0.6,0.2,0.4,4*38
$GNGSA,A,3,227,228,230,232,241,,,,,,,,0.6,0.2,0.4,4*0E
$GNRMC,134912.000,A,4825.1428,N,00428.4560,W,0.0,125.5,100626,,,A*63
$GNGGA,134913.000,4825.1428,N,00428.4560,W,1,51,0.2,91.3,M,52.0,M,,*6A
$GNVTG,125.5,T,,M,0.0,N,0.0,K,A*10
$GPGSV,5,1,15,01,37,119,39,02,12,128,40,03,62,055,40,04,57,161,29,1*64
$GPGSV,5,2,15,06,32,303,29,09,30,195,25,19,45,286,36,28,13,041,30,1*65
$GPGSV,5,3,15,31,18,070,43,1*5D
$GPGSV,5,4,15,01,37,119,38,03,62,055,45,04,57,161,36,06,32,303,42,8*6D
$GPGSV,5,5,15,09,30,195,32,28,13,041,33,8*62
$GQGSV,1,1,,,,,,,,,,,,,0.0*56
$GLGSV,2,1,05,69,80,203,34,70,26,216,23,83,35,138,38,84,85,329,30,1*7E
$GLGSV,2,2,05,85,35,320,38,1*4C
$GAGSV,6,1,19,102,13,287,26,104,58,126,36,106,44,165,33,110,57,105,35,7*79
$GAGSV,6,2,19,111,84,038,27,112,32,110,36,119,31,048,35,128,51,080,35,7*7A
$GAGSV,6,3,19,136,37,299,32,7*7D
$GAGSV,6,4,19,102,13,287,37,104,58,126,44,106,44,165,42,109,24,184,37,1*7E
$GAGSV,6,5,19,110,57,105,41,111,84,038,42,112,32,110,27,119,31,048,30,1*7F
$GAGSV,6,6,19,128,51,080,36,136,37,299,40,1*79
$GBGSV,4,1,14,207,16,042,34,210,16,054,38,211,11,315,26,213,05,146,38,1*77
$GBGSV,4,2,14,227,69,201,30,228,32,155,39,230,37,305,33,232,33,225,29,3*73
$GBGSV,4,3,14,233,33,052,41,241,84,104,36,3*7D
$GBGSV,4,4,14,228,32,155,36,230,37,305,39,232,33,225,33,241,84,104,45,5*7A
$GIGSV,1,1,,,,,,,,,,,,,0.0*4E
$GNGSA,A,3,01,02,03,04,06,19,28,31,,,,,0.6,0.2,0.4,1*33
$GNGSA,A,3,01,03,04,06,09,28,,,,,,,0.6,0.2,0.4,1*32
$GNGSA,A,3,69,83,84,85,,,,,,,,,0.6,0.2,0.4,2*37
$GNGSA,A,3,102,104,106,110,111,112,119,128,136,,,,0.6,0.2,0.4,3*07
$GNGSA,A,3,102,104,106,109,110,111,112,119,128,136,,,0.6,0.2,0.4,3*3F
$GNGSA,A,3,207,210,211,213,227,228,230,232,233,241,,,0.6,0.2,0.4,4*38
$GNGSA,A,3,228,230,232,241,,,,,,,,,0.6,0.2,0.4,4*39
$GNRMC,134913.000,A,4825.1428,N,00428.4560,W,0.0,125.5,100626,,,A*62
$GNGGA,134914.000,4825.1428,N,00428.4560,W,1,51,0.2,91.4,M,52.0,M,,*6A
$GNVTG,125.5,T,,M,0.0,N,0.0,K,A*10
$GPGSV,5,1,15,01,37,119,39,02,12,128,40,03,62,055,40,04,57,161,29,1*64
$GPGSV,5,2,15,06,32,303,29,09,30,195,26,19,45,286,36,28,13,041,30,1*66
$GPGSV,5,3,15,31,18,070,43,1*5D
$GPGSV,5,4,15,01,37,119,38,03,62,055,45,04,57,161,36,06,32,303,42,8*6D
$GPGSV,5,5,15,09,30,195,32,28,13,041,33,8*62
$GQGSV,1,1,,,,,,,,,,,,,0.0*56
$GLGSV,2,1,05,69,80,203,34,70,26,216,23,83,35,138,38,84,85,329,30,1*7E
$GLGSV,2,2,05,85,35,320,38,1*4C
$GAGSV,6,1,18,102,13,287,26,104,58,126,36,106,44,165,33,110,57,105,35,7*78
$GAGSV,6,2,18,111,84,038,27,112,32,110,36,119,31,048,35,128,51,080,35,7*7B
$GAGSV,6,3,18,136,37,299,32,7*7C
$GAGSV,6,4,18,102,13,287,37,104,58,126,44,106,44,165,42,109,24,184,37,1*7F
$GAGSV,6,5,18,111,84,038,42,112,32,110,26,119,31,048,30,128,51,080,36,1*7E
$GAGSV,6,6,18,136,37,299,40,1*7A
$GBGSV,5,1,15,207,16,042,34,210,16,054,38,211,11,315,26,213,05,146,38,1*77
$GBGSV,5,2,15,227,69,201,30,228,32,155,39,230,37,305,33,232,33,225,29,3*73
$GBGSV,5,3,15,233,33,052,41,241,84,104,36,3*7D
$GBGSV,5,4,15,227,69,201,38,230,37,305,39,232,33,225,33,233,33,052,31,5*7F
$GBGSV,5,5,15,241,84,104,45,5*79
$GIGSV,1,1,,,,,,,,,,,,,0.0*4E
$GNGSA,A,3,01,02,03,04,06,09,19,28,31,,,,0.6,0.2,0.4,1*3A
$GNGSA,A,3,01,03,04,06,09,28,,,,,,,0.6,0.2,0.4,1*32
$GNGSA,A,3,83,84,85,,,,,,,,,,0.6,0.2,0.4,2*38
$GNGSA,A,3,102,104,106,110,111,112,119,128,136,,,,0.6,0.2,0.4,3*07
$GNGSA,A,3,102,104,106,109,111,112,119,128,136,,,,0.6,0.2,0.4,3*0F
$GNGSA,A,3,207,210,211,213,227,228,230,232,233,241,,,0.6,0.2,0.4,4*38
$GNGSA,A,3,227,230,232,233,241,,,,,,,,0.6,0.2,0.4,4*04
$GNRMC,134914.000,A,4825.1428,N,00428.4560,W,0.0,125.5,100626,,,A*65
$GNGGA,134915.000,4825.1428,N,00428.4561,W,1,51,0.2,91.4,M,52.0,M,,*6A
$GNVTG,125.5,T,,M,0.0,N,0.0,K,A*10
$GPGSV,5,1,15,01,37,119,39,02,12,128,40,03,62,055,40,04,57,161,29,1*64
$GPGSV,5,2,15,06,32,303,29,09,30,195,26,19,45,286,36,28,13,041,30,1*66
$GPGSV,5,3,15,31,18,070,43,1*5D
$GPGSV,5,4,15,01,37,119,38,03,62,055,45,04,57,161,36,06,32,303,42,8*6D
$GPGSV,5,5,15,09,30,195,32,28,13,041,33,8*62
$GQGSV,1,1,,,,,,,,,,,,,0.0*56
$GLGSV,2,1,05,69,80,203,34,70,26,216,23,83,35,138,38,84,85,329,30,1*7E
$GLGSV,2,2,05,85,35,320,38,1*4C
$GAGSV,5,1,17,102,13,287,26,104,58,126,36,106,44,165,33,110,57,105,35,7*74
$GAGSV,5,2,17,111,84,038,27,112,32,110,36,119,31,048,35,128,51,080,35,7*77
$GAGSV,5,3,17,136,37,299,32,7*70
$GAGSV,5,4,17,102,13,287,37,104,58,126,44,109,24,184,37,110,57,105,41,1*73
$GAGSV,5,5,17,111,84,038,42,119,31,048,30,128,51,080,36,136,37,299,40,1*73
$GBGSV,5,1,16,207,16,042,34,210,16,054,38,211,11,315,26,213,05,146,38,1*74
$GBGSV,5,2,16,227,69,201,30,228,32,155,39,230,37,305,33,232,33,225,29,3*70
$GBGSV,5,3,16,233,33,052,41,241,84,104,36,3*7E
$GBGSV,5,4,16,227,69,201,38,228,32,155,36,230,37,305,39,232,33,225,33,5*76
$GBGSV,5,5,16,233,33,052,32,241,84,104,45,5*7E
$GIGSV,1,1,,,,,,,,,,,,,0.0*4E
$GNGSA,A,3,01,02,03,04,06,09,19,28,31,,,,0.6,0.2,0.4,1*3A
$GNGSA,A,3,01,03,04,06,09,28,,,,,,,0.6,0.2,0.4,1*32
$GNGSA,A,3,69,83,84,85,,,,,,,,,0.6,0.2,0.4,2*37
$GNGSA,A,3,102,104,106,110,111,112,119,128,136,,,,0.6,0.2,0.4,3*07
$GNGSA,A,3,102,104,109,110,111,119,128,136,,,,,0.6,0.2,0.4,3*3A
$GNGSA,A,3,207,210,213,227,228,230,232,233,241,,,,0.6,0.2,0.4,4*0A
$GNGSA,A,3,227,228,230,232,233,241,,,,,,,0.6,0.2,0.4,4*3C
$GNRMC,134915.000,A,4825.1428,N,00428.4561,W,0.0,125.5,100626,,,A*65
$GNGGA,134916.000,4825.1428,N,00428.4561,W,1,52,0.2,91.4,M,52.0,M,,*6A
$GNVTG,125.5,T,,M,0.0,N,0.0,K,A*10
$GPGSV,5,1,15,01,37,119,39,02,12,128,40,03,62,055,40,04,57,161,29,1*64
$GPGSV,5,2,15,06,32,303,29,09,30,195,26,19,45,286,36,28,13,041,30,1*66
$GPGSV,5,3,15,31,18,070,43,1*5D
$GPGSV,5,4,15,01,37,119,38,03,62,055,45,04,57,161,36,06,32,303,42,8*6D
$GPGSV,5,5,15,09,30,195,31,28,13,041,33,8*61
$GQGSV,1,1,,,,,,,,,,,,,0.0*56
$GLGSV,2,1,05,69,80,203,34,70,26,216,23,83,35,138,37,84,85,329,30,1*71
$GLGSV,2,2,05,85,35,320,38,1*4C
$GAGSV,6,1,18,102,13,287,26,104,58,126,36,106,44,165,33,110,57,105,35,7*78
$GAGSV,6,2,18,111,84,038,27,112,32,110,36,119,31,048,35,128,51,080,35,7*7B
$GAGSV,6,3,18,136,37,299,32,7*7C
$GAGSV,6,4,18,102,13,287,37,104,58,126,44,106,44,165,42,109,24,184,37,1*7F
$GAGSV,6,5,18,110,57,105,41,112,32,110,25,119,31,048,30,128,51,080,36,1*7E
$GAGSV,6,6,18,136,37,299,40,1*7A
$GBGSV,5,1,15,207,16,042,34,210,16,054,38,211,11,315,26,213,05,146,38,1*77
$GBGSV,5,2,15,227,68,200,30,228,32,155,39,230,37,305,34,232,33,225,29,3*74
$GBGSV,5,3,15,233,33,052,41,241,84,104,37,3*7C
$GBGSV,5,4,15,227,68,200,38,228,32,155,36,230,37,305,39,232,33,225,33,5*75
$GBGSV,5,5,15,233,33,052,32,5*72
$GIGSV,1,1,,,,,,,,,,,,,0.0*4E
$GNGSA,A,3,01,02,03,04,06,09,19,28,31,,,,0.6,0.2,0.4,1*3A
$GNGSA,A,3,01,03,04,06,09,28,,,,,,,0.6,0.2,0.4,1*32
$GNGSA,A,3,69,83,84,85,,,,,,,,,0.6,0.2,0.4,2*37
$GNGSA,A,3,102,104,106,110,111,112,119,128,136,,,,0.6,0.2,0.4,3*07
$GNGSA,A,3,102,104,106,109,110,112,119,128,136,,,,0.6,0.2,0.4,3*0E
$GNGSA,A,3,207,210,211,213,227,228,230,232,233,241,,,0.6,0.2,0.4,4*38
$GNGSA,A,3,227,228,230,232,233,,,,,,,,0.6,0.2,0.4,4*0B
$GNRMC,134916.000,A,4825.1428,N,00428.4561,W,0.0,125.5,100626,,,A*66
$GNGGA,134917.000,4825.1428,N,00428.4560,W,1,50,0.2,91.4,M,52.0,M,,*68
$GNVTG,125.5,T,,M,0.0,N,0.0,K,A*10
$GPGSV,5,1,15,01,37,119,39,02,12,128,40,03,62,055,40,04,57,161,29,1*64
$GPGSV,5,2,15,06,32,303,29,09,30,195,25,19,45,286,36,28,13,041,30,1*65
$GPGSV,5,3,15,31,18,069,43,1*55
$GPGSV,5,4,15,01,37,119,38,03,62,055,45,04,57,161,36,06,32,303,42,8*6D
$GPGSV,5,5,15,09,30,195,32,28,13,041,33,8*62
$GQGSV,1,1,,,,,,,,,,,,,0.0*56
$GLGSV,2,1,05,69,80,203,34,70,26,216,23,83,35,138,37,84,85,329,30,1*71
$GLGSV,2,2,05,85,35,320,38,1*4C
$GAGSV,6,1,18,102,13,287,26,104,58,126,36,106,44,165,33,110,57,105,35,7*78
$GAGSV,6,2,18,111,84,038,27,112,32,110,36,119,31,048,35,128,51,080,35,7*7B
$GAGSV,6,3,18,136,37,299,32,7*7C
$GAGSV,6,4,18,102,13,287,37,104,58,126,44,106,44,165,42,109,24,184,37,1*7F
$GAGSV,6,5,18,110,57,105,41,111,84,038,42,112,32,110,25,119,31,048,30,1*7C
$GAGSV,6,6,18,136,37,299,40,1*7A
$GBGSV,5,1,15,207,16,042,34,210,16,054,38,211,11,315,26,213,05,146,38,1*77
$GBGSV,5,2,15,227,68,200,30,228,32,155,39,230,37,304,34,232,33,225,29,3*75
$GBGSV,5,3,15,233,33,052,41,241,84,104,37,3*7C
$GBGSV,5,4,15,227,68,200,38,228,32,155,36,232,33,225,33,233,33,052,32,5*78
$GBGSV,5,5,15,241,84,104,45,5*79
$GIGSV,1,1,,,,,,,,,,,,,0.0*4E
$GNGSA,A,3,01,02,03,04,06,19,31,,,,,,0.6,0.2,0.4,1*39
$GNGSA,A,3,01,03,04,06,09,28,,,,,,,0.6,0.2,0.4,1*32
$GNGSA,A,3,69,83,84,85,,,,,,,,,0.6,0.2,0.4,2*37
$GNGSA,A,3,102,104,106,110,111,112,119,128,136,,,,0.6,0.2,0.4,3*07
$GNGSA,A,3,102,104,106,109,110,111,112,119,136,,,,0.6,0.2,0.4,3*04
$GNGSA,A,3,207,210,211,213,227,228,230,232,233,241,,,0.6,0.2,0.4,4*38
$GNGSA,A,3,227,228,232,233,241,,,,,,,,0.6,0.2,0.4,4*0D
$GNRMC,134917.000,A,4825.1428,N,00428.4560,W,0.0,125.5,100626,,,A*66
$GNGGA,134918.000,4825.1428,N,00428.4560,W,1,49,0.2,91.4,M,52.0,M,,*6F
$GNVTG,125.5,T,,M,0.0,N,0.0,K,A*10
$GPGSV,5,1,15,01,37,119,38,02,12,128,40,03,62,055,40,04,57,161,29,1*65
$GPGSV,5,2,15,06,32,303,29,09,30,195,25,19,45,286,36,28,13,041,30,1*65
$GPGSV,5,3,15,31,18,069,43,1*55
$GPGSV,5,4,15,01,37,119,38,03,62,055,45,04,57,161,36,06,32,303,42,8*6D
$GPGSV,5,5,15,09,30,195,32,28,13,041,32,8*63
$GQGSV,1,1,,,,,,,,,,,,,0.0*56
$GLGSV,2,1,05,69,80,203,34,70,26,216,25,83,35,138,37,84,85,329,30,1*77
$GLGSV,2,2,05,85,35,320,38,1*4C
$GAGSV,6,1,19,102,13,287,26,104,58,126,36,106,44,165,33,110,57,105,35,7*79
$GAGSV,6,2,19,111,84,038,27,112,32,110,36,119,31,048,35,128,51,080,35,7*7A
$GAGSV,6,3,19,136,37,299,33,7*7C
$GAGSV,6,4,19,102,13,287,37,104,58,126,44,106,44,165,42,109,24,184,37,1*7E
$GAGSV,6,5,19,110,57,105,41,111,84,038,42,112,32,110,25,119,31,048,30,1*7D
$GAGSV,6,6,19,128,51,080,36,136,37,299,40,1*79
$GBGSV,4,1,14,207,16,042,34,210,16,054,38,211,11,315,26,213,05,146,38,1*77
$GBGSV,4,2,14,227,68,200,30,228,32,155,39,230,37,304,34,232,33,225,29,3*75
$GBGSV,4,3,14,233,33,052,41,241,84,104,37,3*7C
$GBGSV,4,4,14,228,32,155,36,230,37,304,39,232,33,225,33,241,84,104,45,5*7B
$GIGSV,1,1,,,,,,,,,,,,,0.0*4E
$GNGSA,A,3,01,02,03,04,09,31,,,,,,,0.6,0.2,0.4,1*3E
$GNGSA,A,3,01,03,04,06,09,28,,,,,,,0.6,0.2,0.4,1*32
$GNGSA,A,3,69,83,84,85,,,,,,,,,0.6,0.2,0.4,2*37
$GNGSA,A,3,102,104,106,110,111,112,119,128,136,,,,0.6,0.2,0.4,3*07
$GNGSA,A,3,102,104,106,109,110,111,112,119,128,136,,,0.6,0.2,0.4,3*3F
$GNGSA,A,3,207,210,211,213,227,228,230,232,233,241,,,0.6,0.2,0.4,4*38
$GNGSA,A,3,228,230,232,241,,,,,,,,,0.6,0.2,0.4,4*39
$GNRMC,134918.000,A,4825.1428,N,00428.4560,W,0.0,125.5,100626,,,A*69
$GNGGA,134919.000,4825.1428,N,00428.4560,W,1,51,0.2,91.4,M,52.0,M,,*67
$GNVTG,125.5,T,,M,0.0,N,0.0,K,A*10
$GPGSV,5,1,15,01,37,119,38,02,12,128,40,03,62,055,40,04,57,161,29,1*65
$GPGSV,5,2,15,06,32,303,29,09,30,195,25,19,45,286,35,28,13,041,30,1*66
$GPGSV,5,3,15,31,18,069,43,1*55
$GPGSV,5,4,15,01,37,119,38,03,62,055,45,04,57,161,36,06,32,303,42,8*6D
$GPGSV,5,5,15,09,30,195,32,28,13,041,32,8*63
$GQGSV,1,1,,,,,,,,,,,,,0.0*56
$GLGSV,2,1,05,69,80,203,34,70,26,216,31,83,35,138,37,84,85,329,30,1*72
$GLGSV,2,2,05,85,35,320,38,1*4C
$GAGSV,6,1,18,102,13,287,26,104,58,126,36,106,44,165,34,110,57,105,36,7*7C
$GAGSV,6,2,18,111,84,038,27,112,32,110,36,119,31,048,35,128,51,080,35,7*7B
$GAGSV,6,3,18,136,37,299,33,7*7D
$GAGSV,6,4,18,102,13,287,37,104,58,126,44,106,44,165,42,109,24,184,37,1*7F
$GAGSV,6,5,18,110,57,105,41,111,84,038,42,119,31,048,30,128,51,080,36,1*7A
$GAGSV,6,6,18,136,37,299,40,1*7A
$GBGSV,5,1,15,207,16,042,34,210,16,054,38,211,11,315,26,213,05,146,38,1*77
$GBGSV,5,2,15,227,68,200,30,228,32,155,39,230,37,304,34,232,33,225,29,3*75
$GBGSV,5,3,15,233,33,052,41,241,84,104,37,3*7C
$GBGSV,5,4,15,228,32,155,36,230,37,304,39,232,33,225,33,233,33,052,32,5*70
$GBGSV,5,5,15,241,84,104,45,5*79
$GIGSV,1,1,,,,,,,,,,,,,0.0*4E
$GNGSA,A,3,01,02,03,04,09,19,28,31,,,,,0.6,0.2,0.4,1*3C
$GNGSA,A,3,01,03,04,06,09,28,,,,,,,0.6,0.2,0.4,1*32
$GNGSA,A,3,69,83,84,85,,,,,,,,,0.6,0.2,0.4,2*37
$GNGSA,A,3,102,104,106,110,111,112,119,128,136,,,,0.6,0.2,0.4,3*07
$GNGSA,A,3,102,104,106,109,110,111,119,128,136,,,,0.6,0.2,0.4,3*0D
$GNGSA,A,3,207,210,211,213,227,228,230,232,233,241,,,0.6,0.2,0.4,4*38
$GNGSA,A,3,228,230,232,233,241,,,,,,,,0.6,0.2,0.4,4*0B
$GNRMC,134919.000,A,4825.1428,N,00428.4560,W,0.0,125.5,100626,,,A*68
$GNGGA,134920.000,4825.1428,N,00428.4560,W,1,51,0.2,91.4,M,52.0,M,,*6D
$GNVTG,125.5,T,,M,0.0,N,0.0,K,A*10
$GPGSV,5,1,15,01,37,119,38,02,12,128,40,03,62,055,40,04,57,161,29,1*65
$GPGSV,5,2,15,06,32,303,29,09,30,195,25,19,45,286,35,28,13,041,30,1*66
$GPGSV,5,3,15,31,18,069,43,1*55
$GPGSV,5,4,15,01,37,119,37,03,62,055,45,04,57,161,36,06,32,303,42,8*62
$GPGSV,5,5,15,09,30,195,33,28,13,041,32,8*62
$GQGSV,1,1,,,,,,,,,,,,,0.0*56
$GLGSV,2,1,05,69,80,203,34,70,26,216,31,83,35,138,37,84,85,329,30,1*72
$GLGSV,2,2,05,85,35,320,38,1*4C
$GAGSV,6,1,18,102,13,287,26,104,58,126,36,106,44,165,34,110,57,105,36,7*7C
$GAGSV,6,2,18,111,84,038,27,112,32,110,36,119,31,048,35,128,51,080,35,7*7B
$GAGSV,6,3,18,136,37,299,33,7*7D
$GAGSV,6,4,18,102,13,287,37,106,44,165,42,109,24,184,37,110,57,105,41,1*71
$GAGSV,6,5,18,111,84,038,42,112,32,110,27,119,31,048,30,128,51,080,36,1*7F
$GAGSV,6,6,18,136,37,299,40,1*7A
$GBGSV,5,1,15,207,16,042,34,210,16,054,38,211,11,315,26,213,05,146,38,1*77
$GBGSV,5,2,15,227,68,200,30,228,32,155,39,230,37,304,34,232,33,225,29,3*75
$GBGSV,5,3,15,233,33,052,41,241,84,104,37,3*7C
$GBGSV,5,4,15,227,68,200,38,230,37,304,39,232,33,225,33,233,33,052,33,5*7C
$GBGSV,5,5,15,241,84,104,45,5*79
$GIGSV,1,1,,,,,,,,,,,,,0.0*4E
$GNGSA,A,3,01,02,03,04,06,19,28,31,,,,,0.6,0.2,0.4,1*33
$GNGSA,A,3,01,03,04,06,09,28,,,,,,,0.6,0.2,0.4,1*32
$GNGSA,A,3,69,83,84,85,,,,,,,,,0.6,0.2,0.4,2*37
$GNGSA,A,3,102,104,106,110,111,112,119,128,136,,,,0.6,0.2,0.4,3*07
$GNGSA,A,3,102,106,109,110,111,112,119,128,136,,,,0.6,0.2,0.4,3*0A
$GNGSA,A,3,207,210,211,213,227,228,230,232,233,241,,,0.6,0.2,0.4,4*38
$GNGSA,A,3,227,230,232,233,241,,,,,,,,0.6,0.2,0.4,4*04
$GNRMC,134920.000,A,4825.1428,N,00428.4560,W,0.0,125.5,100626,,,A*62
$GNGGA,134921.000,4825.1428,N,00428.4560,W,1,51,0.2,91.4,M,52.0,M,,*6C
$GNVTG,125.5,T,,M,0.0,N,0.0,K,A*10
$GPGSV,5,1,15,01,37,119,38,02,12,128,40,03,62,055,40,04,57,161,30,1*6D
$GPGSV,5,2,15,06,32,303,29,09,30,195,25,19,45,286,35,28,13,041,30,1*66
$GPGSV,5,3,15,31,18,069,43,1*55
$GPGSV,5,4,15,01,37,119,37,03,62,055,45,04,57,161,36,06,32,303,42,8*62
$GPGSV,5,5,15,09,30,195,33,28,13,041,32,8*62
$GQGSV,1,1,,,,,,,,,,,,,0.0*56
$GLGSV,2,1,05,69,80,203,34,70,26,216,31,83,35,138,37,84,85,329,30,1*72
$GLGSV,2,2,05,85,35,320,38,1*4C
$GAGSV,6,1,18,102,13,287,26,104,58,126,36,106,44,165,34,110,57,105,36,7*7C
$GAGSV,6,2,18,111,84,038,27,112,32,110,36,119,31,048,35,128,51,080,36,7*78
$GAGSV,6,3,18,136,37,299,33,7*7D
$GAGSV,6,4,18,104,58,126,43,106,44,165,42,109,24,184,37,110,57,105,41,1*73
$GAGSV,6,5,18,111,84,038,42,112,32,110,27,119,31,048,30,128,51,080,36,1*7F
$GAGSV,6,6,18,136,37,299,40,1*7A
$GBGSV,5,1,15,207,16,042,34,210,16,054,38,211,11,315,26,213,05,146,38,1*77
$GBGSV,5,2,15,227,68,200,30,228,32,155,39,230,37,304,34,232,33,225,29,3*75
$GBGSV,5,3,15,233,33,052,41,241,84,104,37,3*7C
$GBGSV,5,4,15,227,68,200,38,230,37,304,39,232,33,225,32,233,33,052,33,5*7D
$GBGSV,5,5,15,241,84,104,45,5*79
$GIGSV,1,1,,,,,,,,,,,,,0.0*4E
$GNGSA,A,3,01,02,03,06,19,28,31,,,,,,0.6,0.2,0.4,1*37
$GNGSA,A,3,01,03,04,06,09,28,,,,,,,0.6,0.2,0.4,1*32
$GNGSA,A,3,69,70,83,84,85,,,,,,,,0.6,0.2,0.4,2*30
$GNGSA,A,3,102,104,106,110,111,112,119,128,136,,,,0.6,0.2,0.4,3*07
$GNGSA,A,3,104,106,109,110,111,112,119,128,136,,,,0.6,0.2,0.4,3*0C
$GNGSA,A,3,207,210,211,213,227,228,230,232,233,241,,,0.6,0.2,0.4,4*38
$GNGSA,A,3,227,230,232,233,241,,,,,,,,0.6,0.2,0.4,4*04
$GNRMC,134921.000,A,4825.1428,N,00428.4560,W,0.0,125.5,100626,,,A*63
$GNGGA,134922.000,4825.1428,N,00428.4560,W,1,54,0.2,91.4,M,52.0,M,,*6A
$GNVTG,125.5,T,,M,0.0,N,0.0,K,A*10
$GPGSV,5,1,15,01,37,119,38,02,12,128,40,03,62,055,40,04,57,161,30,1*6D
$GPGSV,5,2,15,06,32,303,29,09,31,195,25,19,45,286,35,28,13,041,30,1*67
$GPGSV,5,3,15,31,18,069,43,1*55
$GPGSV,5,4,15,01,37,119,37,03,62,055,45,04,57,161,36,06,32,303,42,8*62
$GPGSV,5,5,15,09,31,195,33,28,13,041,32,8*63
$GQGSV,1,1,,,,,,,,,,,,,0.0*56
$GLGSV,2,1,05,69,80,203,34,70,26,216,31,83,35,138,37,84,85,329,30,1*72
$GLGSV,2,2,05,85,35,320,38,1*4C
$GAGSV,6,1,20,102,13,287,26,104,58,126,36,106,44,165,35,109,24,184,23,7*77
$GAGSV,6,2,20,110,57,105,36,111,84,038,27,112,32,110,36,119,31,048,35,7*72
$GAGSV,6,3,20,128,51,080,36,136,37,299,33,7*74
$GAGSV,6,4,20,102,13,287,37,104,58,126,43,106,44,165,42,109,24,184,37,1*73
$GAGSV,6,5,20,110,57,105,41,111,84,038,42,112,32,110,28,119,31,048,29,1*72
$GAGSV,6,6,20,128,51,080,36,136,37,299,40,1*73
$GBGSV,4,1,14,207,16,042,34,210,16,054,38,211,11,315,26,213,05,146,38,1*77
$GBGSV,4,2,14,227,68,200,30,228,32,155,39,230,37,304,35,232,33,225,29,3*74
$GBGSV,4,3,14,233,33,052,41,241,83,102,37,3*7D
$GBGSV,4,4,14,227,68,200,38,230,37,304,39,232,33,225,32,233,33,052,33,5*7D
$GIGSV,1,1,,,,,,,,,,,,,0.0*4E
$GNGSA,A,3,01,02,03,04,06,09,19,28,31,,,,0.6,0.2,0.4,1*3A
$GNGSA,A,3,01,03,04,06,09,28,,,,,,,0.6,0.2,0.4,1*32
$GNGSA,A,3,69,70,83,84,85,,,,,,,,0.6,0.2,0.4,2*30
$GNGSA,A,3,102,104,106,109,110,111,112,119,128,136,,,0.6,0.2,0.4,3*3F
$GNGSA,A,3,102,104,106,109,110,111,112,119,128,136,,,0.6,0.2,0.4,3*3F
$GNGSA,A,3,207,210,211,213,227,228,230,232,233,241,,,0.6,0.2,0.4,4*38
$GNGSA,A,3,227,230,232,233,,,,,,,,,0.6,0.2,0.4,4*33
$GNRMC,134922.000,A,4825.1428,N,00428.4560,W,0.0,125.5,100626,,,A*60
$GNGGA,134923.000,4825.1428,N,00428.4560,W,1,53,0.2,91.4,M,52.0,M,,*6C
$GNVTG,125.5,T,,M,0.0,N,0.0,K,A*10
$GPGSV,5,1,15,01,37,119,38,02,12,128,40,03,62,055,40,04,57,161,30,1*6D
$GPGSV,5,2,15,06,32,303,29,09,31,195,25,19,45,286,35,28,13,041,30,1*67
$GPGSV,5,3,15,31,18,069,43,1*55
$GPGSV,5,4,15,01,37,119,36,03,62,055,45,04,57,161,36,06,32,303,42,8*63
$GPGSV,5,5,15,09,31,195,33,28,13,041,32,8*63
$GQGSV,1,1,,,,,,,,,,,,,0.0*56
$GLGSV,2,1,05,69,80,203,34,70,26,216,31,83,35,138,37,84,85,329,30,1*72
$GLGSV,2,2,05,85,35,320,38,1*4C
$GAGSV,6,1,19,102,13,287,26,104,58,126,36,106,44,165,35,109,24,184,24,7*7A
$GAGSV,6,2,19,110,57,105,36,111,84,038,27,112,32,110,36,119,31,048,35,7*78
$GAGSV,6,3,19,128,51,080,36,136,37,299,33,7*7E
$GAGSV,6,4,19,102,13,287,37,104,58,126,43,109,24,184,37,110,57,105,42,1*7A
$GAGSV,6,5,19,111,84,038,42,112,32,110,28,119,31,048,29,128,51,080,36,1*79
$GAGSV,6,6,19,136,37,299,40,1*7B
$GBGSV,5,1,15,207,16,042,34,210,16,054,38,211,11,315,26,213,05,146,38,1*77
$GBGSV,5,2,15,227,68,200,30,228,32,155,39,230,37,304,35,232,33,225,29,3*74
$GBGSV,5,3,15,233,33,052,41,241,83,102,37,3*7D
$GBGSV,5,4,15,227,68,200,38,228,32,155,31,230,37,304,39,232,33,225,32,5*72
$GBGSV,5,5,15,233,33,052,33,5*73
$GIGSV,1,1,,,,,,,,,,,,,0.0*4E
$GNGSA,A,3,01,02,03,04,06,19,28,31,,,,,0.6,0.2,0.4,1*33
$GNGSA,A,3,01,03,04,06,09,28,,,,,,,0.6,0.2,0.4,1*32
$GNGSA,A,3,69,70,83,84,85,,,,,,,,0.6,0.2,0.4,2*30
$GNGSA,A,3,102,104,106,109,110,111,112,119,128,136,,,0.6,0.2,0.4,3*3F
$GNGSA,A,3,102,104,109,110,111,112,119,128,136,,,,0.6,0.2,0.4,3*08
$GNGSA,A,3,207,210,211,213,227,228,230,232,233,241,,,0.6,0.2,0.4,4*38
$GNGSA,A,3,227,228,230,232,233,,,,,,,,0.6,0.2,0.4,4*0B
$GNRMC,134923.000,A,4825.1428,N,00428.4560,W,0.0,125.5,100626,,,A*61
$GNGGA,134924.000,4825.1428,N,00428.4560,W,1,53,0.2,91.4,M,52.0,M,,*6B
$GNVTG,125.5,T,,M,0.0,N,0.0,K,A*10
$GPGSV,5,1,15,01,37,119,38,02,12,128,40,03,62,055,40,04,57,161,30,1*6D
$GPGSV,5,2,15,06,32,303,29,09,31,195,25,19,45,286,34,28,13,041,30,1*66
$GPGSV,5,3,15,31,18,069,43,1*55
$GPGSV,5,4,15,01,37,119,34,03,62,055,45,04,57,161,36,06,32,303,42,8*61
$GPGSV,5,5,15,09,31,195,33,28,13,041,32,8*63
$GQGSV,1,1,,,,,,,,,,,,,0.0*56
$GLGSV,2,1,05,69,80,203,34,70,26,216,31,83,35,138,37,84,85,329,30,1*72
$GLGSV,2,2,05,85,35,320,38,1*4C
$GAGSV,6,1,19,102,13,287,26,104,58,126,36,106,44,165,35,109,24,184,23,7*7D
$GAGSV,6,2,19,110,57,105,37,111,84,038,27,112,32,110,35,119,31,048,35,7*7A
$GAGSV,6,3,19,128,51,080,36,136,37,299,33,7*7E
$GAGSV,6,4,19,102,13,287,37,106,44,165,42,109,24,184,37,110,57,105,42,1*73
$GAGSV,6,5,19,111,84,038,42,112,32,110,28,119,31,048,29,128,51,080,36,1*79
$GAGSV,6,6,19,136,37,299,40,1*7B
$GBGSV,5,1,15,207,16,042,34,210,16,054,38,211,11,315,26,213,05,146,38,1*77
$GBGSV,5,2,15,227,68,200,30,228,32,155,39,230,37,304,35,232,33,225,29,3*74
$GBGSV,5,3,15,233,33,052,41,241,83,102,37,3*7D
$GBGSV,5,4,15,227,68,200,38,230,37,304,39,232,33,225,32,233,33,052,33,5*7D
$GBGSV,5,5,15,241,83,102,45,5*78
$GIGSV,1,1,,,,,,,,,,,,,0.0*4E
$GNGSA,A,3,01,02,03,04,06,19,28,31,,,,,0.6,0.2,0.4,1*33
$GNGSA,A,3,01,03,04,06,09,28,,,,,,,0.6,0.2,0.4,1*32
$GNGSA,A,3,69,70,83,84,85,,,,,,,,0.6,0.2,0.4,2*30
$GNGSA,A,3,102,104,106,109,110,111,112,119,128,136,,,0.6,0.2,0.4,3*3F
$GNGSA,A,3,102,106,109,110,111,112,119,128,136,,,,0.6,0.2,0.4,3*0A
$GNGSA,A,3,207,210,211,213,227,228,230,232,233,241,,,0.6,0.2,0.4,4*38
$GNGSA,A,3,227,230,232,233,241,,,,,,,,0.6,0.2,0.4,4*04
$GNRMC,134924.000,A,4825.1428,N,00428.4560,W,0.0,125.5,100626,,,A*66
$GNGGA,134925.000,4825.1428,N,00428.4560,W,1,51,0.2,91.4,M,52.0,M,,*68
$GNVTG,125.5,T,,M,0.0,N,0.0,K,A*10
$GPGSV,5,1,15,01,37,119,39,02,12,128,40,03,62,055,40,04,57,161,31,1*6D
$GPGSV,5,2,15,06,32,303,29,09,31,195,25,19,45,286,34,28,13,041,30,1*66
$GPGSV,5,3,15,31,18,069,43,1*55
$GPGSV,5,4,15,01,37,119,33,03,62,055,45,04,57,161,36,06,32,303,42,8*66
$GPGSV,5,5,15,09,31,195,33,28,13,041,32,8*63
$GQGSV,1,1,,,,,,,,,,,,,0.0*56
$GLGSV,2,1,05,69,80,203,34,70,26,216,31,83,35,138,37,84,85,329,30,1*72
$GLGSV,2,2,05,85,35,320,38,1*4C
$GAGSV,6,1,19,102,13,287,26,104,58,126,36,106,44,165,35,109,24,184,23,7*7D
$GAGSV,6,2,19,110,57,105,37,111,84,038,27,112,32,110,35,119,31,048,35,7*7A
$GAGSV,6,3,19,128,51,080,36,136,37,299,33,7*7E
$GAGSV,6,4,19,102,13,287,37,104,58,126,43,106,44,165,42,109,24,184,37,1*79
$GAGSV,6,5,19,110,57,105,42,112,32,110,28,119,31,048,29,128,51,080,36,1*79
$GAGSV,6,6,19,136,37,299,40,1*7B
$GBGSV,5,1,15,207,16,042,34,210,16,054,38,211,11,315,26,213,05,146,37,1*78
$GBGSV,5,2,15,227,68,200,30,228,32,155,39,230,37,304,35,232,33,225,29,3*74
$GBGSV,5,3,15,233,33,052,41,241,83,102,37,3*7D
$GBGSV,5,4,15,227,68,200,38,230,37,304,39,232,33,225,32,233,33,052,33,5*7D
$GBGSV,5,5,15,241,83,102,45,5*78
$GIGSV,1,1,,,,,,,,,,,,,0.0*4E
$GNGSA,A,3,01,02,03,04,06,19,31,,,,,,0.6,0.2,0.4,1*39
$GNGSA,A,3,01,03,04,06,09,28,,,,,,,0.6,0.2,0.4,1*32
$GNGSA,A,3,69,83,84,85,,,,,,,,,0.6,0.2,0.4,2*37
$GNGSA,A,3,102,104,106,109,110,111,112,119,128,136,,,0.6,0.2,0.4,3*3F
$GNGSA,A,3,102,104,106,109,110,112,119,128,136,,,,0.6,0.2,0.4,3*0E
$GNGSA,A,3,207,210,211,213,227,228,230,232,233,241,,,0.6,0.2,0.4,4*38
$GNGSA,A,3,227,230,232,233,241,,,,,,,,0.6,0.2,0.4,4*04
$GNRMC,134925.000,A,4825.1428,N,00428.4560,W,0.0,125.5,100626,,,A*67
$GNGGA,134926.000,4825.1428,N,00428.4560,W,1,52,0.2,91.4,M,52.0,M,,*68
$GNVTG,125.5,T,,M,0.0,N,0.0,K,A*10
$GPGSV,5,1,15,01,37,119,39,02,12,128,40,03,61,056,40,04,57,160,31,1*6C
$GPGSV,5,2,15,06,32,303,29,09,31,195,25,19,45,286,34,28,13,041,30,1*66
$GPGSV,5,3,15,31,18,069,43,1*55
$GPGSV,5,4,15,01,37,119,32,03,61,056,45,04,57,160,36,06,32,303,42,8*66
$GPGSV,5,5,15,09,31,195,33,28,13,041,32,8*63
$GQGSV,1,1,,,,,,,,,,,,,0.0*56
$GLGSV,2,1,05,69,80,203,34,70,26,216,31,83,35,139,37,84,85,329,30,1*73
$GLGSV,2,2,05,85,36,320,38,1*4F
$GAGSV,5,1,18,102,13,287,26,104,58,126,36,106,44,165,35,109,24,184,23,7*7F
$GAGSV,5,2,18,110,57,105,37,111,84,038,27,112,32,110,35,119,31,048,35,7*78
$GAGSV,5,3,18,128,51,080,36,136,37,299,33,7*7C
$GAGSV,5,4,18,102,13,287,37,104,58,126,43,106,44,165,42,109,24,184,37,1*7B
$GAGSV,5,5,18,110,57,105,42,119,31,048,29,128,51,080,36,136,37,299,40,1*74
$GBGSV,5,1,16,207,16,042,34,210,16,054,38,211,11,315,26,213,05,146,37,1*7B
$GBGSV,5,2,16,227,68,200,30,228,32,155,39,230,37,304,34,232,33,225,28,3*77
$GBGSV,5,3,16,233,33,052,41,241,83,102,37,3*7E
$GBGSV,5,4,16,227,68,200,38,228,32,155,33,230,37,304,39,232,33,225,32,5*73
$GBGSV,5,5,16,233,33,052,34,241,83,102,45,5*79
$GIGSV,1,1,,,,,,,,,,,,,0.0*4E
$GNGSA,A,3,01,02,03,04,06,09,19,31,,,,,0.6,0.2,0.4,1*30
$GNGSA,A,3,01,03,04,06,09,28,,,,,,,0.6,0.2,0.4,1*32
$GNGSA,A,3,69,83,84,85,,,,,,,,,0.6,0.2,0.4,2*37
$GNGSA,A,3,102,104,106,109,110,111,112,119,128,136,,,0.6,0.2,0.4,3*3F
$GNGSA,A,3,102,104,106,109,110,119,128,136,,,,,0.6,0.2,0.4,3*3C
$GNGSA,A,3,207,210,211,213,227,228,230,232,233,241,,,0.6,0.2,0.4,4*38
$GNGSA,A,3,227,228,230,232,233,241,,,,,,,0.6,0.2,0.4,4*3C
$GNRMC,134926.000,A,4825.1428,N,00428.4560,W,0.0,125.5,100626,,,A*64
$GNGGA,134927.000,4825.1428,N,00428.4560,W,1,53,0.2,91.4,M,52.0,M,,*68
$GNVTG,125.5,T,,M,0.0,N,0.0,K,A*10
$GPGSV,5,1,15,01,37,119,39,02,12,128,40,03,61,056,40,04,57,160,31,1*6C
$GPGSV,5,2,15,06,32,303,29,09,31,195,25,19,45,286,34,28,13,041,30,1*66
$GPGSV,5,3,15,31,18,069,43,1*55
$GPGSV,5,4,15,01,37,119,34,03,61,056,45,04,57,160,36,06,32,303,42,8*60
$GPGSV,5,5,15,09,31,195,33,28,13,041,32,8*63
$GQGSV,1,1,,,,,,,,,,,,,0.0*56
$GLGSV,2,1,05,69,80,203,34,70,26,216,31,83,35,139,37,84,85,329,30,1*73
$GLGSV,2,2,05,85,36,320,38,1*4F
$GAGSV,5,1,18,102,13,287,27,104,58,126,36,106,44,165,35,109,24,184,23,7*7E
$GAGSV,5,2,18,110,57,105,37,111,84,040,27,112,32,110,34,119,31,048,35,7*76
$GAGSV,5,3,18,128,51,080,36,136,37,299,33,7*7C
$GAGSV,5,4,18,104,58,126,43,106,44,165,42,109,24,184,37,111,84,040,42,1*7C
$GAGSV,5,5,18,112,32,110,28,119,31,048,29,128,51,080,36,136,37,299,40,1*7D
$GBGSV,5,1,16,207,16,042,34,210,16,054,38,211,11,315,26,213,05,146,36,1*7A
$GBGSV,5,2,16,227,68,200,30,228,32,155,39,230,37,304,34,232,33,225,28,3*77
$GBGSV,5,3,16,233,33,052,41,241,83,102,37,3*7E
$GBGSV,5,4,16,227,68,200,38,228,32,155,34,230,37,304,39,232,33,225,32,5*74
$GBGSV,5,5,16,233,33,052,34,241,83,102,45,5*79
$GIGSV,1,1,,,,,,,,,,,,,0.0*4E
$GNGSA,A,3,01,02,03,04,06,09,19,28,31,,,,0.6,0.2,0.4,1*3A
$GNGSA,A,3,01,03,04,06,09,28,,,,,,,0.6,0.2,0.4,1*32
$GNGSA,A,3,69,83,84,85,,,,,,,,,0.6,0.2,0.4,2*37
$GNGSA,A,3,102,104,106,109,110,111,112,119,128,136,,,0.6,0.2,0.4,3*3F
$GNGSA,A,3,104,106,109,111,112,119,128,136,,,,,0.6,0.2,0.4,3*3C
$GNGSA,A,3,207,210,211,213,227,228,230,232,233,241,,,0.6,0.2,0.4,4*38
$GNGSA,A,3,227,228,230,232,233,241,,,,,,,0.6,0.2,0.4,4*3C
$GNRMC,134927.000,A,4825.1428,N,00428.4560,W,0.0,125.5,100626,,,A*65
$GNGGA,134928.000,4825.1428,N,00428.4560,W,1,52,0.2,91.5,M,52.0,M,,*67
$GNVTG,125.5,T,,M,0.0,N,0.0,K,A*10
$GPGSV,5,1,15,01,37,119,39,02,12,128,40,03,61,056,40,04,57,160,31,1*6C
$GPGSV,5,2,15,06,32,303,29,09,31,195,25,19,45,286,34,28,13,041,30,1*66
$GPGSV,5,3,15,31,18,069,43,1*55
$GPGSV,5,4,15,01,37,119,34,03,61,056,45,04,57,160,36,06,32,303,42,8*60
$GPGSV,5,5,15,09,31,195,33,28,13,041,32,8*63
$GQGSV,1,1,,,,,,,,,,,,,0.0*56
$GLGSV,2,1,05,69,80,203,34,70,26,216,30,83,35,139,37,84,85,329,30,1*72
$GLGSV,2,2,05,85,36,320,38,1*4F
$GAGSV,6,1,19,102,13,287,27,104,58,126,36,106,44,165,35,109,24,184,23,7*7C
$GAGSV,6,2,19,110,57,105,37,111,84,040,27,112,32,110,34,119,31,048,35,7*74
$GAGSV,6,3,19,128,51,080,35,136,37,299,33,7*7D
$GAGSV,6,4,19,102,13,287,36,104,58,126,43,106,44,165,42,109,24,184,37,1*78
$GAGSV,6,5,19,110,57,105,42,111,84,040,42,112,32,110,28,119,31,048,29,1*74
$GAGSV,6,6,19,136,37,299,40,1*7B
$GBGSV,5,1,15,207,16,042,34,210,16,054,38,211,11,315,26,213,05,146,36,1*79
$GBGSV,5,2,15,227,68,200,30,228,32,155,39,230,37,304,34,232,33,225,28,3*74
$GBGSV,5,3,15,233,33,052,41,241,83,102,37,3*7D
$GBGSV,5,4,15,227,68,200,38,230,37,304,39,232,33,225,32,233,33,052,34,5*7A
$GBGSV,5,5,15,241,83,102,45,5*78
$GIGSV,1,1,,,,,,,,,,,,,0.0*4E
$GNGSA,A,3,01,02,03,04,09,19,28,31,,,,,0.6,0.2,0.4,1*3C
$GNGSA,A,3,01,03,04,06,09,28,,,,,,,0.6,0.2,0.4,1*32
$GNGSA,A,3,69,83,84,85,,,,,,,,,0.6,0.2,0.4,2*37
$GNGSA,A,3,102,104,106,109,110,111,112,119,128,136,,,0.6,0.2,0.4,3*3F
$GNGSA,A,3,102,104,106,109,110,111,112,119,136,,,,0.6,0.2,0.4,3*04
$GNGSA,A,3,207,210,211,213,227,228,230,232,233,241,,,0.6,0.2,0.4,4*38
$GNGSA,A,3,227,230,232,233,241,,,,,,,,0.6,0.2,0.4,4*04
$GNRMC,134928.000,A,4825.1428,N,00428.4560,W,0.0,125.5,100626,,,A*6A
$GNGGA,134929.000,4825.1428,N,00428.4560,W,1,52,0.2,91.5,M,52.0,M,,*66
$GNVTG,125.5,T,,M,0.0,N,0.0,K,A*10
$GPGSV,5,1,15,01,37,119,39,02,12,128,39,03,61,056,40,04,57,160,31,1*62
$GPGSV,5,2,15,06,32,303,29,09,31,195,25,19,45,286,34,28,13,041,30,1*66
$GPGSV,5,3,15,31,18,069,43,1*55
$GPGSV,5,4,15,01,37,119,34,03,61,056,45,04,57,160,36,06,32,303,42,8*60
$GPGSV,5,5,15,09,31,195,33,28,13,041,32,8*63
$GQGSV,1,1,,,,,,,,,,,,,0.0*56
$GLGSV,2,1,05,69,80,203,34,70,26,216,30,83,35,139,37,84,85,329,30,1*72
$GLGSV,2,2,05,85,36,320,37,1*40
$GAGSV,5,1,18,102,13,287,27,104,58,126,36,106,44,165,35,109,24,184,23,7*7E
$GAGSV,5,2,18,110,57,105,37,111,84,040,27,112,32,110,34,119,31,048,35,7*76
$GAGSV,5,3,18,128,51,080,35,136,37,299,33,7*7F
$GAGSV,5,4,18,102,13,287,36,104,58,126,43,106,44,165,42,109,24,184,37,1*7A
$GAGSV,5,5,18,110,57,105,42,112,32,110,28,119,31,048,29,136,37,299,40,1*7F
$GBGSV,5,1,16,207,16,042,34,210,16,054,38,211,11,315,26,213,05,146,36,1*7A
$GBGSV,5,2,16,227,68,200,30,228,32,155,39,230,37,304,34,232,33,225,28,3*77
$GBGSV,5,3,16,233,33,052,41,241,83,102,37,3*7E
$GBGSV,5,4,16,227,68,200,38,228,32,155,34,230,37,304,39,232,33,225,32,5*74
$GBGSV,5,5,16,233,33,052,34,241,83,102,45,5*79
$GIGSV,1,1,,,,,,,,,,,,,0.0*4E
$GNGSA,A,3,01,02,03,04,06,19,28,31,,,,,0.6,0.2,0.4,1*33
$GNGSA,A,3,01,03,04,06,09,28,,,,,,,0.6,0.2,0.4,1*32
$GNGSA,A,3,69,83,84,85,,,,,,,,,0.6,0.2,0.4,2*37
$GNGSA,A,3,102,104,106,109,110,111,112,119,128,136,,,0.6,0.2,0.4,3*3F
$GNGSA,A,3,102,104,106,109,110,112,119,136,,,,,0.6,0.2,0.4,3*35
$GNGSA,A,3,207,210,211,213,227,228,230,232,233,241,,,0.6,0.2,0.4,4*38
$GNGSA,A,3,227,228,230,232,233,241,,,,,,,0.6,0.2,0.4,4*3C
$GNRMC,134929.000,A,4825.1428,N,00428.4560,W,0.0,125.5,100626,,,A*6B
$GNGGA,134930.000,4825.1428,N,00428.4560,W,1,50,0.2,91.5,M,52.0,M,,*6C
$GNVTG,125.5,T,,M,0.0,N,0.0,K,A*10
$GPGSV,5,1,15,01,37,119,39,02,12,128,39,03,61,056,40,04,57,160,31,1*62
$GPGSV,5,2,15,06,32,303,29,09,31,195,25,19,45,286,34,28,13,041,30,1*66
$GPGSV,5,3,15,31,18,069,43,1*55
$GPGSV,5,4,15,01,37,119,33,03,61,056,45,04,57,160,36,06,32,303,42,8*67
$GPGSV,5,5,15,09,31,195,33,28,13,041,32,8*63
$GQGSV,1,1,,,,,,,,,,,,,0.0*56
$GLGSV,2,1,05,69,80,203,34,70,26,216,29,83,35,139,37,84,85,329,30,1*7A
$GLGSV,2,2,05,85,36,320,37,1*40
$GAGSV,6,1,19,102,13,286,27,104,58,126,36,106,44,165,35,109,24,184,23,7*7D
$GAGSV,6,2,19,110,57,105,37,111,84,040,27,112,32,110,34,119,31,048,35,7*74
$GAGSV,6,3,19,128,51,080,35,136,37,299,33,7*7D
$GAGSV,6,4,19,102,13,286,36,104,58,126,43,106,44,165,42,109,24,184,37,1*79
$GAGSV,6,5,19,110,57,105,42,111,84,040,42,112,32,110,28,119,31,048,29,1*74
$GAGSV,6,6,19,136,37,299,40,1*7B
$GBGSV,5,1,15,207,16,042,34,210,16,054,38,211,11,315,26,213,05,146,35,1*7A
$GBGSV,5,2,15,227,68,200,30,228,32,155,39,230,37,304,34,232,33,225,28,3*74
$GBGSV,5,3,15,233,33,052,41,241,83,102,37,3*7D
$GBGSV,5,4,15,227,68,200,38,228,32,155,34,230,37,304,39,232,33,225,33,5*76
$GBGSV,5,5,15,233,33,052,34,5*74
$GIGSV,1,1,,,,,,,,,,,,,0.0*4E
$GNGSA,A,3,01,02,03,06,09,19,28,31,,,,,0.6,0.2,0.6,1*3C
$GNGSA,A,3,01,03,04,06,09,28,,,,,,,0.6,0.2,0.6,1*30
$GNGSA,A,3,69,83,84,85,,,,,,,,,0.6,0.2,0.6,2*35
$GNGSA,A,3,104,106,109,110,111,112,119,128,136,,,,0.6,0.2,0.6,3*0E
$GNGSA,A,3,102,104,106,109,110,111,112,119,136,,,,0.6,0.2,0.6,3*06
$GNGSA,A,3,207,210,213,227,228,230,232,233,241,,,,0.6,0.2,0.6,4*08
$GNGSA,A,3,227,228,230,232,233,,,,,,,,0.6,0.2,0.6,4*09
$GNRMC,134930.000,A,4825.1428,N,00428.4560,W,0.0,125.5,100626,,,A*63
$GNGGA,134931.000,4825.1428,N,00428.4560,W,1,53,0.2,91.5,M,52.0,M,,*6E
$GNVTG,125.5,T,,M,0.0,N,0.0,K,A*10
$GPGSV,5,1,15,01,37,119,40,02,12,128,39,03,61,056,40,04,57,160,31,1*6C
$GPGSV,5,2,15,06,32,303,29,09,31,195,25,19,45,286,34,28,13,041,30,1*66
$GPGSV,5,3,15,31,18,069,43,1*55
$GPGSV,5,4,15,01,37,119,33,03,61,056,45,04,57,160,36,06,32,303,42,8*67
$GPGSV,5,5,15,09,31,195,33,28,13,041,32,8*63
$GQGSV,1,1,,,,,,,,,,,,,0.0*56
$GLGSV,2,1,05,69,80,203,34,70,26,216,28,83,35,139,37,84,85,329,30,1*7B
$GLGSV,2,2,05,85,36,320,37,1*40
$GAGSV,6,1,19,102,13,286,27,104,58,126,36,106,44,165,35,109,24,184,23,7*7D
$GAGSV,6,2,19,110,57,105,37,111,84,040,27,112,32,110,33,119,31,048,35,7*73
$GAGSV,6,3,19,128,51,080,35,136,37,299,33,7*7D
$GAGSV,6,4,19,104,58,126,43,106,44,165,42,109,24,184,37,110,57,105,42,1*71
$GAGSV,6,5,19,111,84,040,42,112,32,110,28,119,31,048,29,128,51,080,36,1*76
$GAGSV,6,6,19,136,37,299,40,1*7B
$GBGSV,5,1,15,207,16,042,35,210,16,054,38,211,11,315,26,213,05,146,35,1*7B
$GBGSV,5,2,15,227,68,200,30,228,32,155,39,230,37,304,34,232,33,225,28,3*74
$GBGSV,5,3,15,233,33,052,41,241,83,102,37,3*7D
$GBGSV,5,4,15,227,68,200,38,230,37,304,39,232,33,225,33,233,33,052,34,5*7B
$GBGSV,5,5,15,241,83,102,45,5*78
$GIGSV,1,1,,,,,,,,,,,,,0.0*4E
$GNGSA,A,3,01,02,03,04,06,09,19,28,31,,,,0.6,0.2,0.4,1*3A
$GNGSA,A,3,01,03,04,06,09,28,,,,,,,0.6,0.2,0.4,1*32
$GNGSA,A,3,69,70,83,84,85,,,,,,,,0.6,0.2,0.4,2*30
$GNGSA,A,3,102,104,106,109,110,112,119,128,136,,,,0.6,0.2,0.4,3*0E
$GNGSA,A,3,104,106,109,110,111,112,119,128,136,,,,0.6,0.2,0.4,3*0C
$GNGSA,A,3,207,210,211,213,227,228,230,232,233,241,,,0.6,0.2,0.4,4*38
$GNGSA,A,3,227,230,232,233,241,,,,,,,,0.6,0.2,0.4,4*04
$GNRMC,134931.000,A,4825.1428,N,00428.4560,W,0.0,125.5,100626,,,A*62
$GNGGA,134932.000,4825.1428,N,00428.4560,W,1,52,0.2,91.5,M,52.0,M,,*6C
$GNVTG,125.5,T,,M,0.0,N,0.0,K,A*10
$GPGSV,5,1,15,01,37,119,40,02,12,128,39,03,61,056,40,04,57,160,31,1*6C
$GPGSV,5,2,15,06,32,303,29,09,31,195,25,19,45,286,34,28,13,041,30,1*66
$GPGSV,5,3,15,31,18,069,43,1*55
$GPGSV,5,4,15,01,37,119,33,03,61,056,45,04,57,160,36,06,32,303,42,8*67
$GPGSV,5,5,15,09,31,195,33,28,13,041,32,8*63
$GQGSV,1,1,,,,,,,,,,,,,0.0*56
$GLGSV,2,1,05,69,80,203,34,70,26,216,28,83,35,139,37,84,85,329,30,1*7B
$GLGSV,2,2,05,85,36,320,37,1*40
$GAGSV,6,1,19,102,13,286,27,104,58,126,36,106,44,165,35,109,24,184,23,7*7D
$GAGSV,6,2,19,110,57,105,37,111,84,040,27,112,32,110,33,119,31,048,35,7*73
$GAGSV,6,3,19,128,51,080,35,136,37,299,33,7*7D
$GAGSV,6,4,19,104,58,126,43,106,44,165,42,109,24,184,37,110,57,105,42,1*71
$GAGSV,6,5,19,111,84,040,42,112,32,110,28,119,31,048,29,128,51,080,36,1*76
$GAGSV,6,6,19,136,37,299,40,1*7B
$GBGSV,5,1,15,207,16,042,35,210,16,054,37,211,11,315,26,213,05,146,35,1*74
$GBGSV,5,2,15,227,68,200,30,228,32,155,39,230,37,304,34,232,33,225,29,3*75
$GBGSV,5,3,15,233,33,052,41,241,83,102,37,3*7D
$GBGSV,5,4,15,227,68,200,38,228,32,155,35,230,37,304,39,233,33,052,34,5*73
$GBGSV,5,5,15,241,83,102,45,5*78
$GIGSV,1,1,,,,,,,,,,,,,0.0*4E
$GNGSA,A,3,01,02,03,06,19,28,31,,,,,,0.6,0.2,0.4,1*37
$GNGSA,A,3,01,03,04,06,09,28,,,,,,,0.6,0.2,0.4,1*32
$GNGSA,A,3,69,70,83,84,85,,,,,,,,0.6,0.2,0.4,2*30
$GNGSA,A,3,102,104,106,109,110,111,112,119,128,136,,,0.6,0.2,0.4,3*3F
$GNGSA,A,3,104,106,109,110,111,112,119,128,136,,,,0.6,0.2,0.4,3*0C
$GNGSA,A,3,207,210,211,213,227,228,230,232,233,241,,,0.6,0.2,0.4,4*38
$GNGSA,A,3,227,228,230,233,241,,,,,,,,0.6,0.2,0.4,4*0F
$GNRMC,134932.000,A,4825.1428,N,00428.4560,W,0.0,125.5,100626,,,A*61
$GNGGA,134933.000,4825.1428,N,00428.4560,W,1,52,0.2,91.5,M,52.0,M,,*6D
$GNVTG,125.5,T,,M,0.0,N,0.0,K,A*10
$GPGSV,5,1,15,01,37,119,40,02,12,128,39,03,61,056,40,04,57,160,31,1*6C
$GPGSV,5,2,15,06,32,303,30,09,31,195,25,19,45,286,34,28,13,041,30,1*6E
$GPGSV,5,3,15,31,18,069,43,1*55
$GPGSV,5,4,15,01,37,119,33,03,61,056,45,04,57,160,37,06,32,303,42,8*66
$GPGSV,5,5,15,09,31,195,33,28,13,041,32,8*63
$GQGSV,1,1,,,,,,,,,,,,,0.0*56
$GLGSV,2,1,05,69,80,203,34,70,26,216,28,83,35,139,37,84,85,329,29,1*73
$GLGSV,2,2,05,85,36,320,37,1*40
$GAGSV,5,1,18,102,13,286,27,104,58,126,36,106,44,165,35,109,24,184,24,7*78
$GAGSV,5,2,18,110,57,105,37,111,84,040,27,112,32,110,33,119,31,048,35,7*71
$GAGSV,5,3,18,128,51,080,35,136,37,299,33,7*7F
$GAGSV,5,4,18,102,13,286,36,104,58,126,43,106,44,165,42,109,24,184,37,1*7B
$GAGSV,5,5,18,111,84,040,42,112,32,110,28,128,51,080,37,136,37,299,40,1*7F
$GBGSV,5,1,16,207,16,042,35,210,16,054,37,211,11,315,26,213,05,146,34,1*76
$GBGSV,5,2,16,227,68,200,30,228,32,155,39,230,37,304,34,232,33,225,29,3*76
$GBGSV,5,3,16,233,33,052,41,241,83,102,37,3*7E
$GBGSV,5,4,16,227,68,200,38,228,32,155,35,230,37,304,39,232,33,225,33,5*74
$GBGSV,5,5,16,233,33,052,35,241,83,102,45,5*78
$GIGSV,1,1,,,,,,,,,,,,,0.0*4E
$GNGSA,A,3,01,02,03,04,06,09,19,28,31,,,,0.6,0.2,0.4,1*3A
$GNGSA,A,3,01,03,04,06,09,28,,,,,,,0.6,0.2,0.4,1*32
$GNGSA,A,3,69,83,84,85,,,,,,,,,0.6,0.2,0.4,2*37
$GNGSA,A,3,102,104,106,109,110,111,112,119,128,136,,,0.6,0.2,0.4,3*3F
$GNGSA,A,3,102,104,106,109,111,112,128,136,,,,,0.6,0.2,0.4,3*36
$GNGSA,A,3,207,210,213,227,228,230,232,233,241,,,,0.6,0.2,0.4,4*0A
$GNGSA,A,3,227,228,230,232,233,241,,,,,,,0.6,0.2,0.4,4*3C
$GNRMC,134933.000,A,4825.1428,N,00428.4560,W,0.0,125.5,100626,,,A*60
$GNGGA,134934.000,4825.1428,N,00428.4560,W,1,53,0.2,91.5,M,52.0,M,,*6B
$GNVTG,125.5,T,,M,0.0,N,0.0,K,A*10
$GPGSV,5,1,15,01,37,119,40,02,12,128,39,03,61,056,40,04,57,160,31,1*6C
$GPGSV,5,2,15,06,32,303,30,09,31,195,25,19,45,286,34,28,13,041,30,1*6E
$GPGSV,5,3,15,31,18,069,43,1*55
$GPGSV,5,4,15,01,37,119,32,03,61,056,45,04,57,160,37,06,32,303,42,8*67
$GPGSV,5,5,15,09,31,195,33,28,13,041,31,8*60
$GQGSV,1,1,,,,,,,,,,,,,0.0*56
$GLGSV,2,1,06,68,44,038,40,69,80,203,34,70,26,216,27,83,35,139,37,1*7C
$GLGSV,2,2,06,84,85,329,29,85,36,320,37,1*71
$GAGSV,6,1,19,102,13,286,27,104,58,126,36,106,44,165,35,109,25,184,24,7*7B
$GAGSV,6,2,19,110,57,105,37,111,84,040,27,112,32,110,33,119,31,048,35,7*73
$GAGSV,6,3,19,128,51,080,35,136,37,299,33,7*7D
$GAGSV,6,4,19,102,13,286,36,104,58,126,43,106,44,165,42,109,25,184,37,1*78
$GAGSV,6,5,19,110,57,105,42,111,84,040,42,112,32,110,28,128,51,080,37,1*7B
$GAGSV,6,6,19,136,37,299,40,1*7B
$GBGSV,5,1,15,207,16,042,35,210,16,054,37,211,12,315,26,213,05,146,34,1*76
$GBGSV,5,2,15,227,68,200,30,228,31,155,39,230,37,304,34,232,34,225,29,3*71
$GBGSV,5,3,15,233,33,052,41,241,83,101,37,3*7E
$GBGSV,5,4,15,227,68,200,38,228,31,155,35,230,37,304,39,232,34,225,33,5*73
$GBGSV,5,5,15,233,33,052,35,5*75
$GIGSV,1,1,,,,,,,,,,,,,0.0*4E
$GNGSA,A,3,01,02,03,04,06,09,19,28,31,,,,0.6,0.2,0.4,1*3A
$GNGSA,A,3,01,03,04,06,09,28,,,,,,,0.6,0.2,0.4,1*32
$GNGSA,A,3,69,83,84,85,,,,,,,,,0.6,0.2,0.4,2*37
$GNGSA,A,3,102,104,106,109,110,111,112,119,128,136,,,0.6,0.2,0.4,3*3F
$GNGSA,A,3,102,104,106,109,110,111,112,128,136,,,,0.6,0.2,0.4,3*06
$GNGSA,A,3,207,210,211,213,227,228,230,232,233,241,,,0.6,0.2,0.4,4*38
$GNGSA,A,3,227,228,230,232,233,,,,,,,,0.6,0.2,0.4,4*0B
$GNRMC,134934.000,A,4825.1428,N,00428.4560,W,0.0,125.5,100626,,,A*67
$GNGGA,134935.000,4825.1428,N,00428.4560,W,1,51,0.2,91.5,M,52.0,M,,*68
$GNVTG,125.5,T,,M,0.0,N,0.0,K,A*10
$GPGSV,5,1,15,01,37,119,40,02,12,128,39,03,61,056,40,04,57,160,31,1*6C
$GPGSV,5,2,15,06,32,303,30,09,31,195,25,19,45,286,34,28,13,041,29,1*66
$GPGSV,5,3,15,31,18,069,43,1*55
$GPGSV,5,4,15,01,37,119,32,03,61,056,45,04,57,160,37,06,32,303,42,8*67
$GPGSV,5,5,15,09,31,195,33,28,13,041,31,8*60
$GQGSV,1,1,,,,,,,,,,,,,0.0*56
$GLGSV,2,1,06,68,44,038,40,69,80,203,34,70,26,216,27,83,35,139,37,1*7C
$GLGSV,2,2,06,84,85,329,29,85,36,320,37,1*71
$GAGSV,6,1,19,102,13,286,27,104,58,126,36,106,44,165,34,109,25,184,24,7*7A
$GAGSV,6,2,19,110,57,105,37,111,84,040,27,112,32,110,32,119,31,048,35,7*72
$GAGSV,6,3,19,128,51,080,35,136,37,299,33,7*7D
$GAGSV,6,4,19,102,13,286,36,104,58,126,43,106,44,165,42,109,25,184,37,1*78
$GAGSV,6,5,19,110,57,105,42,111,84,040,42,112,32,110,28,119,31,048,28,1*75
$GAGSV,6,6,19,136,37,299,40,1*7B
$GBGSV,5,1,14,207,16,042,35,210,16,054,37,211,12,315,25,1*75
$GBGSV,5,2,14,227,68,200,30,228,31,155,39,230,37,304,34,232,34,225,29,3*70
$GBGSV,5,3,14,233,33,052,41,241,83,101,37,3*7F
$GBGSV,5,4,14,227,68,200,38,228,31,155,35,230,37,304,39,233,33,052,35,5*70
$GBGSV,5,5,14,241,83,101,45,5*7A
$GIGSV,1,1,,,,,,,,,,,,,0.0*4E
$GNGSA,A,3,01,02,03,04,09,19,28,31,,,,,0.6,0.2,0.6,1*3E
$GNGSA,A,3,01,03,04,06,09,28,,,,,,,0.6,0.2,0.6,1*30
$GNGSA,A,3,70,83,84,85,,,,,,,,,0.6,0.2,0.6,2*3D
$GNGSA,A,3,102,104,106,109,110,111,112,119,128,136,,,0.6,0.2,0.6,3*3D
$GNGSA,A,3,102,104,106,109,110,111,112,119,136,,,,0.6,0.2,0.6,3*06
$GNGSA,A,3,207,210,211,227,228,230,232,233,241,,,,0.6,0.2,0.6,4*0A
$GNGSA,A,3,227,228,230,233,241,,,,,,,,0.6,0.2,0.6,4*0D
$GNRMC,134935.000,A,4825.1428,N,00428.4560,W,0.0,125.5,100626,,,A*66
$GNGGA,134936.000,4825.1428,N,00428.4560,W,1,53,0.2,91.5,M,52.0,M,,*69
$GNVTG,125.5,T,,M,0.0,N,0.0,K,A*10
$GPGSV,5,1,15,01,37,119,40,02,12,128,39,03,61,056,40,04,57,160,31,1*6C
$GPGSV,5,2,15,06,32,303,30,09,31,195,25,19,45,286,34,28,13,041,29,1*66
$GPGSV,5,3,15,31,18,069,43,1*55
$GPGSV,5,4,15,01,37,119,32,03,61,056,45,04,57,160,37,06,32,303,42,8*67
$GPGSV,5,5,15,09,31,195,33,28,13,041,31,8*60
$GQGSV,1,1,,,,,,,,,,,,,0.0*56
$GLGSV,2,1,06,68,44,038,40,69,80,203,34,70,26,216,27,83,35,139,37,1*7C
$GLGSV,2,2,06,84,85,329,29,85,36,320,37,1*71
$GAGSV,6,1,20,102,13,286,27,104,58,126,35,106,44,165,34,109,25,184,24,7*73
$GAGSV,6,2,20,110,57,105,37,111,84,040,27,112,32,110,32,119,31,048,35,7*78
$GAGSV,6,3,20,128,51,080,35,136,37,299,33,7*77
$GAGSV,6,4,20,102,13,286,36,104,58,126,43,106,44,165,42,109,25,184,37,1*72
$GAGSV,6,5,20,110,57,105,42,111,84,040,42,112,32,110,28,119,31,048,28,1*7F
$GAGSV,6,6,20,128,51,080,36,136,37,299,40,1*73
$GBGSV,4,1,13,207,16,042,35,210,16,054,37,211,12,315,25,1*73
$GBGSV,4,2,13,227,68,200,30,228,31,155,39,230,37,304,34,232,34,225,29,3*76
$GBGSV,4,3,13,233,33,052,41,241,83,101,36,3*78
$GBGSV,4,4,13,227,68,200,38,228,31,155,35,232,34,225,33,233,33,052,35,5*7F
$GIGSV,1,1,,,,,,,,,,,,,0.0*4E
$GNGSA,A,3,01,02,03,04,06,09,19,28,31,,,,0.6,0.2,0.6,1*38
$GNGSA,A,3,01,03,04,06,09,28,,,,,,,0.6,0.2,0.6,1*30
$GNGSA,A,3,69,70,83,84,85,,,,,,,,0.6,0.2,0.6,2*32
$GNGSA,A,3,102,104,106,109,110,111,112,119,128,136,,,0.6,0.2,0.6,3*3D
$GNGSA,A,3,102,104,106,109,110,111,112,119,128,136,,,0.6,0.2,0.6,3*3D
$GNGSA,A,3,207,210,211,227,228,230,232,233,241,,,,0.6,0.2,0.6,4*0A
$GNGSA,A,3,227,228,232,233,,,,,,,,,0.6,0.2,0.6,4*38
$GNRMC,134936.000,A,4825.1428,N,00428.4560,W,0.0,125.5,100626,,,A*65
$GNGGA,134937.000,4825.1428,N,00428.4560,W,1,50,0.2,91.5,M,52.0,M,,*6B
$GNVTG,125.5,T,,M,0.0,N,0.0,K,A*10
$GPGSV,5,1,15,01,37,119,40,02,12,128,39,03,61,056,40,04,57,160,31,1*6C
$GPGSV,5,2,15,06,32,303,30,09,31,195,25,19,45,286,34,28,13,041,29,1*66
$GPGSV,5,3,15,31,18,069,42,1*54
$GPGSV,5,4,15,01,37,119,32,03,61,056,45,04,57,160,37,06,32,303,42,8*67
$GPGSV,5,5,15,09,31,195,33,28,13,041,31,8*60
$GQGSV,1,1,,,,,,,,,,,,,0.0*56
$GLGSV,2,1,05,69,80,203,34,70,26,216,26,83,35,139,37,84,85,329,29,1*7D
$GLGSV,2,2,05,85,36,320,37,1*40
$GAGSV,6,1,19,102,13,286,27,104,58,126,35,106,44,165,34,109,25,184,24,7*79
$GAGSV,6,2,19,110,57,105,37,111,84,040,27,112,32,110,32,119,31,048,35,7*72
$GAGSV,6,3,19,128,51,080,35,136,37,299,33,7*7D
$GAGSV,6,4,19,102,13,286,36,104,58,126,43,106,44,165,42,109,25,184,37,1*78
$GAGSV,6,5,19,110,57,105,42,111,84,040,42,112,32,110,28,128,51,080,37,1*7B
$GAGSV,6,6,19,136,37,299,40,1*7B
$GBGSV,5,1,14,207,16,042,35,210,16,054,37,211,12,315,25,1*75
$GBGSV,5,2,14,227,68,200,30,228,31,155,39,230,37,304,34,232,34,225,29,3*70
$GBGSV,5,3,14,233,33,052,41,241,83,101,36,3*7E
$GBGSV,5,4,14,227,68,200,38,228,31,155,35,232,34,225,33,233,33,052,35,5*79
$GBGSV,5,5,14,241,83,101,45,5*7A
$GIGSV,1,1,,,,,,,,,,,,,0.0*4E
$GNGSA,A,3,01,02,03,04,06,09,19,28,31,,,,0.6,0.2,0.6,1*38
$GNGSA,A,3,01,03,04,06,09,28,,,,,,,0.6,0.2,0.6,1*30
$GNGSA,A,3,69,83,84,85,,,,,,,,,0.6,0.2,0.6,2*35
$GNGSA,A,3,102,104,109,110,111,112,119,128,136,,,,0.6,0.2,0.6,3*0A
$GNGSA,A,3,102,104,106,109,110,111,112,128,136,,,,0.6,0.2,0.6,3*04
$GNGSA,A,3,207,210,227,228,230,232,233,241,,,,,0.6,0.2,0.6,4*38
$GNGSA,A,3,227,228,232,233,241,,,,,,,,0.6,0.2,0.6,4*0F
$GNRMC,134937.000,A,4825.1428,N,00428.4560,W,0.0,125.5,100626,,,A*64
$GNGGA,134938.000,4825.1428,N,00428.4560,W,1,51,0.2,91.4,M,52.0,M,,*64
$GNVTG,125.5,T,,M,0.0,N,0.0,K,A*10
$GPGSV,5,1,15,01,37,119,40,02,12,128,39,03,61,056,40,04,57,160,31,1*6C
$GPGSV,5,2,15,06,32,303,30,09,31,195,25,19,45,286,34,28,13,041,29,1*66
$GPGSV,5,3,15,31,18,069,42,1*54
$GPGSV,5,4,15,01,37,119,32,03,61,056,45,04,57,160,37,06,32,303,42,8*67
$GPGSV,5,5,15,09,31,195,33,28,13,041,31,8*60
$GQGSV,1,1,,,,,,,,,,,,,0.0*56
$GLGSV,2,1,05,69,80,203,34,70,26,216,26,83,35,139,37,84,85,329,29,1*7D
$GLGSV,2,2,05,85,36,320,37,1*40
$GAGSV,6,1,19,102,13,286,27,104,58,126,35,106,44,165,34,109,25,184,24,7*79
$GAGSV,6,2,19,110,57,105,37,111,84,040,27,112,32,110,32,119,31,048,35,7*72
$GAGSV,6,3,19,128,51,080,35,136,37,299,33,7*7D
$GAGSV,6,4,19,102,13,286,37,104,58,126,43,106,44,165,42,109,25,184,37,1*79
$GAGSV,6,5,19,110,57,105,42,111,84,040,42,112,32,110,28,128,51,080,37,1*7B
$GAGSV,6,6,19,136,37,299,40,1*7B
$GBGSV,5,1,14,207,16,042,35,210,16,054,36,211,12,315,25,1*74
$GBGSV,5,2,14,227,68,200,30,228,31,155,39,230,37,304,34,232,34,225,29,3*70
$GBGSV,5,3,14,233,33,052,41,241,83,101,36,3*7E
$GBGSV,5,4,14,227,68,200,38,228,31,155,35,230,37,304,39,232,34,225,33,5*72
$GBGSV,5,5,14,233,33,052,35,5*74
$GIGSV,1,1,,,,,,,,,,,,,0.0*4E
$GNGSA,A,3,01,02,03,04,06,09,19,28,31,,,,0.6,0.2,0.6,1*38
$GNGSA,A,3,01,03,04,06,09,28,,,,,,,0.6,0.2,0.6,1*30
$GNGSA,A,3,69,84,85,,,,,,,,,,0.6,0.2,0.6,2*3E
$GNGSA,A,3,102,104,106,109,110,111,112,119,128,136,,,0.6,0.2,0.6,3*3D
$GNGSA,A,3,102,104,106,109,110,111,112,128,136,,,,0.6,0.2,0.6,3*04
$GNGSA,A,3,207,210,211,227,228,230,232,233,241,,,,0.6,0.2,0.6,4*0A
$GNGSA,A,3,227,228,230,232,233,,,,,,,,0.6,0.2,0.6,4*09
$GNRMC,134938.000,A,4825.1428,N,00428.4560,W,0.0,125.5,100626,,,A*6B
$GNGGA,134939.000,4825.1428,N,00428.4560,W,1,52,0.2,91.4,M,52.0,M,,*66
$GNVTG,125.5,T,,M,0.0,N,0.0,K,A*10
$GPGSV,5,1,15,01,37,119,40,02,12,128,39,03,61,056,40,04,57,160,31,1*6C
$GPGSV,5,2,15,06,32,303,30,09,31,195,24,19,45,286,34,28,13,041,29,1*67
$GPGSV,5,3,15,31,18,069,42,1*54
$GPGSV,5,4,15,01,37,119,31,03,61,056,45,04,57,160,37,06,32,303,42,8*64
$GPGSV,5,5,15,09,31,195,32,28,13,041,31,8*61
$GQGSV,1,1,,,,,,,,,,,,,0.0*56
$GLGSV,2,1,05,69,80,203,34,70,26,216,26,83,35,139,37,84,85,329,29,1*7D
$GLGSV,2,2,05,85,36,320,37,1*40
$GAGSV,6,1,19,102,13,286,27,104,58,126,35,106,44,165,34,109,25,184,24,7*79
$GAGSV,6,2,19,110,57,105,37,111,84,040,26,112,32,110,31,119,31,048,34,7*71
$GAGSV,6,3,19,128,51,080,34,136,37,299,33,7*7C
$GAGSV,6,4,19,102,13,286,37,104,58,126,44,106,44,165,42,109,25,184,37,1*7E
$GAGSV,6,5,19,110,57,105,42,111,84,040,42,112,32,110,28,119,31,048,28,1*75
$GAGSV,6,6,19,128,51,080,37,1*7E
$GBGSV,5,1,14,207,16,042,35,210,16,054,36,211,12,315,25,1*74
$GBGSV,5,2,14,227,68,200,30,228,31,155,39,230,37,304,34,232,34,225,29,3*70
$GBGSV,5,3,14,233,33,052,41,241,83,101,36,3*7E
$GBGSV,5,4,14,227,68,200,38,228,31,155,35,232,34,225,33,233,33,052,35,5*79
$GBGSV,5,5,14,241,83,101,45,5*7A
$GIGSV,1,1,,,,,,,,,,,,,0.0*4E
$GNGSA,A,3,01,02,03,04,06,09,19,31,,,,,0.6,0.2,0.6,1*32
$GNGSA,A,3,01,03,04,06,09,28,,,,,,,0.6,0.2,0.6,1*30
$GNGSA,A,3,69,70,83,84,85,,,,,,,,0.6,0.2,0.6,2*32
$GNGSA,A,3,102,104,106,109,110,111,112,119,128,136,,,0.6,0.2,0.6,3*3D
$GNGSA,A,3,102,104,106,109,110,111,112,119,128,,,,0.6,0.2,0.6,3*09
$GNGSA,A,3,207,210,211,227,228,230,232,233,241,,,,0.6,0.2,0.6,4*0A
$GNGSA,A,3,227,228,232,233,241,,,,,,,,0.6,0.2,0.6,4*0F
$GNRMC,134939.000,A,4825.1428,N,00428.4560,W,0.0,125.5,100626,,,A*6A
$GNGGA,134940.000,4825.1428,N,00428.4560,W,1,47,0.4,91.4,M,52.0,M,,*6A
$GNVTG,125.5,T,,M,0.0,N,0.0,K,A*10
$GPGSV,5,1,15,01,37,119,40,02,12,128,39,03,61,056,39,04,57,160,30,1*63
$GPGSV,5,2,15,06,32,303,30,09,31,195,24,19,45,286,34,28,13,041,29,1*67
$GPGSV,5,3,15,31,18,069,42,1*54
$GPGSV,5,4,15,01,37,119,31,03,61,056,45,04,57,160,36,06,32,303,42,8*65
$GPGSV,5,5,15,09,31,195,32,28,13,041,31,8*61
$GQGSV,1,1,,,,,,,,,,,,,0.0*56
$GLGSV,2,1,05,69,80,203,34,70,26,216,25,83,35,139,36,84,85,329,29,1*7F
$GLGSV,2,2,05,85,36,320,37,1*40
$GAGSV,6,1,20,102,13,286,27,104,58,126,35,106,44,165,34,109,25,184,25,7*72
$GAGSV,6,2,20,110,57,105,37,111,84,040,26,112,32,110,31,119,31,048,34,7*7B
$GAGSV,6,3,20,128,51,080,34,136,37,299,32,7*77
$GAGSV,6,4,20,102,13,286,37,104,58,126,44,106,44,165,42,109,25,184,37,1*74
$GAGSV,6,5,20,110,57,105,42,111,84,040,42,112,32,110,28,119,31,048,29,1*7E
$GAGSV,6,6,20,128,51,080,37,136,37,299,40,1*72
$GBGSV,4,1,13,207,16,042,35,210,16,054,36,211,12,315,25,1*72
$GBGSV,4,2,13,227,68,200,30,228,31,155,39,230,37,304,34,232,34,225,29,3*76
$GBGSV,4,3,13,233,33,052,41,241,83,101,36,3*78
$GBGSV,4,4,13,227,68,200,38,228,31,155,35,232,34,225,33,241,83,101,45,5*71
$GIGSV,1,1,,,,,,,,,,,,,0.0*4E
$GNGSA,A,3,01,02,03,06,19,31,,,,,,,0.6,0.4,0.6,1*39
$GNGSA,A,3,01,03,04,06,09,28,,,,,,,0.6,0.4,0.6,1*36
$GNGSA,A,3,69,83,84,85,,,,,,,,,0.6,0.4,0.6,2*33
$GNGSA,A,3,102,104,106,109,110,111,112,119,128,136,,,0.6,0.4,0.6,3*3B
$GNGSA,A,3,102,104,106,109,110,111,112,119,128,136,,,0.6,0.4,0.6,3*3B
$GNGSA,A,3,207,210,227,228,230,232,233,241,,,,,0.6,0.4,0.6,4*3E
$GNGSA,A,3,227,228,232,241,,,,,,,,,0.6,0.4,0.6,4*3B
$GNRMC,134940.000,A,4825.1428,N,00428.4560,W,0.0,125.5,100626,,,A*64
$GNGGA,134941.000,4825.1428,N,00428.4560,W,1,50,0.2,91.4,M,52.0,M,,*6B
$GNVTG,125.5,T,,M,0.0,N,0.0,K,A*10
$GPGSV,5,1,15,01,37,119,40,02,12,128,39,03,61,056,39,04,57,160,30,1*63
$GPGSV,5,2,15,06,32,303,29,09,31,195,24,19,45,286,34,28,13,041,29,1*6F
$GPGSV,5,3,15,31,18,069,42,1*54
$GPGSV,5,4,15,01,37,119,31,03,61,056,45,04,57,160,36,06,32,303,42,8*65
$GPGSV,5,5,15,09,31,195,32,28,13,041,30,8*60
$GQGSV,1,1,,,,,,,,,,,,,0.0*56
$GLGSV,2,1,05,69,80,203,34,70,26,216,25,83,35,139,36,84,85,329,30,1*77
$GLGSV,2,2,05,85,36,320,37,1*40
$GAGSV,5,1,18,102,13,286,27,104,58,126,35,106,44,165,34,109,25,184,25,7*7A
$GAGSV,5,2,18,110,57,105,37,111,84,040,26,112,32,110,31,119,31,048,34,7*73
$GAGSV,5,3,18,128,51,080,34,136,37,299,32,7*7F
$GAGSV,5,4,18,102,13,286,37,104,58,126,44,106,44,165,42,109,25,184,37,1*7C
$GAGSV,5,5,18,110,57,105,42,111,84,040,42,128,51,080,37,136,37,299,40,1*76
$GBGSV,5,1,15,207,16,042,35,210,16,054,36,211,12,315,25,1*75
$GBGSV,5,2,15,227,68,200,30,228,31,155,39,230,37,304,34,232,34,225,29,3*71
$GBGSV,5,3,15,233,33,052,40,241,83,101,36,3*7E
$GBGSV,5,4,15,227,68,200,38,228,31,155,35,230,37,304,39,232,34,225,33,5*73
$GBGSV,5,5,15,233,33,052,35,241,83,101,45,5*78
$GIGSV,1,1,,,,,,,,,,,,,0.0*4E
$GNGSA,A,3,01,02,03,04,09,19,31,,,,,,0.6,0.2,0.6,1*34
$GNGSA,A,3,01,03,04,06,09,28,,,,,,,0.6,0.2,0.6,1*30
$GNGSA,A,3,69,83,84,85,,,,,,,,,0.6,0.2,0.6,2*35
$GNGSA,A,3,102,104,106,109,110,111,112,119,128,136,,,0.6,0.2,0.6,3*3D
$GNGSA,A,3,102,104,106,109,110,111,128,136,,,,,0.6,0.2,0.6,3*36
$GNGSA,A,3,207,210,211,227,228,230,232,233,241,,,,0.6,0.2,0.6,4*0A
$GNGSA,A,3,227,228,230,232,233,241,,,,,,,0.6,0.2,0.6,4*3E
$GNRMC,134941.000,A,4825.1428,N,00428.4560,W,0.0,125.5,100626,,,A*65
$GNGGA,134942.000,4825.1428,N,00428.4560,W,1,51,0.2,91.5,M,52.0,M,,*68
$GNVTG,125.5,T,,M,0.0,N,0.0,K,A*10
$GPGSV,5,1,15,01,37,119,40,02,12,128,39,03,61,056,39,04,57,160,30,1*63
$GPGSV,5,2,15,06,32,303,29,09,31,195,24,19,45,286,34,28,13,041,29,1*6F
$GPGSV,5,3,15,31,18,069,42,1*54
$GPGSV,5,4,15,01,37,119,31,03,61,056,45,04,57,160,36,06,32,303,42,8*65
$GPGSV,5,5,15,09,31,195,32,28,13,041,30,8*60
$GQGSV,1,1,,,,,,,,,,,,,0.0*56
$GLGSV,2,1,05,69,80,203,34,70,26,216,25,83,35,139,36,84,85,329,30,1*77
$GLGSV,2,2,05,85,36,320,37,1*40
$GAGSV,6,1,19,102,13,286,27,104,58,126,35,106,44,165,34,109,25,184,25,7*78
$GAGSV,6,2,19,110,57,105,37,111,84,040,26,112,32,110,31,119,31,048,34,7*71
$GAGSV,6,3,19,128,51,080,34,136,37,299,32,7*7D
$GAGSV,6,4,19,102,13,286,37,104,58,126,44,106,44,165,42,109,25,184,37,1*7E
$GAGSV,6,5,19,110,57,105,42,111,84,040,42,119,31,048,28,128,51,080,36,1*7E
$GAGSV,6,6,19,136,37,299,40,1*7B
$GBGSV,5,1,14,207,16,042,35,210,16,054,36,211,12,315,25,1*74
$GBGSV,5,2,14,227,68,200,30,228,31,155,39,230,37,304,33,232,34,225,28,3*76
$GBGSV,5,3,14,233,33,052,40,241,83,101,36,3*7F
$GBGSV,5,4,14,227,68,200,38,228,31,155,35,230,37,304,39,233,33,052,35,5*70
$GBGSV,5,5,14,241,83,101,45,5*7A
$GIGSV,1,1,,,,,,,,,,,,,0.0*4E
$GNGSA,A,3,01,02,03,06,09,19,28,31,,,,,0.6,0.2,0.4,1*3E
$GNGSA,A,3,01,03,04,06,09,28,,,,,,,0.6,0.2,0.4,1*32
$GNGSA,A,3,69,70,83,84,,,,,,,,,0.6,0.2,0.4,2*3D
$GNGSA,A,3,102,104,106,109,110,111,112,119,128,136,,,0.6,0.2,0.4,3*3F
$GNGSA,A,3,102,104,106,109,110,111,119,128,136,,,,0.6,0.2,0.4,3*0D
$GNGSA,A,3,207,210,211,227,228,230,232,233,241,,,,0.6,0.2,0.4,4*08
$GNGSA,A,3,227,228,230,233,241,,,,,,,,0.6,0.2,0.4,4*0F
$GNRMC,134942.000,A,4825.1428,N,00428.4560,W,0.0,125.5,100626,,,A*66
$GNGGA,134943.000,4825.1428,N,00428.4560,W,1,50,0.2,91.5,M,52.0,M,,*68
$GNVTG,125.5,T,,M,0.0,N,0.0,K,A*10
$GPGSV,5,1,15,01,37,119,40,02,12,128,39,03,61,056,39,04,57,160,30,1*63
$GPGSV,5,2,15,06,32,303,29,09,31,195,24,19,45,286,34,28,13,041,29,1*6F
$GPGSV,5,3,15,31,18,069,42,1*54
$GPGSV,5,4,15,01,37,119,31,03,61,056,45,04,57,160,36,06,32,303,42,8*65
$GPGSV,5,5,15,09,31,195,32,28,13,041,30,8*60
$GQGSV,1,1,,,,,,,,,,,,,0.0*56
$GLGSV,2,1,05,69,80,203,34,70,26,216,25,83,35,139,36,84,85,329,30,1*77
$GLGSV,2,2,05,85,36,320,37,1*40
$GAGSV,6,1,19,102,13,286,27,104,58,126,35,106,44,165,34,109,25,184,24,7*79
$GAGSV,6,2,19,110,57,105,37,111,84,040,26,112,32,110,31,119,31,048,34,7*71
$GAGSV,6,3,19,128,51,080,33,136,37,299,32,7*7A
$GAGSV,6,4,19,102,13,286,37,104,58,126,44,106,44,165,42,110,57,105,42,1*78
$GAGSV,6,5,19,111,84,040,42,112,32,110,28,119,31,048,29,128,51,080,36,1*76
$GAGSV,6,6,19,136,37,299,40,1*7B
$GBGSV,5,1,14,207,16,042,35,210,16,054,36,211,12,315,25,1*74
$GBGSV,5,2,14,227,68,200,30,228,31,155,39,230,37,304,33,232,34,225,29,3*77
$GBGSV,5,3,14,233,33,052,40,241,83,101,36,3*7F
$GBGSV,5,4,14,228,31,155,35,230,37,304,39,232,34,225,33,233,33,052,35,5*71
$GBGSV,5,5,14,241,83,101,45,5*7A
$GIGSV,1,1,,,,,,,,,,,,,0.0*4E
$GNGSA,A,3,01,02,03,06,09,19,28,31,,,,,0.6,0.2,0.6,1*3C
$GNGSA,A,3,01,03,04,06,09,28,,,,,,,0.6,0.2,0.6,1*30
$GNGSA,A,3,69,70,83,84,85,,,,,,,,0.6,0.2,0.6,2*32
$GNGSA,A,3,102,104,106,110,111,112,119,128,136,,,,0.6,0.2,0.6,3*05
$GNGSA,A,3,102,104,106,110,111,112,119,128,136,,,,0.6,0.2,0.6,3*05
$GNGSA,A,3,207,210,227,228,230,232,233,241,,,,,0.6,0.2,0.6,4*38
$GNGSA,A,3,228,230,232,233,241,,,,,,,,0.6,0.2,0.6,4*09
$GNRMC,134943.000,A,4825.1428,N,00428.4560,W,0.0,125.5,100626,,,A*67
$GNGGA,134944.000,4825.1428,N,00428.4560,W,1,53,0.2,91.4,M,52.0,M,,*6D
$GNVTG,125.5,T,,M,0.0,N,0.0,K,A*10
$GPGSV,5,1,15,01,37,119,40,02,12,128,39,03,61,056,39,04,57,160,31,1*62
$GPGSV,5,2,15,06,32,303,29,09,31,195,24,19,45,286,34,28,13,041,29,1*6F
$GPGSV,5,3,15,31,18,069,42,1*54
$GPGSV,5,4,15,01,37,119,31,03,61,056,45,04,57,160,36,06,32,303,42,8*65
$GPGSV,5,5,15,09,31,195,32,28,13,041,29,8*68
$GQGSV,1,1,,,,,,,,,,,,,0.0*56
$GLGSV,2,1,05,69,80,203,34,70,26,216,25,83,35,139,36,84,85,329,30,1*77
$GLGSV,2,2,05,85,36,320,37,1*40
$GAGSV,6,1,19,102,13,286,27,104,58,126,35,106,44,165,34,109,25,184,24,7*79
$GAGSV,6,2,19,110,57,105,37,111,84,040,26,112,32,110,30,119,31,048,34,7*70
$GAGSV,6,3,19,128,51,080,33,136,37,299,32,7*7A
$GAGSV,6,4,19,102,13,286,37,104,58,126,43,106,44,165,42,109,25,184,37,1*79
$GAGSV,6,5,19,110,57,105,42,111,84,040,42,112,32,110,28,119,31,048,29,1*74
$GAGSV,6,6,19,136,37,299,41,1*7A
$GBGSV,5,1,14,207,16,042,35,210,16,054,36,211,12,315,25,1*74
$GBGSV,5,2,14,227,68,200,30,228,31,155,39,230,37,304,33,232,34,225,29,3*77
$GBGSV,5,3,14,233,33,052,40,241,83,101,36,3*7F
$GBGSV,5,4,14,228,31,155,35,230,37,304,39,232,34,225,33,233,33,052,35,5*71
$GBGSV,5,5,14,241,83,101,45,5*7A
$GIGSV,1,1,,,,,,,,,,,,,0.0*4E
$GNGSA,A,3,01,02,03,04,06,09,19,28,31,,,,0.6,0.2,0.4,1*3A
$GNGSA,A,3,01,03,04,06,09,28,,,,,,,0.6,0.2,0.4,1*32
$GNGSA,A,3,69,70,83,84,85,,,,,,,,0.6,0.2,0.4,2*30
$GNGSA,A,3,102,104,106,109,110,111,112,119,128,136,,,0.6,0.2,0.4,3*3F
$GNGSA,A,3,102,104,106,109,110,111,112,119,136,,,,0.6,0.2,0.4,3*04
$GNGSA,A,3,207,210,211,227,228,230,232,233,241,,,,0.6,0.2,0.4,4*08
$GNGSA,A,3,228,230,232,233,241,,,,,,,,0.6,0.2,0.4,4*0B
$GNRMC,134944.000,A,4825.1428,N,00428.4560,W,0.0,125.5,100626,,,A*60
$GNGGA,134945.000,4825.1428,N,00428.4560,W,1,53,0.2,91.5,M,52.0,M,,*6D
$GNVTG,125.5,T,,M,0.0,N,0.0,K,A*10
$GPGSV,5,1,15,01,37,119,40,02,12,128,39,03,61,056,39,04,57,160,31,1*62
$GPGSV,5,2,15,06,32,303,29,09,31,195,24,19,45,286,34,28,13,041,29,1*6F
$GPGSV,5,3,15,31,18,069,42,1*54
$GPGSV,5,4,15,01,37,119,31,03,61,056,45,04,57,160,36,06,32,303,42,8*65
$GPGSV,5,5,15,09,31,195,32,28,13,041,29,8*68
$GQGSV,1,1,,,,,,,,,,,,,0.0*56
$GLGSV,2,1,05,69,80,203,34,70,26,216,25,83,35,139,36,84,85,329,30,1*77
$GLGSV,2,2,05,85,36,320,37,1*40
$GAGSV,6,1,19,102,13,286,27,104,58,126,35,106,44,165,34,109,25,184,24,7*79
$GAGSV,6,2,19,110,57,105,37,111,84,040,26,112,32,110,30,119,31,048,34,7*70
$GAGSV,6,3,19,128,51,080,33,136,37,299,32,7*7A
$GAGSV,6,4,19,102,13,286,37,104,58,126,43,106,44,165,42,109,25,184,37,1*79
$GAGSV,6,5,19,110,57,105,43,111,84,040,42,112,32,110,28,119,31,048,29,1*75
$GAGSV,6,6,19,128,51,080,36,1*7F
$GBGSV,5,1,14,207,16,042,35,210,16,054,35,211,12,315,25,1*77
$GBGSV,5,2,14,227,68,200,30,228,31,155,39,230,37,304,33,232,34,225,29,3*77
$GBGSV,5,3,14,233,33,052,40,241,83,101,36,3*7F
$GBGSV,5,4,14,228,31,155,35,230,37,304,39,232,34,225,33,233,33,052,35,5*71
$GBGSV,5,5,14,241,83,101,45,5*7A
$GIGSV,1,1,,,,,,,,,,,,,0.0*4E
$GNGSA,A,3,01,02,03,04,06,09,19,28,31,,,,0.6,0.2,0.4,1*3A
$GNGSA,A,3,01,03,04,06,09,28,,,,,,,0.6,0.2,0.4,1*32
$GNGSA,A,3,69,70,83,84,85,,,,,,,,0.6,0.2,0.4,2*30
$GNGSA,A,3,102,104,106,109,110,111,112,119,128,136,,,0.6,0.2,0.4,3*3F
$GNGSA,A,3,102,104,106,109,110,111,112,119,128,,,,0.6,0.2,0.4,3*0B
$GNGSA,A,3,207,210,211,227,228,230,232,233,241,,,,0.6,0.2,0.4,4*08
$GNGSA,A,3,228,230,232,233,241,,,,,,,,0.6,0.2,0.4,4*0B
$GNRMC,134945.000,A,4825.1428,N,00428.4560,W,0.0,125.5,100626,,,A*61
$GNGGA,134946.000,4825.1428,N,00428.4560,W,1,52,0.2,91.4,M,52.0,M,,*6E
$GNVTG,125.5,T,,M,0.0,N,0.0,K,A*10
$GPGSV,5,1,15,01,37,119,41,02,12,128,39,03,61,056,39,04,57,160,31,1*63
$GPGSV,5,2,15,06,32,303,29,09,31,195,24,19,45,286,34,28,13,041,29,1*6F
$GPGSV,5,3,15,31,18,069,42,1*54
$GPGSV,5,4,15,01,37,119,31,03,61,056,45,04,57,160,36,06,32,303,42,8*65
$GPGSV,5,5,15,09,31,195,32,28,13,041,29,8*68
$GQGSV,1,1,,,,,,,,,,,,,0.0*56
$GLGSV,2,1,05,69,80,203,34,70,26,216,25,83,35,139,36,84,85,329,30,1*77
$GLGSV,2,2,05,85,36,320,37,1*40
$GAGSV,5,1,18,102,13,286,27,104,58,126,35,106,44,165,34,109,25,184,24,7*7B
$GAGSV,5,2,18,110,57,105,37,111,84,040,26,112,32,110,30,119,31,048,34,7*72
$GAGSV,5,3,18,128,51,080,33,136,37,299,32,7*78
$GAGSV,5,4,18,102,13,286,37,104,58,126,43,106,44,165,42,109,25,184,37,1*7B
$GAGSV,5,5,18,110,57,105,43,111,84,040,42,119,31,048,29,136,37,299,41,1*79
$GBGSV,5,1,15,207,16,042,35,210,16,054,35,211,12,315,25,1*76
$GBGSV,5,2,15,227,68,200,30,228,31,155,39,230,37,304,33,232,34,225,29,3*76
$GBGSV,5,3,15,233,33,052,40,241,83,101,37,3*7F
$GBGSV,5,4,15,227,68,200,38,228,31,155,35,230,37,304,39,232,34,225,33,5*73
$GBGSV,5,5,15,233,33,052,36,241,83,101,45,5*7B
$GIGSV,1,1,,,,,,,,,,,,,0.0*4E
$GNGSA,A,3,01,02,03,04,06,09,19,28,31,,,,0.6,0.2,0.4,1*3A
$GNGSA,A,3,01,03,04,06,09,28,,,,,,,0.6,0.2,0.4,1*32
$GNGSA,A,3,69,83,84,85,,,,,,,,,0.6,0.2,0.4,2*37
$GNGSA,A,3,102,104,106,109,110,111,112,119,128,136,,,0.6,0.2,0.4,3*3F
$GNGSA,A,3,102,104,106,109,110,111,119,136,,,,,0.6,0.2,0.4,3*36
$GNGSA,A,3,207,210,211,227,228,230,232,233,241,,,,0.6,0.2,0.4,4*08
$GNGSA,A,3,227,228,230,232,233,241,,,,,,,0.6,0.2,0.4,4*3C
$GNRMC,134946.000,A,4825.1428,N,00428.4560,W,0.0,125.5,100626,,,A*62
$GNGGA,134947.000,4825.1428,N,00428.4560,W,1,53,0.2,91.4,M,52.0,M,,*6E
$GNVTG,125.5,T,,M,0.0,N,0.0,K,A*10
$GPGSV,5,1,15,01,37,119,41,02,12,128,38,03,61,056,39,04,57,160,31,1*62
$GPGSV,5,2,15,06,32,303,29,09,31,195,24,19,45,286,35,28,13,041,29,1*6E
$GPGSV,5,3,15,31,18,069,42,1*54
$GPGSV,5,4,15,01,37,119,31,03,61,056,45,04,57,160,37,06,32,303,42,8*64
$GPGSV,5,5,15,09,31,195,32,28,13,041,29,8*68
$GQGSV,1,1,,,,,,,,,,,,,0.0*56
$GLGSV,2,1,05,69,80,203,34,70,26,216,24,83,35,139,36,84,85,329,30,1*76
$GLGSV,2,2,05,85,36,320,37,1*40
$GAGSV,6,1,19,102,13,286,27,104,58,126,35,106,44,165,34,109,25,184,24,7*79
$GAGSV,6,2,19,110,57,105,37,111,84,040,26,112,32,110,30,119,31,048,34,7*70
$GAGSV,6,3,19,128,51,080,33,136,37,299,32,7*7A
$GAGSV,6,4,19,102,13,286,36,104,58,126,43,106,44,165,42,110,57,105,43,1*7F
$GAGSV,6,5,19,111,84,040,42,112,32,110,27,119,31,048,29,128,51,080,36,1*79
$GAGSV,6,6,19,136,37,299,41,1*7A
$GBGSV,5,1,14,207,16,042,35,210,16,054,35,211,12,315,25,1*77
$GBGSV,5,2,14,227,68,200,30,228,31,155,39,230,37,304,33,232,34,225,29,3*77
$GBGSV,5,3,14,233,33,052,40,241,83,101,37,3*7E
$GBGSV,5,4,14,228,31,155,35,230,37,304,39,232,34,225,33,233,33,052,36,5*72
$GBGSV,5,5,14,241,83,101,45,5*7A
$GIGSV,1,1,,,,,,,,,,,,,0.0*4E
$GNGSA,A,3,01,02,03,04,06,09,19,28,31,,,,0.6,0.2,0.6,1*38
$GNGSA,A,3,01,03,04,06,09,28,,,,,,,0.6,0.2,0.6,1*30
$GNGSA,A,3,69,70,83,84,85,,,,,,,,0.6,0.2,0.6,2*32
$GNGSA,A,3,102,104,106,109,110,111,112,119,128,136,,,0.6,0.2,0.6,3*3D
$GNGSA,A,3,102,104,106,110,111,112,119,128,136,,,,0.6,0.2,0.6,3*05
$GNGSA,A,3,207,210,211,227,228,230,232,233,241,,,,0.6,0.2,0.6,4*0A
$GNGSA,A,3,228,230,232,233,241,,,,,,,,0.6,0.2,0.6,4*09
$GNRMC,134947.000,A,4825.1428,N,00428.4560,W,0.0,125.5,100626,,,A*63
$GNGGA,134948.000,4825.1428,N,00428.4560,W,1,51,0.2,91.4,M,52.0,M,,*63
$GNVTG,125.5,T,,M,0.0,N,0.0,K,A*10
$GPGSV,5,1,15,01,37,119,41,02,12,128,38,03,61,056,39,04,57,160,31,1*62
$GPGSV,5,2,15,06,32,303,29,09,31,195,24,19,45,286,35,28,13,041,29,1*6E
$GPGSV,5,3,15,31,18,069,41,1*57
$GPGSV,5,4,15,01,37,119,31,03,61,056,45,04,57,160,37,06,32,303,42,8*64
$GPGSV,5,5,15,09,31,195,32,28,13,041,29,8*68
$GQGSV,1,1,,,,,,,,,,,,,0.0*56
$GLGSV,2,1,05,69,80,203,34,70,26,216,24,83,35,139,36,84,85,329,30,1*76
$GLGSV,2,2,05,85,36,320,37,1*40
$GAGSV,5,1,18,102,13,286,27,104,58,126,34,106,44,165,34,109,25,184,24,7*7A
$GAGSV,5,2,18,110,57,105,37,111,84,040,26,112,32,110,30,119,31,048,34,7*72
$GAGSV,5,3,18,128,51,080,33,136,37,299,32,7*78
$GAGSV,5,4,18,102,13,286,36,104,58,126,43,106,44,165,42,109,25,184,36,1*7B
$GAGSV,5,5,18,110,57,105,43,119,31,048,29,128,51,080,36,136,37,299,41,1*74
$GBGSV,5,1,15,207,16,042,35,210,16,054,35,211,12,315,25,1*76
$GBGSV,5,2,15,227,68,200,29,228,31,155,39,230,37,304,33,232,34,225,29,3*7E
$GBGSV,5,3,15,233,33,052,40,241,83,101,37,3*7F
$GBGSV,5,4,15,227,68,200,38,228,31,155,36,230,37,304,39,232,34,225,34,5*77
$GBGSV,5,5,15,233,33,052,36,241,83,101,45,5*7B
$GIGSV,1,1,,,,,,,,,,,,,0.0*4E
$GNGSA,A,3,01,02,03,04,06,19,28,31,,,,,0.6,0.2,0.6,1*31
$GNGSA,A,3,01,03,04,06,09,28,,,,,,,0.6,0.2,0.6,1*30
$GNGSA,A,3,69,83,84,85,,,,,,,,,0.6,0.2,0.6,2*35
$GNGSA,A,3,102,104,106,109,110,111,112,119,128,136,,,0.6,0.2,0.6,3*3D
$GNGSA,A,3,102,104,106,109,110,119,128,136,,,,,0.6,0.2,0.6,3*3E
$GNGSA,A,3,207,210,211,227,228,230,232,233,241,,,,0.6,0.2,0.6,4*0A
$GNGSA,A,3,227,228,230,232,233,241,,,,,,,0.6,0.2,0.6,4*3E
$GNRMC,134948.000,A,4825.1428,N,00428.4560,W,0.0,125.5,100626,,,A*6C
$GNGGA,134949.000,4825.1428,N,00428.4560,W,1,52,0.2,91.4,M,52.0,M,,*61
$GNVTG,125.5,T,,M,0.0,N,0.0,K,A*10
$GPGSV,5,1,15,01,37,119,41,02,12,128,38,03,61,056,39,04,57,160,31,1*62
$GPGSV,5,2,15,06,32,303,29,09,31,195,24,19,45,286,35,28,13,041,29,1*6E
$GPGSV,5,3,15,31,18,069,41,1*57
$GPGSV,5,4,15,01,37,119,31,03,61,056,45,04,57,160,37,06,32,303,42,8*64
$GPGSV,5,5,15,09,31,195,32,28,13,041,29,8*68
$GQGSV,1,1,,,,,,,,,,,,,0.0*56
$GLGSV,2,1,05,69,80,204,34,70,27,216,24,83,35,139,36,84,86,328,30,1*72
$GLGSV,2,2,05,85,36,320,37,1*40
$GAGSV,6,1,19,102,13,286,27,104,58,126,34,106,44,165,34,109,25,184,24,7*78
$GAGSV,6,2,19,110,57,105,37,111,84,040,26,112,32,110,30,119,31,048,34,7*70
$GAGSV,6,3,19,128,51,080,33,136,37,299,32,7*7A
$GAGSV,6,4,19,102,13,286,36,104,58,126,43,106,44,165,42,109,25,184,36,1*79
$GAGSV,6,5,19,111,84,040,42,112,32,110,26,119,31,048,29,128,51,080,36,1*78
$GAGSV,6,6,19,136,37,299,41,1*7A
$GBGSV,5,1,14,207,16,042,35,210,16,054,35,211,12,315,25,1*77
$GBGSV,5,2,14,227,68,200,29,228,31,155,39,230,37,304,33,232,34,225,29,3*7F
$GBGSV,5,3,14,233,33,052,40,241,83,101,37,3*7E
$GBGSV,5,4,14,228,31,155,36,230,37,304,39,232,34,225,34,233,33,052,36,5*76
$GBGSV,5,5,14,241,83,101,45,5*7A
$GIGSV,1,1,,,,,,,,,,,,,0.0*4E
$GNGSA,A,3,01,02,03,04,06,19,28,31,,,,,0.6,0.2,0.6,1*31
$GNGSA,A,3,01,03,04,06,09,28,,,,,,,0.6,0.2,0.6,1*30
$GNGSA,A,3,69,70,83,84,85,,,,,,,,0.6,0.2,0.6,2*32
$GNGSA,A,3,102,104,106,109,110,111,112,119,128,136,,,0.6,0.2,0.6,3*3D
$GNGSA,A,3,102,104,106,109,111,112,119,128,136,,,,0.6,0.2,0.6,3*0D
$GNGSA,A,3,207,210,211,227,228,230,232,233,241,,,,0.6,0.2,0.6,4*0A
$GNGSA,A,3,228,230,232,233,241,,,,,,,,0.6,0.2,0.6,4*09
$GNRMC,134949.000,A,4825.1428,N,00428.4560,W,0.0,125.5,100626,,,A*6D
$GNGGA,134950.000,4825.1428,N,00428.4560,W,1,51,0.2,91.4,M,52.0,M,,*6A
$GNVTG,125.5,T,,M,0.0,N,0.0,K,A*10
$GPGSV,5,1,15,01,37,119,41,02,12,128,38,03,61,056,39,04,57,160,31,1*62
$GPGSV,5,2,15,06,32,303,29,09,31,195,24,19,45,286,35,28,13,041,29,1*6E
$GPGSV,5,3,15,31,18,069,41,1*57
$GPGSV,5,4,15,01,37,119,31,03,61,056,45,04,57,160,37,06,32,303,42,8*64
$GPGSV,5,5,15,09,31,195,32,28,13,041,29,8*68
$GQGSV,1,1,,,,,,,,,,,,,0.0*56
$GLGSV,2,1,05,69,80,204,34,70,27,216,24,83,35,139,36,84,86,328,30,1*72
$GLGSV,2,2,05,85,36,320,37,1*40
$GAGSV,6,1,19,102,13,286,27,104,58,126,34,106,44,165,34,109,25,184,24,7*78
$GAGSV,6,2,19,110,57,105,37,111,84,040,26,112,32,110,30,119,31,048,34,7*70
$GAGSV,6,3,19,128,51,080,33,136,37,299,32,7*7A
$GAGSV,6,4,19,102,13,286,36,104,58,126,43,106,44,165,42,109,25,184,36,1*79
$GAGSV,6,5,19,111,84,040,42,112,32,110,26,119,31,048,29,128,51,080,36,1*78
$GAGSV,6,6,19,136,37,299,41,1*7A
$GBGSV,5,1,14,207,16,042,35,210,16,054,35,211,12,315,25,1*77
$GBGSV,5,2,14,227,68,200,29,228,31,155,39,230,37,304,33,232,34,225,29,3*7F
$GBGSV,5,3,14,233,33,052,40,241,83,101,37,3*7E
$GBGSV,5,4,14,227,68,200,38,228,31,155,36,232,34,225,34,233,33,052,36,5*7E
$GBGSV,5,5,14,241,83,101,45,5*7A
$GIGSV,1,1,,,,,,,,,,,,,0.0*4E
$GNGSA,A,3,01,02,03,04,06,19,28,31,,,,,0.6,0.2,0.6,1*31
$GNGSA,A,3,01,03,04,06,09,28,,,,,,,0.6,0.2,0.6,1*30
$GNGSA,A,3,69,83,84,85,,,,,,,,,0.6,0.2,0.6,2*35
$GNGSA,A,3,102,104,106,109,110,111,112,119,128,136,,,0.6,0.2,0.6,3*3D
$GNGSA,A,3,102,104,106,109,111,112,119,128,136,,,,0.6,0.2,0.6,3*0D
$GNGSA,A,3,207,210,211,227,228,230,232,233,241,,,,0.6,0.2,0.6,4*0A
$GNGSA,A,3,227,228,232,233,241,,,,,,,,0.6,0.2,0.6,4*0F
$GNRMC,134950.000,A,4825.1428,N,00428.4560,W,0.0,125.5,100626,,,A*65
$GNGGA,134951.000,4825.1428,N,00428.4560,W,1,51,0.2,91.4,M,52.0,M,,*6B
$GNVTG,125.5,T,,M,0.0,N,0.0,K,A*10
$GPGSV,5,1,15,01,37,119,41,02,12,128,38,03,61,056,39,04,57,160,31,1*62
$GPGSV,5,2,15,06,32,303,29,09,31,195,23,19,45,286,35,28,13,041,29,1*69
$GPGSV,5,3,15,31,18,069,41,1*57
$GPGSV,5,4,15,01,37,119,31,03,61,056,45,04,57,160,37,06,32,303,42,8*64
$GPGSV,5,5,15,09,31,195,32,28,13,041,29,8*68
$GQGSV,1,1,,,,,,,,,,,,,0.0*56
$GLGSV,2,1,05,69,80,204,34,70,27,216,24,83,35,139,36,84,86,328,30,1*72
$GLGSV,2,2,05,85,36,320,37,1*40
$GAGSV,6,1,20,102,13,286,27,104,58,126,34,106,44,165,34,109,25,184,25,7*73
$GAGSV,6,2,20,110,57,105,37,111,84,040,26,112,32,110,30,119,31,048,34,7*7A
$GAGSV,6,3,20,128,51,080,33,136,37,299,32,7*70
$GAGSV,6,4,20,102,13,286,36,104,58,126,43,106,44,165,42,109,25,184,36,1*73
$GAGSV,6,5,20,110,57,105,43,111,84,040,42,112,32,110,26,119,31,048,29,1*71
$GAGSV,6,6,20,128,51,080,36,136,37,299,41,1*72
$GBGSV,4,1,13,207,16,042,35,210,16,054,35,211,12,315,25,1*71
$GBGSV,4,2,13,227,68,200,29,228,31,155,39,230,37,304,33,232,34,225,29,3*79
$GBGSV,4,3,13,233,33,052,40,241,83,101,37,3*78
$GBGSV,4,4,13,227,68,200,38,228,31,155,36,232,34,225,34,233,33,052,36,5*78
$GIGSV,1,1,,,,,,,,,,,,,0.0*4E
$GNGSA,A,3,01,02,03,04,06,19,28,31,,,,,0.6,0.2,0.6,1*31
$GNGSA,A,3,01,03,04,06,09,28,,,,,,,0.6,0.2,0.6,1*30
$GNGSA,A,3,69,83,84,85,,,,,,,,,0.6,0.2,0.6,2*35
$GNGSA,A,3,102,104,106,109,110,111,112,119,128,136,,,0.6,0.2,0.6,3*3D
$GNGSA,A,3,102,104,106,109,110,111,112,119,128,136,,,0.6,0.2,0.6,3*3D
$GNGSA,A,3,207,210,211,227,228,230,232,233,241,,,,0.6,0.2,0.6,4*0A
$GNGSA,A,3,227,228,232,233,,,,,,,,,0.6,0.2,0.6,4*38
$GNRMC,134951.000,A,4825.1428,N,00428.4560,W,0.0,125.5,100626,,,A*64
$GNGGA,134952.000,4825.1428,N,00428.4560,W,1,51,0.2,91.4,M,52.0,M,,*68
$GNVTG,125.5,T,,M,0.0,N,0.0,K,A*10
$GPGSV,5,1,15,01,37,119,41,02,12,128,38,03,61,056,39,04,57,160,31,1*62
$GPGSV,5,2,15,06,32,303,28,09,31,195,23,19,45,286,35,28,13,041,29,1*68
$GPGSV,5,3,15,31,18,069,41,1*57
$GPGSV,5,4,15,01,37,119,32,03,61,056,45,04,57,160,37,06,32,303,42,8*67
$GPGSV,5,5,15,09,31,195,32,28,13,041,29,8*68
$GQGSV,1,1,,,,,,,,,,,,,0.0*56
$GLGSV,2,1,05,69,80,204,34,70,27,216,24,83,35,139,36,84,86,328,30,1*72
$GLGSV,2,2,05,85,36,320,37,1*40
$GAGSV,6,1,19,102,13,286,27,104,58,126,34,106,44,165,34,109,25,184,25,7*79
$GAGSV,6,2,19,110,57,105,37,111,84,040,26,112,32,110,30,119,31,048,34,7*70
$GAGSV,6,3,19,128,51,080,33,136,37,299,32,7*7A
$GAGSV,6,4,19,102,13,286,36,104,58,126,43,106,44,165,42,109,25,184,36,1*79
$GAGSV,6,5,19,110,57,105,43,111,84,040,42,112,32,110,26,119,31,048,29,1*7B
$GAGSV,6,6,19,136,37,299,41,1*7A
$GBGSV,5,1,14,207,16,042,35,210,16,054,35,211,12,315,25,1*77
$GBGSV,5,2,14,227,68,200,29,228,31,155,39,230,37,304,33,232,34,225,28,3*7E
$GBGSV,5,3,14,233,33,052,40,241,83,101,37,3*7E
$GBGSV,5,4,14,228,31,155,36,230,37,304,39,232,34,225,34,233,33,052,35,5*75
$GBGSV,5,5,14,241,83,101,45,5*7A
$GIGSV,1,1,,,,,,,,,,,,,0.0*4E
$GNGSA,A,3,01,02,03,04,06,19,28,31,,,,,0.6,0.2,0.6,1*31
$GNGSA,A,3,01,03,04,06,09,28,,,,,,,0.6,0.2,0.6,1*30
$GNGSA,A,3,69,83,84,85,,,,,,,,,0.6,0.2,0.6,2*35
$GNGSA,A,3,102,104,106,109,110,111,112,119,128,136,,,0.6,0.2,0.6,3*3D
$GNGSA,A,3,102,104,106,109,110,111,112,119,136,,,,0.6,0.2,0.6,3*06
$GNGSA,A,3,207,210,211,227,228,230,232,233,241,,,,0.6,0.2,0.6,4*0A
$GNGSA,A,3,228,230,232,233,241,,,,,,,,0.6,0.2,0.6,4*09
$GNRMC,134952.000,A,4825.1428,N,00428.4560,W,0.0,125.5,100626,,,A*67
$GNGGA,134953.000,4825.1428,N,00428.4560,W,1,51,0.2,91.4,M,52.0,M,,*69
$GNVTG,125.5,T,,M,0.0,N,0.0,K,A*10
$GPGSV,5,1,15,01,37,119,41,02,12,128,38,03,61,056,39,04,57,160,31,1*62
$GPGSV,5,2,15,06,32,303,28,09,31,195,23,19,45,286,35,28,13,041,29,1*68
$GPGSV,5,3,15,31,18,069,41,1*57
$GPGSV,5,4,15,01,37,119,32,03,61,056,45,04,57,160,37,06,32,303,42,8*67
$GPGSV,5,5,15,09,31,195,32,28,13,041,29,8*68
$GQGSV,1,1,,,,,,,,,,,,,0.0*56
$GLGSV,2,1,05,69,80,204,34,70,27,216,24,83,35,139,36,84,86,328,30,1*72
$GLGSV,2,2,05,85,36,320,37,1*40
$GAGSV,6,1,19,102,13,286,27,104,58,126,34,106,44,165,34,109,25,184,25,7*79
$GAGSV,6,2,19,110,57,105,37,111,84,040,26,112,32,110,30,119,31,048,34,7*70
$GAGSV,6,3,19,128,51,080,33,136,37,299,32,7*7A
$GAGSV,6,4,19,102,13,286,36,104,58,126,43,106,44,165,42,109,25,184,37,1*78
$GAGSV,6,5,19,111,84,040,42,112,32,110,27,119,31,048,29,128,51,080,36,1*79
$GAGSV,6,6,19,136,37,299,41,1*7A
$GBGSV,5,1,14,207,16,042,35,210,16,054,35,211,12,315,25,1*77
$GBGSV,5,2,14,227,68,200,29,228,31,155,39,230,37,304,33,232,34,225,28,3*7E
$GBGSV,5,3,14,233,33,052,40,241,83,101,37,3*7E
$GBGSV,5,4,14,228,31,155,35,230,37,304,39,232,34,225,34,233,33,052,35,5*76
$GBGSV,5,5,14,241,83,101,45,5*7A
$GIGSV,1,1,,,,,,,,,,,,,0.0*4E
$GNGSA,A,3,01,02,03,04,06,19,28,31,,,,,0.6,0.2,0.6,1*31
$GNGSA,A,3,01,03,04,06,09,28,,,,,,,0.6,0.2,0.6,1*30
$GNGSA,A,3,69,83,84,85,,,,,,,,,0.6,0.2,0.6,2*35
$GNGSA,A,3,102,104,106,109,110,111,112,119,128,136,,,0.6,0.2,0.6,3*3D
$GNGSA,A,3,102,104,106,109,111,112,119,128,136,,,,0.6,0.2,0.6,3*0D
$GNGSA,A,3,207,210,211,227,228,230,232,233,241,,,,0.6,0.2,0.6,4*0A
$GNGSA,A,3,228,230,232,233,241,,,,,,,,0.6,0.2,0.6,4*09
$GNRMC,134953.000,A,4825.1428,N,00428.4560,W,0.0,125.5,100626,,,A*66
$GNGGA,134954.000,4825.1428,N,00428.4560,W,1,52,0.2,91.4,M,52.0,M,,*6D
$GNVTG,125.5,T,,M,0.0,N,0.0,K,A*10
$GPGSV,5,1,15,01,37,119,41,02,12,128,38,03,61,056,39,04,57,160,31,1*62
$GPGSV,5,2,15,06,32,303,29,09,31,195,23,19,45,286,35,28,13,041,29,1*69
$GPGSV,5,3,15,31,18,069,41,1*57
$GPGSV,5,4,15,01,37,119,32,03,61,056,45,04,57,160,37,06,32,303,42,8*67
$GPGSV,5,5,15,09,31,195,32,28,13,041,29,8*68
$GQGSV,1,1,,,,,,,,,,,,,0.0*56
$GLGSV,2,1,05,69,80,204,34,70,27,216,24,83,35,139,36,84,86,328,30,1*72
$GLGSV,2,2,05,85,36,320,36,1*41
$GAGSV,6,1,19,102,13,286,27,104,58,126,34,106,44,165,34,109,25,184,25,7*79
$GAGSV,6,2,19,110,57,105,37,111,84,040,26,112,32,110,29,119,31,048,34,7*78
$GAGSV,6,3,19,128,51,080,33,136,37,299,32,7*7A
$GAGSV,6,4,19,102,13,286,36,104,58,126,43,106,44,165,42,109,25,184,37,1*78
$GAGSV,6,5,19,110,57,105,43,111,84,040,42,112,32,110,27,119,31,048,29,1*7A
$GAGSV,6,6,19,128,51,080,36,1*7F
$GBGSV,5,1,14,207,16,042,35,210,16,054,35,211,12,315,25,1*77
$GBGSV,5,2,14,227,68,200,29,228,31,155,39,230,37,304,33,232,34,225,28,3*7E
$GBGSV,5,3,14,233,33,052,40,241,83,101,37,3*7E
$GBGSV,5,4,14,228,31,155,35,230,37,304,39,232,34,225,35,233,33,052,35,5*77
$GBGSV,5,5,14,241,83,101,45,5*7A
$GIGSV,1,1,,,,,,,,,,,,,0.0*4E
$GNGSA,A,3,01,02,03,04,06,19,28,31,,,,,0.6,0.2,0.4,1*33
$GNGSA,A,3,01,03,04,06,09,28,,,,,,,0.6,0.2,0.4,1*32
$GNGSA,A,3,69,70,83,84,85,,,,,,,,0.6,0.2,0.4,2*30
$GNGSA,A,3,102,104,106,109,110,111,112,119,128,136,,,0.6,0.2,0.4,3*3F
$GNGSA,A,3,102,104,106,109,110,111,112,119,128,,,,0.6,0.2,0.4,3*0B
$GNGSA,A,3,207,210,211,227,228,230,232,233,241,,,,0.6,0.2,0.4,4*08
$GNGSA,A,3,228,230,232,233,241,,,,,,,,0.6,0.2,0.4,4*0B
$GNRMC,134954.000,A,4825.1428,N,00428.4560,W,0.0,125.5,100626,,,A*61
$GNGGA,134955.000,4825.1428,N,00428.4560,W,1,52,0.2,91.4,M,52.0,M,,*6C
$GNVTG,125.5,T,,M,0.0,N,0.0,K,A*10
$GPGSV,5,1,15,01,37,119,41,02,12,128,38,03,61,056,39,04,57,160,31,1*62
$GPGSV,5,2,15,06,32,303,29,09,31,195,23,19,45,286,35,28,13,041,29,1*69
$GPGSV,5,3,15,31,18,069,41,1*57
$GPGSV,5,4,15,01,37,119,33,03,61,056,45,04,57,160,37,06,32,303,42,8*66
$GPGSV,5,5,15,09,31,195,32,28,13,041,29,8*68
$GQGSV,1,1,,,,,,,,,,,,,0.0*56
$GLGSV,2,1,05,69,80,204,34,70,27,216,24,83,35,139,36,84,86,328,30,1*72
$GLGSV,2,2,05,85,36,320,36,1*41
$GAGSV,5,1,18,102,13,286,26,104,58,126,34,106,44,165,34,109,25,184,25,7*7A
$GAGSV,5,2,18,110,57,105,37,111,84,040,27,112,32,110,29,119,31,048,34,7*7B
$GAGSV,5,3,18,128,51,080,33,136,37,299,32,7*78
$GAGSV,5,4,18,102,13,286,36,104,58,126,43,106,44,165,42,109,25,184,37,1*7A
$GAGSV,5,5,18,110,57,105,43,112,32,110,27,128,51,080,36,136,37,299,40,1*7F
$GBGSV,5,1,15,207,16,042,35,210,16,054,35,211,12,315,25,1*76
$GBGSV,5,2,15,227,68,200,29,228,31,155,39,230,37,304,33,232,34,225,28,3*7F
$GBGSV,5,3,15,233,33,052,40,241,83,101,37,3*7F
$GBGSV,5,4,15,227,68,200,37,228,31,155,35,230,37,304,40,232,34,225,35,5*74
$GBGSV,5,5,15,233,33,052,35,241,83,101,45,5*78
$GIGSV,1,1,,,,,,,,,,,,,0.0*4E
$GNGSA,A,3,01,02,03,04,06,19,28,31,,,,,0.6,0.2,0.6,1*31
$GNGSA,A,3,01,03,04,06,09,28,,,,,,,0.6,0.2,0.6,1*30
$GNGSA,A,3,69,70,83,84,85,,,,,,,,0.6,0.2,0.6,2*32
$GNGSA,A,3,102,104,106,109,110,111,112,119,128,136,,,0.6,0.2,0.6,3*3D
$GNGSA,A,3,102,104,106,109,110,112,128,136,,,,,0.6,0.2,0.6,3*35
$GNGSA,A,3,207,210,211,227,228,230,232,233,241,,,,0.6,0.2,0.6,4*0A
$GNGSA,A,3,227,228,230,232,233,241,,,,,,,0.6,0.2,0.6,4*3E
$GNRMC,134955.000,A,4825.1428,N,00428.4560,W,0.0,125.5,100626,,,A*60
$GNGGA,134956.000,4825.1429,N,00428.4560,W,1,51,0.2,91.4,M,52.0,M,,*6D
$GNVTG,125.5,T,,M,0.0,N,0.0,K,A*10
$GPGSV,5,1,15,01,37,119,41,02,12,128,38,03,61,056,39,04,58,160,31,1*6D
$GPGSV,5,2,15,06,32,303,29,09,31,195,23,19,45,286,35,28,13,041,30,1*61
$GPGSV,5,3,15,31,18,069,41,1*57
$GPGSV,5,4,15,01,37,119,34,03,61,056,45,04,58,160,37,06,32,303,42,8*6E
$GPGSV,5,5,15,09,31,195,32,28,13,041,28,8*69
$GQGSV,1,1,,,,,,,,,,,,,0.0*56
$GLGSV,2,1,05,69,80,204,34,70,27,216,24,83,35,139,36,84,86,328,30,1*72
$GLGSV,2,2,05,85,36,320,35,1*42
$GAGSV,6,1,19,102,13,286,26,104,58,126,34,106,44,165,34,109,25,184,25,7*78
$GAGSV,6,2,19,110,57,105,37,111,84,040,27,112,32,110,29,119,31,048,34,7*79
$GAGSV,6,3,19,128,51,080,33,136,37,299,32,7*7A
$GAGSV,6,4,19,102,13,286,36,104,58,126,43,106,44,165,42,109,25,184,37,1*78
$GAGSV,6,5,19,110,57,105,43,111,84,040,42,112,32,110,28,128,51,080,36,1*7B
$GAGSV,6,6,19,136,37,299,41,1*7A
$GBGSV,5,1,14,207,16,042,35,210,16,054,35,211,12,315,25,1*77
$GBGSV,5,2,14,227,68,200,29,228,31,155,39,230,37,304,33,232,34,225,28,3*7E
$GBGSV,5,3,14,233,33,052,40,241,83,101,37,3*7E
$GBGSV,5,4,14,227,68,200,37,228,31,155,35,230,37,304,40,232,34,225,35,5*75
$GBGSV,5,5,14,233,33,052,35,5*74
$GIGSV,1,1,,,,,,,,,,,,,0.0*4E
$GNGSA,A,3,01,02,03,06,19,28,31,,,,,,0.6,0.2,0.6,1*35
$GNGSA,A,3,01,03,04,06,09,28,,,,,,,0.6,0.2,0.6,1*30
$GNGSA,A,3,69,70,83,84,85,,,,,,,,0.6,0.2,0.6,2*32
$GNGSA,A,3,102,104,106,109,110,111,112,119,128,136,,,0.6,0.2,0.6,3*3D
$GNGSA,A,3,102,104,106,109,110,111,112,128,136,,,,0.6,0.2,0.6,3*04
$GNGSA,A,3,207,210,211,227,228,230,232,233,241,,,,0.6,0.2,0.6,4*0A
$GNGSA,A,3,227,228,230,232,233,,,,,,,,0.6,0.2,0.6,4*09
$GNRMC,134956.000,A,4825.1429,N,00428.4560,W,0.0,125.5,100626,,,A*62
$GNGGA,134957.000,4825.1429,N,00428.4560,W,1,50,0.4,91.4,M,52.0,M,,*6B
$GNVTG,125.5,T,,M,0.0,N,0.0,K,A*10
$GPGSV,5,1,15,01,37,119,41,02,12,128,38,03,61,056,39,04,58,160,31,1*6D
$GPGSV,5,2,15,06,32,303,29,09,31,195,24,19,45,286,35,28,13,041,30,1*66
$GPGSV,5,3,15,31,18,069,41,1*57
$GPGSV,5,4,15,01,37,119,34,03,61,056,45,04,58,160,37,06,32,303,42,8*6E
$GPGSV,5,5,15,09,31,195,32,28,13,041,28,8*69
$GQGSV,1,1,,,,,,,,,,,,,0.0*56
$GLGSV,2,1,05,69,80,204,35,70,27,216,25,83,35,139,36,84,86,328,30,1*72
$GLGSV,2,2,05,85,36,320,35,1*42
$GAGSV,5,1,18,102,13,286,26,104,58,126,34,106,44,165,34,109,25,184,25,7*7A
$GAGSV,5,2,18,110,57,105,37,111,84,040,27,112,32,110,30,119,31,048,34,7*73
$GAGSV,5,3,18,128,51,080,33,136,37,299,32,7*78
$GAGSV,5,4,18,102,13,286,36,104,58,126,43,106,44,165,42,110,57,105,43,1*7D
$GAGSV,5,5,18,111,84,040,42,112,32,110,28,128,51,080,36,136,37,299,41,1*7F
$GBGSV,5,1,15,207,16,042,35,210,16,054,35,211,12,315,25,1*76
$GBGSV,5,2,15,227,68,200,29,228,31,155,39,230,37,304,33,232,34,225,28,3*7F
$GBGSV,5,3,15,233,33,052,40,241,83,101,37,3*7F
$GBGSV,5,4,15,227,68,200,37,228,31,155,34,230,37,304,40,232,34,225,35,5*75
$GBGSV,5,5,15,233,33,052,35,241,83,101,45,5*78
$GIGSV,1,1,,,,,,,,,,,,,0.0*4E
$GNGSA,A,3,01,02,03,04,06,19,31,,,,,,0.6,0.4,0.6,1*3D
$GNGSA,A,3,01,03,04,06,09,28,,,,,,,0.6,0.4,0.6,1*36
$GNGSA,A,3,69,70,83,84,85,,,,,,,,0.6,0.4,0.6,2*34
$GNGSA,A,3,102,104,106,110,111,112,119,128,136,,,,0.6,0.4,0.6,3*03
$GNGSA,A,3,102,104,106,110,111,112,128,136,,,,,0.6,0.4,0.6,3*3A
$GNGSA,A,3,207,210,211,227,228,230,232,233,241,,,,0.6,0.4,0.6,4*0C
$GNGSA,A,3,227,228,230,232,233,241,,,,,,,0.6,0.4,0.6,4*38
$GNRMC,134957.000,A,4825.1429,N,00428.4560,W,0.0,125.5,100626,,,A*63
$GNGGA,134958.000,4825.1428,N,00428.4560,W,1,50,0.2,91.4,M,52.0,M,,*63
$GNVTG,125.5,T,,M,0.0,N,0.0,K,A*10
$GPGSV,5,1,15,01,37,119,40,02,12,128,38,03,61,056,39,04,58,160,31,1*6C
$GPGSV,5,2,15,06,32,303,29,09,31,195,24,19,45,286,35,28,13,041,30,1*66
$GPGSV,5,3,15,31,18,069,41,1*57
$GPGSV,5,4,15,01,37,119,34,03,61,056,45,04,58,160,37,06,32,303,42,8*6E
$GPGSV,5,5,15,09,31,195,32,28,13,041,28,8*69
$GQGSV,1,1,,,,,,,,,,,,,0.0*56
$GLGSV,2,1,05,69,80,204,35,70,27,216,25,83,35,139,36,84,86,328,30,1*72
$GLGSV,2,2,05,85,36,320,35,1*42
$GAGSV,6,1,19,102,13,286,26,104,58,126,34,106,44,165,34,109,25,184,25,7*78
$GAGSV,6,2,19,110,57,105,37,111,84,042,28,112,32,110,30,119,31,048,34,7*7C
$GAGSV,6,3,19,128,51,080,33,136,37,299,32,7*7A
$GAGSV,6,4,19,102,13,286,36,104,58,126,43,109,25,184,37,110,57,105,43,1*7A
$GAGSV,6,5,19,111,84,042,42,112,32,110,29,119,31,048,30,128,51,080,36,1*7D
$GAGSV,6,6,19,136,37,299,41,1*7A
$GBGSV,5,1,14,207,16,042,35,210,16,054,35,211,12,315,25,1*77
$GBGSV,5,2,14,227,68,200,29,228,31,155,39,230,37,304,33,232,34,225,28,3*7E
$GBGSV,5,3,14,233,33,052,40,241,83,101,36,3*7F
$GBGSV,5,4,14,227,68,200,37,228,31,155,34,230,37,304,40,232,34,225,35,5*74
$GBGSV,5,5,14,233,33,052,35,5*74
$GIGSV,1,1,,,,,,,,,,,,,0.0*4E
$GNGSA,A,3,01,02,03,04,06,19,28,31,,,,,0.6,0.2,0.6,1*31
$GNGSA,A,3,01,03,04,06,09,28,,,,,,,0.6,0.2,0.6,1*30
$GNGSA,A,3,69,70,83,84,85,,,,,,,,0.6,0.2,0.6,2*32
$GNGSA,A,3,104,106,110,111,112,119,128,136,,,,,0.6,0.2,0.6,3*36
$GNGSA,A,3,102,104,109,110,111,112,119,128,136,,,,0.6,0.2,0.6,3*0A
$GNGSA,A,3,207,210,211,227,228,230,232,233,241,,,,0.6,0.2,0.6,4*0A
$GNGSA,A,3,227,228,230,232,233,,,,,,,,0.6,0.2,0.6,4*09
$GNRMC,134958.000,A,4825.1428,N,00428.4560,W,0.0,125.5,100626,,,A*6D
$GNGGA,134959.000,4825.1429,N,00428.4560,W,1,50,0.2,91.4,M,52.0,M,,*63
$GNVTG,125.5,T,,M,0.0,N,0.0,K,A*10
$GPGSV,5,1,15,01,37,119,40,02,12,128,38,03,61,056,39,04,58,160,31,1*6C
$GPGSV,5,2,15,06,32,303,29,09,31,195,24,19,45,285,35,28,13,041,31,1*64
$GPGSV,5,3,15,31,18,069,41,1*57
$GPGSV,5,4,15,01,37,119,34,03,61,056,45,04,58,160,37,06,32,303,42,8*6E
$GPGSV,5,5,15,09,31,195,32,28,13,041,29,8*68
$GQGSV,1,1,,,,,,,,,,,,,0.0*56
$GLGSV,2,1,05,69,80,204,35,70,27,216,25,83,35,139,37,84,86,328,30,1*73
$GLGSV,2,2,05,85,36,320,34,1*43
$GAGSV,5,1,18,102,13,286,26,104,58,126,33,106,45,165,34,109,25,184,24,7*7D
$GAGSV,5,2,18,110,57,105,36,111,84,042,28,112,32,110,30,119,31,048,34,7*7F
$GAGSV,5,3,18,128,51,080,34,136,37,299,32,7*7F
$GAGSV,5,4,18,102,13,286,36,104,58,126,43,106,45,165,42,109,25,184,37,1*7B
$GAGSV,5,5,18,111,84,042,42,112,32,110,29,119,31,048,30,136,37,299,41,1*7A
$GBGSV,5,1,15,207,16,042,35,210,16,054,35,211,12,315,25,1*76
$GBGSV,5,2,15,227,68,200,29,228,31,155,39,230,37,304,33,232,34,225,28,3*7F
$GBGSV,5,3,15,233,33,052,40,241,83,101,36,3*7E
$GBGSV,5,4,15,227,68,200,37,228,31,155,33,230,37,304,39,232,34,225,35,5*7C
$GBGSV,5,5,15,233,33,052,35,241,83,101,45,5*78
$GIGSV,1,1,,,,,,,,,,,,,0.0*4E
$GNGSA,A,3,01,02,03,04,06,09,19,28,31,,,,0.6,0.2,0.6,1*38
$GNGSA,A,3,01,03,04,06,09,28,,,,,,,0.6,0.2,0.6,1*30
$GNGSA,A,3,69,83,84,85,,,,,,,,,0.6,0.2,0.6,2*35
$GNGSA,A,3,104,106,110,111,112,119,128,136,,,,,0.6,0.2,0.6,3*36
$GNGSA,A,3,102,104,106,109,111,112,119,136,,,,,0.6,0.2,0.6,3*36
$GNGSA,A,3,207,210,211,227,228,230,232,233,241,,,,0.6,0.2,0.6,4*0A
$GNGSA,A,3,227,228,230,232,233,241,,,,,,,0.6,0.2,0.6,4*3E
$GNRMC,134959.000,A,4825.1429,N,00428.4560,W,0.0,125.5,100626,,,A*6D
$GNGGA,135000.000,4825.1429,N,00428.4560,W,1,49,0.4,91.4,M,52.0,M,,*69
$GNVTG,125.5,T,,M,0.0,N,0.0,K,A*10
$GPGSV,5,1,15,01,37,119,40,02,12,128,38,03,61,056,39,04,58,160,31,1*6C
$GPGSV,5,2,15,06,32,303,29,09,31,195,24,19,45,285,35,28,13,041,31,1*64
$GPGSV,5,3,15,31,18,069,41,1*57
$GPGSV,5,4,15,01,37,119,34,03,61,056,45,04,58,160,37,06,32,303,42,8*6E
$GPGSV,5,5,15,09,31,195,32,28,13,041,29,8*68
$GQGSV,1,1,,,,,,,,,,,,,0.0*56
$GLGSV,2,1,05,69,80,204,35,70,27,216,25,83,35,139,37,84,86,328,30,1*73
$GLGSV,2,2,05,85,36,320,34,1*43
$GAGSV,5,1,18,102,13,286,26,104,58,126,33,106,45,165,34,109,25,184,24,7*7D
$GAGSV,5,2,18,110,57,105,36,111,84,042,28,112,32,110,30,119,31,048,34,7*7F
$GAGSV,5,3,18,128,51,080,34,136,37,299,32,7*7F
$GAGSV,5,4,18,102,13,286,36,104,58,126,43,110,57,105,43,111,84,042,42,1*73
$GAGSV,5,5,18,112,32,110,29,119,31,048,30,128,51,080,36,136,37,299,41,1*75
$GBGSV,5,1,15,207,16,042,35,210,16,054,35,211,12,315,25,1*76
$GBGSV,5,2,15,227,68,200,29,228,31,155,39,230,37,304,33,232,34,225,28,3*7F
$GBGSV,5,3,15,233,33,052,40,241,83,101,36,3*7E
$GBGSV,5,4,15,227,68,200,37,228,31,155,33,230,37,304,39,232,34,225,35,5*7C
$GBGSV,5,5,15,233,33,052,35,241,83,101,45,5*78
$GIGSV,1,1,,,,,,,,,,,,,0.0*4E
$GNGSA,A,3,01,02,03,04,06,19,28,31,,,,,0.6,0.4,0.6,1*37
$GNGSA,A,3,01,03,04,06,09,28,,,,,,,0.6,0.4,0.6,1*36
$GNGSA,A,3,69,83,84,85,,,,,,,,,0.6,0.4,0.6,2*33
$GNGSA,A,3,104,106,110,111,112,119,128,136,,,,,0.6,0.4,0.6,3*30
$GNGSA,A,3,102,104,110,111,112,119,128,136,,,,,0.6,0.4,0.6,3*34
$GNGSA,A,3,207,210,211,227,228,230,232,233,241,,,,0.6,0.4,0.6,4*0C
$GNGSA,A,3,227,228,230,232,233,241,,,,,,,0.6,0.4,0.6,4*38
$GNRMC,135000.000,A,4825.1429,N,00428.4560,W,0.0,125.5,100626,,,A*69
$GNGGA,135001.000,4825.1429,N,00428.4560,W,1,51,0.2,91.4,M,52.0,M,,*67
$GNVTG,125.5,T,,M,0.0,N,0.0,K,A*10
$GPGSV,5,1,15,01,37,119,40,02,12,128,38,03,61,056,39,04,58,160,30,1*6D
$GPGSV,5,2,15,06,32,303,29,09,31,195,23,19,45,285,35,28,13,041,31,1*63
$GPGSV,5,3,15,31,18,069,41,1*57
$GPGSV,5,4,15,01,37,119,34,03,61,056,45,04,58,160,37,06,32,303,42,8*6E
$GPGSV,5,5,15,09,31,195,32,28,13,041,29,8*68
$GQGSV,1,1,,,,,,,,,,,,,0.0*56
$GLGSV,2,1,05,69,80,204,35,70,27,216,25,83,35,139,37,84,86,328,30,1*73
$GLGSV,2,2,05,85,36,320,34,1*43
$GAGSV,5,1,18,102,13,286,26,104,58,125,33,106,45,165,34,109,25,184,24,7*7E
$GAGSV,5,2,18,110,57,105,36,111,84,042,28,112,32,110,30,119,31,048,34,7*7F
$GAGSV,5,3,18,128,51,080,34,136,37,299,32,7*7F
$GAGSV,5,4,18,102,13,286,36,104,58,125,43,106,45,165,42,109,25,184,37,1*78
$GAGSV,5,5,18,112,32,110,29,119,31,048,30,128,51,080,36,136,37,299,41,1*75
$GBGSV,5,1,15,207,16,042,35,210,16,054,35,211,12,315,25,1*76
$GBGSV,5,2,15,227,68,200,29,228,31,155,38,230,37,304,33,232,34,225,28,3*7E
$GBGSV,5,3,15,233,33,052,40,241,83,101,36,3*7E
$GBGSV,5,4,15,227,68,200,37,228,31,155,33,230,37,304,39,232,34,225,35,5*7C
$GBGSV,5,5,15,233,33,052,35,241,83,101,45,5*78
$GIGSV,1,1,,,,,,,,,,,,,0.0*4E
$GNGSA,A,3,01,02,03,04,06,19,28,31,,,,,0.6,0.2,0.6,1*31
$GNGSA,A,3,01,03,04,06,09,28,,,,,,,0.6,0.2,0.6,1*30
$GNGSA,A,3,69,70,83,84,85,,,,,,,,0.6,0.2,0.6,2*32
$GNGSA,A,3,104,106,109,110,111,112,119,128,136,,,,0.6,0.2,0.6,3*0E
$GNGSA,A,3,102,104,106,109,112,119,128,136,,,,,0.6,0.2,0.6,3*3C
$GNGSA,A,3,207,210,211,227,228,230,232,233,241,,,,0.6,0.2,0.6,4*0A
$GNGSA,A,3,227,228,230,232,233,241,,,,,,,0.6,0.2,0.6,4*3E
$GNRMC,135001.000,A,4825.1429,N,00428.4560,W,0.0,125.5,100626,,,A*68
$GNGGA,135002.000,4825.1429,N,00428.4560,W,1,49,0.2,91.4,M,52.0,M,,*6D
$GNVTG,125.5,T,,M,0.0,N,0.0,K,A*10
$GPGSV,5,1,15,01,37,119,40,02,12,128,38,03,61,056,39,04,58,160,30,1*6D
$GPGSV,5,2,15,06,32,303,30,09,31,195,23,19,45,285,35,28,13,041,31,1*6B
$GPGSV,5,3,15,31,18,069,41,1*57
$GPGSV,5,4,15,01,37,119,34,03,61,056,45,04,58,160,37,06,32,303,41,8*6D
$GPGSV,5,5,15,09,31,195,32,28,13,041,29,8*68
$GQGSV,1,1,,,,,,,,,,,,,0.0*56
$GLGSV,2,1,05,69,80,204,35,70,27,216,25,83,35,139,36,84,86,328,30,1*72
$GLGSV,2,2,05,85,36,320,34,1*43
$GAGSV,5,1,18,102,13,286,25,104,58,125,33,106,45,165,34,109,25,184,24,7*7D
$GAGSV,5,2,18,110,57,105,36,111,84,042,28,112,32,110,30,119,31,048,34,7*7F
$GAGSV,5,3,18,128,51,080,34,136,37,299,32,7*7F
$GAGSV,5,4,18,102,13,286,36,106,45,165,42,109,25,184,37,111,84,042,42,1*7C
$GAGSV,5,5,18,112,32,110,29,119,31,048,30,128,51,080,36,136,37,299,41,1*75
$GBGSV,5,1,15,207,16,042,35,210,16,054,35,211,12,315,25,1*76
$GBGSV,5,2,15,227,68,200,29,228,31,155,38,230,37,304,33,232,34,225,28,3*7E
$GBGSV,5,3,15,233,33,052,40,241,83,101,36,3*7E
$GBGSV,5,4,15,227,68,200,37,228,31,155,32,230,37,304,40,232,34,225,35,5*73
$GBGSV,5,5,15,233,33,052,35,241,83,101,45,5*78
$GIGSV,1,1,,,,,,,,,,,,,0.0*4E
$GNGSA,A,3,01,02,03,04,06,19,31,,,,,,0.6,0.2,0.6,1*3B
$GNGSA,A,3,01,03,04,06,09,28,,,,,,,0.6,0.2,0.6,1*30
$GNGSA,A,3,69,70,83,84,85,,,,,,,,0.6,0.2,0.6,2*32
$GNGSA,A,3,104,106,110,111,112,119,128,136,,,,,0.6,0.2,0.6,3*36
$GNGSA,A,3,102,106,109,111,112,119,128,136,,,,,0.6,0.2,0.6,3*38
$GNGSA,A,3,207,210,211,227,228,230,232,233,241,,,,0.6,0.2,0.6,4*0A
$GNGSA,A,3,227,228,230,232,233,241,,,,,,,0.6,0.2,0.6,4*3E
$GNRMC,135002.000,A,4825.1429,N,00428.4560,W,0.0,125.5,100626,,,A*6B
$GNGGA,135003.000,4825.1429,N,00428.4560,W,1,51,0.2,91.4,M,52.0,M,,*65
$GNVTG,125.5,T,,M,0.0,N,0.0,K,A*10
$GPGSV,5,1,15,01,37,119,40,02,12,128,38,03,61,056,39,04,58,160,30,1*6D
$GPGSV,5,2,15,06,32,303,30,09,31,195,24,19,45,285,34,28,13,041,31,1*6D
$GPGSV,5,3,15,31,18,069,41,1*57
$GPGSV,5,4,15,01,37,119,34,03,61,056,45,04,58,160,37,06,32,303,41,8*6D
$GPGSV,5,5,15,09,31,195,32,28,13,041,28,8*69
$GQGSV,1,1,,,,,,,,,,,,,0.0*56
$GLGSV,2,1,05,69,80,204,35,70,27,216,25,83,35,139,36,84,86,328,30,1*72
$GLGSV,2,2,05,85,36,320,34,1*43
$GAGSV,6,1,19,102,13,286,25,104,58,125,33,106,45,165,33,109,25,184,24,7*78
$GAGSV,6,2,19,110,57,105,36,111,84,042,28,112,32,110,30,119,31,048,34,7*7D
$GAGSV,6,3,19,128,51,080,34,136,37,299,32,7*7D
$GAGSV,6,4,19,102,13,286,35,104,58,125,43,106,45,165,42,110,57,105,43,1*7E
$GAGSV,6,5,19,111,84,042,42,112,32,110,29,119,31,048,30,128,51,080,36,1*7D
$GAGSV,6,6,19,136,37,299,41,1*7A
$GBGSV,5,1,14,207,16,042,35,210,16,054,35,211,12,315,25,1*77
$GBGSV,5,2,14,227,68,200,29,228,31,155,38,230,37,304,33,232,34,225,27,3*70
$GBGSV,5,3,14,233,33,052,40,241,83,101,36,3*7F
$GBGSV,5,4,14,227,68,200,37,228,31,155,31,230,37,304,40,232,34,225,35,5*71
$GBGSV,5,5,14,233,33,052,35,5*74
$GIGSV,1,1,,,,,,,,,,,,,0.0*4E
$GNGSA,A,3,01,02,03,04,06,19,28,31,,,,,0.6,0.2,0.6,1*31
$GNGSA,A,3,01,03,04,06,09,28,,,,,,,0.6,0.2,0.6,1*30
$GNGSA,A,3,69,70,83,84,85,,,,,,,,0.6,0.2,0.6,2*32
$GNGSA,A,3,104,106,109,110,111,112,119,128,136,,,,0.6,0.2,0.6,3*0E
$GNGSA,A,3,102,104,106,110,111,112,119,128,136,,,,0.6,0.2,0.6,3*05
$GNGSA,A,3,207,210,211,227,228,230,232,233,241,,,,0.6,0.2,0.6,4*0A
$GNGSA,A,3,227,228,230,232,233,,,,,,,,0.6,0.2,0.6,4*09
$GNRMC,135003.000,A,4825.1429,N,00428.4560,W,0.0,125.5,100626,,,A*6A
$GNGGA,135004.000,4825.1429,N,00428.4560,W,1,53,0.2,91.4,M,52.0,M,,*60
$GNVTG,125.5,T,,M,0.0,N,0.0,K,A*10
$GPGSV,5,1,15,01,37,119,40,02,12,128,37,03,61,056,39,04,58,160,30,1*62
$GPGSV,5,2,15,06,32,303,30,09,31,195,24,19,45,285,34,28,13,041,31,1*6D
$GPGSV,5,3,15,31,18,069,41,1*57
$GPGSV,5,4,15,01,37,119,34,03,61,056,45,04,58,160,37,06,32,303,41,8*6D
$GPGSV,5,5,15,09,31,195,32,28,13,041,28,8*69
$GQGSV,1,1,,,,,,,,,,,,,0.0*56
$GLGSV,2,1,05,69,80,204,35,70,27,216,25,83,35,139,36,84,86,328,30,1*72
$GLGSV,2,2,05,85,36,320,33,1*44
$GAGSV,6,1,19,102,13,286,25,104,58,125,33,106,45,165,33,109,25,184,24,7*78
$GAGSV,6,2,19,110,57,105,36,111,84,042,28,112,32,110,30,119,31,048,34,7*7D
$GAGSV,6,3,19,128,51,080,34,136,37,299,32,7*7D
$GAGSV,6,4,19,102,13,286,35,104,58,125,43,106,45,165,42,109,25,184,36,1*78
$GAGSV,6,5,19,110,57,105,43,111,84,042,42,112,32,110,30,119,31,048,30,1*76
$GAGSV,6,6,19,136,37,299,41,1*7A
$GBGSV,5,1,14,207,16,042,34,210,16,054,35,211,12,315,25,1*76
$GBGSV,5,2,14,227,68,200,29,228,31,155,38,230,37,304,33,232,34,225,27,3*70
$GBGSV,5,3,14,233,33,052,40,241,83,101,36,3*7F
$GBGSV,5,4,14,227,68,200,37,228,31,155,30,232,34,225,35,233,33,052,35,5*75
$GBGSV,5,5,14,241,83,101,45,5*7A
$GIGSV,1,1,,,,,,,,,,,,,0.0*4E
$GNGSA,A,3,01,02,03,04,06,09,19,28,31,,,,0.6,0.2,0.4,1*3A
$GNGSA,A,3,01,03,04,06,09,28,,,,,,,0.6,0.2,0.4,1*32
$GNGSA,A,3,69,70,83,84,85,,,,,,,,0.6,0.2,0.4,2*30
$GNGSA,A,3,102,104,106,109,110,111,112,119,128,136,,,0.6,0.2,0.4,3*3F
$GNGSA,A,3,102,104,106,109,110,111,112,119,136,,,,0.6,0.2,0.4,3*04
$GNGSA,A,3,207,210,211,227,228,230,232,233,241,,,,0.6,0.2,0.4,4*08
$GNGSA,A,3,227,228,232,233,241,,,,,,,,0.6,0.2,0.4,4*0D
$GNRMC,135004.000,A,4825.1429,N,00428.4560,W,0.0,125.5,100626,,,A*6D
$GNGGA,135005.000,4825.1429,N,00428.4560,W,1,52,0.2,91.4,M,52.0,M,,*60
$GNVTG,125.5,T,,M,0.0,N,0.0,K,A*10
$GPGSV,5,1,15,01,37,119,40,02,12,128,37,03,61,056,39,04,58,160,30,1*62
$GPGSV,5,2,15,06,32,303,31,09,31,195,25,19,45,285,34,28,13,041,32,1*6E
$GPGSV,5,3,15,31,18,069,41,1*57
$GPGSV,5,4,15,01,37,119,35,03,61,056,45,04,58,160,37,06,32,303,41,8*6C
$GPGSV,5,5,15,09,31,195,32,28,13,041,28,8*69
$GQGSV,1,1,,,,,,,,,,,,,0.0*56
$GLGSV,2,1,05,69,80,204,35,70,27,216,25,83,35,139,36,84,86,328,30,1*72
$GLGSV,2,2,05,85,36,320,33,1*44
$GAGSV,6,1,19,102,13,286,25,104,58,125,33,106,45,165,33,109,25,184,24,7*78
$GAGSV,6,2,19,110,57,105,36,111,84,042,28,112,32,110,29,119,31,048,34,7*75
$GAGSV,6,3,19,128,51,080,34,136,37,299,32,7*7D
$GAGSV,6,4,19,102,13,286,35,104,58,125,43,106,45,165,42,109,25,184,36,1*78
$GAGSV,6,5,19,111,84,042,42,112,32,110,31,119,31,048,29,128,51,080,36,1*7C
$GAGSV,6,6,19,136,37,299,41,1*7A
$GBGSV,5,1,14,207,16,042,34,210,16,054,35,211,12,315,25,1*76
$GBGSV,5,2,14,227,68,200,29,228,31,155,38,230,37,304,33,232,34,225,27,3*70
$GBGSV,5,3,14,233,33,052,40,241,83,101,36,3*7F
$GBGSV,5,4,14,227,68,200,37,230,37,304,40,232,34,225,35,233,33,052,35,5*7B
$GBGSV,5,5,14,241,83,101,45,5*7A
$GIGSV,1,1,,,,,,,,,,,,,0.0*4E
$GNGSA,A,3,01,02,03,04,06,19,28,31,,,,,0.6,0.2,0.4,1*33
$GNGSA,A,3,01,03,04,06,09,28,,,,,,,0.6,0.2,0.4,1*32
$GNGSA,A,3,69,70,83,84,85,,,,,,,,0.6,0.2,0.4,2*30
$GNGSA,A,3,102,104,106,109,110,111,112,119,128,136,,,0.6,0.2,0.4,3*3F
$GNGSA,A,3,102,104,106,109,111,112,119,128,136,,,,0.6,0.2,0.4,3*0F
$GNGSA,A,3,207,210,211,227,228,230,232,233,241,,,,0.6,0.2,0.4,4*08
$GNGSA,A,3,227,230,232,233,241,,,,,,,,0.6,0.2,0.4,4*04
$GNRMC,135005.000,A,4825.1429,N,00428.4560,W,0.0,125.5,100626,,,A*6C
$GNGGA,135006.000,4825.1429,N,00428.4560,W,1,51,0.2,91.4,M,52.0,M,,*60
$GNVTG,125.5,T,,M,0.0,N,0.0,K,A*10
$GPGSV,5,1,15,01,37,119,40,02,12,128,37,03,61,056,39,04,58,160,30,1*62
$GPGSV,5,2,15,06,32,303,31,09,31,195,25,19,45,285,34,28,13,040,32,1*6F
$GPGSV,5,3,15,31,18,069,41,1*57
$GPGSV,5,4,15,01,37,119,35,03,61,056,45,04,58,160,37,06,32,303,41,8*6C
$GPGSV,5,5,15,09,31,195,32,28,13,040,28,8*68
$GQGSV,1,1,,,,,,,,,,,,,0.0*56
$GLGSV,2,1,05,69,80,204,35,70,27,216,25,83,35,139,37,84,86,328,30,1*73
$GLGSV,2,2,05,85,36,320,33,1*44
$GAGSV,6,1,19,102,13,286,25,104,58,125,33,106,45,165,33,109,25,184,24,7*78
$GAGSV,6,2,19,110,57,105,36,111,84,042,28,112,32,110,28,119,31,048,34,7*74
$GAGSV,6,3,19,128,51,080,34,136,37,299,32,7*7D
$GAGSV,6,4,19,102,13,286,35,104,58,125,43,106,45,165,42,109,25,184,36,1*78
$GAGSV,6,5,19,110,57,105,43,111,84,042,42,112,32,110,31,119,31,048,29,1*7F
$GAGSV,6,6,19,128,51,080,36,1*7F
$GBGSV,5,1,14,207,16,042,34,210,16,054,34,211,12,315,25,1*77
$GBGSV,5,2,14,227,68,200,29,228,31,155,38,230,37,304,33,232,34,225,26,3*71
$GBGSV,5,3,14,233,33,052,40,241,83,101,36,3*7F
$GBGSV,5,4,14,227,68,200,37,230,37,304,40,232,34,225,35,233,33,052,35,5*7B
$GBGSV,5,5,14,241,83,101,45,5*7A
$GIGSV,1,1,,,,,,,,,,,,,0.0*4E
$GNGSA,A,3,01,02,03,04,09,19,28,31,,,,,0.6,0.2,0.6,1*3E
$GNGSA,A,3,01,03,04,06,09,28,,,,,,,0.6,0.2,0.6,1*30
$GNGSA,A,3,69,70,83,84,85,,,,,,,,0.6,0.2,0.6,2*32
$GNGSA,A,3,102,104,106,109,110,111,112,119,128,136,,,0.6,0.2,0.6,3*3D
$GNGSA,A,3,102,104,106,109,110,111,112,119,128,,,,0.6,0.2,0.6,3*09
$GNGSA,A,3,207,210,227,228,230,232,233,241,,,,,0.6,0.2,0.6,4*38
$GNGSA,A,3,227,230,232,233,241,,,,,,,,0.6,0.2,0.6,4*06
$GNRMC,135006.000,A,4825.1429,N,00428.4560,W,0.0,125.5,100626,,,A*6F
$GNGGA,135007.000,4825.1429,N,00428.4560,W,1,51,0.2,91.4,M,52.0,M,,*61
$GNVTG,125.5,T,,M,0.0,N,0.0,K,A*10
$GPGSV,5,1,15,01,37,119,40,02,12,128,37,03,61,056,39,04,58,160,30,1*62
$GPGSV,5,2,15,06,32,303,31,09,31,195,25,19,45,285,34,28,13,040,32,1*6F
$GPGSV,5,3,15,31,18,069,41,1*57
$GPGSV,5,4,15,01,37,119,36,03,61,056,45,04,58,160,37,06,32,303,41,8*6F
$GPGSV,5,5,15,09,31,195,32,28,13,040,28,8*68
$GQGSV,1,1,,,,,,,,,,,,,0.0*56
$GLGSV,2,1,05,69,80,204,35,70,27,216,26,83,35,139,37,84,86,328,30,1*70
$GLGSV,2,2,05,85,36,320,33,1*44
$GAGSV,5,1,18,102,13,286,25,104,58,125,33,106,45,165,33,109,25,184,24,7*7A
$GAGSV,5,2,18,110,57,105,36,111,84,042,28,112,32,110,28,119,31,048,34,7*76
$GAGSV,5,3,18,128,51,080,34,136,38,299,31,7*73
$GAGSV,5,4,18,102,13,286,35,109,25,184,37,110,57,105,43,111,84,042,42,1*7C
$GAGSV,5,5,18,112,32,110,32,119,31,048,29,128,51,080,36,136,38,299,41,1*78
$GBGSV,5,1,15,207,16,042,34,210,16,054,34,211,12,315,25,1*76
$GBGSV,5,2,15,227,68,200,29,228,31,155,37,230,37,304,33,232,34,225,26,3*7F
$GBGSV,5,3,15,233,33,052,41,241,83,101,36,3*7F
$GBGSV,5,4,15,227,68,200,37,228,31,155,26,230,37,304,40,232,34,225,35,5*76
$GBGSV,5,5,15,233,33,052,35,241,83,101,46,5*7B
$GIGSV,1,1,,,,,,,,,,,,,0.0*4E
$GNGSA,A,3,01,02,03,04,06,19,28,31,,,,,0.6,0.2,0.6,1*31
$GNGSA,A,3,01,03,04,06,09,28,,,,,,,0.6,0.2,0.6,1*30
$GNGSA,A,3,69,70,83,84,85,,,,,,,,0.6,0.2,0.6,2*32
$GNGSA,A,3,104,106,109,110,111,112,119,128,136,,,,0.6,0.2,0.6,3*0E
$GNGSA,A,3,102,109,110,111,112,119,128,136,,,,,0.6,0.2,0.6,3*3F
$GNGSA,A,3,207,210,211,227,228,230,232,233,241,,,,0.6,0.2,0.6,4*0A
$GNGSA,A,3,227,228,230,232,233,241,,,,,,,0.6,0.2,0.6,4*3E
$GNRMC,135007.000,A,4825.1429,N,00428.4560,W,0.0,125.5,100626,,,A*6E
$GNGGA,135008.000,4825.1429,N,00428.4560,W,1,50,0.4,91.4,M,52.0,M,,*69
$GNVTG,125.5,T,,M,0.0,N,0.0,K,A*10
$GPGSV,5,1,15,01,37,119,40,02,12,128,37,03,61,056,39,04,58,160,30,1*62
$GPGSV,5,2,15,06,32,303,31,09,31,195,25,19,45,285,34,28,13,040,32,1*6F
$GPGSV,5,3,15,31,18,069,41,1*57
$GPGSV,5,4,15,01,37,119,36,03,61,056,45,04,58,160,37,06,32,303,41,8*6F
$GPGSV,5,5,15,09,31,195,32,28,13,040,27,8*67
$GQGSV,1,1,,,,,,,,,,,,,0.0*56
$GLGSV,2,1,05,69,80,204,35,70,27,216,26,83,35,139,37,84,86,328,30,1*70
$GLGSV,2,2,05,85,36,320,33,1*44
$GAGSV,5,1,18,102,13,286,24,104,58,125,33,106,45,165,33,109,25,184,24,7*7B
$GAGSV,5,2,18,110,57,105,36,111,84,042,28,112,32,110,27,119,31,048,34,7*79
$GAGSV,5,3,18,128,51,080,34,136,38,299,31,7*73
$GAGSV,5,4,18,104,58,125,43,106,45,165,41,110,57,105,43,111,84,042,42,1*79
$GAGSV,5,5,18,112,32,110,32,119,31,048,29,128,51,080,36,136,38,299,41,1*78
$GBGSV,5,1,15,207,16,042,34,210,16,054,34,211,12,315,25,1*76
$GBGSV,5,2,15,227,68,200,30,228,31,155,37,230,37,304,33,232,34,225,26,3*77
$GBGSV,5,3,15,233,33,052,41,241,83,101,35,3*7C
$GBGSV,5,4,15,227,68,200,37,228,31,155,26,230,37,304,40,232,34,225,35,5*76
$GBGSV,5,5,15,233,33,052,35,241,83,101,46,5*7B
$GIGSV,1,1,,,,,,,,,,,,,0.0*4E
$GNGSA,A,3,01,02,03,04,06,19,28,31,,,,,0.6,0.4,0.6,1*37
$GNGSA,A,3,01,03,04,06,09,28,,,,,,,0.6,0.4,0.6,1*36
$GNGSA,A,3,69,83,84,85,,,,,,,,,0.6,0.4,0.6,2*33
$GNGSA,A,3,104,106,109,110,111,112,119,128,136,,,,0.6,0.4,0.6,3*08
$GNGSA,A,3,104,106,110,111,112,119,128,136,,,,,0.6,0.4,0.6,3*30
$GNGSA,A,3,207,210,211,227,228,230,232,233,241,,,,0.6,0.4,0.6,4*0C
$GNGSA,A,3,227,228,230,232,233,241,,,,,,,0.6,0.4,0.6,4*38
$GNRMC,135008.000,A,4825.1429,N,00428.4560,W,0.0,125.5,100626,,,A*61
$GNGGA,135009.000,4825.1429,N,00428.4560,W,1,49,0.4,91.4,M,52.0,M,,*60
$GNVTG,125.5,T,,M,0.0,N,0.0,K,A*10
$GPGSV,5,1,15,01,37,119,41,02,12,128,37,03,61,056,39,04,58,160,31,1*62
$GPGSV,5,2,15,06,32,303,31,09,31,195,25,19,45,285,34,28,13,040,32,1*6F
$GPGSV,5,3,15,31,18,069,41,1*57
$GPGSV,5,4,15,01,37,119,36,03,61,056,45,04,58,160,37,06,32,303,41,8*6F
$GPGSV,5,5,15,09,31,195,32,28,13,040,26,8*66
$GQGSV,1,1,,,,,,,,,,,,,0.0*56
$GLGSV,2,1,05,69,80,204,35,70,27,216,26,83,35,139,37,84,86,328,30,1*70
$GLGSV,2,2,05,85,36,320,33,1*44
$GAGSV,5,1,18,102,13,286,24,104,58,125,33,106,45,165,33,109,25,184,24,7*7B
$GAGSV,5,2,18,110,57,105,36,111,84,042,28,112,32,110,27,119,31,048,34,7*79
$GAGSV,5,3,18,128,51,080,34,136,38,299,31,7*73
$GAGSV,5,4,18,102,13,286,35,104,58,125,43,106,45,165,41,109,25,184,37,1*78
$GAGSV,5,5,18,111,84,042,42,112,32,110,32,128,51,080,36,136,38,299,41,1*79
$GBGSV,5,1,15,207,16,042,34,210,16,054,34,211,12,315,25,1*76
$GBGSV,5,2,15,227,68,200,30,228,31,155,36,230,37,304,33,232,34,225,26,3*76
$GBGSV,5,3,15,233,33,052,41,241,83,101,35,3*7C
$GBGSV,5,4,15,227,68,200,37,228,31,155,26,230,37,304,40,232,34,225,35,5*76
$GBGSV,5,5,15,233,33,052,35,241,83,101,46,5*7B
$GIGSV,1,1,,,,,,,,,,,,,0.0*4E
$GNGSA,A,3,01,02,03,04,19,28,31,,,,,,0.6,0.4,0.6,1*31
$GNGSA,A,3,01,03,04,06,09,,,,,,,,0.6,0.4,0.6,1*3C
$GNGSA,A,3,69,70,83,84,85,,,,,,,,0.6,0.4,0.6,2*34
$GNGSA,A,3,104,106,109,110,111,112,119,128,136,,,,0.6,0.4,0.6,3*08
$GNGSA,A,3,102,104,106,109,111,112,128,136,,,,,0.6,0.4,0.6,3*32
$GNGSA,A,3,207,210,211,227,228,230,232,233,241,,,,0.6,0.4,0.6,4*0C
$GNGSA,A,3,227,228,230,232,233,241,,,,,,,0.6,0.4,0.6,4*38
$GNRMC,135009.000,A,4825.1429,N,00428.4560,W,0.0,125.5,100626,,,A*60
$GNGGA,135010.000,4825.1429,N,00428.4560,W,1,52,0.2,91.4,M,52.0,M,,*64
$GNVTG,125.5,T,,M,0.0,N,0.0,K,A*10
$GPGSV,5,1,15,01,37,119,41,02,12,128,37,03,61,056,39,04,58,160,31,1*62
$GPGSV,5,2,15,06,32,303,31,09,31,195,25,19,45,285,34,28,13,040,32,1*6F
$GPGSV,5,3,15,31,18,069,41,1*57
$GPGSV,5,4,15,01,37,119,36,03,61,056,45,04,58,160,37,06,32,303,41,8*6F
$GPGSV,5,5,15,09,31,195,32,28,13,040,26,8*66
$GQGSV,1,1,,,,,,,,,,,,,0.0*56
$GLGSV,2,1,05,69,80,204,35,70,27,216,26,83,35,139,37,84,86,328,30,1*70
$GLGSV,2,2,05,85,36,320,33,1*44
$GAGSV,6,1,19,102,13,286,24,104,58,125,33,106,45,165,33,109,25,184,24,7*79
$GAGSV,6,2,19,110,57,105,36,111,84,042,28,112,32,110,27,119,31,048,34,7*7B
$GAGSV,6,3,19,128,51,080,34,136,38,299,31,7*71
$GAGSV,6,4,19,104,58,125,43,106,45,165,41,109,25,184,37,110,57,105,43,1*70
$GAGSV,6,5,19,111,84,042,42,112,32,110,32,119,31,048,28,128,51,080,36,1*7E
$GAGSV,6,6,19,136,38,299,41,1*75
$GBGSV,5,1,14,207,16,042,34,210,16,054,34,211,12,315,25,1*77
$GBGSV,5,2,14,227,68,200,30,228,31,155,36,230,37,304,34,232,34,225,26,3*70
$GBGSV,5,3,14,233,33,052,41,241,83,101,35,3*7D
$GBGSV,5,4,14,227,68,200,37,228,31,155,25,230,37,304,40,232,34,225,34,5*75
$GBGSV,5,5,14,241,83,101,46,5*79
$GIGSV,1,1,,,,,,,,,,,,,0.0*4E
$GNGSA,A,3,01,02,03,04,06,09,19,28,31,,,,0.6,0.2,0.6,1*38
$GNGSA,A,3,01,03,04,06,09,28,,,,,,,0.6,0.2,0.6,1*30
$GNGSA,A,3,69,83,84,85,,,,,,,,,0.6,0.2,0.6,2*35
$GNGSA,A,3,102,104,106,109,110,111,112,119,128,136,,,0.6,0.2,0.6,3*3D
$GNGSA,A,3,104,106,109,110,111,112,119,128,136,,,,0.6,0.2,0.6,3*0E
$GNGSA,A,3,207,210,211,227,228,230,232,233,241,,,,0.6,0.2,0.6,4*0A
$GNGSA,A,3,227,228,230,232,241,,,,,,,,0.6,0.2,0.6,4*0C
$GNRMC,135010.000,A,4825.1429,N,00428.4560,W,0.0,125.5,100626,,,A*68
$GNGGA,135011.000,4825.1429,N,00428.4560,W,1,52,0.2,91.4,M,52.0,M,,*65
$GNVTG,125.5,T,,M,0.0,N,0.0,K,A*10
$GPGSV,5,1,15,01,37,119,41,02,12,128,37,03,61,056,39,04,58,160,31,1*62
$GPGSV,5,2,15,06,32,303,31,09,31,195,25,19,45,285,34,28,13,040,32,1*6F
$GPGSV,5,3,15,31,18,069,41,1*57
$GPGSV,5,4,15,01,37,119,36,03,61,056,45,04,58,160,37,06,32,303,41,8*6F
$GPGSV,5,5,15,09,31,195,32,28,13,040,25,8*65
$GQGSV,1,1,,,,,,,,,,,,,0.0*56
$GLGSV,2,1,05,69,80,204,35,70,27,216,27,83,35,139,37,84,86,328,30,1*71
$GLGSV,2,2,05,85,36,320,33,1*44
$GAGSV,5,1,18,102,13,286,24,104,58,125,33,106,45,165,33,109,25,184,24,7*7B
$GAGSV,5,2,18,110,57,105,36,111,84,042,28,112,32,110,26,119,31,048,34,7*78
$GAGSV,5,3,18,128,51,080,34,136,38,299,32,7*70
$GAGSV,5,4,18,104,58,125,43,106,45,165,41,109,25,184,37,110,57,105,43,1*72
$GAGSV,5,5,18,111,84,042,42,112,32,110,32,128,51,080,36,136,38,299,41,1*79
$GBGSV,5,1,15,207,16,042,34,210,16,054,34,211,12,315,25,1*76
$GBGSV,5,2,15,227,68,200,30,228,31,155,36,230,37,304,34,232,34,225,26,3*71
$GBGSV,5,3,15,233,33,052,41,241,83,101,35,3*7C
$GBGSV,5,4,15,227,68,200,37,228,31,155,25,230,37,304,40,232,34,225,34,5*74
$GBGSV,5,5,15,233,33,052,34,241,83,101,46,5*7A
$GIGSV,1,1,,,,,,,,,,,,,0.0*4E
$GNGSA,A,3,01,02,03,04,09,19,28,31,,,,,0.6,0.2,0.6,1*3E
$GNGSA,A,3,01,03,04,06,09,28,,,,,,,0.6,0.2,0.6,1*30
$GNGSA,A,3,69,70,83,84,85,,,,,,,,0.6,0.2,0.6,2*32
$GNGSA,A,3,102,104,106,109,110,111,112,119,128,136,,,0.6,0.2,0.6,3*3D
$GNGSA,A,3,104,106,109,110,111,112,128,136,,,,,0.6,0.2,0.6,3*37
$GNGSA,A,3,207,210,211,227,228,230,232,233,241,,,,0.6,0.2,0.6,4*0A
$GNGSA,A,3,227,228,230,232,233,241,,,,,,,0.6,0.2,0.6,4*3E
$GNRMC,135011.000,A,4825.1429,N,00428.4560,W,0.0,125.5,100626,,,A*69
$GNGGA,135012.000,4825.1429,N,00428.4560,W,1,51,0.2,91.4,M,52.0,M,,*65
$GNVTG,125.5,T,,M,0.0,N,0.0,K,A*10
$GPGSV,5,1,15,01,37,119,41,02,12,128,37,03,61,056,39,04,58,160,32,1*61
$GPGSV,5,2,15,06,32,303,31,09,31,195,25,19,45,285,34,28,13,040,32,1*6F
$GPGSV,5,3,15,31,18,069,41,1*57
$GPGSV,5,4,15,01,37,119,37,03,61,056,45,04,58,160,37,06,32,303,41,8*6E
$GPGSV,5,5,15,09,31,195,32,28,13,040,25,8*65
$GQGSV,1,1,,,,,,,,,,,,,0.0*56
$GLGSV,2,1,05,69,80,204,35,70,27,216,27,83,35,139,37,84,86,328,30,1*71
$GLGSV,2,2,05,85,36,320,33,1*44
$GAGSV,5,1,18,102,13,286,24,104,58,125,33,106,45,165,33,109,25,184,24,7*7B
$GAGSV,5,2,18,110,57,105,36,111,84,042,28,112,32,110,26,119,31,048,34,7*78
$GAGSV,5,3,18,128,51,080,34,136,38,299,32,7*70
$GAGSV,5,4,18,104,58,125,43,106,45,165,41,109,25,184,37,110,57,105,43,1*72
$GAGSV,5,5,18,112,32,110,32,119,31,048,28,128,51,080,36,136,38,299,41,1*79
$GBGSV,5,1,15,207,16,042,34,210,16,054,34,211,12,315,25,1*76
$GBGSV,5,2,15,227,68,200,30,228,31,155,35,230,37,304,34,232,34,225,26,3*72
$GBGSV,5,3,15,233,33,052,41,241,83,101,35,3*7C
$GBGSV,5,4,15,227,68,200,37,228,31,155,25,230,37,304,40,232,34,225,33,5*73
$GBGSV,5,5,15,233,33,052,34,241,83,101,45,5*79
$GIGSV,1,1,,,,,,,,,,,,,0.0*4E
$GNGSA,A,3,01,02,03,04,19,28,31,,,,,,0.6,0.2,0.6,1*37
$GNGSA,A,3,01,03,04,06,09,28,,,,,,,0.6,0.2,0.6,1*30
$GNGSA,A,3,69,70,83,84,85,,,,,,,,0.6,0.2,0.6,2*32
$GNGSA,A,3,102,104,106,109,110,111,112,119,128,136,,,0.6,0.2,0.6,3*3D
$GNGSA,A,3,104,106,109,110,112,119,128,136,,,,,0.6,0.2,0.6,3*3F
$GNGSA,A,3,207,210,211,227,228,230,232,233,241,,,,0.6,0.2,0.6,4*0A
$GNGSA,A,3,227,228,230,232,233,241,,,,,,,0.6,0.2,0.6,4*3E
$GNRMC,135012.000,A,4825.1429,N,00428.4560,W,0.0,125.5,100626,,,A*6A
$GNGGA,135013.000,4825.1429,N,00428.4560,W,1,51,0.2,91.4,M,52.0,M,,*64
$GNVTG,125.5,T,,M,0.0,N,0.0,K,A*10
$GPGSV,5,1,15,01,37,119,41,02,12,128,38,03,61,056,39,04,58,160,32,1*6E
$GPGSV,5,2,15,06,32,303,31,09,31,195,25,19,45,285,34,28,13,040,32,1*6F
$GPGSV,5,3,15,31,18,069,41,1*57
$GPGSV,5,4,15,01,37,119,37,03,61,056,45,04,58,160,37,06,32,303,41,8*6E
$GPGSV,5,5,15,09,31,195,32,28,13,040,25,8*65
$GQGSV,1,1,,,,,,,,,,,,,0.0*56
$GLGSV,2,1,05,69,80,204,35,70,27,216,27,83,35,139,37,84,86,328,30,1*71
$GLGSV,2,2,05,85,36,320,33,1*44
$GAGSV,6,1,19,102,13,286,24,104,58,125,33,106,45,165,33,109,25,184,24,7*79
$GAGSV,6,2,19,110,57,105,36,111,84,042,28,112,32,110,26,119,31,048,34,7*7A
$GAGSV,6,3,19,128,51,080,34,136,38,299,32,7*72
$GAGSV,6,4,19,104,58,125,43,106,45,165,41,109,25,184,37,110,57,105,43,1*70
$GAGSV,6,5,19,111,84,042,42,112,32,110,32,119,31,048,28,128,51,080,36,1*7E
$GAGSV,6,6,19,136,38,299,41,1*75
$GBGSV,5,1,14,207,16,042,34,210,16,054,34,211,12,315,24,1*76
$GBGSV,5,2,14,227,68,200,30,228,31,155,35,230,37,304,34,232,34,225,26,3*73
$GBGSV,5,3,14,233,33,052,41,241,83,101,35,3*7D
$GBGSV,5,4,14,227,68,200,37,228,31,155,25,230,37,304,40,232,34,225,33,5*72
$GBGSV,5,5,14,233,33,052,35,5*74
$GIGSV,1,1,,,,,,,,,,,,,0.0*4E
$GNGSA,A,3,01,02,03,04,19,28,31,,,,,,0.6,0.2,0.6,1*37
$GNGSA,A,3,01,03,04,06,09,28,,,,,,,0.6,0.2,0.6,1*30
$GNGSA,A,3,69,70,83,84,85,,,,,,,,0.6,0.2,0.6,2*32
$GNGSA,A,3,102,104,106,109,110,111,112,119,128,136,,,0.6,0.2,0.6,3*3D
$GNGSA,A,3,104,106,109,110,111,112,119,128,136,,,,0.6,0.2,0.6,3*0E
$GNGSA,A,3,207,210,211,227,228,230,232,233,241,,,,0.6,0.2,0.6,4*0A
$GNGSA,A,3,227,228,230,232,233,,,,,,,,0.6,0.2,0.6,4*09
$GNRMC,135013.000,A,4825.1429,N,00428.4560,W,0.0,125.5,100626,,,A*6B
$GNGGA,135014.000,4825.1429,N,00428.4560,W,1,52,0.2,91.4,M,52.0,M,,*60
$GNVTG,125.5,T,,M,0.0,N,0.0,K,A*10
$GPGSV,5,1,15,01,37,119,41,02,12,128,38,03,61,056,39,04,58,160,32,1*6E
$GPGSV,5,2,15,06,32,303,30,09,31,195,25,19,45,285,34,28,13,040,32,1*6E
$GPGSV,5,3,15,31,18,069,41,1*57
$GPGSV,5,4,15,01,37,119,38,03,61,056,45,04,58,160,37,06,32,303,41,8*61
$GPGSV,5,5,15,09,31,195,32,28,13,040,25,8*65
$GQGSV,1,1,,,,,,,,,,,,,0.0*56
$GLGSV,2,1,05,69,80,204,35,70,27,216,27,83,35,139,35,84,86,328,30,1*73
$GLGSV,2,2,05,85,36,320,33,1*44
$GAGSV,6,1,19,102,13,286,24,104,58,125,33,106,45,165,33,109,25,184,23,7*7E
$GAGSV,6,2,19,110,57,105,36,111,84,042,28,112,32,110,25,119,31,048,34,7*79
$GAGSV,6,3,19,128,51,080,34,136,38,299,32,7*72
$GAGSV,6,4,19,104,58,125,43,106,45,165,41,109,25,184,37,110,57,105,43,1*70
$GAGSV,6,5,19,111,84,042,42,112,32,110,32,119,31,048,28,128,51,080,36,1*7E
$GAGSV,6,6,19,136,38,299,41,1*75
$GBGSV,5,1,14,207,16,042,34,210,16,054,34,211,12,315,24,1*76
$GBGSV,5,2,14,227,68,200,30,228,31,155,34,230,37,304,34,232,34,225,27,3*73
$GBGSV,5,3,14,233,33,052,41,241,83,101,35,3*7D
$GBGSV,5,4,14,227,68,200,37,230,37,304,40,232,34,225,33,233,33,052,35,5*7D
$GBGSV,5,5,14,241,83,101,45,5*7A
$GIGSV,1,1,,,,,,,,,,,,,0.0*4E
$GNGSA,A,3,01,02,03,04,06,09,19,28,31,,,,0.6,0.2,0.6,1*38
$GNGSA,A,3,01,03,04,06,09,28,,,,,,,0.6,0.2,0.6,1*30
$GNGSA,A,3,70,83,84,85,,,,,,,,,0.6,0.2,0.6,2*3D
$GNGSA,A,3,102,104,106,109,110,111,112,119,128,136,,,0.6,0.2,0.6,3*3D
$GNGSA,A,3,104,106,109,110,111,112,119,128,136,,,,0.6,0.2,0.6,3*0E
$GNGSA,A,3,207,210,211,227,228,230,232,233,241,,,,0.6,0.2,0.6,4*0A
$GNGSA,A,3,227,230,232,233,241,,,,,,,,0.6,0.2,0.6,4*06
$GNRMC,135014.000,A,4825.1429,N,00428.4560,W,0.0,125.5,100626,,,A*6C
$GNGGA,135015.000,4825.1429,N,00428.4560,W,1,51,0.2,91.4,M,52.0,M,,*62
$GNVTG,125.5,T,,M,0.0,N,0.0,K,A*10
$GPGSV,5,1,15,01,37,119,41,02,12,128,39,03,61,056,39,04,58,160,32,1*6F
$GPGSV,5,2,15,06,32,303,29,09,31,195,25,19,45,285,34,28,13,040,32,1*66
$GPGSV,5,3,15,31,18,069,41,1*57
$GPGSV,5,4,15,01,37,119,38,03,61,056,45,04,58,160,38,06,32,303,41,8*6E
$GPGSV,5,5,15,09,31,195,32,28,13,040,25,8*65
$GQGSV,1,1,,,,,,,,,,,,,0.0*56
$GLGSV,2,1,05,69,80,204,35,70,27,216,28,83,35,139,35,84,86,328,30,1*7C
$GLGSV,2,2,05,85,36,320,33,1*44
$GAGSV,6,1,19,102,13,286,24,104,58,125,33,106,45,165,32,109,25,184,23,7*7F
$GAGSV,6,2,19,110,57,105,36,111,84,042,28,112,32,110,25,119,31,048,34,7*79
$GAGSV,6,3,19,128,51,080,34,136,38,299,32,7*72
$GAGSV,6,4,19,102,13,286,35,104,58,125,43,106,45,165,41,109,25,184,37,1*7A
$GAGSV,6,5,19,111,84,042,42,112,32,110,32,119,31,048,29,128,51,080,36,1*7F
$GAGSV,6,6,19,136,38,299,41,1*75
$GBGSV,5,1,14,207,16,042,34,210,16,054,34,211,12,315,24,1*76
$GBGSV,5,2,14,227,68,200,30,228,31,155,34,230,38,304,35,232,34,225,27,3*7D
$GBGSV,5,3,14,233,33,052,41,241,83,101,35,3*7D
$GBGSV,5,4,14,228,31,155,23,230,38,304,40,232,34,225,33,233,33,052,35,5*77
$GBGSV,5,5,14,241,83,101,46,5*79
$GIGSV,1,1,,,,,,,,,,,,,0.0*4E
$GNGSA,A,3,01,02,03,04,09,19,28,31,,,,,0.6,0.2,0.6,1*3E
$GNGSA,A,3,01,03,04,06,09,28,,,,,,,0.6,0.2,0.6,1*30
$GNGSA,A,3,69,70,83,84,85,,,,,,,,0.6,0.2,0.6,2*32
$GNGSA,A,3,102,104,106,110,111,112,119,128,136,,,,0.6,0.2,0.6,3*05
$GNGSA,A,3,102,104,106,109,111,112,119,128,136,,,,0.6,0.2,0.6,3*0D
$GNGSA,A,3,207,210,211,227,228,230,232,233,241,,,,0.6,0.2,0.6,4*0A
$GNGSA,A,3,228,230,232,233,241,,,,,,,,0.6,0.2,0.6,4*09
$GNRMC,135015.000,A,4825.1429,N,00428.4560,W,0.0,125.5,100626,,,A*6D
$GNGGA,135016.000,4825.1429,N,00428.4560,W,1,49,0.2,91.4,M,52.0,M,,*68
$GNVTG,125.5,T,,M,0.0,N,0.0,K,A*10
$GPGSV,5,1,15,01,37,119,41,02,12,128,39,03,61,056,39,04,58,160,32,1*6F
$GPGSV,5,2,15,06,32,303,29,09,31,195,24,19,45,285,33,28,13,040,32,1*60
$GPGSV,5,3,15,31,18,069,41,1*57
$GPGSV,5,4,15,01,37,119,38,03,61,056,45,04,58,160,38,06,32,303,41,8*6E
$GPGSV,5,5,15,09,31,195,32,28,13,040,26,8*66
$GQGSV,1,1,,,,,,,,,,,,,0.0*56
$GLGSV,2,1,05,69,80,204,35,70,27,216,28,83,35,139,34,84,86,328,30,1*7D
$GLGSV,2,2,05,85,36,320,33,1*44
$GAGSV,6,1,19,102,13,286,24,104,58,125,33,106,45,165,32,109,25,184,23,7*7F
$GAGSV,6,2,19,110,57,105,36,111,84,042,28,112,32,110,25,119,31,048,34,7*79
$GAGSV,6,3,19,128,51,080,34,136,38,299,32,7*72
$GAGSV,6,4,19,102,13,286,35,104,58,125,43,106,45,165,41,109,25,184,37,1*7A
$GAGSV,6,5,19,111,84,042,42,112,32,110,32,119,31,048,29,128,51,080,37,1*7E
$GAGSV,6,6,19,136,38,299,41,1*75
$GBGSV,5,1,14,207,16,042,34,210,16,054,34,211,12,315,24,1*76
$GBGSV,5,2,14,227,68,200,30,228,31,155,34,230,38,304,35,232,34,226,27,3*7E
$GBGSV,5,3,14,233,33,052,41,241,83,101,35,3*7D
$GBGSV,5,4,14,228,31,155,28,230,38,304,40,232,34,226,33,233,33,052,35,5*7F
$GBGSV,5,5,14,241,83,101,46,5*79
$GIGSV,1,1,,,,,,,,,,,,,0.0*4E
$GNGSA,A,3,01,02,03,04,19,28,31,,,,,,0.6,0.2,0.6,1*37
$GNGSA,A,3,01,03,04,06,09,28,,,,,,,0.6,0.2,0.6,1*30
$GNGSA,A,3,69,70,83,84,85,,,,,,,,0.6,0.2,0.6,2*32
$GNGSA,A,3,102,104,106,110,111,112,119,128,136,,,,0.6,0.2,0.6,3*05
$GNGSA,A,3,102,104,106,109,111,112,119,128,136,,,,0.6,0.2,0.6,3*0D
$GNGSA,A,3,207,210,227,228,230,232,233,241,,,,,0.6,0.2,0.6,4*38
$GNGSA,A,3,228,230,232,233,241,,,,,,,,0.6,0.2,0.6,4*09
$GNRMC,135016.000,A,4825.1429,N,00428.4560,W,0.0,125.5,100626,,,A*6E
$GNGGA,135017.000,4825.1429,N,00428.4560,W,1,51,0.2,91.4,M,52.0,M,,*60
$GNVTG,125.5,T,,M,0.0,N,0.0,K,A*10
$GPGSV,5,1,15,01,37,119,41,02,12,128,39,03,61,056,39,04,58,160,32,1*6F
$GPGSV,5,2,15,06,32,303,29,09,31,195,24,19,45,285,33,28,13,040,32,1*60
$GPGSV,5,3,15,31,18,069,41,1*57
$GPGSV,5,4,15,01,37,119,37,03,61,056,45,04,58,160,38,06,32,303,41,8*61
$GPGSV,5,5,15,09,31,195,33,28,13,040,26,8*67
$GQGSV,1,1,,,,,,,,,,,,,0.0*56
$GLGSV,2,1,05,69,80,204,35,70,27,216,28,83,35,139,34,84,86,328,30,1*7D
$GLGSV,2,2,05,85,36,320,32,1*45
$GAGSV,6,1,19,102,13,286,24,104,58,125,33,106,45,165,32,109,25,184,23,7*7F
$GAGSV,6,2,19,110,57,105,36,111,84,042,28,112,32,110,25,119,31,048,34,7*79
$GAGSV,6,3,19,128,51,080,34,136,38,299,32,7*72
$GAGSV,6,4,19,102,13,286,35,104,58,125,44,106,45,165,41,109,25,184,38,1*72
$GAGSV,6,5,19,111,84,042,42,112,32,110,32,119,31,048,29,128,51,080,37,1*7E
$GAGSV,6,6,19,136,38,299,41,1*75
$GBGSV,5,1,14,207,16,042,34,210,16,054,34,211,12,315,24,1*76
$GBGSV,5,2,14,227,68,200,30,228,31,155,39,230,38,304,35,232,34,226,27,3*73
$GBGSV,5,3,14,233,33,052,41,241,83,101,35,3*7D
$GBGSV,5,4,14,227,68,200,36,230,38,304,40,232,34,226,32,233,33,052,35,5*71
$GBGSV,5,5,14,241,83,101,46,5*79
$GIGSV,1,1,,,,,,,,,,,,,0.0*4E
$GNGSA,A,3,01,02,03,04,09,19,31,,,,,,0.6,0.2,0.6,1*34
$GNGSA,A,3,01,03,04,06,09,28,,,,,,,0.6,0.2,0.6,1*30
$GNGSA,A,3,69,70,83,84,85,,,,,,,,0.6,0.2,0.6,2*32
$GNGSA,A,3,102,104,106,109,110,111,112,119,128,136,,,0.6,0.2,0.6,3*3D
$GNGSA,A,3,102,104,106,109,111,112,119,128,136,,,,0.6,0.2,0.6,3*0D
$GNGSA,A,3,207,210,211,227,228,230,232,233,241,,,,0.6,0.2,0.6,4*0A
$GNGSA,A,3,227,230,232,233,241,,,,,,,,0.6,0.2,0.6,4*06
$GNRMC,135017.000,A,4825.1429,N,00428.4560,W,0.0,125.5,100626,,,A*6F
$GNGGA,135018.000,4825.1429,N,00428.4560,W,1,49,0.4,91.4,M,52.0,M,,*60
$GNVTG,125.5,T,,M,0.0,N,0.0,K,A*10
$GPGSV,5,1,15,01,37,119,41,02,12,128,39,03,61,056,39,04,58,160,32,1*6F
$GPGSV,5,2,15,06,32,303,29,09,31,195,24,19,45,285,33,28,13,040,32,1*60
$GPGSV,5,3,15,31,18,069,41,1*57
$GPGSV,5,4,15,01,37,119,37,03,61,056,44,04,58,160,38,06,32,303,41,8*60
$GPGSV,5,5,15,09,31,195,33,28,13,040,26,8*67
$GQGSV,1,1,,,,,,,,,,,,,0.0*56
$GLGSV,2,1,05,69,80,204,35,70,27,216,28,83,35,139,34,84,86,328,30,1*7D
$GLGSV,2,2,05,85,36,320,32,1*45
$GAGSV,5,1,18,102,13,286,24,104,58,125,33,106,45,165,32,109,25,184,23,7*7D
$GAGSV,5,2,18,110,57,105,36,111,84,042,28,112,32,110,26,119,31,048,34,7*78
$GAGSV,5,3,18,128,51,080,34,136,38,299,32,7*70
$GAGSV,5,4,18,104,58,125,44,106,45,165,41,109,25,184,38,110,57,105,43,1*7A
$GAGSV,5,5,18,111,84,042,42,112,32,110,32,128,51,080,38,136,38,299,42,1*74
$GBGSV,5,1,15,207,16,042,34,210,16,054,34,211,12,315,24,1*77
$GBGSV,5,2,15,227,68,200,30,228,31,155,39,230,38,304,35,232,34,226,27,3*72
$GBGSV,5,3,15,233,33,052,41,241,83,101,35,3*7C
$GBGSV,5,4,15,227,68,200,36,228,31,155,30,230,38,304,40,232,34,226,32,5*7B
$GBGSV,5,5,15,233,33,052,35,241,83,101,46,5*7B
$GIGSV,1,1,,,,,,,,,,,,,0.0*4E
$GNGSA,A,3,01,02,03,04,19,28,31,,,,,,0.6,0.4,0.6,1*31
$GNGSA,A,3,01,03,04,06,09,28,,,,,,,0.6,0.4,0.6,1*36
$GNGSA,A,3,69,83,84,85,,,,,,,,,0.6,0.4,0.6,2*33
$GNGSA,A,3,102,104,106,110,111,112,119,128,136,,,,0.6,0.4,0.6,3*03
$GNGSA,A,3,104,106,109,110,111,112,128,136,,,,,0.6,0.4,0.6,3*31
$GNGSA,A,3,207,210,211,227,228,230,232,233,241,,,,0.6,0.4,0.6,4*0C
$GNGSA,A,3,227,228,230,232,233,241,,,,,,,0.6,0.4,0.6,4*38
$GNRMC,135018.000,A,4825.1429,N,00428.4560,W,0.0,125.5,100626,,,A*60
$GNGGA,135019.000,4825.1429,N,00428.4560,W,1,50,0.2,91.4,M,52.0,M,,*6F
$GNVTG,125.5,T,,M,0.0,N,0.0,K,A*10
$GPGSV,5,1,15,01,37,119,41,02,12,128,39,03,61,056,39,04,58,160,32,1*6F
$GPGSV,5,2,15,06,32,303,29,09,31,195,25,19,45,285,33,28,13,040,32,1*61
$GPGSV,5,3,15,31,18,069,41,1*57
$GPGSV,5,4,15,01,37,119,36,03,61,056,44,04,58,160,38,06,32,303,41,8*61
$GPGSV,5,5,15,09,31,195,34,28,13,040,26,8*60
$GQGSV,1,1,,,,,,,,,,,,,0.0*56
$GLGSV,2,1,05,69,80,204,35,70,27,216,28,83,35,139,35,84,86,328,30,1*7C
$GLGSV,2,2,05,85,36,320,32,1*45
$GAGSV,6,1,19,102,13,286,24,104,58,125,34,106,45,165,32,109,25,184,23,7*78
$GAGSV,6,2,19,110,57,105,36,111,84,042,28,112,32,110,29,119,31,048,34,7*75
$GAGSV,6,3,19,128,51,080,34,136,38,299,31,7*71
$GAGSV,6,4,19,102,13,286,35,104,58,125,44,106,45,165,41,109,25,184,38,1*72
$GAGSV,6,5,19,110,57,105,43,112,32,110,32,119,31,048,30,128,51,080,38,1*75
$GAGSV,6,6,19,136,38,299,42,1*76
$GBGSV,5,1,14,207,16,042,34,210,16,054,34,211,12,315,24,1*76
$GBGSV,5,2,14,227,68,200,31,228,31,155,39,230,38,304,35,232,34,226,27,3*72
$GBGSV,5,3,14,233,33,052,41,241,83,101,35,3*7D
$GBGSV,5,4,14,227,68,200,36,228,31,155,30,232,34,226,32,233,33,052,35,5*70
$GBGSV,5,5,14,241,83,101,46,5*79
$GIGSV,1,1,,,,,,,,,,,,,0.0*4E
$GNGSA,A,3,01,02,03,04,06,19,31,,,,,,0.6,0.2,0.6,1*3B
$GNGSA,A,3,01,03,04,06,09,28,,,,,,,0.6,0.2,0.6,1*30
$GNGSA,A,3,69,70,83,84,85,,,,,,,,0.6,0.2,0.6,2*32
$GNGSA,A,3,102,104,106,110,111,112,119,128,136,,,,0.6,0.2,0.6,3*05
$GNGSA,A,3,102,104,106,109,110,112,119,128,136,,,,0.6,0.2,0.6,3*0C
$GNGSA,A,3,207,210,211,227,228,230,232,233,241,,,,0.6,0.2,0.6,4*0A
$GNGSA,A,3,227,228,232,233,241,,,,,,,,0.6,0.2,0.6,4*0F
$GNRMC,135019.000,A,4825.1429,N,00428.4560,W,0.0,125.5,100626,,,A*61
$GNGGA,135020.000,4825.1429,N,00428.4560,W,1,50,0.2,91.4,M,52.0,M,,*65
$GNVTG,125.5,T,,M,0.0,N,0.0,K,A*10
$GPGSV,5,1,15,01,37,119,41,02,12,128,39,03,61,056,39,04,58,160,32,1*6F
$GPGSV,5,2,15,06,32,303,28,09,31,195,25,19,45,285,33,28,13,040,32,1*60
$GPGSV,5,3,15,31,18,069,41,1*57
$GPGSV,5,4,15,01,37,119,36,03,61,056,44,04,58,160,38,06,32,303,41,8*61
$GPGSV,5,5,15,09,31,195,34,28,13,040,27,8*61
$GQGSV,1,1,,,,,,,,,,,,,0.0*56
$GLGSV,2,1,05,69,80,204,35,70,27,216,28,83,35,139,36,84,86,328,30,1*7F
$GLGSV,2,2,05,85,36,320,32,1*45
$GAGSV,5,1,18,102,13,286,24,104,58,125,34,106,45,165,32,109,25,184,23,7*7A
$GAGSV,5,2,18,110,57,105,35,111,84,042,28,112,32,110,29,119,31,048,34,7*74
$GAGSV,5,3,18,128,51,080,34,136,38,299,31,7*73
$GAGSV,5,4,18,102,13,286,35,106,45,165,41,109,25,184,38,111,84,042,41,1*70
$GAGSV,5,5,18,112,32,110,32,119,31,048,30,128,51,080,38,136,38,299,42,1*7D
$GBGSV,5,1,15,207,16,042,34,210,16,054,34,211,12,315,24,1*77
$GBGSV,5,2,15,227,68,200,31,228,31,155,39,230,38,304,35,232,34,226,27,3*73
$GBGSV,5,3,15,233,33,052,41,241,83,098,35,3*7D
$GBGSV,5,4,15,227,68,200,36,228,31,155,31,230,38,304,40,232,34,226,32,5*7A
$GBGSV,5,5,15,233,33,052,35,241,83,098,46,5*7A
$GIGSV,1,1,,,,,,,,,,,,,0.0*4E
$GNGSA,A,3,01,02,03,04,06,19,31,,,,,,0.6,0.2,0.6,1*3B
$GNGSA,A,3,01,03,04,06,09,28,,,,,,,0.6,0.2,0.6,1*30
$GNGSA,A,3,69,70,83,84,85,,,,,,,,0.6,0.2,0.6,2*32
$GNGSA,A,3,102,104,106,110,111,112,119,128,136,,,,0.6,0.2,0.6,3*05
$GNGSA,A,3,102,106,109,111,112,119,128,136,,,,,0.6,0.2,0.6,3*38
$GNGSA,A,3,207,210,211,227,228,230,232,233,241,,,,0.6,0.2,0.6,4*0A
$GNGSA,A,3,227,228,230,232,233,241,,,,,,,0.6,0.2,0.6,4*3E
$GNRMC,135020.000,A,4825.1429,N,00428.4560,W,0.0,125.5,100626,,,A*6B
$GNGGA,135021.000,4825.1429,N,00428.4559,W,1,50,0.4,91.4,M,52.0,M,,*68
$GNVTG,125.5,T,,M,0.0,N,0.0,K,A*10
$GPGSV,5,1,15,01,37,119,41,02,12,128,39,03,61,056,39,04,58,160,33,1*6E
$GPGSV,5,2,15,06,32,303,28,09,31,195,25,19,45,285,33,28,13,040,32,1*60
$GPGSV,5,3,15,31,18,069,41,1*57
$GPGSV,5,4,15,01,37,119,36,03,61,056,44,04,58,160,39,06,32,303,41,8*60
$GPGSV,5,5,15,09,31,195,34,28,13,040,27,8*61
$GQGSV,1,1,,,,,,,,,,,,,0.0*56
$GLGSV,2,1,05,69,80,204,35,70,27,216,28,83,35,139,36,84,86,328,30,1*7F
$GLGSV,2,2,05,85,36,320,32,1*45
$GAGSV,6,1,19,102,13,286,24,104,58,125,34,106,45,165,32,109,25,184,23,7*78
$GAGSV,6,2,19,110,57,105,35,111,84,042,28,112,32,110,29,119,31,048,34,7*76
$GAGSV,6,3,19,128,51,080,34,136,38,299,31,7*71
$GAGSV,6,4,19,102,13,286,35,104,58,125,43,106,45,165,41,109,25,184,38,1*75
$GAGSV,6,5,19,110,57,105,43,111,84,042,41,119,31,048,30,128,51,080,38,1*79
$GAGSV,6,6,19,136,38,299,42,1*76
$GBGSV,5,1,14,207,16,042,34,210,16,054,34,211,12,315,25,1*77
$GBGSV,5,2,14,227,68,200,31,228,31,155,39,230,38,304,35,232,34,226,27,3*72
$GBGSV,5,3,14,233,33,052,41,241,83,098,35,3*7C
$GBGSV,5,4,14,227,68,200,36,228,31,155,32,232,34,226,32,233,33,052,34,5*73
$GBGSV,5,5,14,241,83,098,46,5*78
$GIGSV,1,1,,,,,,,,,,,,,0.0*4E
$GNGSA,A,3,01,02,03,04,06,19,28,31,,,,,0.6,0.4,0.6,1*37
$GNGSA,A,3,01,03,04,06,09,28,,,,,,,0.6,0.4,0.6,1*36
$GNGSA,A,3,69,70,83,84,85,,,,,,,,0.6,0.4,0.6,2*34
$GNGSA,A,3,102,104,106,110,111,112,119,128,136,,,,0.6,0.4,0.6,3*03
$GNGSA,A,3,102,104,106,109,110,111,119,128,136,,,,0.6,0.4,0.6,3*09
$GNGSA,A,3,207,210,211,227,228,230,233,241,,,,,0.6,0.4,0.6,4*3F
$GNGSA,A,3,227,228,232,233,241,,,,,,,,0.6,0.4,0.6,4*09
$GNRMC,135021.000,A,4825.1429,N,00428.4559,W,0.0,125.5,100626,,,A*60
$GNGGA,135022.000,4825.1429,N,00428.4559,W,1,52,0.2,91.5,M,52.0,M,,*6E
$GNVTG,125.5,T,,M,0.0,N,0.0,K,A*10
$GPGSV,5,1,15,01,37,119,41,02,12,128,39,03,61,056,39,04,58,160,33,1*6E
$GPGSV,5,2,15,06,32,303,28,09,31,195,25,19,45,285,33,28,13,040,32,1*60
$GPGSV,5,3,15,31,18,069,41,1*57
$GPGSV,5,4,15,01,37,119,35,03,61,056,44,04,58,160,39,06,32,303,41,8*63
$GPGSV,5,5,15,09,31,195,34,28,13,040,27,8*61
$GQGSV,1,1,,,,,,,,,,,,,0.0*56
$GLGSV,2,1,05,69,80,204,34,70,27,216,27,83,35,139,36,84,86,328,30,1*71
$GLGSV,2,2,05,85,36,320,32,1*45
$GAGSV,5,1,18,102,13,286,24,104,58,125,34,106,45,165,32,109,25,184,23,7*7A
$GAGSV,5,2,18,110,57,105,35,111,84,042,29,112,32,110,29,119,31,048,34,7*75
$GAGSV,5,3,18,128,51,080,34,136,38,299,31,7*73
$GAGSV,5,4,18,102,13,286,35,104,58,125,43,110,57,105,43,111,84,042,41,1*70
$GAGSV,5,5,18,112,32,110,31,119,31,048,30,128,51,080,38,136,38,299,42,1*7E
$GBGSV,5,1,15,207,16,042,34,210,16,054,34,211,12,315,25,1*76
$GBGSV,5,2,15,227,68,200,31,228,31,155,39,230,38,304,35,232,34,226,27,3*73
$GBGSV,5,3,15,233,33,052,41,241,83,098,35,3*7D
$GBGSV,5,4,15,227,68,200,36,228,31,155,33,230,38,304,40,232,34,226,32,5*78
$GBGSV,5,5,15,233,33,052,34,241,83,098,46,5*7B
$GIGSV,1,1,,,,,,,,,,,,,0.0*4E
$GNGSA,A,3,01,02,03,04,06,19,28,31,,,,,0.6,0.2,0.6,1*31
$GNGSA,A,3,01,03,04,06,09,28,,,,,,,0.6,0.2,0.6,1*30
$GNGSA,A,3,69,70,83,84,85,,,,,,,,0.6,0.2,0.6,2*32
$GNGSA,A,3,102,104,106,109,110,111,112,119,128,136,,,0.6,0.2,0.6,3*3D
$GNGSA,A,3,102,104,110,111,112,119,128,136,,,,,0.6,0.2,0.6,3*32
$GNGSA,A,3,207,210,211,227,228,230,232,233,241,,,,0.6,0.2,0.6,4*0A
$GNGSA,A,3,227,228,230,232,233,241,,,,,,,0.6,0.2,0.6,4*3E
$GNRMC,135022.000,A,4825.1429,N,00428.4559,W,0.0,125.5,100626,,,A*63
$GNGGA,135023.000,4825.1429,N,00428.4559,W,1,51,0.2,91.5,M,52.0,M,,*6C
$GNVTG,125.5,T,,M,0.0,N,0.0,K,A*10
$GPGSV,5,1,15,01,37,119,41,02,12,128,39,03,61,056,39,04,58,160,33,1*6E
$GPGSV,5,2,15,06,32,303,28,09,31,195,25,19,45,285,33,28,13,040,32,1*60
$GPGSV,5,3,15,31,18,069,41,1*57
$GPGSV,5,4,15,01,37,119,35,03,61,056,44,04,58,160,39,06,32,303,41,8*63
$GPGSV,5,5,15,09,31,195,34,28,13,040,28,8*6E
$GQGSV,1,1,,,,,,,,,,,,,0.0*56
$GLGSV,2,1,05,69,80,204,34,70,27,216,27,83,35,139,36,84,86,328,30,1*71
$GLGSV,2,2,05,85,36,320,32,1*45
$GAGSV,5,1,18,102,13,286,24,104,58,125,34,106,45,165,32,109,25,184,23,7*7A
$GAGSV,5,2,18,110,57,105,35,111,84,042,29,112,32,110,29,119,31,048,34,7*75
$GAGSV,5,3,18,128,51,080,34,136,38,299,31,7*73
$GAGSV,5,4,18,102,13,286,35,106,45,165,41,110,57,105,43,111,84,042,41,1*78
$GAGSV,5,5,18,112,32,110,31,119,31,048,31,128,51,080,38,136,38,299,42,1*7F
$GBGSV,5,1,15,207,16,042,34,210,16,054,34,211,12,315,25,1*76
$GBGSV,5,2,15,227,68,200,31,228,31,155,39,230,38,304,35,232,34,226,27,3*73
$GBGSV,5,3,15,233,33,052,41,241,83,098,35,3*7D
$GBGSV,5,4,15,227,68,200,36,228,31,155,33,230,38,304,40,232,34,226,32,5*78
$GBGSV,5,5,15,233,33,052,34,241,83,098,46,5*7B
$GIGSV,1,1,,,,,,,,,,,,,0.0*4E
$GNGSA,A,3,01,02,03,04,06,19,28,31,,,,,0.6,0.2,0.6,1*31
$GNGSA,A,3,01,03,04,06,09,28,,,,,,,0.6,0.2,0.6,1*30
$GNGSA,A,3,69,70,83,84,85,,,,,,,,0.6,0.2,0.6,2*32
$GNGSA,A,3,104,106,109,110,111,112,119,128,136,,,,0.6,0.2,0.6,3*0E
$GNGSA,A,3,102,106,110,111,112,119,128,136,,,,,0.6,0.2,0.6,3*30
$GNGSA,A,3,207,210,211,227,228,230,232,233,241,,,,0.6,0.2,0.6,4*0A
$GNGSA,A,3,227,228,230,232,233,241,,,,,,,0.6,0.2,0.6,4*3E
$GNRMC,135023.000,A,4825.1429,N,00428.4559,W,0.0,125.5,100626,,,A*62
$GNGGA,135024.000,4825.1429,N,00428.4559,W,1,51,0.2,91.5,M,52.0,M,,*6B
$GNVTG,125.5,T,,M,0.0,N,0.0,K,A*10
$GPGSV,5,1,15,01,37,119,41,02,12,128,38,03,61,056,38,04,58,160,33,1*6E
$GPGSV,5,2,15,06,32,303,28,09,31,195,25,19,45,285,33,28,13,040,32,1*60
$GPGSV,5,3,15,31,18,069,41,1*57
$GPGSV,5,4,15,01,37,119,34,03,61,056,44,04,58,160,39,06,32,303,41,8*62
$GPGSV,5,5,15,09,31,195,34,28,13,040,29,8*6F
$GQGSV,1,1,,,,,,,,,,,,,0.0*56
$GLGSV,2,1,05,69,80,204,34,70,27,216,27,83,35,139,36,84,86,328,30,1*71
$GLGSV,2,2,05,85,36,320,32,1*45
$GAGSV,5,1,18,102,13,286,24,104,58,125,35,106,45,165,32,109,25,184,23,7*7B
$GAGSV,5,2,18,110,57,105,35,111,84,042,29,112,32,110,29,119,31,048,34,7*75
$GAGSV,5,3,18,128,51,080,34,136,38,299,31,7*73
$GAGSV,5,4,18,104,58,125,43,109,25,184,38,110,57,105,43,111,84,042,41,1*72
$GAGSV,5,5,18,112,32,110,31,119,31,048,31,128,51,080,38,136,38,299,42,1*7F
$GBGSV,5,1,15,207,16,042,34,210,16,054,34,211,12,315,25,1*76
$GBGSV,5,2,15,227,68,200,31,228,31,155,39,230,38,304,35,232,34,226,27,3*73
$GBGSV,5,3,15,233,33,052,41,241,83,098,35,3*7D
$GBGSV,5,4,15,227,68,200,36,228,31,155,33,230,38,304,40,232,34,226,32,5*78
$GBGSV,5,5,15,233,33,052,34,241,83,098,46,5*7B
$GIGSV,1,1,,,,,,,,,,,,,0.0*4E
$GNGSA,A,3,01,02,03,04,06,19,28,31,,,,,0.6,0.2,0.6,1*31
$GNGSA,A,3,01,03,04,06,09,28,,,,,,,0.6,0.2,0.6,1*30
$GNGSA,A,3,69,70,83,84,85,,,,,,,,0.6,0.2,0.6,2*32
$GNGSA,A,3,104,106,109,110,111,112,119,128,136,,,,0.6,0.2,0.6,3*0E
$GNGSA,A,3,104,109,110,111,112,119,128,136,,,,,0.6,0.2,0.6,3*39
$GNGSA,A,3,207,210,211,227,228,230,232,233,241,,,,0.6,0.2,0.6,4*0A
$GNGSA,A,3,227,228,230,232,233,241,,,,,,,0.6,0.2,0.6,4*3E
$GNRMC,135024.000,A,4825.1429,N,00428.4559,W,0.0,125.5,100626,,,A*65
$GNGGA,135025.000,4825.1429,N,00428.4559,W,1,50,0.4,91.5,M,52.0,M,,*6D
$GNVTG,125.5,T,,M,0.0,N,0.0,K,A*10
$GPGSV,5,1,15,01,37,119,41,02,12,128,38,03,61,056,38,04,58,160,33,1*6E
$GPGSV,5,2,15,06,32,303,28,09,31,195,25,19,45,285,33,28,13,040,31,1*63
$GPGSV,5,3,15,31,18,069,41,1*57
$GPGSV,5,4,15,01,37,119,34,03,61,056,44,04,58,160,39,06,32,303,41,8*62
$GPGSV,5,5,15,09,31,195,34,28,13,040,30,8*67
$GQGSV,1,1,,,,,,,,,,,,,0.0*56
$GLGSV,2,1,05,69,80,204,34,70,27,216,27,83,35,139,36,84,86,328,29,1*79
$GLGSV,2,2,05,85,36,320,32,1*45
$GAGSV,6,1,19,102,13,286,24,104,58,125,35,106,45,165,31,109,25,184,22,7*7B
$GAGSV,6,2,19,110,57,105,35,111,84,042,29,112,32,110,29,119,31,048,34,7*77
$GAGSV,6,3,19,128,51,080,34,136,38,299,31,7*71
$GAGSV,6,4,19,102,13,286,34,104,58,125,43,106,45,165,41,109,25,184,38,1*74
$GAGSV,6,5,19,110,57,105,43,112,32,110,31,119,31,048,31,128,51,080,38,1*77
$GAGSV,6,6,19,136,38,299,42,1*76
$GBGSV,5,1,14,207,16,042,34,210,16,054,34,211,12,315,25,1*77
$GBGSV,5,2,14,227,68,200,31,228,31,155,39,230,38,304,35,232,34,226,27,3*72
$GBGSV,5,3,14,233,33,052,41,241,83,098,34,3*7D
$GBGSV,5,4,14,227,68,200,36,228,31,155,33,232,34,226,32,233,33,052,34,5*72
$GBGSV,5,5,14,241,83,098,46,5*78
$GIGSV,1,1,,,,,,,,,,,,,0.0*4E
$GNGSA,A,3,01,02,03,04,06,19,28,31,,,,,0.6,0.4,0.6,1*37
$GNGSA,A,3,01,03,04,06,09,28,,,,,,,0.6,0.4,0.6,1*36
$GNGSA,A,3,69,83,84,85,,,,,,,,,0.6,0.4,0.6,2*33
$GNGSA,A,3,102,104,106,110,111,112,119,128,136,,,,0.6,0.4,0.6,3*03
$GNGSA,A,3,102,104,106,109,110,112,119,128,136,,,,0.6,0.4,0.6,3*0A
$GNGSA,A,3,207,210,211,227,228,230,232,233,241,,,,0.6,0.4,0.6,4*0C
$GNGSA,A,3,227,228,232,233,241,,,,,,,,0.6,0.4,0.6,4*09
$GNRMC,135025.000,A,4825.1429,N,00428.4559,W,0.0,125.5,100626,,,A*64
$GNGGA,135026.000,4825.1429,N,00428.4559,W,1,50,0.4,91.5,M,52.0,M,,*6E
$GNVTG,125.5,T,,M,0.0,N,0.0,K,A*10
$GPGSV,5,1,15,01,37,119,41,02,12,128,38,03,61,056,38,04,58,160,33,1*6E
$GPGSV,5,2,15,06,32,303,28,09,31,195,25,19,45,285,33,28,13,040,31,1*63
$GPGSV,5,3,15,31,18,069,41,1*57
$GPGSV,5,4,15,01,37,119,34,03,61,056,44,04,58,160,39,06,32,303,41,8*62
$GPGSV,5,5,15,09,31,195,34,28,13,040,30,8*67
$GQGSV,1,1,,,,,,,,,,,,,0.0*56
$GLGSV,2,1,05,69,80,204,34,70,27,216,27,83,35,139,35,84,86,328,29,1*7A
$GLGSV,2,2,05,85,36,320,32,1*45
$GAGSV,6,1,19,102,13,286,24,104,58,125,35,106,45,165,31,109,25,184,22,7*7B
$GAGSV,6,2,19,110,57,105,35,111,84,042,29,112,32,110,29,119,31,048,34,7*77
$GAGSV,6,3,19,128,51,080,34,136,38,299,31,7*71
$GAGSV,6,4,19,102,13,286,34,104,58,125,43,106,45,165,41,109,25,184,38,1*74
$GAGSV,6,5,19,110,57,105,43,111,84,042,41,112,32,110,31,119,31,048,31,1*75
$GAGSV,6,6,19,136,38,299,42,1*76
$GBGSV,5,1,14,207,16,042,34,210,16,054,34,211,12,315,25,1*77
$GBGSV,5,2,14,227,68,200,31,228,31,155,39,230,38,304,35,232,34,226,27,3*72
$GBGSV,5,3,14,233,33,052,41,241,83,098,34,3*7D
$GBGSV,5,4,14,227,68,200,36,228,31,155,33,230,38,304,40,233,33,052,34,5*78
$GBGSV,5,5,14,241,83,098,46,5*78
$GIGSV,1,1,,,,,,,,,,,,,0.0*4E
$GNGSA,A,3,01,02,03,04,06,19,28,31,,,,,0.6,0.4,0.6,1*37
$GNGSA,A,3,01,03,04,06,09,28,,,,,,,0.6,0.4,0.6,1*36
$GNGSA,A,3,69,83,84,85,,,,,,,,,0.6,0.4,0.6,2*33
$GNGSA,A,3,102,104,106,110,111,112,119,128,136,,,,0.6,0.4,0.6,3*03
$GNGSA,A,3,102,104,106,109,110,111,112,119,136,,,,0.6,0.4,0.6,3*00
$GNGSA,A,3,207,210,211,227,228,230,232,233,241,,,,0.6,0.4,0.6,4*0C
$GNGSA,A,3,227,228,230,233,241,,,,,,,,0.6,0.4,0.6,4*0B
$GNRMC,135026.000,A,4825.1429,N,00428.4559,W,0.0,125.5,100626,,,A*67
$GNGGA,135027.000,4825.1429,N,00428.4559,W,1,52,0.2,91.5,M,52.0,M,,*6B
$GNVTG,125.5,T,,M,0.0,N,0.0,K,A*10
$GPGSV,5,1,15,01,37,119,41,02,12,128,38,03,61,056,39,04,58,160,33,1*6F
$GPGSV,5,2,15,06,32,303,28,09,31,195,25,19,45,285,33,28,13,040,31,1*63
$GPGSV,5,3,15,31,18,069,41,1*57
$GPGSV,5,4,15,01,37,119,33,03,61,056,44,04,58,160,39,06,32,303,41,8*65
$GPGSV,5,5,15,09,31,195,34,28,13,040,30,8*67
$GQGSV,1,1,,,,,,,,,,,,,0.0*56
$GLGSV,2,1,05,69,80,204,34,70,27,216,28,83,35,139,35,84,86,328,29,1*75
$GLGSV,2,2,05,85,36,320,32,1*45
$GAGSV,6,1,19,102,13,286,24,104,58,125,35,106,45,165,31,109,25,184,22,7*7B
$GAGSV,6,2,19,110,57,105,35,111,84,042,29,112,32,110,29,119,31,048,35,7*76
$GAGSV,6,3,19,128,51,080,34,136,38,299,31,7*71
$GAGSV,6,4,19,102,13,286,34,104,58,125,43,106,45,165,41,109,25,184,38,1*74
$GAGSV,6,5,19,110,57,105,43,112,32,110,31,119,31,048,31,128,51,080,38,1*77
$GAGSV,6,6,19,136,38,299,42,1*76
$GBGSV,5,1,14,207,16,042,34,210,16,054,34,211,12,315,24,1*76
$GBGSV,5,2,14,227,68,200,31,228,31,155,39,230,38,304,35,232,34,226,27,3*72
$GBGSV,5,3,14,233,33,052,41,241,83,098,34,3*7D
$GBGSV,5,4,14,228,31,155,34,230,38,304,40,232,34,226,32,233,33,052,34,5*72
$GBGSV,5,5,14,241,83,098,46,5*78
$GIGSV,1,1,,,,,,,,,,,,,0.0*4E
$GNGSA,A,3,01,02,03,04,06,09,19,28,31,,,,0.6,0.2,0.6,1*38
$GNGSA,A,3,01,03,04,06,09,28,,,,,,,0.6,0.2,0.6,1*30
$GNGSA,A,3,69,70,83,84,85,,,,,,,,0.6,0.2,0.6,2*32
$GNGSA,A,3,102,104,106,109,110,111,112,119,128,136,,,0.6,0.2,0.6,3*3D
$GNGSA,A,3,102,104,106,109,110,112,119,128,136,,,,0.6,0.2,0.6,3*0C
$GNGSA,A,3,207,210,227,228,230,232,233,241,,,,,0.6,0.2,0.6,4*38
$GNGSA,A,3,228,230,232,233,241,,,,,,,,0.6,0.2,0.6,4*09
$GNRMC,135027.000,A,4825.1429,N,00428.4559,W,0.0,125.5,100626,,,A*66
$GNGGA,135028.000,4825.1429,N,00428.4559,W,1,51,0.2,91.5,M,52.0,M,,*67
$GNVTG,125.5,T,,M,0.0,N,0.0,K,A*10
$GPGSV,5,1,15,01,37,119,41,02,12,128,38,03,61,056,39,04,58,160,33,1*6F
$GPGSV,5,2,15,06,32,303,28,09,31,195,25,19,45,285,33,28,13,040,31,1*63
$GPGSV,5,3,15,31,18,069,41,1*57
$GPGSV,5,4,15,01,37,119,33,03,61,056,44,04,58,160,39,06,32,303,41,8*65
$GPGSV,5,5,15,09,31,195,34,28,13,040,30,8*67
$GQGSV,1,1,,,,,,,,,,,,,0.0*56
$GLGSV,2,1,05,69,80,204,35,70,27,216,28,83,35,139,36,84,86,328,29,1*77
$GLGSV,2,2,05,85,36,320,32,1*45
$GAGSV,6,1,19,102,13,286,24,104,58,125,35,106,45,165,31,109,25,184,22,7*7B
$GAGSV,6,2,19,110,57,105,35,111,84,042,29,112,32,110,29,119,31,048,35,7*76
$GAGSV,6,3,19,128,51,080,34,136,38,299,31,7*71
$GAGSV,6,4,19,102,13,286,34,104,58,125,43,106,45,165,41,109,25,184,38,1*74
$GAGSV,6,5,19,110,57,105,43,111,84,042,41,112,32,110,32,128,51,080,38,1*7F
$GAGSV,6,6,19,136,38,299,42,1*76
$GBGSV,5,1,14,207,16,042,34,210,16,054,34,211,12,315,24,1*76
$GBGSV,5,2,14,227,68,200,31,228,31,155,39,230,38,304,35,232,34,226,27,3*72
$GBGSV,5,3,14,233,33,052,41,241,83,098,34,3*7D
$GBGSV,5,4,14,227,68,200,36,228,31,155,34,232,34,226,32,233,33,052,33,5*72
$GBGSV,5,5,14,241,83,098,46,5*78
$GIGSV,1,1,,,,,,,,,,,,,0.0*4E
$GNGSA,A,3,01,02,03,04,06,19,28,31,,,,,0.6,0.2,0.4,1*33
$GNGSA,A,3,01,03,04,06,09,28,,,,,,,0.6,0.2,0.4,1*32
$GNGSA,A,3,69,83,84,85,,,,,,,,,0.6,0.2,0.4,2*37
$GNGSA,A,3,102,104,106,109,110,111,112,119,128,136,,,0.6,0.2,0.4,3*3F
$GNGSA,A,3,102,104,106,109,110,111,112,128,136,,,,0.6,0.2,0.4,3*06
$GNGSA,A,3,207,210,211,227,228,230,232,233,241,,,,0.6,0.2,0.4,4*08
$GNGSA,A,3,227,228,232,233,241,,,,,,,,0.6,0.2,0.4,4*0D
$GNRMC,135028.000,A,4825.1429,N,00428.4559,W,0.0,125.5,100626,,,A*69
$GNGGA,135029.000,4825.1429,N,00428.4559,W,1,51,0.2,91.5,M,52.0,M,,*66
$GNVTG,125.5,T,,M,0.0,N,0.0,K,A*10
$GPGSV,5,1,15,01,37,119,41,02,12,128,38,03,61,056,39,04,58,160,33,1*6F
$GPGSV,5,2,15,06,32,303,28,09,31,195,25,19,45,285,33,28,13,040,31,1*63
$GPGSV,5,3,15,31,18,069,41,1*57
$GPGSV,5,4,15,01,37,119,33,03,61,056,44,04,58,160,39,06,32,303,41,8*65
$GPGSV,5,5,15,09,31,195,34,28,13,040,29,8*6F
$GQGSV,1,1,,,,,,,,,,,,,0.0*56
$GLGSV,2,1,05,69,80,204,35,70,27,216,28,83,35,139,36,84,86,328,29,1*77
$GLGSV,2,2,05,85,36,320,32,1*45
$GAGSV,6,1,19,102,13,286,24,104,58,125,35,106,45,165,31,109,25,184,22,7*7B
$GAGSV,6,2,19,110,57,105,35,111,84,044,29,112,32,110,36,119,31,048,35,7*7E
$GAGSV,6,3,19,128,51,080,34,136,38,299,31,7*71
$GAGSV,6,4,19,102,13,286,35,104,58,125,43,106,45,165,41,109,25,184,38,1*75
$GAGSV,6,5,19,110,57,105,43,112,32,110,33,119,31,048,31,128,51,080,38,1*75
$GAGSV,6,6,19,136,38,299,42,1*76
$GBGSV,5,1,14,207,16,042,34,210,16,054,34,211,12,315,24,1*76
$GBGSV,5,2,14,227,68,200,31,228,31,155,39,230,38,304,35,232,34,226,27,3*72
$GBGSV,5,3,14,233,33,052,41,241,83,098,34,3*7D
$GBGSV,5,4,14,227,68,200,36,228,31,155,34,232,34,226,32,233,33,052,33,5*72
$GBGSV,5,5,14,241,83,098,46,5*78
$GIGSV,1,1,,,,,,,,,,,,,0.0*4E
$GNGSA,A,3,01,02,03,04,06,19,28,31,,,,,0.6,0.2,0.6,1*31
$GNGSA,A,3,01,03,04,06,09,28,,,,,,,0.6,0.2,0.6,1*30
$GNGSA,A,3,69,70,83,84,85,,,,,,,,0.6,0.2,0.6,2*32
$GNGSA,A,3,102,104,106,109,110,111,112,119,128,136,,,0.6,0.2,0.6,3*3D
$GNGSA,A,3,102,104,106,109,110,112,119,128,136,,,,0.6,0.2,0.6,3*0C
$GNGSA,A,3,207,210,227,228,230,232,233,241,,,,,0.6,0.2,0.6,4*38
$GNGSA,A,3,227,228,232,233,241,,,,,,,,0.6,0.2,0.6,4*0F
$GNRMC,135029.000,A,4825.1429,N,00428.4559,W,0.0,125.5,100626,,,A*68
$GNGGA,135030.000,4825.1429,N,00428.4559,W,1,52,0.2,91.5,M,52.0,M,,*6D
$GNVTG,125.5,T,,M,0.0,N,0.0,K,A*10
$GPGSV,5,1,15,01,37,119,41,02,12,128,38,03,61,056,39,04,58,160,33,1*6F
$GPGSV,5,2,15,06,32,303,28,09,31,195,25,19,45,285,33,28,13,040,31,1*63
$GPGSV,5,3,15,31,18,069,41,1*57
$GPGSV,5,4,15,01,37,119,33,03,61,056,44,04,58,160,39,06,32,303,41,8*65
$GPGSV,5,5,15,09,31,195,34,28,13,040,29,8*6F
$GQGSV,1,1,,,,,,,,,,,,,0.0*56
$GLGSV,2,1,05,69,80,204,35,70,27,216,28,83,35,139,36,84,86,328,29,1*77
$GLGSV,2,2,05,85,36,320,32,1*45
$GAGSV,6,1,19,102,13,286,24,104,58,125,35,106,45,165,31,109,25,184,22,7*7B
$GAGSV,6,2,19,110,57,105,35,111,84,044,29,112,32,110,36,119,31,048,35,7*7E
$GAGSV,6,3,19,128,51,080,34,136,38,299,31,7*71
$GAGSV,6,4,19,102,13,286,35,104,58,125,43,106,45,165,41,110,57,105,43,1*7D
$GAGSV,6,5,19,111,84,044,41,112,32,110,33,119,31,048,31,128,51,080,38,1*7C
$GAGSV,6,6,19,136,38,299,42,1*76
$GBGSV,5,1,14,207,16,042,34,210,16,054,35,211,12,315,24,1*77
$GBGSV,5,2,14,227,68,200,31,228,31,155,39,230,38,304,35,232,34,226,27,3*72
$GBGSV,5,3,14,233,33,052,41,241,83,098,34,3*7D
$GBGSV,5,4,14,227,68,200,36,230,38,304,40,232,34,226,32,233,33,052,33,5*77
$GBGSV,5,5,14,241,83,098,46,5*78
$GIGSV,1,1,,,,,,,,,,,,,0.0*4E
$GNGSA,A,3,01,02,03,04,06,19,28,31,,,,,0.6,0.2,0.6,1*31
$GNGSA,A,3,01,03,04,06,09,28,,,,,,,0.6,0.2,0.6,1*30
$GNGSA,A,3,69,70,83,84,85,,,,,,,,0.6,0.2,0.6,2*32
$GNGSA,A,3,102,104,106,109,110,111,112,119,128,136,,,0.6,0.2,0.6,3*3D
$GNGSA,A,3,102,104,106,110,111,112,119,128,136,,,,0.6,0.2,0.6,3*05
$GNGSA,A,3,207,210,211,227,228,230,232,233,241,,,,0.6,0.2,0.6,4*0A
$GNGSA,A,3,227,230,232,233,241,,,,,,,,0.6,0.2,0.6,4*06
$GNRMC,135030.000,A,4825.1429,N,00428.4559,W,0.0,125.5,100626,,,A*60
$GNGGA,135031.000,4825.1429,N,00428.4559,W,1,51,0.2,91.5,M,52.0,M,,*6F
$GNVTG,125.5,T,,M,0.0,N,0.0,K,A*10
$GPGSV,5,1,15,01,37,119,41,02,12,128,38,03,61,056,39,04,58,160,33,1*6F
$GPGSV,5,2,15,06,32,303,28,09,31,195,25,19,45,285,33,28,13,040,31,1*63
$GPGSV,5,3,15,31,18,069,41,1*57
$GPGSV,5,4,15,01,37,119,33,03,61,056,44,04,58,160,39,06,32,303,41,8*65
$GPGSV,5,5,15,09,31,195,34,28,13,040,28,8*6E
$GQGSV,1,1,,,,,,,,,,,,,0.0*56
$GLGSV,2,1,05,69,80,204,35,70,27,216,28,83,35,139,36,84,86,328,29,1*77
$GLGSV,2,2,05,85,36,320,32,1*45
$GAGSV,6,1,19,102,13,286,24,104,58,125,35,106,45,165,31,109,25,184,22,7*7B
$GAGSV,6,2,19,110,57,105,35,111,84,044,29,112,32,110,36,119,31,048,35,7*7E
$GAGSV,6,3,19,128,51,080,34,136,38,299,31,7*71
$GAGSV,6,4,19,102,13,286,35,104,58,125,43,106,45,165,41,109,25,184,38,1*75
$GAGSV,6,5,19,110,57,105,43,112,32,110,33,119,31,048,31,128,51,080,38,1*75
$GAGSV,6,6,19,136,38,299,42,1*76
$GBGSV,5,1,14,207,16,042,34,210,16,054,35,211,12,315,24,1*77
$GBGSV,5,2,14,227,68,200,31,228,31,155,39,230,38,304,35,232,34,226,27,3*72
$GBGSV,5,3,14,233,33,052,41,241,83,098,34,3*7D
$GBGSV,5,4,14,227,68,200,36,228,31,155,34,230,38,304,40,233,33,052,33,5*78
$GBGSV,5,5,14,241,83,098,46,5*78
$GIGSV,1,1,,,,,,,,,,,,,0.0*4E
$GNGSA,A,3,01,02,03,04,19,28,31,,,,,,0.6,0.2,0.6,1*37
$GNGSA,A,3,01,03,04,06,09,28,,,,,,,0.6,0.2,0.6,1*30
$GNGSA,A,3,69,70,83,84,85,,,,,,,,0.6,0.2,0.6,2*32
$GNGSA,A,3,102,104,106,109,110,111,112,119,128,136,,,0.6,0.2,0.6,3*3D
$GNGSA,A,3,102,104,106,109,110,112,119,128,136,,,,0.6,0.2,0.6,3*0C
$GNGSA,A,3,207,210,211,227,228,230,232,233,241,,,,0.6,0.2,0.6,4*0A
$GNGSA,A,3,227,228,230,233,241,,,,,,,,0.6,0.2,0.6,4*0D
$GNRMC,135031.000,A,4825.1429,N,00428.4559,W,0.0,125.5,100626,,,A*61
$GNGGA,135032.000,4825.1429,N,00428.4559,W,1,50,0.2,91.5,M,52.0,M,,*6D
$GNVTG,125.5,T,,M,0.0,N,0.0,K,A*10
$GPGSV,5,1,15,01,37,119,41,02,12,128,38,03,61,056,39,04,58,160,33,1*6F
$GPGSV,5,2,15,06,32,303,28,09,31,195,25,19,45,285,33,28,13,040,31,1*63
$GPGSV,5,3,15,31,18,069,41,1*57
$GPGSV,5,4,15,01,37,119,33,03,61,056,44,04,58,160,40,06,32,303,41,8*6B
$GPGSV,5,5,15,09,31,195,35,28,13,040,28,8*6F
$GQGSV,1,1,,,,,,,,,,,,,0.0*56
$GLGSV,2,1,05,69,80,204,35,70,27,216,28,83,35,139,37,84,86,328,29,1*76
$GLGSV,2,2,05,85,36,320,32,1*45
$GAGSV,5,1,18,102,13,286,25,104,58,125,35,106,45,165,31,109,25,184,22,7*78
$GAGSV,5,2,18,110,57,105,35,111,84,044,29,112,32,110,36,119,31,048,35,7*7C
$GAGSV,5,3,18,128,51,080,34,136,38,299,31,7*73
$GAGSV,5,4,18,102,13,286,35,104,58,125,43,109,25,184,38,110,57,105,43,1*77
$GAGSV,5,5,18,111,84,044,41,119,31,048,31,128,51,080,38,136,38,299,42,1*76
$GBGSV,5,1,15,207,16,042,34,210,16,054,35,211,12,315,24,1*76
$GBGSV,5,2,15,227,68,200,31,228,31,155,39,230,38,304,35,232,34,226,27,3*73
$GBGSV,5,3,15,233,33,052,41,241,83,098,34,3*7C
$GBGSV,5,4,15,227,68,200,36,228,31,155,34,230,38,304,40,232,34,226,32,5*7F
$GBGSV,5,5,15,233,33,052,33,241,83,098,46,5*7C
$GIGSV,1,1,,,,,,,,,,,,,0.0*4E
$GNGSA,A,3,01,02,03,04,06,09,19,31,,,,,0.6,0.2,0.6,1*32
$GNGSA,A,3,01,03,04,06,09,28,,,,,,,0.6,0.2,0.6,1*30
$GNGSA,A,3,69,83,84,85,,,,,,,,,0.6,0.2,0.6,2*35
$GNGSA,A,3,102,104,106,110,111,112,119,128,136,,,,0.6,0.2,0.6,3*05
$GNGSA,A,3,102,104,109,110,111,119,128,136,,,,,0.6,0.2,0.6,3*38
$GNGSA,A,3,207,210,211,227,228,230,232,233,241,,,,0.6,0.2,0.6,4*0A
$GNGSA,A,3,227,228,230,232,233,241,,,,,,,0.6,0.2,0.6,4*3E
$GNRMC,135032.000,A,4825.1429,N,00428.4559,W,0.0,125.5,100626,,,A*62
$GNGGA,135033.000,4825.1429,N,00428.4559,W,1,51,0.2,91.5,M,52.0,M,,*6D
$GNVTG,125.5,T,,M,0.0,N,0.0,K,A*10
$GPGSV,5,1,15,01,37,119,41,02,12,128,38,03,61,056,39,04,58,160,33,1*6F
$GPGSV,5,2,15,06,32,303,28,09,31,195,26,19,45,285,34,28,13,040,31,1*67
$GPGSV,5,3,15,31,18,069,41,1*57
$GPGSV,5,4,15,01,37,119,34,03,61,056,44,04,58,160,40,06,32,303,41,8*6C
$GPGSV,5,5,15,09,31,195,35,28,13,040,28,8*6F
$GQGSV,1,1,,,,,,,,,,,,,0.0*56
$GLGSV,2,1,05,69,80,204,35,70,27,216,28,83,35,139,37,84,86,328,29,1*76
$GLGSV,2,2,05,85,36,320,32,1*45
$GAGSV,5,1,18,102,13,286,25,104,58,125,36,106,45,165,31,109,25,184,22,7*7B
$GAGSV,5,2,18,110,57,106,35,111,84,044,29,112,32,110,36,119,31,048,35,7*7F
$GAGSV,5,3,18,128,51,080,34,136,38,299,31,7*73
$GAGSV,5,4,18,102,13,286,35,104,58,125,43,106,45,165,41,109,25,184,38,1*77
$GAGSV,5,5,18,110,57,106,43,111,84,044,41,119,31,048,31,136,38,299,42,1*78
$GBGSV,5,1,15,207,16,042,34,210,16,054,35,211,12,315,24,1*76
$GBGSV,5,2,15,227,68,200,31,228,31,155,39,230,38,304,35,232,34,226,27,3*73
$GBGSV,5,3,15,233,33,052,41,241,83,098,34,3*7C
$GBGSV,5,4,15,227,68,200,36,228,31,155,34,230,38,304,40,232,34,226,32,5*7F
$GBGSV,5,5,15,233,33,052,33,241,83,098,46,5*7C
$GIGSV,1,1,,,,,,,,,,,,,0.0*4E
$GNGSA,A,3,01,02,03,04,06,09,19,28,31,,,,0.6,0.2,0.6,1*38
$GNGSA,A,3,01,03,04,06,09,28,,,,,,,0.6,0.2,0.6,1*30
$GNGSA,A,3,69,83,84,85,,,,,,,,,0.6,0.2,0.6,2*35
$GNGSA,A,3,102,104,106,110,111,112,119,128,136,,,,0.6,0.2,0.6,3*05
$GNGSA,A,3,102,104,106,109,110,111,119,136,,,,,0.6,0.2,0.6,3*34
$GNGSA,A,3,207,210,211,227,228,230,232,233,241,,,,0.6,0.2,0.6,4*0A
$GNGSA,A,3,227,228,230,232,233,241,,,,,,,0.6,0.2,0.6,4*3E
$GNRMC,135033.000,A,4825.1429,N,00428.4559,W,0.0,125.5,100626,,,A*63
$GNGGA,135034.000,4825.1429,N,00428.4559,W,1,50,0.2,91.5,M,52.0,M,,*6B
$GNVTG,125.5,T,,M,0.0,N,0.0,K,A*10
$GPGSV,5,1,15,01,37,119,41,02,12,128,38,03,61,056,39,04,58,160,33,1*6F
$GPGSV,5,2,15,06,32,303,28,09,31,195,26,19,45,285,34,28,13,040,31,1*67
$GPGSV,5,3,15,31,18,069,41,1*57
$GPGSV,5,4,15,01,37,119,34,03,61,056,44,04,58,160,40,06,32,303,41,8*6C
$GPGSV,5,5,15,09,31,195,35,28,13,040,28,8*6F
$GQGSV,1,1,,,,,,,,,,,,,0.0*56
$GLGSV,2,1,05,69,80,204,35,70,27,216,28,83,35,139,37,84,86,328,29,1*76
$GLGSV,2,2,05,85,36,320,32,1*45
$GAGSV,6,1,20,102,13,286,25,104,58,125,36,106,45,165,31,109,25,184,22,7*73
$GAGSV,6,2,20,110,57,106,35,111,84,044,29,112,32,111,36,119,31,048,35,7*76
$GAGSV,6,3,20,128,51,080,34,136,38,299,31,7*7B
$GAGSV,6,4,20,102,13,286,35,104,58,125,44,106,45,165,41,109,25,184,38,1*78
$GAGSV,6,5,20,110,57,106,43,111,84,044,41,112,32,111,34,119,31,048,31,1*7E
$GAGSV,6,6,20,128,51,080,37,136,38,299,42,1*7F
$GBGSV,4,1,13,207,16,042,34,210,16,054,35,211,12,315,24,1*71
$GBGSV,4,2,13,227,68,200,31,228,31,155,39,230,38,304,35,232,34,226,27,3*74
$GBGSV,4,3,13,233,33,052,41,241,83,098,34,3*7B
$GBGSV,4,4,13,230,38,304,40,232,34,226,32,233,33,052,33,241,83,098,46,5*70
$GIGSV,1,1,,,,,,,,,,,,,0.0*4E
$GNGSA,A,3,01,02,03,04,06,09,19,28,31,,,,0.6,0.2,0.6,1*38
$GNGSA,A,3,01,03,04,06,09,28,,,,,,,0.6,0.2,0.6,1*30
$GNGSA,A,3,70,83,84,85,,,,,,,,,0.6,0.2,0.6,2*3D
$GNGSA,A,3,102,104,106,110,111,112,119,128,136,,,,0.6,0.2,0.6,3*05
$GNGSA,A,3,102,104,106,109,110,111,112,119,128,136,,,0.6,0.2,0.6,3*3D
$GNGSA,A,3,207,210,227,228,230,232,233,241,,,,,0.6,0.2,0.6,4*38
$GNGSA,A,3,230,232,233,241,,,,,,,,,0.6,0.2,0.6,4*31
$GNRMC,135034.000,A,4825.1429,N,00428.4559,W,0.0,125.5,100626,,,A*64
$GNGGA,135035.000,4825.1429,N,00428.4559,W,1,48,0.4,91.5,M,52.0,M,,*65
$GNVTG,125.5,T,,M,0.0,N,0.0,K,A*10
$GPGSV,5,1,15,01,37,119,41,02,12,128,38,03,61,056,39,04,58,160,33,1*6F
$GPGSV,5,2,15,06,32,303,28,09,31,195,26,19,45,285,34,28,13,040,31,1*67
$GPGSV,5,3,15,31,18,069,41,1*57
$GPGSV,5,4,15,01,37,119,34,03,61,056,44,04,58,160,40,06,32,303,41,8*6C
$GPGSV,5,5,15,09,31,195,35,28,13,040,27,8*60
$GQGSV,1,1,,,,,,,,,,,,,0.0*56
$GLGSV,2,1,05,69,80,204,35,70,27,216,28,83,35,139,37,84,86,328,29,1*76
$GLGSV,2,2,05,85,36,320,32,1*45
$GAGSV,6,1,20,102,13,286,25,104,58,125,36,106,45,165,31,109,25,184,22,7*73
$GAGSV,6,2,20,110,57,106,35,111,84,044,29,112,32,111,36,119,31,048,35,7*76
$GAGSV,6,3,20,128,51,080,34,136,38,299,31,7*7B
$GAGSV,6,4,20,102,13,286,35,104,58,125,44,106,45,165,42,109,25,184,38,1*7B
$GAGSV,6,5,20,110,57,106,43,111,84,044,41,112,32,111,34,119,31,048,31,1*7E
$GAGSV,6,6,20,128,51,080,38,136,38,299,42,1*70
$GBGSV,4,1,13,207,16,042,34,210,16,054,35,211,12,315,24,1*71
$GBGSV,4,2,13,227,68,200,31,228,31,155,39,230,38,304,35,232,34,226,28,3*7B
$GBGSV,4,3,13,233,33,052,41,241,83,098,34,3*7B
$GBGSV,4,4,13,227,68,200,36,230,38,304,40,233,33,052,33,241,83,098,46,5*7D
$GIGSV,1,1,,,,,,,,,,,,,0.0*4E
$GNGSA,A,3,01,02,03,04,19,31,,,,,,,0.6,0.4,0.6,1*3B
$GNGSA,A,3,01,03,04,06,09,28,,,,,,,0.6,0.4,0.6,1*36
$GNGSA,A,3,69,70,83,84,85,,,,,,,,0.6,0.4,0.6,2*34
$GNGSA,A,3,102,104,106,110,111,112,119,128,136,,,,0.6,0.4,0.6,3*03
$GNGSA,A,3,102,104,106,109,110,111,112,119,128,136,,,0.6,0.4,0.6,3*3B
$GNGSA,A,3,207,210,227,228,230,232,233,241,,,,,0.6,0.4,0.6,4*3E
$GNGSA,A,3,227,230,233,241,,,,,,,,,0.6,0.4,0.6,4*33
$GNRMC,135035.000,A,4825.1429,N,00428.4559,W,0.0,125.5,100626,,,A*65
$GNGGA,135036.000,4825.1429,N,00428.4559,W,1,49,0.4,91.5,M,52.0,M,,*67
$GNVTG,125.5,T,,M,0.0,N,0.0,K,A*10
$GPGSV,5,1,15,01,37,119,41,02,12,128,38,03,61,056,39,04,58,160,33,1*6F
$GPGSV,5,2,15,06,32,303,28,09,31,195,26,19,45,285,34,28,13,040,31,1*67
$GPGSV,5,3,15,31,18,069,41,1*57
$GPGSV,5,4,15,01,37,119,34,03,61,056,44,04,58,160,40,06,32,303,41,8*6C
$GPGSV,5,5,15,09,31,195,35,28,13,040,27,8*60
$GQGSV,1,1,,,,,,,,,,,,,0.0*56
$GLGSV,2,1,05,69,80,204,35,70,27,216,28,83,35,139,38,84,86,328,29,1*79
$GLGSV,2,2,05,85,36,320,32,1*45
$GAGSV,5,1,18,102,13,286,26,104,58,125,36,106,45,165,32,109,25,184,22,7*7B
$GAGSV,5,2,18,110,57,106,34,111,84,044,29,112,32,111,36,119,31,048,35,7*7F
$GAGSV,5,3,18,128,51,080,34,136,38,299,31,7*73
$GAGSV,5,4,18,102,13,286,35,104,58,125,44,106,45,165,42,109,25,184,38,1*73
$GAGSV,5,5,18,110,57,106,43,111,84,044,41,112,32,111,34,128,51,080,38,1*7F
$GBGSV,5,1,15,207,16,042,34,210,16,054,36,211,12,315,24,1*75
$GBGSV,5,2,15,227,68,200,31,228,31,155,39,230,38,304,35,232,34,226,28,3*7C
$GBGSV,5,3,15,233,33,052,41,241,83,098,34,3*7C
$GBGSV,5,4,15,227,68,200,36,228,31,155,34,230,38,304,40,232,34,226,32,5*7F
$GBGSV,5,5,15,233,33,052,33,241,83,098,46,5*7C
$GIGSV,1,1,,,,,,,,,,,,,0.0*4E
$GNGSA,A,3,01,02,03,04,06,19,31,,,,,,0.6,0.4,0.6,1*3D
$GNGSA,A,3,01,03,04,06,09,28,,,,,,,0.6,0.4,0.6,1*36
$GNGSA,A,3,69,70,83,84,85,,,,,,,,0.6,0.4,0.6,2*34
$GNGSA,A,3,102,104,106,110,111,112,119,128,136,,,,0.6,0.4,0.6,3*03
$GNGSA,A,3,102,104,106,109,110,111,112,128,,,,,0.6,0.4,0.6,3*36
$GNGSA,A,3,207,210,227,228,230,232,233,241,,,,,0.6,0.4,0.6,4*3E
$GNGSA,A,3,227,228,230,232,233,241,,,,,,,0.6,0.4,0.6,4*38
$GNRMC,135036.000,A,4825.1429,N,00428.4559,W,0.0,125.5,100626,,,A*66
$GNGGA,135037.000,4825.1429,N,00428.4559,W,1,49,0.4,91.5,M,52.0,M,,*66
$GNVTG,125.5,T,,M,0.0,N,0.0,K,A*10
$GPGSV,5,1,15,01,37,119,42,02,12,128,38,03,61,056,39,04,58,160,33,1*6C
$GPGSV,5,2,15,06,32,303,28,09,31,195,27,19,45,285,34,28,13,040,30,1*67
$GPGSV,5,3,15,31,18,069,41,1*57
$GPGSV,5,4,15,01,37,119,34,03,61,056,44,04,58,160,40,06,32,303,41,8*6C
$GPGSV,5,5,15,09,31,195,35,28,13,040,27,8*60
$GQGSV,1,1,,,,,,,,,,,,,0.0*56
$GLGSV,2,1,05,69,80,204,35,70,27,216,28,83,35,139,38,84,86,328,29,1*79
$GLGSV,2,2,05,85,36,320,33,1*44
$GAGSV,5,1,18,102,13,286,26,104,58,125,36,106,45,165,32,109,25,184,22,7*7B
$GAGSV,5,2,18,110,57,106,34,111,84,044,29,112,32,111,36,119,31,048,35,7*7F
$GAGSV,5,3,18,128,51,080,34,136,38,299,31,7*73
$GAGSV,5,4,18,102,13,286,35,104,58,125,44,106,45,165,42,109,25,184,38,1*73
$GAGSV,5,5,18,110,57,106,43,119,31,048,31,128,51,080,38,136,38,299,42,1*7C
$GBGSV,5,1,15,207,16,042,34,210,16,054,36,211,12,315,24,1*75
$GBGSV,5,2,15,227,68,200,31,228,31,155,39,230,38,304,35,232,34,226,28,3*7C
$GBGSV,5,3,15,233,33,052,41,241,83,098,34,3*7C
$GBGSV,5,4,15,227,68,200,37,228,31,155,34,230,38,304,40,232,34,226,32,5*7E
$GBGSV,5,5,15,233,33,052,33,241,83,098,46,5*7C
$GIGSV,1,1,,,,,,,,,,,,,0.0*4E
$GNGSA,A,3,01,02,03,04,06,09,19,31,,,,,0.6,0.4,0.6,1*34
$GNGSA,A,3,01,03,04,06,09,28,,,,,,,0.6,0.4,0.6,1*36
$GNGSA,A,3,69,83,84,85,,,,,,,,,0.6,0.4,0.6,2*33
$GNGSA,A,3,102,104,106,110,111,112,119,128,136,,,,0.6,0.4,0.6,3*03
$GNGSA,A,3,102,104,106,109,110,119,128,136,,,,,0.6,0.4,0.6,3*38
$GNGSA,A,3,207,210,227,228,230,232,233,241,,,,,0.6,0.4,0.6,4*3E
$GNGSA,A,3,227,228,230,232,233,241,,,,,,,0.6,0.4,0.6,4*38
$GNRMC,135037.000,A,4825.1429,N,00428.4559,W,0.0,125.5,100626,,,A*67
$GNGGA,135038.000,4825.1429,N,00428.4559,W,1,51,0.2,91.5,M,52.0,M,,*66
$GNVTG,125.5,T,,M,0.0,N,0.0,K,A*10
$GPGSV,5,1,15,01,37,119,42,02,12,128,38,03,61,056,39,04,58,160,33,1*6C
$GPGSV,5,2,15,06,32,303,28,09,31,195,27,19,45,285,34,28,13,040,30,1*67
$GPGSV,5,3,15,31,18,069,41,1*57
$GPGSV,5,4,15,01,37,119,34,03,61,056,44,04,58,160,39,06,32,303,41,8*62
$GPGSV,5,5,15,09,31,195,34,28,13,040,27,8*61
$GQGSV,1,1,,,,,,,,,,,,,0.0*56
$GLGSV,2,1,05,69,80,204,35,70,27,216,28,83,35,139,38,84,86,328,29,1*79
$GLGSV,2,2,05,85,36,320,33,1*44
$GAGSV,5,1,18,102,13,286,26,104,58,125,36,106,45,165,32,109,25,184,22,7*7B
$GAGSV,5,2,18,110,57,106,34,111,84,044,29,112,32,111,35,119,31,048,35,7*7C
$GAGSV,5,3,18,128,51,080,34,136,38,299,30,7*72
$GAGSV,5,4,18,102,13,286,35,106,45,165,42,109,25,184,38,110,57,106,43,1*7F
$GAGSV,5,5,18,111,84,044,41,112,32,111,34,128,51,080,37,136,38,299,42,1*79
$GBGSV,5,1,15,207,16,042,34,210,16,054,36,211,12,315,23,1*72
$GBGSV,5,2,15,227,68,200,31,228,31,155,39,230,38,304,35,232,34,226,28,3*7C
$GBGSV,5,3,15,233,33,052,41,241,83,098,34,3*7C
$GBGSV,5,4,15,227,68,200,37,228,31,155,34,230,38,304,40,232,34,226,32,5*7E
$GBGSV,5,5,15,233,33,052,33,241,83,098,46,5*7C
$GIGSV,1,1,,,,,,,,,,,,,0.0*4E
$GNGSA,A,3,01,02,03,04,06,09,19,28,31,,,,0.6,0.2,0.6,1*38
$GNGSA,A,3,01,03,04,06,09,28,,,,,,,0.6,0.2,0.6,1*30
$GNGSA,A,3,69,70,83,84,85,,,,,,,,0.6,0.2,0.6,2*32
$GNGSA,A,3,102,104,106,110,111,112,119,128,136,,,,0.6,0.2,0.6,3*05
$GNGSA,A,3,102,106,109,110,111,112,128,136,,,,,0.6,0.2,0.6,3*31
$GNGSA,A,3,207,210,227,228,230,232,233,241,,,,,0.6,0.2,0.6,4*38
$GNGSA,A,3,227,228,230,232,233,241,,,,,,,0.6,0.2,0.6,4*3E
$GNRMC,135038.000,A,4825.1429,N,00428.4559,W,0.0,125.5,100626,,,A*68
$GNGGA,135039.000,4825.1429,N,00428.4559,W,1,52,0.2,91.6,M,52.0,M,,*67
$GNVTG,125.5,T,,M,0.0,N,0.0,K,A*10
$GPGSV,5,1,15,01,37,119,42,02,12,128,38,03,61,056,40,04,58,160,33,1*62
$GPGSV,5,2,15,06,32,303,28,09,31,195,27,19,45,285,34,28,13,040,30,1*67
$GPGSV,5,3,15,31,18,069,41,1*57
$GPGSV,5,4,15,01,37,119,34,03,61,056,44,04,58,160,39,06,32,303,41,8*62
$GPGSV,5,5,15,09,31,195,34,28,13,040,27,8*61
$GQGSV,1,1,,,,,,,,,,,,,0.0*56
$GLGSV,2,1,05,69,80,204,35,70,27,216,28,83,35,139,38,84,86,328,29,1*79
$GLGSV,2,2,05,85,36,320,33,1*44
$GAGSV,6,1,19,102,13,286,26,104,58,125,36,106,45,165,32,109,25,184,22,7*79
$GAGSV,6,2,19,110,57,106,34,111,84,044,29,112,32,111,35,119,31,048,35,7*7E
$GAGSV,6,3,19,128,51,080,34,136,38,299,30,7*70
$GAGSV,6,4,19,102,13,286,35,104,58,125,43,106,45,165,42,109,25,184,38,1*76
$GAGSV,6,5,19,110,57,106,43,111,84,044,41,112,32,111,34,128,51,080,37,1*72
$GAGSV,6,6,19,136,38,299,42,1*76
$GBGSV,5,1,14,207,16,042,34,210,16,054,36,211,12,315,23,1*73
$GBGSV,5,2,14,227,68,200,31,228,31,155,39,230,38,304,35,232,34,226,28,3*7D
$GBGSV,5,3,14,233,33,052,41,241,83,098,34,3*7D
$GBGSV,5,4,14,227,68,200,37,228,31,155,34,230,38,304,40,232,34,226,32,5*7F
$GBGSV,5,5,14,241,83,098,46,5*78
$GIGSV,1,1,,,,,,,,,,,,,0.0*4E
$GNGSA,A,3,01,02,03,04,06,09,19,28,31,,,,0.6,0.2,0.4,1*3A
$GNGSA,A,3,01,03,04,06,09,28,,,,,,,0.6,0.2,0.4,1*32
$GNGSA,A,3,69,70,83,84,85,,,,,,,,0.6,0.2,0.4,2*30
$GNGSA,A,3,102,104,106,110,111,112,119,128,136,,,,0.6,0.2,0.4,3*07
$GNGSA,A,3,102,104,106,109,110,111,112,128,136,,,,0.6,0.2,0.4,3*06
$GNGSA,A,3,207,210,211,227,228,230,232,233,241,,,,0.6,0.2,0.4,4*08
$GNGSA,A,3,227,228,230,232,241,,,,,,,,0.6,0.2,0.4,4*0E
$GNRMC,135039.000,A,4825.1429,N,00428.4559,W,0.0,125.5,100626,,,A*69
$GNGGA,135040.000,4825.1429,N,00428.4559,W,1,51,0.2,91.6,M,52.0,M,,*6A
$GNVTG,125.5,T,,M,0.0,N,0.0,K,A*10
$GPGSV,5,1,15,01,37,119,42,02,12,128,38,03,61,056,40,04,58,160,33,1*62
$GPGSV,5,2,15,06,32,303,28,09,31,195,26,19,45,285,34,28,13,040,30,1*66
$GPGSV,5,3,15,31,18,069,41,1*57
$GPGSV,5,4,15,01,37,119,34,03,61,056,44,04,58,160,39,06,32,303,41,8*62
$GPGSV,5,5,15,09,31,195,34,28,13,040,27,8*61
$GQGSV,1,1,,,,,,,,,,,,,0.0*56
$GLGSV,2,1,05,69,80,204,35,70,27,216,28,83,35,139,38,84,86,328,29,1*79
$GLGSV,2,2,05,85,36,320,33,1*44
$GAGSV,5,1,18,102,13,286,26,104,58,125,36,106,45,165,32,109,25,184,22,7*7B
$GAGSV,5,2,18,110,57,106,34,111,84,044,29,112,32,111,35,119,31,048,35,7*7C
$GAGSV,5,3,18,128,51,080,34,136,38,299,30,7*72
$GAGSV,5,4,18,102,13,286,36,104,58,125,43,106,45,165,42,109,25,184,38,1*77
$GAGSV,5,5,18,110,57,106,43,111,84,044,41,112,32,111,34,128,51,080,37,1*70
$GBGSV,5,1,15,207,16,042,34,210,16,054,36,211,12,315,23,1*72
$GBGSV,5,2,15,227,68,200,31,228,31,155,39,230,38,304,35,232,34,226,27,3*73
$GBGSV,5,3,15,233,33,052,41,241,83,098,34,3*7C
$GBGSV,5,4,15,227,68,200,37,228,31,155,34,230,38,304,40,232,34,226,32,5*7E
$GBGSV,5,5,15,233,33,052,32,241,83,098,46,5*7D
$GIGSV,1,1,,,,,,,,,,,,,0.0*4E
$GNGSA,A,3,01,02,03,04,06,09,19,28,31,,,,0.6,0.2,0.6,1*38
$GNGSA,A,3,01,03,04,06,09,28,,,,,,,0.6,0.2,0.6,1*30
$GNGSA,A,3,69,70,83,84,85,,,,,,,,0.6,0.2,0.6,2*32
$GNGSA,A,3,102,104,106,110,111,112,119,128,136,,,,0.6,0.2,0.6,3*05
$GNGSA,A,3,102,104,106,109,110,111,112,128,,,,,0.6,0.2,0.6,3*30
$GNGSA,A,3,207,210,211,227,228,230,232,233,,,,,0.6,0.2,0.6,4*3D
$GNGSA,A,3,227,228,230,232,233,241,,,,,,,0.6,0.2,0.6,4*3E
$GNRMC,135040.000,A,4825.1429,N,00428.4559,W,0.0,125.5,100626,,,A*67
$GNGGA,135041.000,4825.1429,N,00428.4559,W,1,51,0.2,91.6,M,52.0,M,,*6B
$GNVTG,125.5,T,,M,0.0,N,0.0,K,A*10
$GPGSV,5,1,15,01,37,119,42,02,12,128,38,03,61,056,40,04,58,160,33,1*62
$GPGSV,5,2,15,06,32,303,28,09,31,195,26,19,45,285,34,28,13,040,30,1*66
$GPGSV,5,3,15,31,18,069,41,1*57
$GPGSV,5,4,15,01,37,119,34,03,61,056,44,04,58,160,39,06,32,303,41,8*62
$GPGSV,5,5,15,09,31,195,34,28,13,040,27,8*61
$GQGSV,1,1,,,,,,,,,,,,,0.0*56
$GLGSV,2,1,05,69,80,204,36,70,27,216,28,83,34,139,39,84,86,328,30,1*72
$GLGSV,2,2,05,85,36,320,33,1*44
$GAGSV,5,1,18,102,13,286,26,104,58,125,36,106,45,165,32,109,25,184,22,7*7B
$GAGSV,5,2,18,110,57,106,34,111,84,044,28,112,32,111,35,119,31,048,35,7*7D
$GAGSV,5,3,18,128,51,079,34,136,38,299,30,7*74
$GAGSV,5,4,18,102,13,286,36,104,58,125,43,106,45,165,42,109,25,184,38,1*77
$GAGSV,5,5,18,110,57,106,43,112,32,111,34,119,31,048,32,136,38,299,41,1*75
$GBGSV,5,1,15,207,16,042,34,210,16,054,36,211,12,315,23,1*72
$GBGSV,5,2,15,227,68,200,31,228,31,155,39,230,38,304,35,232,34,226,27,3*73
$GBGSV,5,3,15,233,33,052,41,241,83,098,34,3*7C
$GBGSV,5,4,15,227,68,200,37,228,31,155,34,230,38,304,40,232,34,226,32,5*7E
$GBGSV,5,5,15,233,33,052,32,241,83,098,45,5*7E
$GIGSV,1,1,,,,,,,,,,,,,0.0*4E
$GNGSA,A,3,01,02,03,04,06,09,19,28,31,,,,0.6,0.2,0.6,1*38
$GNGSA,A,3,01,03,04,06,09,28,,,,,,,0.6,0.2,0.6,1*30
$GNGSA,A,3,69,70,83,84,85,,,,,,,,0.6,0.2,0.6,2*32
$GNGSA,A,3,102,104,106,110,111,112,119,128,136,,,,0.6,0.2,0.6,3*05
$GNGSA,A,3,102,104,106,109,110,112,119,136,,,,,0.6,0.2,0.6,3*37
$GNGSA,A,3,207,210,211,227,228,230,232,233,,,,,0.6,0.2,0.6,4*3D
$GNGSA,A,3,227,228,230,232,233,241,,,,,,,0.6,0.2,0.6,4*3E
$GNRMC,135041.000,A,4825.1429,N,00428.4559,W,0.0,125.5,100626,,,A*66
$GNGGA,135042.000,4825.1429,N,00428.4559,W,1,51,0.2,91.6,M,52.0,M,,*68
$GNVTG,125.5,T,,M,0.0,N,0.0,K,A*10
$GPGSV,5,1,15,01,37,119,42,02,12,128,38,03,61,056,40,04,58,160,33,1*62
$GPGSV,5,2,15,06,32,303,29,09,31,195,26,19,45,285,34,28,13,040,30,1*67
$GPGSV,5,3,15,31,18,069,41,1*57
$GPGSV,5,4,15,01,37,119,34,03,61,056,44,04,58,160,39,06,32,303,41,8*62
$GPGSV,5,5,15,09,31,195,35,28,13,040,27,8*60
$GQGSV,1,1,,,,,,,,,,,,,0.0*56
$GLGSV,2,1,05,69,80,204,36,70,27,216,28,83,34,139,39,84,86,328,30,1*72
$GLGSV,2,2,05,85,36,320,33,1*44
$GAGSV,6,1,19,102,13,286,26,104,58,125,36,106,45,165,32,109,25,184,22,7*79
$GAGSV,6,2,19,110,57,106,34,111,84,044,28,112,32,111,35,119,31,048,35,7*7F
$GAGSV,6,3,19,128,51,079,34,136,38,299,30,7*76
$GAGSV,6,4,19,102,13,286,36,104,58,125,43,106,45,165,42,109,25,184,39,1*74
$GAGSV,6,5,19,110,57,106,43,111,84,044,41,112,32,111,34,119,31,048,32,1*77
$GAGSV,6,6,19,128,51,079,37,1*78
$GBGSV,5,1,14,207,16,042,34,210,16,054,36,211,12,315,23,1*73
$GBGSV,5,2,14,227,68,200,31,228,31,155,39,230,38,304,34,232,34,226,28,3*7C
$GBGSV,5,3,14,233,33,052,41,241,83,098,33,3*7A
$GBGSV,5,4,14,227,68,200,37,228,31,155,34,232,34,226,32,233,33,052,32,5*72
$GBGSV,5,5,14,241,83,098,45,5*7B
$GIGSV,1,1,,,,,,,,,,,,,0.0*4E
$GNGSA,A,3,01,02,03,04,06,09,19,28,31,,,,0.6,0.2,0.6,1*38
$GNGSA,A,3,01,03,04,06,09,28,,,,,,,0.6,0.2,0.6,1*30
$GNGSA,A,3,69,70,83,84,85,,,,,,,,0.6,0.2,0.6,2*32
$GNGSA,A,3,102,104,106,110,111,112,119,128,136,,,,0.6,0.2,0.6,3*05
$GNGSA,A,3,102,104,106,109,110,111,112,119,128,,,,0.6,0.2,0.6,3*09
$GNGSA,A,3,207,210,211,227,228,230,232,233,,,,,0.6,0.2,0.6,4*3D
$GNGSA,A,3,227,228,232,233,241,,,,,,,,0.6,0.2,0.6,4*0F
$GNRMC,135042.000,A,4825.1429,N,00428.4559,W,0.0,125.5,100626,,,A*65
$GNGGA,135043.000,4825.1429,N,00428.4559,W,1,50,0.2,91.6,M,52.0,M,,*68
$GNVTG,125.5,T,,M,0.0,N,0.0,K,A*10
$GPGSV,5,1,15,01,37,119,42,02,12,128,38,03,61,056,39,04,58,160,32,1*6D
$GPGSV,5,2,15,06,32,303,29,09,31,195,26,19,45,285,34,28,13,040,30,1*67
$GPGSV,5,3,15,31,18,069,41,1*57
$GPGSV,5,4,15,01,37,119,34,03,61,056,44,04,58,160,39,06,32,303,41,8*62
$GPGSV,5,5,15,09,31,195,35,28,13,040,27,8*60
$GQGSV,1,1,,,,,,,,,,,,,0.0*56
$GLGSV,2,1,05,69,80,204,36,70,27,216,28,83,34,139,39,84,86,328,30,1*72
$GLGSV,2,2,05,85,36,320,33,1*44
$GAGSV,5,1,18,102,13,286,26,104,58,125,36,106,45,165,32,109,25,184,21,7*78
$GAGSV,5,2,18,110,57,106,34,111,84,044,28,112,32,111,35,119,31,048,35,7*7D
$GAGSV,5,3,18,128,51,079,34,136,38,299,30,7*74
$GAGSV,5,4,18,102,13,286,36,106,45,165,42,109,25,184,39,110,57,106,43,1*7D
$GAGSV,5,5,18,111,84,044,41,112,32,111,34,119,31,048,32,136,38,299,41,1*7F
$GBGSV,5,1,15,207,16,042,34,210,16,054,36,211,12,315,23,1*72
$GBGSV,5,2,15,227,68,200,31,228,31,155,39,230,38,304,34,232,34,226,28,3*7D
$GBGSV,5,3,15,233,33,052,41,241,83,098,33,3*7B
$GBGSV,5,4,15,227,68,200,37,228,31,155,34,230,38,304,39,232,34,226,32,5*70
$GBGSV,5,5,15,233,33,052,32,241,83,098,46,5*7D
$GIGSV,1,1,,,,,,,,,,,,,0.0*4E
$GNGSA,A,3,01,02,03,04,06,09,19,28,31,,,,0.6,0.2,0.6,1*38
$GNGSA,A,3,01,03,04,06,09,28,,,,,,,0.6,0.2,0.6,1*30
$GNGSA,A,3,69,83,84,85,,,,,,,,,0.6,0.2,0.6,2*35
$GNGSA,A,3,102,104,106,110,111,112,119,128,136,,,,0.6,0.2,0.6,3*05
$GNGSA,A,3,102,106,109,110,111,112,119,136,,,,,0.6,0.2,0.6,3*33
$GNGSA,A,3,207,210,211,227,228,230,232,233,,,,,0.6,0.2,0.6,4*3D
$GNGSA,A,3,227,228,230,232,233,241,,,,,,,0.6,0.2,0.6,4*3E
$GNRMC,135043.000,A,4825.1429,N,00428.4559,W,0.0,125.5,100626,,,A*64
$GNGGA,135044.000,4825.1429,N,00428.4559,W,1,51,0.2,91.6,M,52.0,M,,*6E
$GNVTG,125.5,T,,M,0.0,N,0.0,K,A*10
$GPGSV,5,1,15,01,37,119,42,02,12,128,38,03,61,056,39,04,58,160,32,1*6D
$GPGSV,5,2,15,06,32,303,30,09,31,195,26,19,45,285,33,28,13,040,30,1*68
$GPGSV,5,3,15,31,18,069,41,1*57
$GPGSV,5,4,15,01,37,119,34,03,61,056,44,04,58,160,39,06,32,303,41,8*62
$GPGSV,5,5,15,09,31,195,35,28,13,040,27,8*60
$GQGSV,1,1,,,,,,,,,,,,,0.0*56
$GLGSV,2,1,05,69,80,204,36,70,27,216,28,83,34,139,39,84,86,328,30,1*72
$GLGSV,2,2,05,85,36,320,33,1*44
$GAGSV,6,1,20,102,13,286,25,104,58,125,36,106,45,165,32,109,25,184,21,7*73
$GAGSV,6,2,20,110,57,106,34,111,84,044,28,112,32,111,35,119,31,048,35,7*75
$GAGSV,6,3,20,128,51,079,34,136,38,299,30,7*7C
$GAGSV,6,4,20,102,13,286,36,104,58,125,44,106,45,165,42,109,25,184,39,1*79
$GAGSV,6,5,20,110,57,106,43,111,84,044,41,112,32,111,34,119,31,048,32,1*7D
$GAGSV,6,6,20,128,51,079,37,136,38,299,41,1*7A
$GBGSV,4,1,13,207,16,042,33,210,16,054,36,211,12,315,23,1*72
$GBGSV,4,2,13,227,68,200,31,228,31,155,39,230,38,304,33,232,34,226,28,3*7D
$GBGSV,4,3,13,233,33,052,41,241,83,098,33,3*7C
$GBGSV,4,4,13,227,68,200,37,228,31,155,35,232,34,226,32,241,83,098,46,5*7E
$GIGSV,1,1,,,,,,,,,,,,,0.0*4E
$GNGSA,A,3,01,02,03,04,06,09,19,28,31,,,,0.6,0.2,0.6,1*38
$GNGSA,A,3,01,03,04,06,09,28,,,,,,,0.6,0.2,0.6,1*30
$GNGSA,A,3,69,70,83,84,85,,,,,,,,0.6,0.2,0.6,2*32
$GNGSA,A,3,102,104,106,110,111,112,119,128,136,,,,0.6,0.2,0.6,3*05
$GNGSA,A,3,102,104,106,109,110,111,112,119,128,136,,,0.6,0.2,0.6,3*3D
$GNGSA,A,3,207,210,211,227,228,230,232,233,,,,,0.6,0.2,0.6,4*3D
$GNGSA,A,3,227,228,232,241,,,,,,,,,0.6,0.2,0.6,4*3D
$GNRMC,135044.000,A,4825.1429,N,00428.4559,W,0.0,125.5,100626,,,A*63
$GNGGA,135045.000,4825.1429,N,00428.4559,W,1,50,0.2,91.6,M,52.0,M,,*6E
$GNVTG,125.5,T,,M,0.0,N,0.0,K,A*10
$GPGSV,5,1,15,01,37,119,42,02,12,128,38,03,61,056,39,04,58,160,32,1*6D
$GPGSV,5,2,15,06,32,303,30,09,31,195,26,19,45,285,33,28,13,040,30,1*68
$GPGSV,5,3,15,31,18,069,41,1*57
$GPGSV,5,4,15,01,37,119,34,03,61,056,44,04,58,160,39,06,32,303,40,8*63
$GPGSV,5,5,15,09,31,195,35,28,13,040,26,8*61
$GQGSV,1,1,,,,,,,,,,,,,0.0*56
$GLGSV,2,1,05,69,80,204,36,70,27,216,28,83,34,139,39,84,86,328,30,1*72
$GLGSV,2,2,05,85,36,320,33,1*44
$GAGSV,6,1,19,102,13,286,25,104,58,125,36,106,45,165,32,109,25,184,21,7*79
$GAGSV,6,2,19,110,57,106,34,111,84,044,28,112,32,111,35,119,31,048,35,7*7F
$GAGSV,6,3,19,128,51,079,34,136,38,299,30,7*76
$GAGSV,6,4,19,102,13,286,36,104,58,125,44,106,45,165,42,110,57,106,43,1*79
$GAGSV,6,5,19,111,84,044,41,112,32,111,33,119,31,048,32,128,51,079,37,1*77
$GAGSV,6,6,19,136,38,299,41,1*75
$GBGSV,5,1,14,207,16,042,33,210,16,054,36,211,12,315,23,1*74
$GBGSV,5,2,14,227,68,200,31,228,31,155,39,230,38,304,33,232,34,226,28,3*7B
$GBGSV,5,3,14,233,33,052,41,241,83,098,33,3*7A
$GBGSV,5,4,14,227,68,200,37,228,31,155,35,230,38,304,39,232,34,226,32,5*70
$GBGSV,5,5,14,233,33,052,33,5*72
$GIGSV,1,1,,,,,,,,,,,,,0.0*4E
$GNGSA,A,3,01,02,03,04,06,09,19,28,31,,,,0.6,0.2,0.6,1*38
$GNGSA,A,3,01,03,04,06,09,28,,,,,,,0.6,0.2,0.6,1*30
$GNGSA,A,3,69,70,83,84,85,,,,,,,,0.6,0.2,0.6,2*32
$GNGSA,A,3,104,106,110,111,112,119,128,136,,,,,0.6,0.2,0.6,3*36
$GNGSA,A,3,102,104,106,110,111,112,119,128,136,,,,0.6,0.2,0.6,3*05
$GNGSA,A,3,207,210,211,227,228,230,232,233,,,,,0.6,0.2,0.6,4*3D
$GNGSA,A,3,227,228,230,232,233,,,,,,,,0.6,0.2,0.6,4*09
$GNRMC,135045.000,A,4825.1429,N,00428.4559,W,0.0,125.5,100626,,,A*62
$GNGGA,135046.000,4825.1429,N,00428.4559,W,1,51,0.2,91.6,M,52.0,M,,*6C
$GNVTG,125.5,T,,M,0.0,N,0.0,K,A*10
$GPGSV,5,1,15,01,37,119,41,02,12,128,38,03,61,056,40,04,58,160,33,1*61
$GPGSV,5,2,15,06,32,303,30,09,31,195,26,19,45,285,33,28,13,040,30,1*68
$GPGSV,5,3,15,31,18,069,41,1*57
$GPGSV,5,4,15,01,37,119,35,03,61,056,45,04,58,160,39,06,32,303,40,8*63
$GPGSV,5,5,15,09,31,195,35,28,13,040,26,8*61
$GQGSV,1,1,,,,,,,,,,,,,0.0*56
$GLGSV,2,1,05,69,80,204,36,70,27,216,28,83,34,139,39,84,86,328,30,1*72
$GLGSV,2,2,05,85,36,320,33,1*44
$GAGSV,5,1,18,102,13,286,25,104,58,125,37,106,45,165,32,109,25,184,21,7*7A
$GAGSV,5,2,18,110,57,106,34,111,84,044,28,112,32,111,35,119,31,048,35,7*7D
$GAGSV,5,3,18,128,51,079,34,136,38,299,30,7*74
$GAGSV,5,4,18,102,13,286,36,104,58,125,44,106,45,165,42,110,57,106,43,1*7B
$GAGSV,5,5,18,112,32,111,33,119,31,048,32,128,51,079,37,136,38,299,41,1*75
$GBGSV,5,1,15,207,16,042,33,210,16,054,36,211,12,315,23,1*75
$GBGSV,5,2,15,227,68,200,31,228,31,155,39,230,38,304,33,232,34,226,28,3*7A
$GBGSV,5,3,15,233,33,052,41,241,83,098,33,3*7B
$GBGSV,5,4,15,227,68,200,37,228,31,155,35,230,38,304,39,232,34,226,32,5*71
$GBGSV,5,5,15,233,33,052,33,241,83,098,46,5*7C
$GIGSV,1,1,,,,,,,,,,,,,0.0*4E
$GNGSA,A,3,01,02,03,04,09,19,28,31,,,,,0.6,0.2,0.6,1*3E
$GNGSA,A,3,01,03,04,06,09,28,,,,,,,0.6,0.2,0.6,1*30
$GNGSA,A,3,69,70,83,84,85,,,,,,,,0.6,0.2,0.6,2*32
$GNGSA,A,3,102,104,106,110,111,112,119,128,136,,,,0.6,0.2,0.6,3*05
$GNGSA,A,3,102,104,106,110,112,119,128,136,,,,,0.6,0.2,0.6,3*34
$GNGSA,A,3,207,210,211,227,228,230,232,233,241,,,,0.6,0.2,0.6,4*0A
$GNGSA,A,3,227,228,230,232,233,241,,,,,,,0.6,0.2,0.6,4*3E
$GNRMC,135046.000,A,4825.1429,N,00428.4559,W,0.0,125.5,100626,,,A*61
$GNGGA,135047.000,4825.1429,N,00428.4559,W,1,51,0.2,91.6,M,52.0,M,,*6D
$GNVTG,125.5,T,,M,0.0,N,0.0,K,A*10
$GPGSV,5,1,15,01,37,119,41,02,12,128,38,03,61,056,40,04,58,160,33,1*61
$GPGSV,5,2,15,06,32,303,30,09,31,195,26,19,45,285,33,28,13,040,30,1*68
$GPGSV,5,3,15,31,18,069,41,1*57
$GPGSV,5,4,15,01,37,119,36,03,61,056,45,04,58,160,39,06,32,303,40,8*60
$GPGSV,5,5,15,09,31,195,35,28,13,040,26,8*61
$GQGSV,1,1,,,,,,,,,,,,,0.0*56
$GLGSV,2,1,05,69,80,204,36,70,27,216,28,83,34,139,39,84,86,328,30,1*72
$GLGSV,2,2,05,85,36,320,33,1*44
$GAGSV,6,1,19,102,13,286,25,104,58,125,37,106,45,165,32,109,25,184,21,7*78
$GAGSV,6,2,19,110,57,106,34,111,84,044,28,112,32,111,35,119,31,048,35,7*7F
$GAGSV,6,3,19,128,51,079,34,136,38,299,30,7*76
$GAGSV,6,4,19,102,13,286,36,104,58,125,43,106,45,165,42,109,25,184,38,1*75
$GAGSV,6,5,19,110,57,106,43,111,84,044,41,112,32,111,32,119,31,048,31,1*72
$GAGSV,6,6,19,128,51,079,37,1*78
$GBGSV,5,1,14,207,16,042,33,210,16,054,36,211,12,315,22,1*75
$GBGSV,5,2,14,227,68,200,31,228,31,155,39,230,38,304,33,232,34,226,28,3*7B
$GBGSV,5,3,14,233,33,052,41,241,83,098,33,3*7A
$GBGSV,5,4,14,227,68,200,37,228,31,155,35,230,38,304,40,232,34,226,32,5*7E
$GBGSV,5,5,14,241,83,098,46,5*78
$GIGSV,1,1,,,,,,,,,,,,,0.0*4E
$GNGSA,A,3,01,02,03,04,06,09,19,28,31,,,,0.6,0.2,0.6,1*38
$GNGSA,A,3,01,03,04,06,09,28,,,,,,,0.6,0.2,0.6,1*30
$GNGSA,A,3,69,70,83,84,85,,,,,,,,0.6,0.2,0.6,2*32
$GNGSA,A,3,104,106,110,111,112,119,128,136,,,,,0.6,0.2,0.6,3*36
$GNGSA,A,3,102,104,106,109,110,111,112,119,128,,,,0.6,0.2,0.6,3*09
$GNGSA,A,3,207,210,211,227,228,230,232,233,241,,,,0.6,0.2,0.6,4*0A
$GNGSA,A,3,227,228,230,232,241,,,,,,,,0.6,0.2,0.6,4*0C
$GNRMC,135047.000,A,4825.1429,N,00428.4559,W,0.0,125.5,100626,,,A*60
$GNGGA,135048.000,4825.1429,N,00428.4559,W,1,51,0.2,91.6,M,52.0,M,,*62
$GNVTG,125.5,T,,M,0.0,N,0.0,K,A*10
$GPGSV,5,1,15,01,37,119,40,02,12,128,38,03,61,056,40,04,58,160,33,1*60
$GPGSV,5,2,15,06,32,303,31,09,31,195,26,19,45,285,33,28,13,040,30,1*69
$GPGSV,5,3,15,31,18,069,41,1*57
$GPGSV,5,4,15,01,37,119,36,03,61,056,45,04,58,160,39,06,32,303,40,8*60
$GPGSV,5,5,15,09,31,195,35,28,13,040,25,8*62
$GQGSV,1,1,,,,,,,,,,,,,0.0*56
$GLGSV,2,1,05,69,80,204,35,70,27,216,28,83,34,139,39,84,86,328,30,1*71
$GLGSV,2,2,05,85,36,320,33,1*44
$GAGSV,6,1,19,102,13,286,25,104,58,125,37,106,45,165,32,109,25,184,21,7*78
$GAGSV,6,2,19,110,57,106,35,111,84,044,28,112,32,111,35,119,31,048,35,7*7E
$GAGSV,6,3,19,128,51,079,34,136,38,299,30,7*76
$GAGSV,6,4,19,102,13,286,36,104,58,125,43,106,45,165,42,109,25,184,38,1*75
$GAGSV,6,5,19,110,57,106,43,111,84,044,41,112,32,111,32,119,31,048,31,1*72
$GAGSV,6,6,19,128,51,079,37,1*78
$GBGSV,5,1,14,207,16,042,33,210,16,054,36,211,12,315,22,1*75
$GBGSV,5,2,14,227,68,200,31,228,31,155,39,230,38,304,33,232,34,226,28,3*7B
$GBGSV,5,3,14,233,33,052,41,241,83,098,33,3*7A
$GBGSV,5,4,14,227,68,200,37,228,31,155,35,230,38,304,40,232,34,226,33,5*7F
$GBGSV,5,5,14,241,83,098,46,5*78
$GIGSV,1,1,,,,,,,,,,,,,0.0*4E
$GNGSA,A,3,01,02,03,04,06,19,28,31,,,,,0.6,0.2,0.6,1*31
$GNGSA,A,3,01,03,04,06,09,28,,,,,,,0.6,0.2,0.6,1*30
$GNGSA,A,3,69,70,83,84,85,,,,,,,,0.6,0.2,0.6,2*32
$GNGSA,A,3,102,104,106,110,111,112,119,128,136,,,,0.6,0.2,0.6,3*05
$GNGSA,A,3,102,104,106,109,110,111,112,119,128,,,,0.6,0.2,0.6,3*09
$GNGSA,A,3,207,210,211,227,228,230,232,233,241,,,,0.6,0.2,0.6,4*0A
$GNGSA,A,3,227,228,230,232,241,,,,,,,,0.6,0.2,0.6,4*0C
$GNRMC,135048.000,A,4825.1429,N,00428.4559,W,0.0,125.5,100626,,,A*6F
$GNGGA,135049.000,4825.1429,N,00428.4559,W,1,49,0.2,91.6,M,52.0,M,,*6A
$GNVTG,125.5,T,,M,0.0,N,0.0,K,A*10
$GPGSV,4,1,13,01,37,119,40,02,12,128,37,03,61,056,40,04,58,160,33,1*68
$GPGSV,4,2,13,06,32,303,31,28,13,040,30,31,18,069,41,1*5B
$GPGSV,4,3,13,01,37,119,36,03,61,056,45,04,58,160,39,06,32,303,40,8*60
$GPGSV,4,4,13,09,31,195,35,28,13,040,25,8*64
$GQGSV,1,1,,,,,,,,,,,,,0.0*56
$GLGSV,2,1,05,69,80,204,35,70,27,216,28,83,34,139,39,84,86,328,30,1*71
$GLGSV,2,2,05,85,36,320,33,1*44
$GAGSV,5,1,18,102,13,286,25,104,58,125,37,106,45,165,32,109,25,184,21,7*7A
$GAGSV,5,2,18,110,57,106,35,111,84,044,28,112,32,111,35,119,31,048,35,7*7C
$GAGSV,5,3,18,128,51,079,34,136,38,299,30,7*74
$GAGSV,5,4,18,102,13,286,36,104,58,125,43,106,45,165,42,109,25,184,38,1*77
$GAGSV,5,5,18,110,57,106,43,112,32,111,32,119,31,048,31,136,38,299,41,1*70
$GBGSV,5,1,15,207,16,042,33,210,16,054,36,211,12,315,22,1*74
$GBGSV,5,2,15,227,68,200,31,228,31,155,39,230,38,304,33,232,34,226,28,3*7A
$GBGSV,5,3,15,233,33,052,41,241,83,098,33,3*7B
$GBGSV,5,4,15,227,68,200,37,228,31,155,35,230,38,304,40,232,34,226,33,5*7E
$GBGSV,5,5,15,233,33,052,33,241,83,098,46,5*7C
$GIGSV,1,1,,,,,,,,,,,,,0.0*4E
$GNGSA,A,3,01,02,03,04,06,28,31,,,,,,0.6,0.2,0.6,1*39
$GNGSA,A,3,01,03,04,06,09,28,,,,,,,0.6,0.2,0.6,1*30
$GNGSA,A,3,69,70,83,84,85,,,,,,,,0.6,0.2,0.6,2*32
$GNGSA,A,3,104,106,110,111,112,119,128,136,,,,,0.6,0.2,0.6,3*36
$GNGSA,A,3,102,104,106,109,110,112,119,136,,,,,0.6,0.2,0.6,3*37
$GNGSA,A,3,207,210,211,227,228,230,232,233,241,,,,0.6,0.2,0.6,4*0A
$GNGSA,A,3,227,228,230,232,233,241,,,,,,,0.6,0.2,0.6,4*3E
$GNRMC,135049.000,A,4825.1429,N,00428.4559,W,0.0,125.5,100626,,,A*6E
$GNGGA,135050.000,4825.1429,N,00428.4559,W,1,50,0.2,91.6,M,52.0,M,,*6A
$GNVTG,125.5,T,,M,0.0,N,0.0,K,A*10
$GPGSV,4,1,13,01,37,119,40,02,12,128,37,03,61,056,40,04,58,160,33,1*68
$GPGSV,4,2,13,06,32,303,31,28,13,040,30,31,18,069,41,1*5B
$GPGSV,4,3,13,01,37,119,36,03,61,056,45,04,58,160,38,06,32,303,40,8*61
$GPGSV,4,4,13,09,31,195,34,28,13,040,25,8*65
$GQGSV,1,1,,,,,,,,,,,,,0.0*56
$GLGSV,2,1,05,69,80,204,35,70,27,216,29,83,34,139,39,84,86,328,30,1*70
$GLGSV,2,2,05,85,36,320,33,1*44
$GAGSV,5,1,18,102,13,286,25,104,58,125,36,106,45,165,32,109,25,184,21,7*7B
$GAGSV,5,2,18,110,57,106,35,111,84,044,28,112,32,111,35,119,31,048,35,7*7C
$GAGSV,5,3,18,128,51,079,34,136,38,299,30,7*74
$GAGSV,5,4,18,102,13,286,36,106,45,165,42,109,25,184,38,110,57,106,43,1*7C
$GAGSV,5,5,18,111,84,044,41,119,31,048,31,128,51,079,37,136,38,299,41,1*7C
$GBGSV,5,1,15,207,16,042,33,210,16,054,36,211,12,315,22,1*74
$GBGSV,5,2,15,227,68,200,31,228,31,155,39,230,38,304,33,232,34,226,28,3*7A
$GBGSV,5,3,15,233,33,052,41,241,83,098,33,3*7B
$GBGSV,5,4,15,227,68,200,37,228,31,155,35,230,38,304,40,232,34,226,33,5*7E
$GBGSV,5,5,15,233,33,052,33,241,83,098,46,5*7C
$GIGSV,1,1,,,,,,,,,,,,,0.0*4E
$GNGSA,A,3,01,02,03,04,06,28,31,,,,,,0.6,0.2,0.6,1*39
$GNGSA,A,3,01,03,04,06,09,28,,,,,,,0.6,0.2,0.6,1*30
$GNGSA,A,3,69,70,83,84,85,,,,,,,,0.6,0.2,0.6,2*32
$GNGSA,A,3,102,104,106,110,111,112,119,128,136,,,,0.6,0.2,0.6,3*05
$GNGSA,A,3,102,106,109,110,111,119,128,136,,,,,0.6,0.2,0.6,3*3A
$GNGSA,A,3,207,210,211,227,228,230,232,233,241,,,,0.6,0.2,0.6,4*0A
$GNGSA,A,3,227,228,230,232,233,241,,,,,,,0.6,0.2,0.6,4*3E
$GNRMC,135050.000,A,4825.1429,N,00428.4559,W,0.0,125.5,100626,,,A*66
$GNGGA,135051.000,4825.1429,N,00428.4559,W,1,47,0.4,91.6,M,52.0,M,,*6B
$GNVTG,125.5,T,,M,0.0,N,0.0,K,A*10
$GPGSV,4,1,14,01,37,119,39,02,12,128,38,03,61,056,40,04,58,160,33,1*6E
$GPGSV,4,2,14,06,32,303,31,09,31,195,22,28,13,040,30,31,18,069,41,1*6A
$GPGSV,4,3,14,01,37,119,36,03,61,056,45,04,58,160,38,06,32,303,40,8*66
$GPGSV,4,4,14,09,31,195,34,28,13,040,26,8*61
$GQGSV,1,1,,,,,,,,,,,,,0.0*56
$GLGSV,2,1,05,69,80,204,35,70,27,216,29,83,34,139,39,84,86,328,30,1*70
$GLGSV,2,2,05,85,36,320,33,1*44
$GAGSV,5,1,18,102,13,286,25,104,58,125,36,106,45,165,33,109,25,184,21,7*7A
$GAGSV,5,2,18,110,57,106,35,111,84,044,28,112,32,111,35,119,31,048,35,7*7C
$GAGSV,5,3,18,128,51,079,35,136,38,299,30,7*75
$GAGSV,5,4,18,102,13,286,36,104,58,125,43,106,45,165,43,109,25,184,38,1*76
$GAGSV,5,5,18,110,57,106,43,112,32,111,30,119,31,048,31,136,38,299,41,1*72
$GBGSV,5,1,15,207,16,042,33,210,16,054,36,211,12,315,22,1*74
$GBGSV,5,2,15,227,68,200,31,228,31,155,39,230,38,304,33,232,34,226,28,3*7A
$GBGSV,5,3,15,233,33,052,41,241,83,098,33,3*7B
$GBGSV,5,4,15,227,68,200,37,228,31,155,34,230,38,304,40,232,34,226,32,5*7E
$GBGSV,5,5,15,233,33,052,33,241,83,098,46,5*7C
$GIGSV,1,1,,,,,,,,,,,,,0.0*4E
$GNGSA,A,3,01,02,03,04,06,28,31,,,,,,0.6,0.4,0.6,1*3F
$GNGSA,A,3,01,03,04,06,09,28,,,,,,,0.6,0.4,0.6,1*36
$GNGSA,A,3,69,70,83,84,85,,,,,,,,0.6,0.4,0.6,2*34
$GNGSA,A,3,104,106,110,111,112,119,128,136,,,,,0.6,0.4,0.6,3*30
$GNGSA,A,3,102,104,106,109,110,112,119,136,,,,,0.6,0.4,0.6,3*31
$GNGSA,A,3,207,210,227,228,230,233,241,,,,,,0.6,0.4,0.6,4*0D
$GNGSA,A,3,227,228,230,232,233,241,,,,,,,0.6,0.4,0.6,4*38
$GNRMC,135051.000,A,4825.1429,N,00428.4559,W,0.0,125.5,100626,,,A*67
$GNGGA,135052.000,4825.1429,N,00428.4559,W,1,50,0.4,91.6,M,52.0,M,,*6E
$GNVTG,125.5,T,,M,0.0,N,0.0,K,A*10
$GPGSV,5,1,15,01,37,119,39,02,12,128,38,03,61,056,40,04,58,160,33,1*6E
$GPGSV,5,2,15,06,32,303,31,09,31,195,22,19,45,285,32,28,13,040,30,1*6C
$GPGSV,5,3,15,31,18,069,41,1*57
$GPGSV,5,4,15,01,37,119,37,03,61,056,45,04,58,160,38,06,32,303,40,8*60
$GPGSV,5,5,15,09,31,195,33,28,13,040,27,8*66
$GQGSV,1,1,,,,,,,,,,,,,0.0*56
$GLGSV,2,1,05,69,80,204,35,70,27,216,29,83,34,139,38,84,86,328,30,1*71
$GLGSV,2,2,05,85,36,320,33,1*44
$GAGSV,6,1,19,102,13,286,25,104,58,125,36,106,45,165,33,109,25,184,21,7*78
$GAGSV,6,2,19,110,57,106,35,111,84,044,29,112,32,111,35,119,31,048,35,7*7F
$GAGSV,6,3,19,128,51,079,35,136,38,299,30,7*77
$GAGSV,6,4,19,102,13,286,36,104,58,125,43,106,45,165,43,109,25,184,39,1*75
$GAGSV,6,5,19,110,57,106,43,112,32,111,30,119,31,048,31,128,51,079,37,1*7D
$GAGSV,6,6,19,136,38,299,41,1*75
$GBGSV,5,1,14,207,16,042,33,210,16,054,36,211,12,315,22,1*75
$GBGSV,5,2,14,227,68,200,31,228,31,155,39,230,38,304,33,232,34,226,28,3*7B
$GBGSV,5,3,14,233,33,052,41,241,83,098,33,3*7A
$GBGSV,5,4,14,227,68,200,37,228,31,155,34,232,34,226,32,233,33,052,33,5*73
$GBGSV,5,5,14,241,83,098,46,5*78
$GIGSV,1,1,,,,,,,,,,,,,0.0*4E
$GNGSA,A,3,01,02,03,04,09,19,28,31,,,,,0.6,0.4,0.6,1*38
$GNGSA,A,3,01,03,04,06,09,28,,,,,,,0.6,0.4,0.6,1*36
$GNGSA,A,3,69,70,83,84,85,,,,,,,,0.6,0.4,0.6,2*34
$GNGSA,A,3,104,106,109,110,111,112,119,128,136,,,,0.6,0.4,0.6,3*08
$GNGSA,A,3,102,104,106,109,110,112,119,128,136,,,,0.6,0.4,0.6,3*0A
$GNGSA,A,3,207,210,227,228,230,232,233,241,,,,,0.6,0.4,0.6,4*3E
$GNGSA,A,3,227,228,232,233,241,,,,,,,,0.6,0.4,0.6,4*09
$GNRMC,135052.000,A,4825.1429,N,00428.4559,W,0.0,125.5,100626,,,A*64
$GNGGA,135053.000,4825.1429,N,00428.4559,W,1,50,0.4,91.6,M,52.0,M,,*6F
$GNVTG,125.5,T,,M,0.0,N,0.0,K,A*10
$GPGSV,5,1,15,01,37,119,39,02,12,128,38,03,61,056,40,04,58,160,33,1*6E
$GPGSV,5,2,15,06,32,303,31,09,31,195,21,19,45,285,32,28,13,040,31,1*6E
$GPGSV,5,3,15,31,18,069,41,1*57
$GPGSV,5,4,15,01,37,119,37,03,61,056,46,04,58,160,38,06,32,303,40,8*63
$GPGSV,5,5,15,09,31,195,33,28,13,040,28,8*69
$GQGSV,1,1,,,,,,,,,,,,,0.0*56
$GLGSV,2,1,05,69,80,204,35,70,27,216,29,83,34,139,38,84,86,328,30,1*71
$GLGSV,2,2,05,85,36,320,33,1*44
$GAGSV,5,1,18,102,13,286,24,104,58,125,36,106,45,165,33,109,25,184,21,7*7B
$GAGSV,5,2,18,110,57,106,35,111,84,044,29,112,32,111,35,119,31,048,35,7*7D
$GAGSV,5,3,18,128,51,079,35,136,38,299,30,7*75
$GAGSV,5,4,18,102,13,286,37,104,58,125,43,106,45,165,43,110,57,106,43,1*7C
$GAGSV,5,5,18,111,84,044,41,112,32,111,29,128,51,079,37,136,38,299,41,1*70
$GBGSV,5,1,15,207,16,042,33,210,16,054,36,211,12,315,22,1*74
$GBGSV,5,2,15,227,68,200,31,228,31,155,39,230,38,304,33,232,34,226,29,3*7B
$GBGSV,5,3,15,233,33,052,41,241,83,098,33,3*7B
$GBGSV,5,4,15,227,68,200,37,228,31,155,34,230,38,304,40,232,34,226,31,5*7D
$GBGSV,5,5,15,233,33,052,33,241,83,098,46,5*7C
$GIGSV,1,1,,,,,,,,,,,,,0.0*4E
$GNGSA,A,3,01,02,03,04,06,09,19,28,31,,,,0.6,0.4,0.6,1*3E
$GNGSA,A,3,01,03,04,06,09,28,,,,,,,0.6,0.4,0.6,1*36
$GNGSA,A,3,69,84,85,,,,,,,,,,0.6,0.4,0.6,2*38
$GNGSA,A,3,102,104,106,109,110,111,112,119,128,136,,,0.6,0.4,0.6,3*3B
$GNGSA,A,3,102,104,106,110,111,112,128,136,,,,,0.6,0.4,0.6,3*3A
$GNGSA,A,3,207,210,227,228,230,232,233,241,,,,,0.6,0.4,0.6,4*3E
$GNGSA,A,3,227,228,230,232,233,241,,,,,,,0.6,0.4,0.6,4*38
$GNRMC,135053.000,A,4825.1429,N,00428.4559,W,0.0,125.5,100626,,,A*65
$GNGGA,135054.000,4825.1429,N,00428.4559,W,1,52,0.2,91.6,M,52.0,M,,*6C
$GNVTG,125.5,T,,M,0.0,N,0.0,K,A*10
$GPGSV,5,1,15,01,37,119,38,02,12,128,38,03,61,056,40,04,58,160,34,1*68
$GPGSV,5,2,15,06,32,303,31,09,31,195,21,19,45,285,32,28,13,040,31,1*6E
$GPGSV,5,3,15,31,18,069,41,1*57
$GPGSV,5,4,15,01,37,119,37,03,61,056,46,04,58,160,38,06,32,303,40,8*63
$GPGSV,5,5,15,09,31,195,33,28,13,040,29,8*68
$GQGSV,1,1,,,,,,,,,,,,,0.0*56
$GLGSV,2,1,05,69,80,204,35,70,27,216,29,83,34,139,38,84,86,328,30,1*71
$GLGSV,2,2,05,85,36,320,33,1*44
$GAGSV,5,1,18,102,13,286,24,104,58,125,36,106,45,165,33,109,25,184,22,7*78
$GAGSV,5,2,18,110,57,106,35,111,84,044,29,112,32,111,35,119,31,048,35,7*7D
$GAGSV,5,3,18,128,51,079,35,136,38,299,30,7*75
$GAGSV,5,4,18,102,13,286,37,104,58,125,43,109,25,184,39,110,57,106,43,1*77
$GAGSV,5,5,18,111,84,044,41,119,31,048,31,128,51,079,37,136,38,299,41,1*7C
$GBGSV,5,1,15,207,16,042,33,210,16,054,36,211,12,315,22,1*74
$GBGSV,5,2,15,227,68,200,31,228,31,155,39,230,38,304,33,232,34,226,29,3*7B
$GBGSV,5,3,15,233,33,052,41,241,83,098,33,3*7B
$GBGSV,5,4,15,227,68,200,37,228,31,155,34,230,38,304,40,232,34,226,31,5*7D
$GBGSV,5,5,15,233,33,052,33,241,83,098,46,5*7C
$GIGSV,1,1,,,,,,,,,,,,,0.0*4E
$GNGSA,A,3,01,02,03,04,06,09,19,28,31,,,,0.6,0.2,0.6,1*38
$GNGSA,A,3,01,03,04,06,09,28,,,,,,,0.6,0.2,0.6,1*30
$GNGSA,A,3,69,70,83,84,85,,,,,,,,0.6,0.2,0.6,2*32
$GNGSA,A,3,102,104,106,109,110,111,112,119,128,136,,,0.6,0.2,0.6,3*3D
$GNGSA,A,3,102,104,109,110,111,119,128,136,,,,,0.6,0.2,0.6,3*38
$GNGSA,A,3,207,210,227,228,230,232,233,241,,,,,0.6,0.2,0.6,4*38
$GNGSA,A,3,227,228,230,232,233,241,,,,,,,0.6,0.2,0.6,4*3E
$GNRMC,135054.000,A,4825.1429,N,00428.4559,W,0.0,125.5,100626,,,A*62
$GNGGA,135055.000,4825.1429,N,00428.4559,W,1,51,0.2,91.6,M,52.0,M,,*6E
$GNVTG,125.5,T,,M,0.0,N,0.0,K,A*10
$GPGSV,5,1,15,01,37,119,38,02,12,128,38,03,61,056,40,04,58,160,34,1*68
$GPGSV,5,2,15,06,32,303,31,09,31,195,21,19,45,285,32,28,13,040,31,1*6E
$GPGSV,5,3,15,31,18,069,41,1*57
$GPGSV,5,4,15,01,37,119,37,03,61,056,46,04,58,160,38,06,32,303,40,8*63
$GPGSV,5,5,15,09,31,195,33,28,13,040,29,8*68
$GQGSV,1,1,,,,,,,,,,,,,0.0*56
$GLGSV,2,1,05,69,80,204,35,70,27,216,30,83,34,139,38,84,86,328,30,1*79
$GLGSV,2,2,05,85,36,320,33,1*44
$GAGSV,5,1,18,102,13,286,24,104,58,125,37,106,45,165,34,109,25,184,23,7*7F
$GAGSV,5,2,18,110,57,106,35,111,84,044,29,112,32,111,35,119,31,048,35,7*7D
$GAGSV,5,3,18,128,51,079,35,136,38,299,30,7*75
$GAGSV,5,4,18,102,13,286,37,109,25,184,39,110,57,106,43,111,84,044,41,1*76
$GAGSV,5,5,18,112,32,111,28,119,31,048,31,128,51,079,37,136,38,299,41,1*7C
$GBGSV,5,1,15,207,16,042,33,210,16,054,36,211,12,315,22,1*74
$GBGSV,5,2,15,227,68,200,31,228,31,155,39,230,38,304,33,232,34,226,29,3*7B
$GBGSV,5,3,15,233,33,052,41,241,83,098,33,3*7B
$GBGSV,5,4,15,227,68,200,37,228,31,155,34,230,38,304,40,232,34,226,31,5*7D
$GBGSV,5,5,15,233,33,052,33,241,83,098,46,5*7C
$GIGSV,1,1,,,,,,,,,,,,,0.0*4E
$GNGSA,A,3,01,02,03,04,06,19,28,31,,,,,0.6,0.2,0.4,1*33
$GNGSA,A,3,01,03,04,06,09,28,,,,,,,0.6,0.2,0.4,1*32
$GNGSA,A,3,69,70,84,85,,,,,,,,,0.6,0.2,0.4,2*3B
$GNGSA,A,3,102,104,106,109,110,111,112,119,128,136,,,0.6,0.2,0.4,3*3F
$GNGSA,A,3,102,109,110,111,112,119,128,136,,,,,0.6,0.2,0.4,3*3D
$GNGSA,A,3,207,210,211,227,228,230,232,233,241,,,,0.6,0.2,0.4,4*08
$GNGSA,A,3,227,228,230,232,233,241,,,,,,,0.6,0.2,0.4,4*3C
$GNRMC,135055.000,A,4825.1429,N,00428.4559,W,0.0,125.5,100626,,,A*63
$GNGGA,135056.000,4825.1429,N,00428.4559,W,1,51,0.2,91.6,M,52.0,M,,*6D
$GNVTG,125.5,T,,M,0.0,N,0.0,K,A*10
$GPGSV,5,1,15,01,36,120,38,02,11,128,38,03,61,056,40,04,58,160,34,1*60
$GPGSV,5,2,15,06,32,303,31,09,31,195,21,19,45,285,32,28,13,040,31,1*6E
$GPGSV,5,3,15,31,18,069,41,1*57
$GPGSV,5,4,15,01,36,120,37,03,61,056,46,04,58,160,38,06,32,303,40,8*68
$GPGSV,5,5,15,09,31,195,33,28,13,040,29,8*68
$GQGSV,1,1,,,,,,,,,,,,,0.0*56
$GLGSV,2,1,05,69,81,204,35,70,27,216,30,83,34,139,38,84,86,327,30,1*77
$GLGSV,2,2,05,85,36,320,33,1*44
$GAGSV,5,1,18,102,13,286,24,104,58,125,37,106,45,165,34,109,25,184,23,7*7F
$GAGSV,5,2,18,110,57,106,35,111,84,044,29,112,32,111,35,119,31,048,35,7*7D
$GAGSV,5,3,18,128,51,079,35,136,38,299,30,7*75
$GAGSV,5,4,18,102,13,286,37,104,58,125,43,106,45,165,43,109,25,184,39,1*76
$GAGSV,5,5,18,111,84,044,41,112,32,111,28,128,51,079,37,136,38,299,41,1*71
$GBGSV,5,1,15,207,16,042,33,210,16,054,36,211,12,315,22,1*74
$GBGSV,5,2,15,227,68,200,31,228,31,155,38,230,38,304,33,232,34,226,29,3*7A
$GBGSV,5,3,15,233,33,052,41,241,83,098,33,3*7B
$GBGSV,5,4,15,227,68,200,37,228,31,155,34,230,38,304,40,232,34,226,30,5*7C
$GBGSV,5,5,15,233,33,052,33,241,83,098,46,5*7C
$GIGSV,1,1,,,,,,,,,,,,,0.0*4E
$GNGSA,A,3,01,02,03,04,06,19,28,31,,,,,0.6,0.2,0.6,1*31
$GNGSA,A,3,01,03,04,06,09,28,,,,,,,0.6,0.2,0.6,1*30
$GNGSA,A,3,69,70,83,84,85,,,,,,,,0.6,0.2,0.6,2*32
$GNGSA,A,3,102,104,106,109,110,111,112,119,128,136,,,0.6,0.2,0.6,3*3D
$GNGSA,A,3,102,104,106,109,111,112,128,136,,,,,0.6,0.2,0.6,3*34
$GNGSA,A,3,207,210,227,228,230,232,233,241,,,,,0.6,0.2,0.6,4*38
$GNGSA,A,3,227,228,230,232,233,241,,,,,,,0.6,0.2,0.6,4*3E
$GNRMC,135056.000,A,4825.1429,N,00428.4559,W,0.0,125.5,100626,,,A*60
$GNGGA,135057.000,4825.1429,N,00428.4559,W,1,51,0.2,91.6,M,52.0,M,,*6C
$GNVTG,125.5,T,,M,0.0,N,0.0,K,A*10
$GPGSV,5,1,15,01,36,120,38,02,11,128,38,03,61,056,40,04,58,160,34,1*60
$GPGSV,5,2,15,06,32,303,31,09,31,195,21,19,45,285,32,28,13,040,31,1*6E
$GPGSV,5,3,15,31,18,069,41,1*57
$GPGSV,5,4,15,01,36,120,38,03,61,056,46,04,58,160,38,06,32,303,40,8*67
$GPGSV,5,5,15,09,31,195,33,28,13,040,30,8*60
$GQGSV,1,1,,,,,,,,,,,,,0.0*56
$GLGSV,2,1,05,69,81,204,35,70,27,216,30,83,34,139,38,84,86,327,30,1*77
$GLGSV,2,2,05,85,36,320,33,1*44
$GAGSV,5,1,18,102,13,286,24,104,58,125,37,106,45,165,34,109,25,184,23,7*7F
$GAGSV,5,2,18,110,57,106,35,111,84,044,29,112,32,111,35,119,30,048,35,7*7C
$GAGSV,5,3,18,128,51,079,35,136,38,299,30,7*75
$GAGSV,5,4,18,102,13,286,37,104,58,125,43,109,25,184,39,111,84,044,41,1*7D
$GAGSV,5,5,18,112,32,111,28,119,30,048,31,128,51,079,37,136,38,299,41,1*7D
$GBGSV,5,1,15,207,16,042,33,210,16,054,36,211,12,315,22,1*74
$GBGSV,5,2,15,227,68,200,30,228,31,155,38,230,38,304,33,232,34,226,29,3*7B
$GBGSV,5,3,15,233,33,052,41,241,83,098,33,3*7B
$GBGSV,5,4,15,227,68,200,37,228,31,155,34,230,38,304,40,232,34,226,30,5*7C
$GBGSV,5,5,15,233,33,052,34,241,83,098,46,5*7B
$GIGSV,1,1,,,,,,,,,,,,,0.0*4E
$GNGSA,A,3,01,02,03,04,06,19,28,31,,,,,0.6,0.2,0.6,1*31
$GNGSA,A,3,01,03,04,06,09,28,,,,,,,0.6,0.2,0.6,1*30
$GNGSA,A,3,69,70,83,84,85,,,,,,,,0.6,0.2,0.6,2*32
$GNGSA,A,3,102,104,106,109,110,111,112,119,128,136,,,0.6,0.2,0.6,3*3D
$GNGSA,A,3,102,104,109,111,112,119,128,136,,,,,0.6,0.2,0.6,3*3A
$GNGSA,A,3,207,210,227,228,230,232,233,241,,,,,0.6,0.2,0.6,4*38
$GNGSA,A,3,227,228,230,232,233,241,,,,,,,0.6,0.2,0.6,4*3E
$GNRMC,135057.000,A,4825.1429,N,00428.4559,W,0.0,125.5,100626,,,A*61
$GNGGA,135058.000,4825.1429,N,00428.4559,W,1,51,0.2,91.6,M,52.0,M,,*63
$GNVTG,125.5,T,,M,0.0,N,0.0,K,A*10
$GPGSV,5,1,15,01,36,120,37,02,11,128,38,03,61,056,40,04,58,160,34,1*6F
$GPGSV,5,2,15,06,32,303,31,09,31,195,21,19,45,285,32,28,13,040,31,1*6E
$GPGSV,5,3,15,31,18,069,41,1*57
$GPGSV,5,4,15,01,36,120,38,03,61,056,46,04,58,160,38,06,32,303,40,8*67
$GPGSV,5,5,15,09,31,195,33,28,13,040,30,8*60
$GQGSV,1,1,,,,,,,,,,,,,0.0*56
$GLGSV,2,1,05,69,81,204,35,70,27,216,30,83,34,139,38,84,86,327,30,1*77
$GLGSV,2,2,05,85,36,320,33,1*44
$GAGSV,6,1,19,102,13,286,24,104,58,125,37,106,45,165,34,109,25,184,23,7*7D
$GAGSV,6,2,19,110,57,106,35,111,84,044,29,112,32,111,35,119,30,048,35,7*7E
$GAGSV,6,3,19,128,51,079,35,136,38,299,30,7*77
$GAGSV,6,4,19,102,13,286,37,104,58,125,43,106,45,165,43,109,25,184,39,1*74
$GAGSV,6,5,19,110,57,106,42,111,84,044,41,112,32,111,28,128,51,079,37,1*78
$GAGSV,6,6,19,136,38,299,41,1*75
$GBGSV,5,1,14,207,16,042,33,210,16,054,36,211,12,315,21,1*76
$GBGSV,5,2,14,227,68,200,30,228,31,155,38,230,38,304,33,232,34,226,29,3*7A
$GBGSV,5,3,14,233,33,052,41,241,83,098,33,3*7A
$GBGSV,5,4,14,228,31,155,34,230,38,304,40,232,34,226,30,233,33,052,34,5*70
$GBGSV,5,5,14,241,83,098,46,5*78
$GIGSV,1,1,,,,,,,,,,,,,0.0*4E
$GNGSA,A,3,01,02,03,04,06,19,28,31,,,,,0.6,0.2,0.6,1*31
$GNGSA,A,3,01,03,04,06,09,28,,,,,,,0.6,0.2,0.6,1*30
$GNGSA,A,3,69,70,83,84,85,,,,,,,,0.6,0.2,0.6,2*32
$GNGSA,A,3,102,104,106,109,110,111,112,119,128,136,,,0.6,0.2,0.6,3*3D
$GNGSA,A,3,102,104,106,109,110,111,112,128,136,,,,0.6,0.2,0.6,3*04
$GNGSA,A,3,207,210,227,228,230,232,233,241,,,,,0.6,0.2,0.6,4*38
$GNGSA,A,3,228,230,232,233,241,,,,,,,,0.6,0.2,0.6,4*09
$GNRMC,135058.000,A,4825.1429,N,00428.4559,W,0.0,125.5,100626,,,A*6E
$GNGGA,135059.000,4825.1429,N,00428.4559,W,1,52,0.2,91.6,M,52.0,M,,*61
$GNVTG,125.5,T,,M,0.0,N,0.0,K,A*10
$GPGSV,5,1,15,01,36,120,37,02,11,128,38,03,61,056,40,04,58,160,34,1*6F
$GPGSV,5,2,15,06,33,303,32,09,31,195,20,19,45,285,32,28,13,040,31,1*6D
$GPGSV,5,3,15,31,18,069,41,1*57
$GPGSV,5,4,15,01,36,120,38,03,61,056,46,04,58,160,38,06,33,303,40,8*66
$GPGSV,5,5,15,09,31,195,33,28,13,040,30,8*60
$GQGSV,1,1,,,,,,,,,,,,,0.0*56
$GLGSV,2,1,05,69,81,204,35,70,27,216,30,83,34,139,38,84,86,327,30,1*77
$GLGSV,2,2,05,85,36,320,33,1*44
$GAGSV,5,1,18,102,13,286,24,104,58,125,37,106,45,165,34,109,25,184,23,7*7F
$GAGSV,5,2,18,110,57,106,35,111,84,045,29,112,32,111,35,119,30,048,35,7*7D
$GAGSV,5,3,18,128,51,079,36,136,38,299,30,7*76
$GAGSV,5,4,18,102,13,286,37,104,58,125,43,106,45,165,43,109,25,184,39,1*76
$GAGSV,5,5,18,111,84,045,41,112,32,111,27,128,51,079,37,136,38,299,41,1*7F
$GBGSV,5,1,15,207,16,042,33,210,16,054,36,211,12,315,21,1*77
$GBGSV,5,2,15,227,68,200,30,228,31,155,38,230,38,304,33,232,34,226,29,3*7B
$GBGSV,5,3,15,233,33,052,41,241,83,098,33,3*7B
$GBGSV,5,4,15,227,68,200,37,228,31,155,34,230,38,304,40,232,34,226,30,5*7C
$GBGSV,5,5,15,233,33,052,34,241,83,098,46,5*7B
$GIGSV,1,1,,,,,,,,,,,,,0.0*4E
$GNGSA,A,3,01,02,03,04,06,09,19,28,31,,,,0.6,0.2,0.6,1*38
$GNGSA,A,3,01,03,04,06,09,28,,,,,,,0.6,0.2,0.6,1*30
$GNGSA,A,3,69,70,83,84,85,,,,,,,,0.6,0.2,0.6,2*32
$GNGSA,A,3,102,104,106,109,110,111,112,119,128,136,,,0.6,0.2,0.6,3*3D
$GNGSA,A,3,102,104,106,109,111,112,128,136,,,,,0.6,0.2,0.6,3*34
$GNGSA,A,3,207,210,227,228,230,232,233,241,,,,,0.6,0.2,0.6,4*38
$GNGSA,A,3,227,228,230,232,233,241,,,,,,,0.6,0.2,0.6,4*3E
$GNRMC,135059.000,A,4825.1429,N,00428.4559,W,0.0,125.5,100626,,,A*6F
$GNGGA,135100.000,4825.1429,N,00428.4559,W,1,51,0.2,91.6,M,52.0,M,,*6F
$GNVTG,125.5,T,,M,0.0,N,0.0,K,A*10
$GPGSV,5,1,15,01,36,120,37,02,11,128,38,03,61,056,40,04,58,160,34,1*6F
$GPGSV,5,2,15,06,33,303,32,09,31,195,20,19,45,285,32,28,13,040,31,1*6D
$GPGSV,5,3,15,31,18,069,42,1*54
$GPGSV,5,4,15,01,36,120,38,03,61,056,46,04,58,160,38,06,33,303,40,8*66
$GPGSV,5,5,15,09,31,195,32,28,13,040,30,8*61
$GQGSV,1,1,,,,,,,,,,,,,0.0*56
$GLGSV,2,1,05,69,81,204,35,70,27,216,30,83,34,139,38,84,86,327,30,1*77
$GLGSV,2,2,05,85,36,320,33,1*44
$GAGSV,5,1,18,102,13,286,24,104,58,125,37,106,45,165,34,109,25,184,23,7*7F
$GAGSV,5,2,18,110,57,106,35,111,84,045,29,112,32,111,35,119,30,048,35,7*7D
$GAGSV,5,3,18,128,51,079,36,136,38,299,29,7*7E
$GAGSV,5,4,18,102,13,286,37,106,45,165,43,109,25,184,39,110,57,106,42,1*7C
$GAGSV,5,5,18,111,84,045,41,112,32,111,27,119,30,048,31,136,38,299,41,1*7E
$GBGSV,5,1,15,207,16,042,33,210,16,054,36,211,12,315,21,1*77
$GBGSV,5,2,15,227,68,200,29,228,31,155,38,230,38,304,33,232,34,226,29,3*73
$GBGSV,5,3,15,233,33,052,41,241,83,098,33,3*7B
$GBGSV,5,4,15,227,68,200,37,228,31,155,34,230,38,304,40,232,34,226,30,5*7C
$GBGSV,5,5,15,233,33,052,33,241,83,098,46,5*7C
$GIGSV,1,1,,,,,,,,,,,,,0.0*4E
$GNGSA,A,3,01,02,03,04,06,09,19,28,31,,,,0.6,0.2,0.6,1*38
$GNGSA,A,3,01,03,04,06,09,28,,,,,,,0.6,0.2,0.6,1*30
$GNGSA,A,3,69,70,83,84,85,,,,,,,,0.6,0.2,0.6,2*32
$GNGSA,A,3,102,104,106,110,111,112,119,128,136,,,,0.6,0.2,0.6,3*05
$GNGSA,A,3,102,106,109,110,111,112,119,136,,,,,0.6,0.2,0.6,3*33
$GNGSA,A,3,207,210,227,228,230,232,233,241,,,,,0.6,0.2,0.6,4*38
$GNGSA,A,3,227,228,230,232,233,241,,,,,,,0.6,0.2,0.6,4*3E
$GNRMC,135100.000,A,4825.1429,N,00428.4559,W,0.0,125.5,100626,,,A*62
$GNGGA,135101.000,4825.1429,N,00428.4559,W,1,51,0.4,91.6,M,52.0,M,,*68
$GNVTG,125.5,T,,M,0.0,N,0.0,K,A*10
$GPGSV,5,1,15,01,36,120,36,02,11,128,38,03,61,056,40,04,58,160,34,1*6E
$GPGSV,5,2,15,06,33,303,32,09,31,195,20,19,45,285,33,28,13,040,31,1*6C
$GPGSV,5,3,15,31,18,069,42,1*54
$GPGSV,5,4,15,01,36,120,38,03,61,056,46,04,58,160,38,06,33,303,40,8*66
$GPGSV,5,5,15,09,31,195,32,28,13,040,30,8*61
$GQGSV,1,1,,,,,,,,,,,,,0.0*56
$GLGSV,2,1,05,69,81,204,35,70,27,216,30,83,34,139,38,84,86,327,30,1*77
$GLGSV,2,2,05,85,36,320,33,1*44
$GAGSV,6,1,19,102,13,286,24,104,58,125,37,106,45,165,34,109,25,184,23,7*7D
$GAGSV,6,2,19,110,57,106,35,111,84,045,29,112,32,111,35,119,30,048,35,7*7F
$GAGSV,6,3,19,128,51,079,36,136,38,299,29,7*7C
$GAGSV,6,4,19,102,13,286,37,104,58,125,44,106,45,165,43,110,57,106,42,1*78
$GAGSV,6,5,19,111,84,045,41,112,32,111,28,119,30,048,31,128,51,079,36,1*7F
$GAGSV,6,6,19,136,38,299,41,1*75
$GBGSV,5,1,14,207,16,042,33,210,16,054,37,211,12,315,21,1*77
$GBGSV,5,2,14,227,68,199,29,228,31,155,38,230,38,304,33,232,34,226,29,3*71
$GBGSV,5,3,14,233,33,052,41,241,83,098,33,3*7A
$GBGSV,5,4,14,227,68,199,37,228,31,155,34,230,38,304,40,233,33,052,33,5*7A
$GBGSV,5,5,14,241,83,098,46,5*78
$GIGSV,1,1,,,,,,,,,,,,,0.0*4E
$GNGSA,A,3,01,02,03,04,06,19,28,31,,,,,0.6,0.4,0.6,1*37
$GNGSA,A,3,01,03,04,06,09,28,,,,,,,0.6,0.4,0.6,1*36
$GNGSA,A,3,69,70,83,84,85,,,,,,,,0.6,0.4,0.6,2*34
$GNGSA,A,3,102,104,106,110,111,112,119,128,136,,,,0.6,0.4,0.6,3*03
$GNGSA,A,3,102,104,106,110,111,112,119,128,136,,,,0.6,0.4,0.6,3*03
$GNGSA,A,3,207,210,211,227,228,230,232,233,241,,,,0.6,0.4,0.6,4*0C
$GNGSA,A,3,227,228,230,233,241,,,,,,,,0.6,0.4,0.6,4*0B
$GNRMC,135101.000,A,4825.1429,N,00428.4559,W,0.0,125.5,100626,,,A*63
$GNGGA,135102.000,4825.1429,N,00428.4559,W,1,49,0.4,91.6,M,52.0,M,,*62
$GNVTG,125.5,T,,M,0.0,N,0.0,K,A*10
$GPGSV,5,1,15,01,36,120,36,02,11,128,38,03,61,056,40,04,58,160,34,1*6E
$GPGSV,5,2,15,06,33,303,32,09,31,195,20,19,45,285,33,28,13,040,31,1*6C
$GPGSV,5,3,15,31,18,069,42,1*54
$GPGSV,5,4,15,01,36,120,38,03,61,056,46,04,58,160,38,06,33,303,40,8*66
$GPGSV,5,5,15,09,31,195,32,28,13,040,30,8*61
$GQGSV,1,1,,,,,,,,,,,,,0.0*56
$GLGSV,2,1,05,69,81,204,35,70,27,216,30,83,34,139,37,84,86,327,30,1*78
$GLGSV,2,2,05,85,36,320,33,1*44
$GAGSV,6,1,19,102,13,286,24,104,58,125,37,106,45,165,34,109,25,184,23,7*7D
$GAGSV,6,2,19,110,57,106,35,111,84,045,29,112,32,111,36,119,30,048,35,7*7C
$GAGSV,6,3,19,128,51,079,36,136,38,299,30,7*74
$GAGSV,6,4,19,102,13,286,37,104,58,125,44,106,45,165,43,109,25,184,39,1*73
$GAGSV,6,5,19,110,57,106,42,111,84,045,41,112,32,111,28,119,30,048,31,1*78
$GAGSV,6,6,19,136,38,299,41,1*75
$GBGSV,5,1,14,207,16,042,33,210,16,054,37,211,12,315,21,1*77
$GBGSV,5,2,14,227,68,199,28,228,31,155,38,230,38,304,33,232,34,226,28,3*71
$GBGSV,5,3,14,233,33,052,41,241,83,098,33,3*7A
$GBGSV,5,4,14,227,68,199,37,228,31,155,33,230,38,304,40,232,34,226,30,5*79
$GBGSV,5,5,14,233,33,052,33,5*72
$GIGSV,1,1,,,,,,,,,,,,,0.0*4E
$GNGSA,A,3,01,02,03,04,06,19,28,31,,,,,0.6,0.4,0.6,1*37
$GNGSA,A,3,01,03,04,06,09,28,,,,,,,0.6,0.4,0.6,1*36
$GNGSA,A,3,69,70,83,84,85,,,,,,,,0.6,0.4,0.6,2*34
$GNGSA,A,3,104,106,110,111,112,119,128,136,,,,,0.6,0.4,0.6,3*30
$GNGSA,A,3,102,104,106,109,110,111,112,119,136,,,,0.6,0.4,0.6,3*00
$GNGSA,A,3,207,210,227,228,230,232,233,241,,,,,0.6,0.4,0.6,4*3E
$GNGSA,A,3,227,228,230,232,233,,,,,,,,0.6,0.4,0.6,4*0F
$GNRMC,135102.000,A,4825.1429,N,00428.4559,W,0.0,125.5,100626,,,A*60
$GNGGA,135103.000,4825.1429,N,00428.4559,W,1,50,0.2,91.6,M,52.0,M,,*6D
$GNVTG,125.5,T,,M,0.0,N,0.0,K,A*10
$GPGSV,5,1,15,01,36,120,36,02,11,128,38,03,61,056,40,04,58,160,34,1*6E
$GPGSV,5,2,15,06,33,303,32,09,31,195,20,19,45,285,33,28,13,040,31,1*6C
$GPGSV,5,3,15,31,18,069,42,1*54
$GPGSV,5,4,15,01,36,120,38,03,61,056,46,04,58,160,37,06,33,303,39,8*67
$GPGSV,5,5,15,09,31,195,32,28,13,040,30,8*61
$GQGSV,1,1,,,,,,,,,,,,,0.0*56
$GLGSV,2,1,05,69,81,204,35,70,27,216,29,83,34,139,37,84,86,327,30,1*70
$GLGSV,2,2,05,85,36,320,33,1*44
$GAGSV,5,1,18,102,13,286,24,104,58,125,37,106,45,165,34,109,25,184,23,7*7F
$GAGSV,5,2,18,110,57,106,35,111,84,045,29,112,32,111,36,119,30,048,35,7*7E
$GAGSV,5,3,18,128,51,079,36,136,38,299,30,7*76
$GAGSV,5,4,18,102,13,286,37,104,58,125,44,106,45,165,43,109,25,184,39,1*71
$GAGSV,5,5,18,110,57,106,42,112,32,111,28,119,30,048,31,136,38,299,41,1*7B
$GBGSV,5,1,15,207,16,042,33,210,16,054,37,211,12,315,21,1*76
$GBGSV,5,2,15,227,68,199,28,228,31,155,38,230,38,304,33,232,34,226,28,3*70
$GBGSV,5,3,15,233,33,052,41,241,83,098,32,3*7A
$GBGSV,5,4,15,227,68,199,37,228,31,155,33,230,38,304,40,232,34,226,32,5*7A
$GBGSV,5,5,15,233,33,052,33,241,83,098,46,5*7C
$GIGSV,1,1,,,,,,,,,,,,,0.0*4E
$GNGSA,A,3,01,02,03,04,06,19,28,31,,,,,0.6,0.2,0.6,1*31
$GNGSA,A,3,01,03,04,06,09,28,,,,,,,0.6,0.2,0.6,1*30
$GNGSA,A,3,69,70,83,84,85,,,,,,,,0.6,0.2,0.6,2*32
$GNGSA,A,3,104,106,110,111,112,119,128,136,,,,,0.6,0.2,0.6,3*36
$GNGSA,A,3,102,104,106,109,110,112,119,136,,,,,0.6,0.2,0.6,3*37
$GNGSA,A,3,207,210,211,227,228,230,232,233,241,,,,0.6,0.2,0.6,4*0A
$GNGSA,A,3,227,228,230,232,233,241,,,,,,,0.6,0.2,0.6,4*3E
$GNRMC,135103.000,A,4825.1429,N,00428.4559,W,0.0,125.5,100626,,,A*61
$GNGGA,135104.000,4825.1429,N,00428.4559,W,1,51,0.2,91.6,M,52.0,M,,*6B
$GNVTG,125.5,T,,M,0.0,N,0.0,K,A*10
$GPGSV,5,1,15,01,36,120,35,02,11,128,38,03,61,056,40,04,58,160,34,1*6D
$GPGSV,5,2,15,06,33,303,32,09,31,195,20,19,45,285,33,28,13,040,31,1*6C
$GPGSV,5,3,15,31,18,069,42,1*54
$GPGSV,5,4,15,01,36,120,38,03,61,056,46,04,58,160,37,06,33,303,39,8*67
$GPGSV,5,5,15,09,31,195,32,28,13,040,30,8*61
$GQGSV,1,1,,,,,,,,,,,,,0.0*56
$GLGSV,2,1,05,69,81,204,35,70,27,216,29,83,34,139,36,84,86,327,30,1*71
$GLGSV,2,2,05,85,36,320,33,1*44
$GAGSV,5,1,18,102,13,286,23,104,58,125,37,106,45,165,34,109,25,184,23,7*78
$GAGSV,5,2,18,110,56,106,35,111,84,045,29,112,32,111,36,119,30,048,35,7*7F
$GAGSV,5,3,18,128,51,079,36,136,38,299,30,7*76
$GAGSV,5,4,18,102,13,286,37,104,58,125,44,109,25,184,39,110,56,106,42,1*70
$GAGSV,5,5,18,111,84,045,41,119,30,048,31,128,51,079,35,136,38,299,41,1*7E
$GBGSV,5,1,15,207,16,042,33,210,16,054,37,211,12,315,21,1*76
$GBGSV,5,2,15,227,68,199,28,228,31,155,38,230,38,304,33,232,34,226,28,3*70
$GBGSV,5,3,15,233,33,052,41,241,83,098,32,3*7A
$GBGSV,5,4,15,227,68,199,38,228,31,155,33,230,38,304,40,232,34,226,33,5*74
$GBGSV,5,5,15,233,33,052,33,241,83,098,46,5*7C
$GIGSV,1,1,,,,,,,,,,,,,0.0*4E
$GNGSA,A,3,01,02,03,04,06,09,19,28,31,,,,0.6,0.2,0.6,1*38
$GNGSA,A,3,01,03,04,06,09,28,,,,,,,0.6,0.2,0.6,1*30
$GNGSA,A,3,69,70,83,84,85,,,,,,,,0.6,0.2,0.6,2*32
$GNGSA,A,3,104,106,110,111,112,119,128,136,,,,,0.6,0.2,0.6,3*36
$GNGSA,A,3,102,104,109,110,111,119,128,136,,,,,0.6,0.2,0.6,3*38
$GNGSA,A,3,207,210,211,227,228,230,232,233,241,,,,0.6,0.2,0.6,4*0A
$GNGSA,A,3,227,228,230,232,233,241,,,,,,,0.6,0.2,0.6,4*3E
$GNRMC,135104.000,A,4825.1429,N,00428.4559,W,0.0,125.5,100626,,,A*66
$GNGGA,135105.000,4825.1429,N,00428.4559,W,1,50,0.2,91.6,M,52.0,M,,*6B
$GNVTG,125.5,T,,M,0.0,N,0.0,K,A*10
$GPGSV,5,1,15,01,36,120,35,02,11,128,38,03,61,056,40,04,58,160,34,1*6D
$GPGSV,5,2,15,06,33,303,32,09,31,195,20,19,45,285,32,28,13,040,31,1*6D
$GPGSV,5,3,15,31,18,069,42,1*54
$GPGSV,5,4,15,01,36,120,38,03,61,056,46,04,58,160,37,06,33,303,39,8*67
$GPGSV,5,5,15,09,31,195,33,28,13,040,30,8*60
$GQGSV,1,1,,,,,,,,,,,,,0.0*56
$GLGSV,2,1,05,69,81,204,35,70,27,216,29,83,34,139,35,84,86,327,30,1*72
$GLGSV,2,2,05,85,36,320,33,1*44
$GAGSV,6,1,19,102,13,286,23,104,58,125,37,106,45,165,34,109,25,184,22,7*7B
$GAGSV,6,2,19,110,56,106,35,111,84,045,30,112,32,111,36,119,30,048,35,7*75
$GAGSV,6,3,19,128,51,079,36,136,38,299,30,7*74
$GAGSV,6,4,19,102,13,286,37,104,58,125,44,106,45,165,43,109,25,184,38,1*72
$GAGSV,6,5,19,110,56,106,42,111,84,045,41,112,32,111,27,119,30,048,31,1*76
$GAGSV,6,6,19,136,38,299,41,1*75
$GBGSV,5,1,14,207,16,042,33,210,16,054,37,211,12,315,21,1*77
$GBGSV,5,2,14,227,68,199,28,228,31,155,38,230,38,304,33,232,34,226,28,3*71
$GBGSV,5,3,14,233,33,052,41,241,83,098,32,3*7B
$GBGSV,5,4,14,227,68,199,38,228,31,155,33,230,38,304,40,233,33,052,33,5*72
$GBGSV,5,5,14,241,83,098,46,5*78
$GIGSV,1,1,,,,,,,,,,,,,0.0*4E
$GNGSA,A,3,01,02,03,04,06,09,19,31,,,,,0.6,0.2,0.6,1*32
$GNGSA,A,3,01,03,04,06,09,28,,,,,,,0.6,0.2,0.6,1*30
$GNGSA,A,3,69,70,83,84,85,,,,,,,,0.6,0.2,0.6,2*32
$GNGSA,A,3,102,104,106,110,111,112,119,128,136,,,,0.6,0.2,0.6,3*05
$GNGSA,A,3,102,104,106,109,110,111,112,119,136,,,,0.6,0.2,0.6,3*06
$GNGSA,A,3,207,210,227,228,230,232,233,241,,,,,0.6,0.2,0.6,4*38
$GNGSA,A,3,227,228,230,233,241,,,,,,,,0.6,0.2,0.6,4*0D
$GNRMC,135105.000,A,4825.1429,N,00428.4559,W,0.0,125.5,100626,,,A*67
$GNGGA,135106.000,4825.1429,N,00428.4559,W,1,48,0.4,91.6,M,52.0,M,,*67
$GNVTG,125.5,T,,M,0.0,N,0.0,K,A*10
$GPGSV,5,1,15,01,36,120,35,02,11,128,38,03,61,056,40,04,58,160,34,1*6D
$GPGSV,5,2,15,06,33,303,32,09,31,195,21,19,45,285,32,28,13,040,31,1*6C
$GPGSV,5,3,15,31,18,069,42,1*54
$GPGSV,5,4,15,01,36,120,38,03,61,056,46,04,58,160,37,06,33,303,39,8*67
$GPGSV,5,5,15,09,31,195,33,28,13,040,30,8*60
$GQGSV,1,1,,,,,,,,,,,,,0.0*56
$GLGSV,2,1,05,69,81,204,35,70,27,216,29,83,34,139,35,84,86,327,30,1*72
$GLGSV,2,2,05,85,36,320,33,1*44
$GAGSV,6,1,19,102,13,286,23,104,58,125,37,106,45,165,34,109,25,184,22,7*7B
$GAGSV,6,2,19,110,56,106,35,111,84,045,30,112,32,111,36,119,30,048,35,7*75
$GAGSV,6,3,19,128,51,079,36,136,38,299,30,7*74
$GAGSV,6,4,19,102,13,286,37,104,58,125,44,109,25,184,38,110,56,106,42,1*73
$GAGSV,6,5,19,111,84,045,41,112,32,111,27,119,30,048,31,128,51,079,36,1*70
$GAGSV,6,6,19,136,38,299,41,1*75
$GBGSV,5,1,14,207,16,042,34,210,16,054,38,211,12,315,22,1*7C
$GBGSV,5,2,14,227,68,199,28,228,31,155,38,230,38,304,33,232,34,226,28,3*71
$GBGSV,5,3,14,233,33,052,41,241,83,098,32,3*7B
$GBGSV,5,4,14,228,31,155,33,230,38,304,40,232,34,226,33,233,33,052,33,5*73
$GBGSV,5,5,14,241,83,098,46,5*78
$GIGSV,1,1,,,,,,,,,,,,,0.0*4E
$GNGSA,A,3,01,02,03,04,06,19,28,31,,,,,0.6,0.4,0.6,1*37
$GNGSA,A,3,01,03,04,06,09,28,,,,,,,0.6,0.4,0.6,1*36
$GNGSA,A,3,69,83,84,85,,,,,,,,,0.6,0.4,0.6,2*33
$GNGSA,A,3,102,104,106,110,111,112,119,128,136,,,,0.6,0.4,0.6,3*03
$GNGSA,A,3,102,104,109,110,111,112,119,128,136,,,,0.6,0.4,0.6,3*0C
$GNGSA,A,3,207,210,227,228,230,232,233,,,,,,0.6,0.4,0.6,4*09
$GNGSA,A,3,228,230,232,233,241,,,,,,,,0.6,0.4,0.6,4*0F
$GNRMC,135106.000,A,4825.1429,N,00428.4559,W,0.0,125.5,100626,,,A*64
$GNGGA,135107.000,4825.1429,N,00428.4559,W,1,50,0.4,91.6,M,52.0,M,,*6F
$GNVTG,125.5,T,,M,0.0,N,0.0,K,A*10
$GPGSV,5,1,15,01,36,120,35,02,11,128,38,03,61,056,40,04,58,160,34,1*6D
$GPGSV,5,2,15,06,33,303,32,09,31,195,22,19,45,285,32,28,13,040,31,1*6F
$GPGSV,5,3,15,31,18,069,43,1*55
$GPGSV,5,4,15,01,36,120,38,03,61,056,46,04,58,160,37,06,33,303,39,8*67
$GPGSV,5,5,15,09,31,195,34,28,13,040,29,8*6F
$GQGSV,1,1,,,,,,,,,,,,,0.0*56
$GLGSV,2,1,05,69,81,204,35,70,27,216,29,83,34,139,35,84,86,327,30,1*72
$GLGSV,2,2,05,85,36,320,33,1*44
$GAGSV,6,1,19,102,13,286,23,104,58,125,37,106,45,165,34,109,25,184,22,7*7B
$GAGSV,6,2,19,110,56,106,35,111,84,045,30,112,32,111,36,119,30,048,35,7*75
$GAGSV,6,3,19,128,51,079,36,136,38,299,30,7*74
$GAGSV,6,4,19,102,13,286,37,104,58,125,44,106,45,165,43,109,25,184,38,1*72
$GAGSV,6,5,19,110,56,106,41,111,84,045,41,119,30,048,31,128,51,079,36,1*76
$GAGSV,6,6,19,136,38,299,41,1*75
$GBGSV,5,1,14,207,16,042,34,210,16,054,38,211,12,315,22,1*7C
$GBGSV,5,2,14,227,68,199,27,228,31,155,38,230,38,304,33,232,34,226,29,3*7F
$GBGSV,5,3,14,233,33,052,41,241,83,095,32,3*76
$GBGSV,5,4,14,227,68,199,38,228,31,155,33,230,38,304,40,233,33,052,34,5*75
$GBGSV,5,5,14,241,83,095,46,5*75
$GIGSV,1,1,,,,,,,,,,,,,0.0*4E
$GNGSA,A,3,01,02,03,04,06,19,28,31,,,,,0.6,0.4,0.6,1*37
$GNGSA,A,3,01,03,04,06,09,28,,,,,,,0.6,0.4,0.6,1*36
$GNGSA,A,3,69,70,83,84,85,,,,,,,,0.6,0.4,0.6,2*34
$GNGSA,A,3,102,104,106,110,111,112,119,128,136,,,,0.6,0.4,0.6,3*03
$GNGSA,A,3,102,104,106,109,110,111,119,128,136,,,,0.6,0.4,0.6,3*09
$GNGSA,A,3,207,210,227,228,230,232,233,241,,,,,0.6,0.4,0.6,4*3E
$GNGSA,A,3,227,228,230,233,241,,,,,,,,0.6,0.4,0.6,4*0B
$GNRMC,135107.000,A,4825.1429,N,00428.4559,W,0.0,125.5,100626,,,A*65
$GNGGA,135108.000,4825.1429,N,00428.4558,W,1,50,0.2,91.6,M,52.0,M,,*67
$GNVTG,125.5,T,,M,0.0,N,0.0,K,A*10
$GPGSV,5,1,15,01,36,120,34,02,11,128,38,03,61,056,40,04,58,160,34,1*6C
$GPGSV,5,2,15,06,33,303,32,09,31,195,22,19,45,285,32,28,13,040,31,1*6F
$GPGSV,5,3,15,31,18,069,43,1*55
$GPGSV,5,4,15,01,36,120,38,03,61,056,45,04,58,160,37,06,33,303,39,8*64
$GPGSV,5,5,15,09,31,195,35,28,13,040,29,8*6E
$GQGSV,1,1,,,,,,,,,,,,,0.0*56
$GLGSV,2,1,05,69,81,204,35,70,27,216,29,83,34,139,34,84,86,327,30,1*73
$GLGSV,2,2,05,85,36,320,33,1*44
$GAGSV,5,1,18,102,13,286,23,104,58,125,37,106,45,165,34,109,25,184,22,7*79
$GAGSV,5,2,18,110,56,106,35,111,84,045,30,112,32,111,36,119,30,048,35,7*77
$GAGSV,5,3,18,128,51,079,36,136,38,299,30,7*76
$GAGSV,5,4,18,102,13,286,37,104,58,125,44,109,25,184,38,111,84,045,41,1*7A
$GAGSV,5,5,18,112,32,111,27,119,30,048,31,128,51,079,36,136,38,299,41,1*73
$GBGSV,5,1,15,207,16,042,34,210,16,054,38,211,12,315,22,1*7D
$GBGSV,5,2,15,227,68,199,27,228,31,155,38,230,38,304,33,232,34,226,29,3*7E
$GBGSV,5,3,15,233,33,052,41,241,83,095,32,3*77
$GBGSV,5,4,15,227,68,199,38,228,31,155,33,230,38,304,40,232,34,226,34,5*73
$GBGSV,5,5,15,233,33,052,34,241,83,095,46,5*76
$GIGSV,1,1,,,,,,,,,,,,,0.0*4E
$GNGSA,A,3,01,02,03,04,06,19,28,31,,,,,0.6,0.2,0.6,1*31
$GNGSA,A,3,01,03,04,06,09,28,,,,,,,0.6,0.2,0.6,1*30
$GNGSA,A,3,69,70,83,84,85,,,,,,,,0.6,0.2,0.6,2*32
$GNGSA,A,3,102,104,106,110,111,112,119,128,136,,,,0.6,0.2,0.6,3*05
$GNGSA,A,3,102,104,109,111,112,119,128,136,,,,,0.6,0.2,0.6,3*3A
$GNGSA,A,3,207,210,227,228,230,232,233,241,,,,,0.6,0.2,0.6,4*38
$GNGSA,A,3,227,228,230,232,233,241,,,,,,,0.6,0.2,0.6,4*3E
$GNRMC,135108.000,A,4825.1429,N,00428.4558,W,0.0,125.5,100626,,,A*6B
$GNGGA,135109.000,4825.1429,N,00428.4558,W,1,48,0.4,91.6,M,52.0,M,,*69
$GNVTG,125.5,T,,M,0.0,N,0.0,K,A*10
$GPGSV,5,1,15,01,36,120,34,02,11,128,38,03,61,056,40,04,58,160,34,1*6C
$GPGSV,5,2,15,06,33,303,32,09,31,195,23,19,45,285,32,28,13,040,31,1*6E
$GPGSV,5,3,15,31,18,069,43,1*55
$GPGSV,5,4,15,01,36,120,38,03,61,056,45,04,58,160,38,06,33,303,39,8*6B
$GPGSV,5,5,15,09,31,195,35,28,13,040,29,8*6E
$GQGSV,1,1,,,,,,,,,,,,,0.0*56
$GLGSV,2,1,05,69,81,204,35,70,27,216,29,83,34,139,34,84,86,327,30,1*73
$GLGSV,2,2,05,85,36,320,33,1*44
$GAGSV,6,1,19,102,13,286,23,104,58,125,37,106,45,165,34,109,25,184,22,7*7B
$GAGSV,6,2,19,110,56,106,35,111,84,045,30,112,32,111,37,119,30,048,35,7*74
$GAGSV,6,3,19,128,51,079,36,136,38,300,30,7*75
$GAGSV,6,4,19,102,13,286,37,104,58,125,44,106,45,165,43,109,25,184,38,1*72
$GAGSV,6,5,19,110,56,106,41,111,84,045,41,112,32,111,27,128,51,079,36,1*75
$GAGSV,6,6,19,136,38,300,41,1*74
$GBGSV,5,1,14,207,16,042,34,210,16,054,38,211,12,315,22,1*7C
$GBGSV,5,2,14,227,68,199,27,228,31,155,38,230,38,304,33,232,34,226,29,3*7F
$GBGSV,5,3,14,233,33,052,41,241,83,095,32,3*76
$GBGSV,5,4,14,228,31,155,34,230,38,304,39,232,34,226,34,233,33,052,34,5*7A
$GBGSV,5,5,14,241,83,095,46,5*75
$GIGSV,1,1,,,,,,,,,,,,,0.0*4E
$GNGSA,A,3,01,02,03,04,06,19,31,,,,,,0.6,0.4,0.6,1*3D
$GNGSA,A,3,01,03,04,06,09,28,,,,,,,0.6,0.4,0.6,1*36
$GNGSA,A,3,69,70,84,85,,,,,,,,,0.6,0.4,0.6,2*3F
$GNGSA,A,3,102,104,106,110,111,112,119,128,136,,,,0.6,0.4,0.6,3*03
$GNGSA,A,3,102,104,106,109,110,111,112,128,136,,,,0.6,0.4,0.6,3*02
$GNGSA,A,3,207,210,227,228,230,232,233,241,,,,,0.6,0.4,0.6,4*3E
$GNGSA,A,3,228,230,232,233,241,,,,,,,,0.6,0.4,0.6,4*0F
$GNRMC,135109.000,A,4825.1429,N,00428.4558,W,0.0,125.5,100626,,,A*6A
$GNGGA,135110.000,4825.1429,N,00428.4558,W,1,50,0.2,91.6,M,52.0,M,,*6E
$GNVTG,125.5,T,,M,0.0,N,0.0,K,A*10
$GPGSV,5,1,15,01,36,120,34,02,11,128,38,03,61,056,40,04,58,160,34,1*6C
$GPGSV,5,2,15,06,33,303,32,09,31,195,23,19,45,285,32,28,13,040,31,1*6E
$GPGSV,5,3,15,31,18,069,43,1*55
$GPGSV,5,4,15,01,36,120,38,03,61,056,45,04,58,160,38,06,33,303,38,8*6A
$GPGSV,5,5,15,09,31,195,35,28,13,040,29,8*6E
$GQGSV,1,1,,,,,,,,,,,,,0.0*56
$GLGSV,2,1,05,69,81,204,35,70,27,216,29,83,34,139,33,84,86,327,30,1*74
$GLGSV,2,2,05,85,36,320,33,1*44
$GAGSV,6,1,19,102,13,286,23,104,58,125,37,106,45,165,34,109,25,184,22,7*7B
$GAGSV,6,2,19,110,56,106,35,111,84,045,30,112,32,111,37,119,30,048,35,7*74
$GAGSV,6,3,19,128,51,079,36,136,38,300,30,7*75
$GAGSV,6,4,19,102,13,286,37,104,58,125,44,106,45,165,43,109,25,184,38,1*72
$GAGSV,6,5,19,111,84,045,41,112,32,111,27,119,30,048,30,128,51,079,36,1*71
$GAGSV,6,6,19,136,38,300,41,1*74
$GBGSV,5,1,14,207,16,042,34,210,16,054,38,211,12,315,22,1*7C
$GBGSV,5,2,14,227,68,199,27,228,31,155,38,230,38,304,33,232,34,226,30,3*77
$GBGSV,5,3,14,233,33,052,41,241,83,095,32,3*76
$GBGSV,5,4,14,228,31,155,34,230,38,304,39,232,34,226,34,233,33,052,34,5*7A
$GBGSV,5,5,14,241,83,095,46,5*75
$GIGSV,1,1,,,,,,,,,,,,,0.0*4E
$GNGSA,A,3,01,02,03,04,06,19,28,31,,,,,0.6,0.2,0.6,1*31
$GNGSA,A,3,01,03,04,06,09,28,,,,,,,0.6,0.2,0.6,1*30
$GNGSA,A,3,69,70,83,84,85,,,,,,,,0.6,0.2,0.6,2*32
$GNGSA,A,3,102,104,106,109,110,111,112,119,128,136,,,0.6,0.2,0.6,3*3D
$GNGSA,A,3,102,104,106,109,111,112,119,128,136,,,,0.6,0.2,0.6,3*0D
$GNGSA,A,3,207,210,227,228,230,232,233,,,,,,0.6,0.2,0.6,4*0F
$GNGSA,A,3,228,230,232,233,241,,,,,,,,0.6,0.2,0.6,4*09
$GNRMC,135110.000,A,4825.1429,N,00428.4558,W,0.0,125.5,100626,,,A*62
$GNGGA,135111.000,4825.1429,N,00428.4558,W,1,50,0.2,91.6,M,52.0,M,,*6F
$GNVTG,125.5,T,,M,0.0,N,0.0,K,A*10
$GPGSV,5,1,15,01,36,120,34,02,11,128,38,03,61,056,40,04,58,160,34,1*6C
$GPGSV,5,2,15,06,33,303,32,09,31,195,24,19,45,285,32,28,13,040,31,1*69
$GPGSV,5,3,15,31,18,069,43,1*55
$GPGSV,5,4,15,01,36,120,38,03,61,056,45,04,58,160,38,06,33,303,38,8*6A
$GPGSV,5,5,15,09,31,195,36,28,13,040,29,8*6D
$GQGSV,1,1,,,,,,,,,,,,,0.0*56
$GLGSV,2,1,05,69,81,204,35,70,27,216,29,83,34,139,33,84,86,327,30,1*74
$GLGSV,2,2,05,85,36,320,33,1*44
$GAGSV,6,1,19,102,13,286,23,104,58,125,37,106,45,165,34,109,25,184,22,7*7B
$GAGSV,6,2,19,110,56,106,35,111,84,045,30,112,32,111,37,119,30,048,36,7*77
$GAGSV,6,3,19,128,51,079,36,136,38,300,30,7*75
$GAGSV,6,4,19,102,13,286,37,104,58,125,44,109,25,184,38,110,56,106,41,1*70
$GAGSV,6,5,19,111,84,045,41,112,32,111,27,119,30,048,30,128,51,079,36,1*71
$GAGSV,6,6,19,136,38,300,41,1*74
$GBGSV,5,1,14,207,16,042,34,210,16,054,38,211,12,315,23,1*7D
$GBGSV,5,2,14,227,68,199,28,228,31,155,38,230,38,304,33,232,34,226,30,3*78
$GBGSV,5,3,14,233,33,052,41,241,83,095,32,3*76
$GBGSV,5,4,14,228,31,155,34,230,38,304,39,232,34,226,35,233,33,052,34,5*7B
$GBGSV,5,5,14,241,83,095,46,5*75
$GIGSV,1,1,,,,,,,,,,,,,0.0*4E
$GNGSA,A,3,01,02,03,04,06,19,28,31,,,,,0.6,0.2,0.6,1*31
$GNGSA,A,3,01,03,04,06,09,28,,,,,,,0.6,0.2,0.6,1*30
$GNGSA,A,3,69,70,84,85,,,,,,,,,0.6,0.2,0.6,2*39
$GNGSA,A,3,102,104,106,110,111,112,119,128,136,,,,0.6,0.2,0.6,3*05
$GNGSA,A,3,102,104,109,110,111,112,119,128,136,,,,0.6,0.2,0.6,3*0A
$GNGSA,A,3,207,210,211,227,228,230,232,233,241,,,,0.6,0.2,0.6,4*0A
$GNGSA,A,3,228,230,232,233,241,,,,,,,,0.6,0.2,0.6,4*09
$GNRMC,135111.000,A,4825.1429,N,00428.4558,W,0.0,125.5,100626,,,A*63
$GNGGA,135112.000,4825.1429,N,00428.4558,W,1,48,0.4,91.6,M,52.0,M,,*63
$GNVTG,125.5,T,,M,0.0,N,0.0,K,A*10
$GPGSV,5,1,15,01,36,120,33,02,11,128,38,03,61,056,40,04,58,160,34,1*6B
$GPGSV,5,2,15,06,33,303,32,09,31,195,24,19,45,285,32,28,13,040,31,1*69
$GPGSV,5,3,15,31,18,069,43,1*55
$GPGSV,5,4,15,01,36,120,37,03,61,056,45,04,58,160,38,06,33,303,38,8*65
$GPGSV,5,5,15,09,31,195,36,28,13,040,29,8*6D
$GQGSV,1,1,,,,,,,,,,,,,0.0*56
$GLGSV,2,1,05,69,81,204,35,70,27,216,29,83,34,139,33,84,86,327,30,1*74
$GLGSV,2,2,05,85,36,320,33,1*44
$GAGSV,5,1,18,102,13,286,23,104,58,125,37,106,45,165,34,109,25,184,22,7*79
$GAGSV,5,2,18,110,56,106,35,111,84,045,30,112,32,111,37,119,30,048,36,7*75
$GAGSV,5,3,18,128,51,079,36,136,38,300,30,7*77
$GAGSV,5,4,18,102,13,286,36,106,45,165,43,109,25,184,38,110,56,106,41,1*7E
$GAGSV,5,5,18,111,84,045,41,112,32,111,27,128,51,079,36,136,38,300,41,1*7F
$GBGSV,5,1,15,207,16,042,34,210,16,054,38,211,12,315,23,1*7C
$GBGSV,5,2,15,227,68,199,28,228,31,155,38,230,38,304,33,232,34,226,30,3*79
$GBGSV,5,3,15,233,33,052,41,241,83,095,32,3*77
$GBGSV,5,4,15,227,68,199,38,228,31,155,34,230,38,304,39,232,34,226,35,5*7B
$GBGSV,5,5,15,233,33,052,34,241,83,095,46,5*76
$GIGSV,1,1,,,,,,,,,,,,,0.0*4E
$GNGSA,A,3,02,03,04,06,19,28,31,,,,,,0.6,0.4,0.6,1*36
$GNGSA,A,3,01,03,04,06,09,28,,,,,,,0.6,0.4,0.6,1*36
$GNGSA,A,3,69,70,84,85,,,,,,,,,0.6,0.4,0.6,2*3F
$GNGSA,A,3,104,106,110,111,112,119,128,136,,,,,0.6,0.4,0.6,3*30
$GNGSA,A,3,102,106,109,110,111,112,128,136,,,,,0.6,0.4,0.6,3*37
$GNGSA,A,3,207,210,211,227,228,230,232,233,241,,,,0.6,0.4,0.6,4*0C
$GNGSA,A,3,227,228,230,232,233,241,,,,,,,0.6,0.4,0.6,4*38
$GNRMC,135112.000,A,4825.1429,N,00428.4558,W,0.0,125.5,100626,,,A*60
$GNGGA,135113.000,4825.1429,N,00428.4558,W,1,50,0.2,91.6,M,52.0,M,,*6D
$GNVTG,125.5,T,,M,0.0,N,0.0,K,A*10
$GPGSV,5,1,15,01,36,120,33,02,11,128,38,03,61,056,40,04,58,160,34,1*6B
$GPGSV,5,2,15,06,33,303,32,09,31,195,24,19,45,285,32,28,13,040,31,1*69
$GPGSV,5,3,15,31,18,069,43,1*55
$GPGSV,5,4,15,01,36,120,37,03,61,056,45,04,58,160,38,06,33,303,38,8*65
$GPGSV,5,5,15,09,31,195,36,28,13,040,29,8*6D
$GQGSV,1,1,,,,,,,,,,,,,0.0*56
$GLGSV,2,1,05,69,81,204,35,70,27,216,29,83,34,139,32,84,86,327,30,1*75
$GLGSV,2,2,05,85,36,320,33,1*44
$GAGSV,5,1,18,102,13,286,23,104,58,125,37,106,45,165,34,109,25,184,22,7*79
$GAGSV,5,2,18,110,56,106,35,111,84,045,30,112,32,111,37,119,30,048,36,7*75
$GAGSV,5,3,18,128,51,079,36,136,38,300,30,7*77
$GAGSV,5,4,18,102,13,286,36,109,25,184,38,110,56,106,41,111,84,045,41,1*74
$GAGSV,5,5,18,112,32,111,27,119,30,048,30,128,51,079,36,136,38,300,41,1*73
$GBGSV,5,1,15,207,16,042,34,210,16,054,38,211,12,315,24,1*7B
$GBGSV,5,2,15,227,68,199,28,228,31,155,38,230,38,304,33,232,34,226,30,3*79
$GBGSV,5,3,15,233,33,052,41,241,83,095,32,3*77
$GBGSV,5,4,15,227,68,199,38,228,31,155,34,230,38,304,39,232,34,226,35,5*7B
$GBGSV,5,5,15,233,33,052,34,241,83,095,46,5*76
$GIGSV,1,1,,,,,,,,,,,,,0.0*4E
$GNGSA,A,3,01,02,03,04,06,19,28,31,,,,,0.6,0.2,0.6,1*31
$GNGSA,A,3,01,03,04,06,09,28,,,,,,,0.6,0.2,0.6,1*30
$GNGSA,A,3,69,70,83,84,85,,,,,,,,0.6,0.2,0.6,2*32
$GNGSA,A,3,104,106,110,111,112,119,128,136,,,,,0.6,0.2,0.6,3*36
$GNGSA,A,3,102,109,110,111,112,119,128,136,,,,,0.6,0.2,0.6,3*3F
$GNGSA,A,3,207,210,211,227,228,230,232,233,241,,,,0.6,0.2,0.6,4*0A
$GNGSA,A,3,227,228,230,232,233,241,,,,,,,0.6,0.2,0.6,4*3E
$GNRMC,135113.000,A,4825.1429,N,00428.4558,W,0.0,125.5,100626,,,A*61
$GNGGA,135114.000,4825.1429,N,00428.4558,W,1,50,0.4,91.6,M,52.0,M,,*6C
$GNVTG,125.5,T,,M,0.0,N,0.0,K,A*10
$GPGSV,5,1,15,01,36,120,33,02,11,128,38,03,61,056,40,04,58,160,34,1*6B
$GPGSV,5,2,15,06,33,303,32,09,31,195,24,19,45,285,32,28,13,040,31,1*69
$GPGSV,5,3,15,31,18,069,43,1*55
$GPGSV,5,4,15,01,36,120,37,03,61,056,45,04,58,160,38,06,33,303,38,8*65
$GPGSV,5,5,15,09,31,195,36,28,13,040,29,8*6D
$GQGSV,1,1,,,,,,,,,,,,,0.0*56
$GLGSV,2,1,05,69,81,204,35,70,27,216,29,83,34,139,32,84,86,327,30,1*75
$GLGSV,2,2,05,85,36,320,33,1*44
$GAGSV,5,1,18,102,13,286,23,104,58,125,37,106,45,165,34,109,25,184,22,7*79
$GAGSV,5,2,18,110,56,106,35,111,84,045,30,112,32,111,37,119,30,048,36,7*75
$GAGSV,5,3,18,128,51,079,35,136,38,300,30,7*74
$GAGSV,5,4,18,104,58,125,44,106,45,165,43,109,25,184,38,110,56,106,41,1*78
$GAGSV,5,5,18,111,84,045,41,112,32,111,27,128,51,079,36,136,38,300,41,1*7F
$GBGSV,5,1,15,207,16,042,34,210,16,054,38,211,12,315,24,1*7B
$GBGSV,5,2,15,227,68,199,28,228,31,155,38,230,38,304,33,232,34,226,30,3*79
$GBGSV,5,3,15,233,33,052,41,241,83,095,32,3*77
$GBGSV,5,4,15,227,68,199,38,228,31,155,34,230,38,304,39,232,34,226,35,5*7B
$GBGSV,5,5,15,233,33,052,34,241,83,095,46,5*76
$GIGSV,1,1,,,,,,,,,,,,,0.0*4E
$GNGSA,A,3,01,02,03,04,06,19,28,31,,,,,0.6,0.4,0.6,1*37
$GNGSA,A,3,01,03,04,06,09,28,,,,,,,0.6,0.4,0.6,1*36
$GNGSA,A,3,69,70,83,84,85,,,,,,,,0.6,0.4,0.6,2*34
$GNGSA,A,3,102,104,106,110,111,112,119,128,136,,,,0.6,0.4,0.6,3*03
$GNGSA,A,3,104,106,109,110,111,112,128,136,,,,,0.6,0.4,0.6,3*31
$GNGSA,A,3,207,210,227,228,230,232,233,241,,,,,0.6,0.4,0.6,4*3E
$GNGSA,A,3,227,228,230,232,233,241,,,,,,,0.6,0.4,0.6,4*38
$GNRMC,135114.000,A,4825.1429,N,00428.4558,W,0.0,125.5,100626,,,A*66
$GNGGA,135115.000,4825.1429,N,00428.4558,W,1,49,0.4,91.6,M,52.0,M,,*65
$GNVTG,125.5,T,,M,0.0,N,0.0,K,A*10
$GPGSV,5,1,15,01,36,120,33,02,11,128,38,03,61,056,40,04,58,160,34,1*6B
$GPGSV,5,2,15,06,33,303,32,09,31,195,24,19,45,285,32,28,13,040,31,1*69
$GPGSV,5,3,15,31,18,069,43,1*55
$GPGSV,5,4,15,01,36,120,37,03,61,056,45,04,58,160,38,06,33,303,38,8*65
$GPGSV,5,5,15,09,31,195,36,28,13,040,29,8*6D
$GQGSV,1,1,,,,,,,,,,,,,0.0*56
$GLGSV,2,1,05,69,81,204,35,70,27,216,29,83,34,139,32,84,86,327,30,1*75
$GLGSV,2,2,05,85,36,320,33,1*44
$GAGSV,5,1,18,102,13,286,23,104,58,125,37,106,45,165,34,109,25,184,22,7*79
$GAGSV,5,2,18,110,56,106,35,111,84,045,30,112,32,111,37,119,30,048,36,7*75
$GAGSV,5,3,18,128,51,079,35,136,38,300,30,7*74
$GAGSV,5,4,18,104,58,125,44,106,45,165,43,109,25,184,38,110,56,106,41,1*78
$GAGSV,5,5,18,111,84,045,41,112,32,111,27,128,51,079,36,136,38,300,41,1*7F
$GBGSV,5,1,15,207,16,042,34,210,16,054,38,211,12,315,24,1*7B
$GBGSV,5,2,15,227,68,199,28,228,31,155,37,230,38,304,33,232,34,226,30,3*76
$GBGSV,5,3,15,233,33,052,41,241,83,095,32,3*77
$GBGSV,5,4,15,227,68,199,38,228,31,155,34,230,38,304,39,232,34,226,35,5*7B
$GBGSV,5,5,15,233,33,052,34,241,83,095,46,5*76
$GIGSV,1,1,,,,,,,,,,,,,0.0*4E
$GNGSA,A,3,01,02,03,04,06,19,28,31,,,,,0.6,0.4,0.6,1*37
$GNGSA,A,3,01,03,04,06,09,28,,,,,,,0.6,0.4,0.6,1*36
$GNGSA,A,3,69,70,85,,,,,,,,,,0.6,0.4,0.6,2*33
$GNGSA,A,3,102,104,106,110,111,112,119,128,136,,,,0.6,0.4,0.6,3*03
$GNGSA,A,3,104,106,109,110,111,112,128,136,,,,,0.6,0.4,0.6,3*31
$GNGSA,A,3,207,210,211,227,228,230,232,233,241,,,,0.6,0.4,0.6,4*0C
$GNGSA,A,3,227,228,230,232,233,241,,,,,,,0.6,0.4,0.6,4*38
$GNRMC,135115.000,A,4825.1429,N,00428.4558,W,0.0,125.5,100626,,,A*67
$GNGGA,135116.000,4825.1429,N,00428.4558,W,1,51,0.2,91.6,M,52.0,M,,*69
$GNVTG,125.5,T,,M,0.0,N,0.0,K,A*10
$GPGSV,5,1,15,01,36,120,33,02,11,128,38,03,61,056,40,04,58,160,34,1*6B
$GPGSV,5,2,15,06,33,303,32,09,31,195,24,19,45,285,32,28,13,040,31,1*69
$GPGSV,5,3,15,31,18,069,43,1*55
$GPGSV,5,4,15,01,36,120,37,03,61,056,45,04,58,160,38,06,33,303,38,8*65
$GPGSV,5,5,15,09,31,195,36,28,13,040,29,8*6D
$GQGSV,1,1,,,,,,,,,,,,,0.0*56
$GLGSV,2,1,05,69,81,204,35,70,27,216,29,83,34,139,31,84,86,327,30,1*76
$GLGSV,2,2,05,85,36,320,33,1*44
$GAGSV,6,1,19,102,13,286,23,104,58,125,37,106,45,165,34,109,25,184,22,7*7B
$GAGSV,6,2,19,110,56,106,36,111,84,045,30,112,32,111,37,119,30,048,36,7*74
$GAGSV,6,3,19,128,51,079,35,136,38,300,29,7*7E
$GAGSV,6,4,19,102,13,286,36,106,45,165,43,109,25,184,38,110,56,106,41,1*7C
$GAGSV,6,5,19,111,84,045,41,112,32,111,27,119,30,048,30,128,51,079,36,1*71
$GAGSV,6,6,19,136,38,300,41,1*74
$GBGSV,5,1,14,207,16,042,34,210,16,054,38,211,12,315,24,1*7A
$GBGSV,5,2,14,227,68,199,28,228,31,155,37,230,38,304,32,232,34,226,30,3*76
$GBGSV,5,3,14,233,33,052,41,241,83,095,33,3*77
$GBGSV,5,4,14,227,68,199,38,228,31,155,34,230,38,304,39,232,34,226,35,5*7A
$GBGSV,5,5,14,241,83,095,46,5*75
$GIGSV,1,1,,,,,,,,,,,,,0.0*4E
$GNGSA,A,3,01,02,03,04,06,09,19,28,31,,,,0.6,0.2,0.6,1*38
$GNGSA,A,3,01,03,04,06,09,28,,,,,,,0.6,0.2,0.6,1*30
$GNGSA,A,3,69,70,83,84,85,,,,,,,,0.6,0.2,0.6,2*32
$GNGSA,A,3,104,106,110,111,112,119,128,136,,,,,0.6,0.2,0.6,3*36
$GNGSA,A,3,102,106,109,110,111,112,119,128,136,,,,0.6,0.2,0.6,3*08
$GNGSA,A,3,207,210,211,227,228,230,232,233,241,,,,0.6,0.2,0.6,4*0A
$GNGSA,A,3,227,228,230,232,241,,,,,,,,0.6,0.2,0.6,4*0C
$GNRMC,135116.000,A,4825.1429,N,00428.4558,W,0.0,125.5,100626,,,A*64
$GNGGA,135117.000,4825.1429,N,00428.4558,W,1,50,0.2,91.6,M,52.0,M,,*69
$GNVTG,125.5,T,,M,0.0,N,0.0,K,A*10
$GPGSV,5,1,15,01,36,120,33,02,11,128,38,03,61,056,40,04,58,160,34,1*6B
$GPGSV,5,2,15,06,33,303,32,09,31,195,24,19,45,285,32,28,13,040,31,1*69
$GPGSV,5,3,15,31,18,069,43,1*55
$GPGSV,5,4,15,01,36,120,37,03,61,056,45,04,58,160,38,06,33,303,38,8*65
$GPGSV,5,5,15,09,31,195,36,28,13,040,29,8*6D
$GQGSV,1,1,,,,,,,,,,,,,0.0*56
$GLGSV,2,1,05,69,81,204,35,70,27,216,28,83,34,139,31,84,86,327,30,1*77
$GLGSV,2,2,05,85,36,320,33,1*44
$GAGSV,6,1,19,102,13,286,23,104,58,125,37,106,45,165,34,109,25,184,22,7*7B
$GAGSV,6,2,19,110,56,106,36,111,84,045,30,112,32,111,37,119,30,048,36,7*74
$GAGSV,6,3,19,128,51,079,35,136,38,300,29,7*7E
$GAGSV,6,4,19,102,13,286,36,104,58,125,44,106,45,165,43,109,25,184,38,1*73
$GAGSV,6,5,19,110,56,106,41,111,84,045,41,112,32,111,27,128,51,079,36,1*75
$GAGSV,6,6,19,136,38,300,41,1*74
$GBGSV,5,1,14,207,16,042,34,210,16,054,38,211,12,315,24,1*7A
$GBGSV,5,2,14,227,68,199,28,228,31,155,37,230,38,304,32,232,34,226,30,3*76
$GBGSV,5,3,14,233,33,052,41,241,83,095,33,3*77
$GBGSV,5,4,14,227,68,199,38,228,31,155,34,232,34,226,35,233,33,052,33,5*78
$GBGSV,5,5,14,241,83,095,46,5*75
$GIGSV,1,1,,,,,,,,,,,,,0.0*4E
$GNGSA,A,3,02,03,04,06,09,19,28,31,,,,,0.6,0.2,0.6,1*39
$GNGSA,A,3,01,03,04,06,09,28,,,,,,,0.6,0.2,0.6,1*30
$GNGSA,A,3,69,70,83,84,85,,,,,,,,0.6,0.2,0.6,2*32
$GNGSA,A,3,104,106,110,111,112,119,128,136,,,,,0.6,0.2,0.6,3*36
$GNGSA,A,3,102,104,106,109,110,111,112,128,136,,,,0.6,0.2,0.6,3*04
$GNGSA,A,3,207,210,211,227,228,230,232,233,241,,,,0.6,0.2,0.6,4*0A
$GNGSA,A,3,227,228,232,233,241,,,,,,,,0.6,0.2,0.6,4*0F
$GNRMC,135117.000,A,4825.1429,N,00428.4558,W,0.0,125.5,100626,,,A*65
$GNGGA,135118.000,4825.1429,N,00428.4558,W,1,48,0.4,91.6,M,52.0,M,,*69
$GNVTG,125.5,T,,M,0.0,N,0.0,K,A*10
$GPGSV,5,1,15,01,36,120,32,02,11,128,37,03,61,056,40,04,58,160,34,1*65
$GPGSV,5,2,15,06,33,303,32,09,31,195,24,19,45,285,32,28,13,040,31,1*69
$GPGSV,5,3,15,31,18,069,43,1*55
$GPGSV,5,4,15,01,36,120,37,03,61,056,45,04,58,160,38,06,33,303,38,8*65
$GPGSV,5,5,15,09,31,195,36,28,13,040,29,8*6D
$GQGSV,1,1,,,,,,,,,,,,,0.0*56
$GLGSV,2,1,05,69,81,204,35,70,27,216,28,83,34,139,31,84,86,327,30,1*77
$GLGSV,2,2,05,85,36,320,33,1*44
$GAGSV,5,1,18,102,13,286,22,104,58,125,37,106,45,165,34,109,25,184,22,7*78
$GAGSV,5,2,18,110,56,106,36,111,84,045,30,112,32,111,37,119,30,048,36,7*76
$GAGSV,5,3,18,128,51,079,35,136,38,300,29,7*7C
$GAGSV,5,4,18,102,13,286,36,106,45,165,43,109,25,184,38,110,56,106,41,1*7E
$GAGSV,5,5,18,111,84,045,41,112,32,111,27,119,30,048,30,136,38,300,41,1*7E
$GBGSV,5,1,15,207,16,042,34,210,16,054,38,211,12,315,24,1*7B
$GBGSV,5,2,15,227,68,199,28,228,31,155,37,230,38,304,32,232,34,226,29,3*7F
$GBGSV,5,3,15,233,33,052,41,241,83,095,33,3*76
$GBGSV,5,4,15,227,68,199,38,228,31,155,34,230,38,304,39,232,34,226,35,5*7B
$GBGSV,5,5,15,233,33,052,33,241,83,095,46,5*71
$GIGSV,1,1,,,,,,,,,,,,,0.0*4E
$GNGSA,A,3,02,03,04,06,09,19,31,,,,,,0.6,0.4,0.6,1*35
$GNGSA,A,3,01,03,04,06,09,28,,,,,,,0.6,0.4,0.6,1*36
$GNGSA,A,3,69,70,83,84,85,,,,,,,,0.6,0.4,0.6,2*34
$GNGSA,A,3,104,106,110,111,112,119,128,136,,,,,0.6,0.4,0.6,3*30
$GNGSA,A,3,102,106,109,110,111,112,119,136,,,,,0.6,0.4,0.6,3*35
$GNGSA,A,3,207,210,227,228,230,232,233,241,,,,,0.6,0.4,0.6,4*3E
$GNGSA,A,3,227,228,230,232,233,241,,,,,,,0.6,0.4,0.6,4*38
$GNRMC,135118.000,A,4825.1429,N,00428.4558,W,0.0,125.5,100626,,,A*6A
$GNGGA,135119.000,4825.1429,N,00428.4558,W,1,48,0.4,91.6,M,52.0,M,,*68
$GNVTG,125.5,T,,M,0.0,N,0.0,K,A*10
$GPGSV,5,1,15,01,36,120,32,02,11,128,37,03,61,056,40,04,58,160,34,1*65
$GPGSV,5,2,15,06,33,303,31,09,31,195,24,19,45,285,32,28,13,040,31,1*6A
$GPGSV,5,3,15,31,18,068,43,1*54
$GPGSV,5,4,15,01,36,120,37,03,61,056,45,04,58,160,38,06,33,303,38,8*65
$GPGSV,5,5,15,09,31,195,36,28,13,040,29,8*6D
$GQGSV,1,1,,,,,,,,,,,,,0.0*56
$GLGSV,2,1,05,69,81,204,35,70,27,216,28,83,34,139,31,84,86,327,30,1*77
$GLGSV,2,2,05,85,36,320,33,1*44
$GAGSV,6,1,19,102,13,286,22,104,58,125,37,106,45,165,34,109,25,184,22,7*7A
$GAGSV,6,2,19,110,56,106,36,111,84,045,30,112,32,111,37,119,30,048,36,7*74
$GAGSV,6,3,19,128,51,079,35,136,38,300,29,7*7E
$GAGSV,6,4,19,104,58,125,44,106,45,165,43,109,25,184,38,110,56,106,41,1*7A
$GAGSV,6,5,19,111,84,045,41,112,32,111,27,119,30,048,30,128,51,079,35,1*72
$GAGSV,6,6,19,136,38,300,41,1*74
$GBGSV,5,1,14,207,16,042,34,210,16,054,38,211,12,315,24,1*7A
$GBGSV,5,2,14,227,68,199,28,228,31,155,37,230,38,304,32,232,34,226,29,3*7E
$GBGSV,5,3,14,233,33,052,41,241,83,095,33,3*77
$GBGSV,5,4,14,227,68,199,38,228,31,155,34,230,38,304,39,233,33,052,33,5*7B
$GBGSV,5,5,14,241,83,095,46,5*75
$GIGSV,1,1,,,,,,,,,,,,,0.0*4E
$GNGSA,A,3,02,03,04,06,19,31,,,,,,,0.6,0.4,0.6,1*3C
$GNGSA,A,3,01,03,04,06,09,28,,,,,,,0.6,0.4,0.6,1*36
$GNGSA,A,3,69,70,83,84,85,,,,,,,,0.6,0.4,0.6,2*34
$GNGSA,A,3,102,104,106,110,111,112,119,128,136,,,,0.6,0.4,0.6,3*03
$GNGSA,A,3,104,106,109,110,111,112,119,128,136,,,,0.6,0.4,0.6,3*08
$GNGSA,A,3,207,210,227,228,230,232,233,241,,,,,0.6,0.4,0.6,4*3E
$GNGSA,A,3,227,228,230,233,241,,,,,,,,0.6,0.4,0.6,4*0B
$GNRMC,135119.000,A,4825.1429,N,00428.4558,W,0.0,125.5,100626,,,A*6B
$GNGGA,135120.000,4825.1429,N,00428.4558,W,1,49,0.4,91.6,M,52.0,M,,*63
$GNVTG,125.5,T,,M,0.0,N,0.0,K,A*10
$GPGSV,5,1,15,01,36,120,32,02,11,128,37,03,61,056,40,04,58,160,34,1*65
$GPGSV,5,2,15,06,33,303,31,09,31,195,24,19,45,285,32,28,13,040,31,1*6A
$GPGSV,5,3,15,31,18,068,44,1*53
$GPGSV,5,4,15,01,36,120,37,03,61,056,45,04,58,160,38,06,33,303,37,8*6A
$GPGSV,5,5,15,09,31,195,36,28,13,040,29,8*6D
$GQGSV,1,1,,,,,,,,,,,,,0.0*56
$GLGSV,2,1,05,69,81,204,35,70,27,216,28,83,34,139,31,84,86,327,30,1*77
$GLGSV,2,2,05,85,36,320,33,1*44
$GAGSV,6,1,20,102,13,286,22,104,58,125,37,106,45,165,34,109,25,184,22,7*70
$GAGSV,6,2,20,110,56,106,36,111,84,045,30,112,32,111,37,119,30,048,36,7*7E
$GAGSV,6,3,20,128,51,079,35,136,38,300,29,7*74
$GAGSV,6,4,20,102,13,286,36,104,58,125,44,106,45,165,43,109,25,184,38,1*79
$GAGSV,6,5,20,110,56,106,41,111,84,045,41,112,32,111,27,119,30,048,30,1*7E
$GAGSV,6,6,20,128,51,079,35,136,38,300,41,1*79
$GBGSV,4,1,13,207,16,042,34,210,16,054,38,211,12,315,24,1*7C
$GBGSV,4,2,13,227,68,199,28,228,31,155,37,230,38,304,32,232,34,226,29,3*78
$GBGSV,4,3,13,233,33,052,41,241,83,095,33,3*71
$GBGSV,4,4,13,227,68,199,38,228,31,155,34,232,34,226,35,233,33,052,33,5*7E
$GIGSV,1,1,,,,,,,,,,,,,0.0*4E
$GNGSA,A,3,01,02,03,04,19,31,,,,,,,0.6,0.4,0.6,1*3B
$GNGSA,A,3,01,03,04,06,09,28,,,,,,,0.6,0.4,0.6,1*36
$GNGSA,A,3,69,70,83,84,85,,,,,,,,0.6,0.4,0.6,2*34
$GNGSA,A,3,102,104,106,110,111,112,119,128,136,,,,0.6,0.4,0.6,3*03
$GNGSA,A,3,102,104,106,109,110,111,112,119,128,136,,,0.6,0.4,0.6,3*3B
$GNGSA,A,3,207,210,211,227,228,230,232,233,241,,,,0.6,0.4,0.6,4*0C
$GNGSA,A,3,227,228,232,233,,,,,,,,,0.6,0.4,0.6,4*3E
$GNRMC,135120.000,A,4825.1429,N,00428.4558,W,0.0,125.5,100626,,,A*61
$GNGGA,135121.000,4825.1429,N,00428.4558,W,1,51,0.2,91.6,M,52.0,M,,*6D
$GNVTG,125.5,T,,M,0.0,N,0.0,K,A*10
$GPGSV,5,1,15,01,36,120,32,02,11,128,37,03,61,056,40,04,58,160,34,1*65
$GPGSV,5,2,15,06,33,303,31,09,31,195,24,19,45,285,32,28,13,040,31,1*6A
$GPGSV,5,3,15,31,18,068,44,1*53
$GPGSV,5,4,15,01,36,120,37,03,61,056,45,04,58,160,39,06,33,303,38,8*64
$GPGSV,5,5,15,09,31,195,36,28,13,040,29,8*6D
$GQGSV,1,1,,,,,,,,,,,,,0.0*56
$GLGSV,2,1,05,69,81,204,34,70,27,216,28,83,34,139,32,84,86,327,30,1*75
$GLGSV,2,2,05,85,36,320,33,1*44
$GAGSV,6,1,19,102,13,286,22,104,58,125,37,106,45,165,34,109,25,184,22,7*7A
$GAGSV,6,2,19,110,56,106,36,111,84,045,30,112,32,111,37,119,30,048,36,7*74
$GAGSV,6,3,19,128,51,079,35,136,38,300,29,7*7E
$GAGSV,6,4,19,102,13,286,36,104,58,125,44,109,25,184,38,110,56,106,41,1*71
$GAGSV,6,5,19,111,84,045,41,112,32,111,27,119,30,048,30,128,51,079,36,1*71
$GAGSV,6,6,19,136,38,300,41,1*74
$GBGSV,5,1,14,207,16,042,34,210,16,054,38,211,12,315,24,1*7A
$GBGSV,5,2,14,227,68,199,28,228,31,155,37,230,38,304,32,232,34,226,29,3*7E
$GBGSV,5,3,14,233,33,052,41,241,83,095,33,3*77
$GBGSV,5,4,14,227,68,199,38,228,31,155,34,230,38,304,39,233,33,052,34,5*7C
$GBGSV,5,5,14,241,83,095,46,5*75
$GIGSV,1,1,,,,,,,,,,,,,0.0*4E
$GNGSA,A,3,01,02,03,04,06,19,28,31,,,,,0.6,0.2,0.6,1*31
$GNGSA,A,3,01,03,04,06,09,28,,,,,,,0.6,0.2,0.6,1*30
$GNGSA,A,3,69,70,83,84,85,,,,,,,,0.6,0.2,0.6,2*32
$GNGSA,A,3,102,104,106,110,111,112,119,128,136,,,,0.6,0.2,0.6,3*05
$GNGSA,A,3,102,104,109,110,111,112,119,128,136,,,,0.6,0.2,0.6,3*0A
$GNGSA,A,3,207,210,211,227,228,230,232,233,241,,,,0.6,0.2,0.6,4*0A
$GNGSA,A,3,227,228,230,233,241,,,,,,,,0.6,0.2,0.6,4*0D
$GNRMC,135121.000,A,4825.1429,N,00428.4558,W,0.0,125.5,100626,,,A*60
$GNGGA,135122.000,4825.1429,N,00428.4558,W,1,49,0.4,91.6,M,52.0,M,,*61
$GNVTG,125.5,T,,M,0.0,N,0.0,K,A*10
$GPGSV,5,1,15,01,36,120,32,02,11,128,37,03,61,056,40,04,58,160,34,1*65
$GPGSV,5,2,15,06,33,303,31,09,31,195,24,19,45,285,32,28,13,040,31,1*6A
$GPGSV,5,3,15,31,18,068,44,1*53
$GPGSV,5,4,15,01,36,120,37,03,61,056,45,04,58,160,39,06,33,303,39,8*65
$GPGSV,5,5,15,09,31,195,36,28,13,040,29,8*6D
$GQGSV,1,1,,,,,,,,,,,,,0.0*56
$GLGSV,2,1,05,69,81,204,34,70,27,216,28,83,34,139,40,84,86,327,30,1*70
$GLGSV,2,2,05,85,36,320,33,1*44
$GAGSV,6,1,19,102,13,286,22,104,58,125,37,106,45,165,34,109,25,184,22,7*7A
$GAGSV,6,2,19,110,56,106,36,111,84,045,30,112,32,111,37,119,30,048,36,7*74
$GAGSV,6,3,19,128,51,079,35,136,38,300,29,7*7E
$GAGSV,6,4,19,102,13,286,36,106,45,165,43,109,25,184,38,110,56,106,41,1*7C
$GAGSV,6,5,19,111,84,045,41,112,32,111,27,119,30,048,30,128,51,079,36,1*71
$GAGSV,6,6,19,136,38,300,41,1*74
$GBGSV,5,1,14,207,16,042,34,210,16,054,38,211,12,315,24,1*7A
$GBGSV,5,2,14,227,68,199,28,228,31,155,37,230,38,304,36,232,34,226,29,3*7A
$GBGSV,5,3,14,233,33,052,41,241,83,095,33,3*77
$GBGSV,5,4,14,227,68,199,38,228,31,155,34,230,38,304,39,232,34,226,34,5*7B
$GBGSV,5,5,14,241,83,095,46,5*75
$GIGSV,1,1,,,,,,,,,,,,,0.0*4E
$GNGSA,A,3,01,02,03,04,06,19,31,,,,,,0.6,0.4,0.6,1*3D
$GNGSA,A,3,01,03,04,06,09,28,,,,,,,0.6,0.4,0.6,1*36
$GNGSA,A,3,69,70,84,85,,,,,,,,,0.6,0.4,0.6,2*3F
$GNGSA,A,3,102,104,106,110,111,112,119,128,136,,,,0.6,0.4,0.6,3*03
$GNGSA,A,3,102,106,109,110,111,112,119,128,136,,,,0.6,0.4,0.6,3*0E
$GNGSA,A,3,207,210,211,227,228,230,232,233,241,,,,0.6,0.4,0.6,4*0C
$GNGSA,A,3,227,228,230,232,241,,,,,,,,0.6,0.4,0.6,4*0A
$GNRMC,135122.000,A,4825.1429,N,00428.4558,W,0.0,125.5,100626,,,A*63
$GNGGA,135123.000,4825.1429,N,00428.4558,W,1,50,0.4,91.6,M,52.0,M,,*68
$GNVTG,125.5,T,,M,0.0,N,0.0,K,A*10
$GPGSV,5,1,15,01,36,120,35,02,11,128,37,03,61,056,40,04,58,160,34,1*62
$GPGSV,5,2,15,06,33,303,31,09,31,195,24,19,45,285,32,28,13,040,31,1*6A
$GPGSV,5,3,15,31,18,068,44,1*53
$GPGSV,5,4,15,01,36,120,37,03,61,056,45,04,58,160,39,06,33,303,39,8*65
$GPGSV,5,5,15,09,31,195,36,28,13,040,29,8*6D
$GQGSV,1,1,,,,,,,,,,,,,0.0*56
$GLGSV,2,1,05,69,81,204,34,70,27,216,28,83,34,139,40,84,86,327,30,1*70
$GLGSV,2,2,05,85,36,320,33,1*44
$GAGSV,6,1,19,102,13,286,23,104,58,125,37,106,45,165,34,109,25,184,22,7*7B
$GAGSV,6,2,19,110,56,106,36,111,84,045,30,112,32,111,37,119,30,048,36,7*74
$GAGSV,6,3,19,128,51,079,35,136,38,300,29,7*7E
$GAGSV,6,4,19,102,13,286,36,104,58,125,44,109,25,184,38,110,56,106,41,1*71
$GAGSV,6,5,19,111,84,045,41,112,32,111,27,119,30,048,30,128,51,079,36,1*71
$GAGSV,6,6,19,136,38,300,41,1*74
$GBGSV,5,1,14,207,16,042,34,210,16,054,38,211,12,315,24,1*7A
$GBGSV,5,2,14,227,68,199,28,228,31,155,37,230,38,304,38,232,34,226,29,3*74
$GBGSV,5,3,14,233,33,052,41,241,83,095,33,3*77
$GBGSV,5,4,14,227,68,199,38,228,31,155,34,230,38,304,39,232,34,226,34,5*7B
$GBGSV,5,5,14,241,83,095,46,5*75
$GIGSV,1,1,,,,,,,,,,,,,0.0*4E
$GNGSA,A,3,01,02,03,04,06,19,28,31,,,,,0.6,0.4,0.6,1*37
$GNGSA,A,3,01,03,04,06,09,28,,,,,,,0.6,0.4,0.6,1*36
$GNGSA,A,3,69,70,83,84,85,,,,,,,,0.6,0.4,0.6,2*34
$GNGSA,A,3,102,104,106,110,111,112,119,128,136,,,,0.6,0.4,0.6,3*03
$GNGSA,A,3,102,104,109,110,111,112,119,128,136,,,,0.6,0.4,0.6,3*0C
$GNGSA,A,3,207,210,227,228,230,232,233,241,,,,,0.6,0.4,0.6,4*3E
$GNGSA,A,3,227,228,230,232,241,,,,,,,,0.6,0.4,0.6,4*0A
$GNRMC,135123.000,A,4825.1429,N,00428.4558,W,0.0,125.5,100626,,,A*62
$GNGGA,135124.000,4825.1429,N,00428.4558,W,1,52,0.2,91.6,M,52.0,M,,*6B
$GNVTG,125.5,T,,M,0.0,N,0.0,K,A*10
$GPGSV,5,1,15,01,36,120,37,02,11,128,37,03,61,056,40,04,58,160,34,1*60
$GPGSV,5,2,15,06,33,303,31,09,32,195,24,19,45,285,33,28,13,040,31,1*68
$GPGSV,5,3,15,31,18,068,44,1*53
$GPGSV,5,4,15,01,36,120,37,03,61,056,45,04,58,160,40,06,33,303,40,8*65
$GPGSV,5,5,15,09,32,195,36,28,13,040,29,8*6E
$GQGSV,1,1,,,,,,,,,,,,,0.0*56
$GLGSV,2,1,05,69,81,204,34,70,27,216,29,83,34,139,40,84,86,327,30,1*71
$GLGSV,2,2,05,85,36,320,33,1*44
$GAGSV,6,1,19,102,13,286,23,104,58,125,37,106,45,165,34,109,25,184,22,7*7B
$GAGSV,6,2,19,110,56,106,36,111,84,045,30,112,32,111,37,119,30,048,36,7*74
$GAGSV,6,3,19,128,51,079,35,136,38,300,29,7*7E
$GAGSV,6,4,19,102,13,286,36,106,45,165,43,109,25,184,38,110,56,106,41,1*7C
$GAGSV,6,5,19,111,84,045,41,112,32,111,27,119,30,048,30,128,51,079,37,1*70
$GAGSV,6,6,19,136,38,300,41,1*74
$GBGSV,5,1,14,207,16,042,34,210,16,054,38,211,12,315,24,1*7A
$GBGSV,5,2,14,227,68,199,28,228,31,155,37,230,38,304,38,232,34,226,28,3*75
$GBGSV,5,3,14,233,33,052,41,241,83,095,33,3*77
$GBGSV,5,4,14,227,68,199,38,228,31,155,34,232,34,226,34,233,33,052,34,5*7E
$GBGSV,5,5,14,241,83,095,46,5*75
$GIGSV,1,1,,,,,,,,,,,,,0.0*4E
$GNGSA,A,3,01,02,03,04,06,19,28,31,,,,,0.6,0.2,0.4,1*33
$GNGSA,A,3,01,03,04,06,09,28,,,,,,,0.6,0.2,0.4,1*32
$GNGSA,A,3,69,70,83,84,85,,,,,,,,0.6,0.2,0.4,2*30
$GNGSA,A,3,102,104,106,109,110,111,112,119,128,136,,,0.6,0.2,0.4,3*3F
$GNGSA,A,3,102,106,109,110,111,112,119,128,136,,,,0.6,0.2,0.4,3*0A
$GNGSA,A,3,207,210,211,227,228,230,232,233,241,,,,0.6,0.2,0.4,4*08
$GNGSA,A,3,227,228,232,233,241,,,,,,,,0.6,0.2,0.4,4*0D
$GNRMC,135124.000,A,4825.1429,N,00428.4558,W,0.0,125.5,100626,,,A*65
$GNGGA,135125.000,4825.1429,N,00428.4558,W,1,51,0.2,91.6,M,52.0,M,,*69
$GNVTG,125.5,T,,M,0.0,N,0.0,K,A*10
$GPGSV,5,1,15,01,36,120,37,02,11,128,37,03,61,056,40,04,58,160,34,1*60
$GPGSV,5,2,15,06,33,303,31,09,32,195,24,19,45,285,33,28,13,040,31,1*68
$GPGSV,5,3,15,31,18,068,44,1*53
$GPGSV,5,4,15,01,36,120,38,03,61,056,45,04,58,160,40,06,33,303,40,8*6A
$GPGSV,5,5,15,09,32,195,36,28,13,040,29,8*6E
$GQGSV,1,1,,,,,,,,,,,,,0.0*56
$GLGSV,2,1,05,69,81,204,34,70,27,216,29,83,34,139,40,84,86,327,30,1*71
$GLGSV,2,2,05,85,36,320,33,1*44
$GAGSV,6,1,20,102,13,286,23,104,58,125,37,106,45,165,34,109,25,184,22,7*71
$GAGSV,6,2,20,110,56,106,36,111,84,045,30,112,32,111,37,119,30,048,36,7*7E
$GAGSV,6,3,20,128,51,079,35,136,38,300,29,7*74
$GAGSV,6,4,20,102,13,286,36,104,58,125,44,106,45,165,43,109,25,184,39,1*78
$GAGSV,6,5,20,110,56,106,41,111,84,045,41,112,32,111,28,119,30,048,30,1*71
$GAGSV,6,6,20,128,51,079,37,136,38,300,41,1*7B
$GBGSV,4,1,13,207,16,042,34,210,16,054,38,211,12,315,24,1*7C
$GBGSV,4,2,13,227,68,199,28,228,31,155,37,230,38,304,38,232,34,226,27,3*7C
$GBGSV,4,3,13,233,33,052,41,241,83,095,33,3*71
$GBGSV,4,4,13,228,31,155,34,230,38,304,40,232,34,226,34,241,83,095,46,5*72
$GIGSV,1,1,,,,,,,,,,,,,0.0*4E
$GNGSA,A,3,01,02,03,04,19,28,31,,,,,,0.6,0.2,0.4,1*35
$GNGSA,A,3,01,03,04,06,09,28,,,,,,,0.6,0.2,0.4,1*32
$GNGSA,A,3,69,70,83,84,85,,,,,,,,0.6,0.2,0.4,2*30
$GNGSA,A,3,102,104,106,109,110,111,112,119,128,136,,,0.6,0.2,0.4,3*3F
$GNGSA,A,3,102,104,106,109,110,111,112,119,128,136,,,0.6,0.2,0.4,3*3F
$GNGSA,A,3,207,210,211,227,228,230,232,233,241,,,,0.6,0.2,0.4,4*08
$GNGSA,A,3,228,230,232,241,,,,,,,,,0.6,0.2,0.4,4*39
$GNRMC,135125.000,A,4825.1429,N,00428.4558,W,0.0,125.5,100626,,,A*64
$GNGGA,135126.000,4825.1429,N,00428.4558,W,1,52,0.2,91.6,M,52.0,M,,*69
$GNVTG,125.5,T,,M,0.0,N,0.0,K,A*10
$GPGSV,5,1,15,01,36,120,37,02,11,128,37,03,61,056,40,04,58,160,34,1*60
$GPGSV,5,2,15,06,33,303,31,09,32,195,24,19,45,285,33,28,13,040,31,1*68
$GPGSV,5,3,15,31,18,068,44,1*53
$GPGSV,5,4,15,01,36,120,38,03,61,056,45,04,58,160,40,06,33,303,41,8*6B
$GPGSV,5,5,15,09,32,195,36,28,13,040,29,8*6E
$GQGSV,1,1,,,,,,,,,,,,,0.0*56
$GLGSV,2,1,05,69,81,204,34,70,27,216,29,83,34,139,40,84,86,327,30,1*71
$GLGSV,2,2,05,85,37,320,34,1*42
$GAGSV,6,1,20,102,13,286,24,104,58,125,37,106,45,165,34,109,25,184,22,7*76
$GAGSV,6,2,20,110,56,106,36,111,84,045,30,112,32,111,37,119,30,048,36,7*7E
$GAGSV,6,3,20,128,51,079,35,136,38,300,29,7*74
$GAGSV,6,4,20,102,13,286,36,104,58,125,44,106,45,165,43,109,25,184,39,1*78
$GAGSV,6,5,20,110,56,106,41,111,84,045,41,112,32,111,28,119,30,048,30,1*71
$GAGSV,6,6,20,128,51,079,37,136,38,300,41,1*7B
$GBGSV,4,1,13,207,16,042,34,210,16,054,38,211,12,315,24,1*7C
$GBGSV,4,2,13,227,68,199,28,228,31,155,37,230,38,304,38,232,34,226,27,3*7C
$GBGSV,4,3,13,233,33,052,41,241,83,095,33,3*71
$GBGSV,4,4,13,227,68,199,37,228,31,155,33,230,38,304,40,241,83,095,46,5*7C
$GIGSV,1,1,,,,,,,,,,,,,0.0*4E
$GNGSA,A,3,01,02,03,04,06,19,28,31,,,,,0.6,0.2,0.4,1*33
$GNGSA,A,3,01,03,04,06,09,28,,,,,,,0.6,0.2,0.4,1*32
$GNGSA,A,3,69,70,83,84,85,,,,,,,,0.6,0.2,0.4,2*30
$GNGSA,A,3,102,104,106,109,110,111,112,119,128,136,,,0.6,0.2,0.4,3*3F
$GNGSA,A,3,102,104,106,109,110,111,112,119,128,136,,,0.6,0.2,0.4,3*3F
$GNGSA,A,3,207,210,211,227,228,230,232,233,241,,,,0.6,0.2,0.4,4*08
$GNGSA,A,3,227,228,230,241,,,,,,,,,0.6,0.2,0.4,4*3D
$GNRMC,135126.000,A,4825.1429,N,00428.4558,W,0.0,125.5,100626,,,A*67
$GNGGA,135127.000,4825.1429,N,00428.4558,W,1,51,0.2,91.6,M,52.0,M,,*6B
$GNVTG,125.5,T,,M,0.0,N,0.0,K,A*10
$GPGSV,5,1,15,01,36,120,37,02,11,128,37,03,61,056,40,04,58,160,33,1*67
$GPGSV,5,2,15,06,33,303,31,09,32,195,24,19,45,285,33,28,13,040,31,1*68
$GPGSV,5,3,15,31,18,068,44,1*53
$GPGSV,5,4,15,01,36,120,38,03,61,056,45,04,58,160,40,06,33,303,41,8*6B
$GPGSV,5,5,15,09,32,195,36,28,13,040,29,8*6E
$GQGSV,1,1,,,,,,,,,,,,,0.0*56
$GLGSV,2,1,05,69,81,204,34,70,27,216,29,83,34,139,40,84,86,327,30,1*71
$GLGSV,2,2,05,85,37,320,34,1*42
$GAGSV,6,1,19,102,13,286,24,104,58,125,37,106,45,165,34,109,25,184,22,7*7C
$GAGSV,6,2,19,110,56,106,36,111,84,045,30,112,32,111,37,119,30,048,36,7*74
$GAGSV,6,3,19,128,51,079,35,136,38,300,30,7*76
$GAGSV,6,4,19,102,13,286,36,104,58,125,44,106,45,165,43,109,25,184,39,1*72
$GAGSV,6,5,19,110,56,106,41,111,84,045,41,112,32,111,28,119,30,048,30,1*7B
$GAGSV,6,6,19,128,51,079,37,1*78
$GBGSV,5,1,14,207,16,042,34,210,16,054,38,211,12,315,24,1*7A
$GBGSV,5,2,14,227,68,199,28,228,31,155,37,230,38,304,38,232,34,226,27,3*7A
$GBGSV,5,3,14,233,33,052,41,241,83,095,33,3*77
$GBGSV,5,4,14,227,68,199,37,228,31,155,33,230,38,304,40,232,34,226,34,5*7D
$GBGSV,5,5,14,233,33,052,34,5*75
$GIGSV,1,1,,,,,,,,,,,,,0.0*4E
$GNGSA,A,3,01,02,03,04,06,19,28,31,,,,,0.6,0.2,0.6,1*31
$GNGSA,A,3,01,03,04,06,09,28,,,,,,,0.6,0.2,0.6,1*30
$GNGSA,A,3,69,70,83,84,85,,,,,,,,0.6,0.2,0.6,2*32
$GNGSA,A,3,102,104,106,110,111,112,119,128,136,,,,0.6,0.2,0.6,3*05
$GNGSA,A,3,102,104,106,109,110,111,112,119,128,,,,0.6,0.2,0.6,3*09
$GNGSA,A,3,207,210,211,227,228,230,232,233,241,,,,0.6,0.2,0.6,4*0A
$GNGSA,A,3,227,228,230,232,233,,,,,,,,0.6,0.2,0.6,4*09
$GNRMC,135127.000,A,4825.1429,N,00428.4558,W,0.0,125.5,100626,,,A*66
$GNGGA,135128.000,4825.1429,N,00428.4558,W,1,49,0.4,91.6,M,52.0,M,,*6B
$GNVTG,125.5,T,,M,0.0,N,0.0,K,A*10
$GPGSV,5,1,15,01,36,120,37,02,11,128,36,03,61,056,40,04,58,159,32,1*6D
$GPGSV,5,2,15,06,33,303,31,09,32,195,24,19,45,285,33,28,13,040,30,1*69
$GPGSV,5,3,15,31,18,068,43,1*54
$GPGSV,5,4,15,01,36,120,38,03,61,056,45,04,58,159,40,06,33,303,41,8*61
$GPGSV,5,5,15,09,32,195,35,28,13,040,29,8*6D
$GQGSV,1,1,,,,,,,,,,,,,0.0*56
$GLGSV,2,1,05,69,81,204,34,70,27,216,29,83,34,139,40,84,86,327,30,1*71
$GLGSV,2,2,05,85,37,320,34,1*42
$GAGSV,5,1,18,102,13,286,24,104,58,125,37,106,45,165,34,109,25,184,22,7*7E
$GAGSV,5,2,18,110,56,106,36,111,84,045,30,112,32,111,37,119,30,048,36,7*76
$GAGSV,5,3,18,128,51,079,34,136,38,300,30,7*75
$GAGSV,5,4,18,102,13,286,36,104,58,125,44,109,25,184,39,110,56,106,41,1*72
$GAGSV,5,5,18,111,84,045,41,112,32,111,28,128,51,079,37,136,38,300,41,1*71
$GBGSV,5,1,15,207,16,042,34,210,16,054,38,211,12,315,25,1*7A
$GBGSV,5,2,15,227,68,199,30,228,31,155,38,230,38,304,38,232,34,226,26,3*7C
$GBGSV,5,3,15,233,33,052,41,241,83,095,33,3*76
$GBGSV,5,4,15,227,68,199,37,228,31,155,33,230,38,304,40,232,34,226,34,5*7C
$GBGSV,5,5,15,233,33,052,34,241,83,095,46,5*76
$GIGSV,1,1,,,,,,,,,,,,,0.0*4E
$GNGSA,A,3,01,02,03,06,19,28,31,,,,,,0.6,0.4,0.6,1*33
$GNGSA,A,3,01,03,04,06,09,28,,,,,,,0.6,0.4,0.6,1*36
$GNGSA,A,3,69,83,84,85,,,,,,,,,0.6,0.4,0.6,2*33
$GNGSA,A,3,102,104,106,110,111,112,119,128,136,,,,0.6,0.4,0.6,3*03
$GNGSA,A,3,102,104,109,110,111,112,128,136,,,,,0.6,0.4,0.6,3*35
$GNGSA,A,3,207,210,211,227,228,230,232,233,241,,,,0.6,0.4,0.6,4*0C
$GNGSA,A,3,227,228,230,232,233,241,,,,,,,0.6,0.4,0.6,4*38
$GNRMC,135128.000,A,4825.1429,N,00428.4558,W,0.0,125.5,100626,,,A*69
$GNGGA,135129.000,4825.1429,N,00428.4558,W,1,51,0.2,91.6,M,52.0,M,,*65
$GNVTG,125.5,T,,M,0.0,N,0.0,K,A*10
$GPGSV,5,1,15,01,36,120,37,02,11,128,36,03,61,056,40,04,58,159,32,1*6D
$GPGSV,5,2,15,06,33,303,31,09,32,195,24,19,45,285,33,28,13,040,30,1*69
$GPGSV,5,3,15,31,18,068,43,1*54
$GPGSV,5,4,15,01,36,120,38,03,61,056,45,04,58,159,40,06,33,303,41,8*61
$GPGSV,5,5,15,09,32,195,35,28,13,040,29,8*6D
$GQGSV,1,1,,,,,,,,,,,,,0.0*56
$GLGSV,2,1,05,69,81,204,34,70,27,216,29,83,34,139,40,84,86,327,30,1*71
$GLGSV,2,2,05,85,37,320,34,1*42
$GAGSV,5,1,18,102,13,286,24,104,58,125,37,106,45,165,34,109,25,184,22,7*7E
$GAGSV,5,2,18,110,56,106,36,111,84,045,30,112,32,111,36,119,30,048,36,7*77
$GAGSV,5,3,18,128,51,079,34,136,38,300,30,7*75
$GAGSV,5,4,18,102,13,286,36,104,58,125,44,109,25,184,39,110,56,106,41,1*72
$GAGSV,5,5,18,111,84,045,41,112,32,111,28,119,30,048,28,128,51,079,37,1*74
$GBGSV,5,1,15,207,16,042,34,210,16,054,38,211,12,315,25,1*7A
$GBGSV,5,2,15,227,68,199,33,228,31,155,38,230,38,304,38,232,34,226,26,3*7F
$GBGSV,5,3,15,233,33,052,41,241,83,095,33,3*76
$GBGSV,5,4,15,227,68,199,37,228,31,155,32,230,38,304,40,232,34,226,34,5*7D
$GBGSV,5,5,15,233,33,052,34,241,83,095,46,5*76
$GIGSV,1,1,,,,,,,,,,,,,0.0*4E
$GNGSA,A,3,01,02,03,04,06,19,28,31,,,,,0.6,0.2,0.6,1*31
$GNGSA,A,3,01,03,04,06,09,28,,,,,,,0.6,0.2,0.6,1*30
$GNGSA,A,3,69,70,83,84,85,,,,,,,,0.6,0.2,0.6,2*32
$GNGSA,A,3,102,104,106,110,111,112,119,128,136,,,,0.6,0.2,0.6,3*05
$GNGSA,A,3,102,104,109,110,111,112,119,128,,,,,0.6,0.2,0.6,3*3E
$GNGSA,A,3,207,210,211,227,228,230,232,233,241,,,,0.6,0.2,0.6,4*0A
$GNGSA,A,3,227,228,230,232,233,241,,,,,,,0.6,0.2,0.6,4*3E
$GNRMC,135129.000,A,4825.1429,N,00428.4558,W,0.0,125.5,100626,,,A*68
$GNGGA,135130.000,4825.1429,N,00428.4558,W,1,49,0.4,91.6,M,52.0,M,,*62
$GNVTG,125.5,T,,M,0.0,N,0.0,K,A*10
$GPGSV,5,1,15,01,36,120,37,02,11,128,36,03,61,056,40,04,58,159,31,1*6E
$GPGSV,5,2,15,06,33,303,31,09,32,195,24,19,45,285,33,28,13,040,30,1*69
$GPGSV,5,3,15,31,18,068,43,1*54
$GPGSV,5,4,15,01,36,120,38,03,61,056,45,04,58,159,40,06,33,303,41,8*61
$GPGSV,5,5,15,09,32,195,35,28,13,040,29,8*6D
$GQGSV,1,1,,,,,,,,,,,,,0.0*56
$GLGSV,2,1,05,69,81,204,34,70,27,216,30,83,34,139,40,84,86,327,30,1*79
$GLGSV,2,2,05,85,37,320,33,1*45
$GAGSV,5,1,18,102,13,286,24,104,58,125,37,106,45,165,34,109,25,184,22,7*7E
$GAGSV,5,2,18,110,56,106,36,111,84,047,30,112,32,111,36,119,30,048,36,7*75
$GAGSV,5,3,18,128,51,079,34,136,38,300,30,7*75
$GAGSV,5,4,18,102,13,286,36,104,58,125,44,109,25,184,39,110,56,106,41,1*72
$GAGSV,5,5,18,111,84,047,41,112,32,111,28,119,30,048,28,128,51,079,37,1*76
$GBGSV,5,1,15,207,16,042,34,210,16,054,38,211,12,315,25,1*7A
$GBGSV,5,2,15,227,68,199,34,228,31,155,38,230,38,304,38,232,34,226,26,3*78
$GBGSV,5,3,15,233,33,052,41,241,83,095,33,3*76
$GBGSV,5,4,15,227,68,199,37,228,31,155,32,230,38,304,40,232,34,226,35,5*7C
$GBGSV,5,5,15,233,33,052,34,241,83,095,46,5*76
$GIGSV,1,1,,,,,,,,,,,,,0.0*4E
$GNGSA,A,3,01,02,03,04,06,28,31,,,,,,0.6,0.4,0.6,1*3F
$GNGSA,A,3,01,03,04,06,09,28,,,,,,,0.6,0.4,0.6,1*36
$GNGSA,A,3,69,70,83,84,85,,,,,,,,0.6,0.4,0.6,2*34
$GNGSA,A,3,102,104,106,110,111,112,119,128,136,,,,0.6,0.4,0.6,3*03
$GNGSA,A,3,102,104,109,110,111,112,119,128,,,,,0.6,0.4,0.6,3*38
$GNGSA,A,3,207,210,227,228,230,232,233,241,,,,,0.6,0.4,0.6,4*3E
$GNGSA,A,3,227,228,230,232,233,241,,,,,,,0.6,0.4,0.6,4*38
$GNRMC,135130.000,A,4825.1429,N,00428.4558,W,0.0,125.5,100626,,,A*60
$GNGGA,135131.000,4825.1429,N,00428.4558,W,1,51,0.2,91.6,M,52.0,M,,*6C
$GNVTG,125.5,T,,M,0.0,N,0.0,K,A*10
$GPGSV,5,1,15,01,36,120,37,02,11,128,36,03,61,056,40,04,58,159,31,1*6E
$GPGSV,5,2,15,06,33,303,31,09,32,195,24,19,45,285,33,28,13,040,30,1*69
$GPGSV,5,3,15,31,18,068,43,1*54
$GPGSV,5,4,15,01,36,120,38,03,61,056,45,04,58,159,40,06,33,303,41,8*61
$GPGSV,5,5,15,09,32,195,35,28,13,040,30,8*65
$GQGSV,1,1,,,,,,,,,,,,,0.0*56
$GLGSV,2,1,05,69,81,204,35,70,27,216,30,83,34,139,40,84,86,327,31,1*79
$GLGSV,2,2,05,85,37,320,33,1*45
$GAGSV,5,1,18,102,13,286,24,104,58,125,37,106,45,165,33,109,25,184,22,7*79
$GAGSV,5,2,18,110,56,106,36,111,84,047,30,112,32,111,36,119,30,048,36,7*75
$GAGSV,5,3,18,128,51,079,34,136,38,300,31,7*74
$GAGSV,5,4,18,102,13,286,35,104,58,125,44,109,25,184,39,110,56,106,41,1*71
$GAGSV,5,5,18,111,84,047,41,119,30,048,28,128,51,079,37,136,38,300,41,1*77
$GBGSV,5,1,15,207,16,042,34,210,16,054,38,211,12,315,26,1*79
$GBGSV,5,2,15,227,68,199,34,228,31,155,38,230,38,304,38,232,34,226,25,3*7B
$GBGSV,5,3,15,233,33,052,41,241,83,095,33,3*76
$GBGSV,5,4,15,227,68,199,36,228,31,155,32,230,38,304,40,232,34,226,35,5*7D
$GBGSV,5,5,15,233,33,052,34,241,83,095,46,5*76
$GIGSV,1,1,,,,,,,,,,,,,0.0*4E
$GNGSA,A,3,01,02,03,04,06,09,19,28,31,,,,0.6,0.2,0.6,1*38
$GNGSA,A,3,01,03,04,06,09,28,,,,,,,0.6,0.2,0.6,1*30
$GNGSA,A,3,69,70,83,84,85,,,,,,,,0.6,0.2,0.6,2*32
$GNGSA,A,3,104,106,110,111,112,119,128,136,,,,,0.6,0.2,0.6,3*36
$GNGSA,A,3,102,104,109,110,111,119,128,136,,,,,0.6,0.2,0.6,3*38
$GNGSA,A,3,207,210,211,227,228,230,232,233,241,,,,0.6,0.2,0.6,4*0A
$GNGSA,A,3,227,228,230,232,233,241,,,,,,,0.6,0.2,0.6,4*3E
$GNRMC,135131.000,A,4825.1429,N,00428.4558,W,0.0,125.5,100626,,,A*61
$GNGGA,135132.000,4825.1429,N,00428.4558,W,1,50,0.4,91.6,M,52.0,M,,*68
$GNVTG,125.5,T,,M,0.0,N,0.0,K,A*10
$GPGSV,5,1,15,01,36,120,37,02,11,128,36,03,61,056,40,04,58,159,30,1*6F
$GPGSV,5,2,15,06,33,303,31,09,32,195,24,19,45,285,33,28,13,040,30,1*69
$GPGSV,5,3,15,31,18,068,43,1*54
$GPGSV,5,4,15,01,36,120,38,03,61,056,45,04,58,159,40,06,33,303,41,8*61
$GPGSV,5,5,15,09,32,195,35,28,13,040,30,8*65
$GQGSV,1,1,,,,,,,,,,,,,0.0*56
$GLGSV,2,1,05,69,81,204,35,70,27,216,30,83,34,139,40,84,86,327,31,1*79
$GLGSV,2,2,05,85,37,320,33,1*45
$GAGSV,5,1,18,102,13,286,24,104,58,125,37,106,45,165,33,109,25,184,22,7*79
$GAGSV,5,2,18,110,56,106,36,111,84,047,30,112,32,111,36,119,30,048,36,7*75
$GAGSV,5,3,18,128,51,079,34,136,38,300,31,7*74
$GAGSV,5,4,18,102,13,286,35,104,58,125,44,106,45,165,43,110,56,106,41,1*7A
$GAGSV,5,5,18,111,84,047,41,112,32,111,28,119,30,048,28,128,51,079,37,1*76
$GBGSV,5,1,15,207,16,042,34,210,16,054,38,211,12,315,26,1*79
$GBGSV,5,2,15,227,68,199,34,228,31,155,38,230,38,304,38,232,34,226,25,3*7B
$GBGSV,5,3,15,233,33,052,41,241,83,095,33,3*76
$GBGSV,5,4,15,227,68,199,36,228,31,155,31,230,38,304,40,232,34,226,35,5*7E
$GBGSV,5,5,15,233,33,052,34,241,83,095,46,5*76
$GIGSV,1,1,,,,,,,,,,,,,0.0*4E
$GNGSA,A,3,01,02,03,04,06,19,28,31,,,,,0.6,0.4,0.6,1*37
$GNGSA,A,3,01,03,04,06,09,28,,,,,,,0.6,0.4,0.6,1*36
$GNGSA,A,3,69,70,83,84,85,,,,,,,,0.6,0.4,0.6,2*34
$GNGSA,A,3,102,104,106,110,111,112,119,128,136,,,,0.6,0.4,0.6,3*03
$GNGSA,A,3,102,104,106,110,111,112,119,128,,,,,0.6,0.4,0.6,3*37
$GNGSA,A,3,207,210,211,227,228,230,233,241,,,,,0.6,0.4,0.6,4*3F
$GNGSA,A,3,227,228,230,232,233,241,,,,,,,0.6,0.4,0.6,4*38
$GNRMC,135132.000,A,4825.1429,N,00428.4558,W,0.0,125.5,100626,,,A*62
$GNGGA,135133.000,4825.1429,N,00428.4558,W,1,49,0.4,91.6,M,52.0,M,,*61
$GNVTG,125.5,T,,M,0.0,N,0.0,K,A*10
$GPGSV,5,1,15,01,36,120,38,02,11,128,36,03,61,056,40,04,58,159,30,1*60
$GPGSV,5,2,15,06,33,303,31,09,32,195,24,19,45,285,33,28,13,040,30,1*69
$GPGSV,5,3,15,31,18,068,43,1*54
$GPGSV,5,4,15,01,36,120,38,03,61,056,45,04,58,159,40,06,33,303,41,8*61
$GPGSV,5,5,15,09,32,195,35,28,13,040,30,8*65
$GQGSV,1,1,,,,,,,,,,,,,0.0*56
$GLGSV,2,1,05,69,81,204,35,70,27,216,30,83,34,139,40,84,86,327,31,1*79
$GLGSV,2,2,05,85,37,320,33,1*45
$GAGSV,6,1,19,102,13,286,24,104,58,125,37,106,45,165,33,109,25,184,22,7*7B
$GAGSV,6,2,19,110,56,106,36,111,84,047,30,112,32,111,36,119,30,048,36,7*77
$GAGSV,6,3,19,128,51,079,34,136,38,300,31,7*76
$GAGSV,6,4,19,102,13,286,35,104,58,125,44,106,45,165,43,109,25,184,38,1*70
$GAGSV,6,5,19,110,56,106,41,111,84,047,41,112,32,111,28,119,30,048,28,1*70
$GAGSV,6,6,19,128,51,079,37,1*78
$GBGSV,5,1,14,207,16,042,34,210,16,054,38,211,12,315,26,1*78
$GBGSV,5,2,14,227,68,199,34,228,31,155,38,230,38,304,38,232,34,226,25,3*7A
$GBGSV,5,3,14,233,33,052,41,241,83,095,33,3*77
$GBGSV,5,4,14,227,68,199,36,228,31,155,31,232,34,226,35,233,33,052,34,5*74
$GBGSV,5,5,14,241,83,095,46,5*75
$GIGSV,1,1,,,,,,,,,,,,,0.0*4E
$GNGSA,A,3,01,02,03,06,19,28,31,,,,,,0.6,0.4,0.6,1*33
$GNGSA,A,3,01,03,04,06,09,28,,,,,,,0.6,0.4,0.6,1*36
$GNGSA,A,3,69,83,84,85,,,,,,,,,0.6,0.4,0.6,2*33
$GNGSA,A,3,102,104,106,110,111,112,119,128,136,,,,0.6,0.4,0.6,3*03
$GNGSA,A,3,102,104,106,109,110,111,112,119,128,,,,0.6,0.4,0.6,3*0F
$GNGSA,A,3,207,210,211,227,228,230,232,233,241,,,,0.6,0.4,0.6,4*0C
$GNGSA,A,3,227,228,232,233,241,,,,,,,,0.6,0.4,0.6,4*09
$GNRMC,135133.000,A,4825.1429,N,00428.4558,W,0.0,125.5,100626,,,A*63
$GNGGA,135134.000,4825.1429,N,00428.4558,W,1,49,0.2,91.6,M,52.0,M,,*60
$GNVTG,125.5,T,,M,0.0,N,0.0,K,A*10
$GPGSV,5,1,15,01,36,120,38,02,11,128,36,03,61,056,40,04,58,159,30,1*60
$GPGSV,5,2,15,06,33,303,30,09,32,195,24,19,45,285,33,28,13,040,30,1*68
$GPGSV,5,3,15,31,18,068,43,1*54
$GPGSV,5,4,15,01,36,120,39,03,61,056,45,04,58,159,40,06,33,303,41,8*60
$GPGSV,5,5,15,09,32,195,35,28,13,040,31,8*64
$GQGSV,1,1,,,,,,,,,,,,,0.0*56
$GLGSV,2,1,05,69,81,204,35,70,27,216,30,83,34,139,40,84,86,327,31,1*79
$GLGSV,2,2,05,85,37,320,33,1*45
$GAGSV,5,1,18,102,13,286,24,104,58,124,37,106,45,165,33,109,25,184,21,7*7B
$GAGSV,5,2,18,110,56,106,35,111,84,047,30,112,32,111,36,119,30,048,36,7*76
$GAGSV,5,3,18,128,51,079,34,136,38,300,31,7*74
$GAGSV,5,4,18,102,13,286,35,104,58,124,44,106,45,165,43,109,25,184,38,1*73
$GAGSV,5,5,18,110,56,106,41,112,32,111,28,119,30,048,28,136,38,300,41,1*70
$GBGSV,5,1,15,207,16,042,33,210,16,054,38,211,12,315,26,1*7E
$GBGSV,5,2,15,227,68,199,34,228,31,155,38,230,38,304,38,232,34,226,25,3*7B
$GBGSV,5,3,15,233,32,052,41,241,83,095,33,3*77
$GBGSV,5,4,15,227,68,199,36,228,31,155,31,230,38,304,39,232,34,226,35,5*70
$GBGSV,5,5,15,233,32,052,34,241,83,095,46,5*77
$GIGSV,1,1,,,,,,,,,,,,,0.0*4E
$GNGSA,A,3,01,02,03,04,06,28,31,,,,,,0.6,0.2,0.6,1*39
$GNGSA,A,3,01,03,04,06,09,28,,,,,,,0.6,0.2,0.6,1*30
$GNGSA,A,3,69,70,84,85,,,,,,,,,0.6,0.2,0.6,2*39
$GNGSA,A,3,102,104,106,110,111,112,119,128,136,,,,0.6,0.2,0.6,3*05
$GNGSA,A,3,102,104,106,109,110,112,119,136,,,,,0.6,0.2,0.6,3*37
$GNGSA,A,3,207,210,211,227,228,230,232,233,241,,,,0.6,0.2,0.6,4*0A
$GNGSA,A,3,227,228,230,232,233,241,,,,,,,0.6,0.2,0.6,4*3E
$GNRMC,135134.000,A,4825.1429,N,00428.4558,W,0.0,125.5,100626,,,A*64
$GNGGA,135135.000,4825.1429,N,00428.4558,W,1,50,0.2,91.6,M,52.0,M,,*69
$GNVTG,125.5,T,,M,0.0,N,0.0,K,A*10
$GPGSV,5,1,15,01,36,120,38,02,11,128,36,03,61,056,40,04,58,159,29,1*68
$GPGSV,5,2,15,06,33,303,30,09,32,195,24,19,45,285,33,28,13,040,30,1*68
$GPGSV,5,3,15,31,18,068,43,1*54
$GPGSV,5,4,15,01,36,120,39,03,61,056,45,04,58,159,41,06,33,303,41,8*61
$GPGSV,5,5,15,09,32,195,35,28,13,040,31,8*64
$GQGSV,1,1,,,,,,,,,,,,,0.0*56
$GLGSV,2,1,05,69,81,204,35,70,27,216,30,83,34,139,40,84,86,327,31,1*79
$GLGSV,2,2,05,85,37,320,33,1*45
$GAGSV,6,1,19,102,13,286,24,104,58,124,37,106,45,165,33,109,25,184,21,7*79
$GAGSV,6,2,19,110,56,106,35,111,84,047,30,112,32,111,36,119,30,048,36,7*74
$GAGSV,6,3,19,128,51,079,34,136,38,300,31,7*76
$GAGSV,6,4,19,102,13,286,35,104,58,124,44,106,45,165,43,109,25,184,38,1*71
$GAGSV,6,5,19,110,56,106,41,111,84,047,41,112,32,111,28,119,30,048,28,1*70
$GAGSV,6,6,19,128,51,079,37,1*78
$GBGSV,5,1,14,207,16,042,33,210,16,054,38,211,12,315,26,1*7F
$GBGSV,5,2,14,227,68,199,34,228,31,155,38,230,38,304,38,232,34,226,25,3*7A
$GBGSV,5,3,14,233,32,052,41,241,83,095,33,3*76
$GBGSV,5,4,14,227,68,199,36,228,31,155,31,230,38,304,39,232,34,226,35,5*71
$GBGSV,5,5,14,233,32,052,34,5*74
$GIGSV,1,1,,,,,,,,,,,,,0.0*4E
$GNGSA,A,3,01,02,03,04,06,09,28,31,,,,,0.6,0.2,0.6,1*30
$GNGSA,A,3,01,03,04,06,09,28,,,,,,,0.6,0.2,0.6,1*30
$GNGSA,A,3,69,83,84,85,,,,,,,,,0.6,0.2,0.6,2*35
$GNGSA,A,3,102,104,106,110,111,112,119,128,136,,,,0.6,0.2,0.6,3*05
$GNGSA,A,3,102,104,106,109,110,111,112,119,128,,,,0.6,0.2,0.6,3*09
$GNGSA,A,3,207,210,211,227,228,230,232,233,241,,,,0.6,0.2,0.6,4*0A
$GNGSA,A,3,227,228,230,232,233,,,,,,,,0.6,0.2,0.6,4*09
$GNRMC,135135.000,A,4825.1429,N,00428.4558,W,0.0,125.5,100626,,,A*65
$GNGGA,135136.000,4825.1429,N,00428.4558,W,1,52,0.2,91.6,M,52.0,M,,*68
$GNVTG,125.5,T,,M,0.0,N,0.0,K,A*10
$GPGSV,5,1,15,01,36,120,38,02,11,128,36,03,61,056,40,04,58,159,29,1*68
$GPGSV,5,2,15,06,33,303,30,09,32,195,24,19,45,285,33,28,13,040,30,1*68
$GPGSV,5,3,15,31,18,068,43,1*54
$GPGSV,5,4,15,01,36,120,39,03,61,056,45,04,58,159,41,06,33,303,41,8*61
$GPGSV,5,5,15,09,32,195,35,28,13,040,31,8*64
$GQGSV,1,1,,,,,,,,,,,,,0.0*56
$GLGSV,2,1,05,69,81,204,35,70,27,216,30,83,34,139,40,84,86,327,31,1*79
$GLGSV,2,2,05,85,37,320,33,1*45
$GAGSV,6,1,19,102,13,286,25,104,58,124,37,106,45,165,33,109,25,184,21,7*78
$GAGSV,6,2,19,110,56,106,35,111,84,047,30,112,32,111,36,119,30,048,36,7*74
$GAGSV,6,3,19,128,51,079,34,136,38,300,31,7*76
$GAGSV,6,4,19,102,13,286,35,104,58,124,44,106,45,165,43,109,25,184,38,1*71
$GAGSV,6,5,19,110,56,106,41,111,84,047,41,112,32,111,27,128,51,079,37,1*76
$GAGSV,6,6,19,136,38,300,41,1*74
$GBGSV,5,1,14,207,16,042,33,210,16,054,38,211,12,315,26,1*7F
$GBGSV,5,2,14,227,68,199,34,228,31,155,38,230,38,304,38,232,34,226,25,3*7A
$GBGSV,5,3,14,233,32,052,41,241,83,095,33,3*76
$GBGSV,5,4,14,227,68,199,36,228,31,155,30,230,38,304,39,232,34,226,35,5*70
$GBGSV,5,5,14,233,32,052,34,5*74
$GIGSV,1,1,,,,,,,,,,,,,0.0*4E
$GNGSA,A,3,01,02,03,04,06,09,19,28,31,,,,0.6,0.2,0.6,1*38
$GNGSA,A,3,01,03,04,06,09,28,,,,,,,0.6,0.2,0.6,1*30
$GNGSA,A,3,69,70,83,84,85,,,,,,,,0.6,0.2,0.6,2*32
$GNGSA,A,3,102,104,106,110,111,112,119,128,136,,,,0.6,0.2,0.6,3*05
$GNGSA,A,3,102,104,106,109,110,111,112,128,136,,,,0.6,0.2,0.6,3*04
$GNGSA,A,3,207,210,211,227,228,230,232,233,241,,,,0.6,0.2,0.6,4*0A
$GNGSA,A,3,227,228,230,232,233,,,,,,,,0.6,0.2,0.6,4*09
$GNRMC,135136.000,A,4825.1429,N,00428.4558,W,0.0,125.5,100626,,,A*66
$GNGGA,135137.000,4825.1429,N,00428.4558,W,1,50,0.4,91.6,M,52.0,M,,*6D
$GNVTG,125.5,T,,M,0.0,N,0.0,K,A*10
$GPGSV,5,1,15,01,36,120,38,02,11,128,35,03,61,056,40,04,58,159,29,1*6B
$GPGSV,5,2,15,06,33,303,30,09,32,195,25,19,45,285,33,28,13,040,30,1*69
$GPGSV,5,3,15,31,18,068,43,1*54
$GPGSV,5,4,15,01,36,120,39,03,61,056,45,04,58,159,41,06,33,303,41,8*61
$GPGSV,5,5,15,09,32,195,35,28,13,040,31,8*64
$GQGSV,1,1,,,,,,,,,,,,,0.0*56
$GLGSV,2,1,05,69,81,204,35,70,27,216,30,83,34,139,40,84,86,327,31,1*79
$GLGSV,2,2,05,85,37,320,33,1*45
$GAGSV,5,1,18,102,13,286,25,104,58,124,37,106,45,165,34,109,25,184,21,7*7D
$GAGSV,5,2,18,110,56,106,35,111,84,047,29,112,32,111,35,119,30,048,36,7*7D
$GAGSV,5,3,18,128,51,079,34,136,38,300,32,7*77
$GAGSV,5,4,18,102,13,286,35,104,58,124,44,106,45,165,43,110,56,106,41,1*7B
$GAGSV,5,5,18,111,84,047,41,112,32,111,27,128,51,079,37,136,38,300,41,1*7C
$GBGSV,5,1,15,207,16,042,33,210,16,054,38,211,12,315,26,1*7E
$GBGSV,5,2,15,227,68,199,34,228,31,155,38,230,38,304,37,232,34,226,25,3*74
$GBGSV,5,3,15,233,32,052,41,241,83,095,33,3*77
$GBGSV,5,4,15,227,68,199,36,228,31,155,30,230,38,304,40,232,34,226,35,5*7F
$GBGSV,5,5,15,233,32,052,34,241,83,095,46,5*77
$GIGSV,1,1,,,,,,,,,,,,,0.0*4E
$GNGSA,A,3,01,02,03,06,09,19,28,31,,,,,0.6,0.4,0.6,1*3A
$GNGSA,A,3,01,03,04,06,09,28,,,,,,,0.6,0.4,0.6,1*36
$GNGSA,A,3,69,70,83,84,85,,,,,,,,0.6,0.4,0.6,2*34
$GNGSA,A,3,102,104,106,110,111,112,119,128,136,,,,0.6,0.4,0.6,3*03
$GNGSA,A,3,102,104,106,110,111,112,128,136,,,,,0.6,0.4,0.6,3*3A
$GNGSA,A,3,207,210,211,227,228,230,233,241,,,,,0.6,0.4,0.6,4*3F
$GNGSA,A,3,227,228,230,232,233,241,,,,,,,0.6,0.4,0.6,4*38
$GNRMC,135137.000,A,4825.1429,N,00428.4558,W,0.0,125.5,100626,,,A*67
$GNGGA,135138.000,4825.1429,N,00428.4558,W,1,52,0.2,91.6,M,52.0,M,,*66
$GNVTG,125.5,T,,M,0.0,N,0.0,K,A*10
$GPGSV,5,1,15,01,36,120,38,02,11,128,35,03,61,056,40,04,58,159,29,1*6B
$GPGSV,5,2,15,06,33,303,30,09,32,195,25,19,45,285,33,28,13,040,30,1*69
$GPGSV,5,3,15,31,18,068,43,1*54
$GPGSV,5,4,15,01,36,120,39,03,61,056,45,04,58,159,41,06,33,303,41,8*61
$GPGSV,5,5,15,09,32,195,35,28,13,040,31,8*64
$GQGSV,1,1,,,,,,,,,,,,,0.0*56
$GLGSV,2,1,05,69,81,204,35,70,27,216,30,83,34,139,40,84,86,327,31,1*79
$GLGSV,2,2,05,85,37,320,33,1*45
$GAGSV,5,1,18,102,13,286,25,104,58,124,37,106,45,165,34,109,25,184,21,7*7D
$GAGSV,5,2,18,110,56,106,35,111,84,047,29,112,32,111,35,119,30,048,36,7*7D
$GAGSV,5,3,18,128,51,079,34,136,38,300,32,7*77
$GAGSV,5,4,18,102,13,286,35,104,58,124,43,106,45,165,43,109,25,184,38,1*74
$GAGSV,5,5,18,111,84,047,41,119,30,048,26,128,51,079,37,136,38,300,41,1*79
$GBGSV,5,1,15,207,16,042,33,210,16,054,37,211,12,315,26,1*71
$GBGSV,5,2,15,227,68,199,34,228,31,155,38,230,38,304,37,232,34,226,24,3*75
$GBGSV,5,3,15,233,32,052,41,241,83,093,33,3*71
$GBGSV,5,4,15,227,68,199,35,228,31,155,29,230,38,304,40,232,34,226,35,5*74
$GBGSV,5,5,15,233,32,052,34,241,83,093,46,5*71
$GIGSV,1,1,,,,,,,,,,,,,0.0*4E
$GNGSA,A,3,01,02,03,04,06,09,19,28,31,,,,0.6,0.2,0.6,1*38
$GNGSA,A,3,01,03,04,06,09,28,,,,,,,0.6,0.2,0.6,1*30
$GNGSA,A,3,69,70,83,84,85,,,,,,,,0.6,0.2,0.6,2*32
$GNGSA,A,3,102,104,106,110,111,112,119,128,136,,,,0.6,0.2,0.6,3*05
$GNGSA,A,3,102,104,106,109,111,119,128,136,,,,,0.6,0.2,0.6,3*3F
$GNGSA,A,3,207,210,211,227,228,230,232,233,241,,,,0.6,0.2,0.6,4*0A
$GNGSA,A,3,227,228,230,232,233,241,,,,,,,0.6,0.2,0.6,4*3E
$GNRMC,135138.000,A,4825.1429,N,00428.4558,W,0.0,125.5,100626,,,A*68
$GNGGA,135139.000,4825.1429,N,00428.4558,W,1,49,0.4,91.6,M,52.0,M,,*6B
$GNVTG,125.5,T,,M,0.0,N,0.0,K,A*10
$GPGSV,5,1,15,01,36,120,38,02,11,128,35,03,61,056,40,04,58,159,28,1*6A
$GPGSV,5,2,15,06,33,303,30,09,32,195,25,19,45,285,33,28,13,040,30,1*69
$GPGSV,5,3,15,31,18,068,43,1*54
$GPGSV,5,4,15,01,36,120,39,03,61,056,45,04,58,159,41,06,33,303,41,8*61
$GPGSV,5,5,15,09,32,195,35,28,13,040,32,8*67
$GQGSV,1,1,,,,,,,,,,,,,0.0*56
$GLGSV,2,1,05,69,81,204,35,70,27,216,30,83,34,139,39,84,86,327,31,1*77
$GLGSV,2,2,05,85,37,320,33,1*45
$GAGSV,5,1,18,102,13,286,25,104,58,124,37,106,45,165,34,109,25,184,21,7*7D
$GAGSV,5,2,18,110,56,106,35,111,84,047,29,112,32,111,35,119,30,048,36,7*7D
$GAGSV,5,3,18,128,51,079,34,136,38,300,32,7*77
$GAGSV,5,4,18,102,13,286,34,104,58,124,43,106,45,165,43,109,25,184,38,1*75
$GAGSV,5,5,18,110,56,106,41,111,84,047,41,112,32,111,26,128,51,079,37,1*75
$GBGSV,5,1,15,207,16,042,33,210,16,054,37,211,12,315,27,1*70
$GBGSV,5,2,15,227,68,199,34,228,31,155,38,230,38,304,37,232,34,226,24,3*75
$GBGSV,5,3,15,233,32,052,41,241,83,093,33,3*71
$GBGSV,5,4,15,227,68,199,35,228,31,155,29,230,38,304,40,232,34,226,35,5*74
$GBGSV,5,5,15,233,32,052,34,241,83,093,46,5*71
$GIGSV,1,1,,,,,,,,,,,,,0.0*4E
$GNGSA,A,3,01,02,03,06,09,28,31,,,,,,0.6,0.4,0.6,1*32
$GNGSA,A,3,01,03,04,06,09,28,,,,,,,0.6,0.4,0.6,1*36
$GNGSA,A,3,69,83,84,85,,,,,,,,,0.6,0.4,0.6,2*33
$GNGSA,A,3,102,104,106,110,111,112,119,128,136,,,,0.6,0.4,0.6,3*03
$GNGSA,A,3,102,104,106,109,110,111,112,128,,,,,0.6,0.4,0.6,3*36
$GNGSA,A,3,207,210,211,227,228,230,232,233,241,,,,0.6,0.4,0.6,4*0C
$GNGSA,A,3,227,228,230,232,233,241,,,,,,,0.6,0.4,0.6,4*38
$GNRMC,135139.000,A,4825.1429,N,00428.4558,W,0.0,125.5,100626,,,A*69
$GNGGA,135140.000,4825.1429,N,00428.4558,W,1,48,0.2,91.6,M,52.0,M,,*62
$GNVTG,125.5,T,,M,0.0,N,0.0,K,A*10
$GPGSV,5,1,15,01,36,120,38,02,11,128,35,03,61,056,40,04,58,159,28,1*6A
$GPGSV,5,2,15,06,33,303,29,09,32,195,25,19,45,285,32,28,13,040,30,1*60
$GPGSV,5,3,15,31,18,068,43,1*54
$GPGSV,5,4,15,01,36,120,39,03,61,056,45,04,58,159,41,06,33,303,41,8*61
$GPGSV,5,5,15,09,32,195,35,28,13,040,32,8*67
$GQGSV,1,1,,,,,,,,,,,,,0.0*56
$GLGSV,2,1,05,69,81,204,35,70,27,216,30,83,34,139,39,84,86,327,31,1*77
$GLGSV,2,2,05,85,37,320,33,1*45
$GAGSV,6,1,19,102,13,286,25,104,58,124,37,106,45,165,34,109,25,184,21,7*7F
$GAGSV,6,2,19,110,56,106,35,111,84,047,29,112,31,111,35,119,30,048,36,7*7C
$GAGSV,6,3,19,128,51,079,34,136,38,300,32,7*75
$GAGSV,6,4,19,102,13,286,34,104,58,124,44,106,45,165,43,109,25,184,38,1*70
$GAGSV,6,5,19,110,56,106,41,111,84,047,41,119,30,048,27,128,51,079,37,1*72
$GAGSV,6,6,19,136,38,300,41,1*74
$GBGSV,5,1,14,207,16,042,33,210,16,054,37,211,12,315,27,1*71
$GBGSV,5,2,14,227,68,199,34,228,31,155,38,230,38,304,37,232,34,226,24,3*74
$GBGSV,5,3,14,233,32,052,41,241,83,093,33,3*70
$GBGSV,5,4,14,227,68,199,35,228,31,155,29,230,38,304,40,232,34,226,35,5*75
$GBGSV,5,5,14,233,32,052,34,5*74
$GIGSV,1,1,,,,,,,,,,,,,0.0*4E
$GNGSA,A,3,01,02,03,06,28,31,,,,,,,0.6,0.2,0.6,1*3D
$GNGSA,A,3,01,03,04,06,09,28,,,,,,,0.6,0.2,0.6,1*30
$GNGSA,A,3,69,70,84,85,,,,,,,,,0.6,0.2,0.6,2*39
$GNGSA,A,3,102,104,106,110,111,112,119,128,136,,,,0.6,0.2,0.6,3*05
$GNGSA,A,3,102,104,106,109,110,111,119,128,136,,,,0.6,0.2,0.6,3*0F
$GNGSA,A,3,207,210,211,227,228,230,232,233,241,,,,0.6,0.2,0.6,4*0A
$GNGSA,A,3,227,228,230,232,233,,,,,,,,0.6,0.2,0.6,4*09
$GNRMC,135140.000,A,4825.1429,N,00428.4558,W,0.0,125.5,100626,,,A*67
$GNGGA,135141.000,4825.1429,N,00428.4558,W,1,48,0.2,91.6,M,52.0,M,,*63
$GNVTG,125.5,T,,M,0.0,N,0.0,K,A*10
$GPGSV,5,1,15,01,36,120,38,02,11,128,35,03,61,056,40,04,58,159,28,1*6A
$GPGSV,5,2,15,06,33,303,29,09,32,195,25,19,45,285,32,28,13,040,30,1*60
$GPGSV,5,3,15,31,18,068,43,1*54
$GPGSV,5,4,15,01,36,120,39,03,61,056,45,04,58,159,41,06,33,303,41,8*61
$GPGSV,5,5,15,09,32,195,35,28,13,040,32,8*67
$GQGSV,1,1,,,,,,,,,,,,,0.0*56
$GLGSV,2,1,05,69,81,204,35,70,27,216,30,83,34,139,39,84,86,327,31,1*77
$GLGSV,2,2,05,85,37,320,33,1*45
$GAGSV,6,1,19,102,13,286,25,104,58,124,37,106,45,165,34,109,25,184,21,7*7F
$GAGSV,6,2,19,110,56,106,35,111,84,047,29,112,31,111,35,119,30,048,35,7*7F
$GAGSV,6,3,19,128,51,079,34,136,38,300,31,7*76
$GAGSV,6,4,19,102,13,286,34,106,45,165,43,109,25,184,38,110,56,106,41,1*7E
$GAGSV,6,5,19,111,84,047,42,112,31,111,26,119,30,048,27,128,51,079,37,1*75
$GAGSV,6,6,19,136,38,300,41,1*74
$GBGSV,5,1,14,207,16,042,33,210,16,054,37,211,12,315,27,1*71
$GBGSV,5,2,14,227,68,199,34,228,31,155,38,230,38,304,37,232,34,226,24,3*74
$GBGSV,5,3,14,233,32,052,41,241,83,093,33,3*70
$GBGSV,5,4,14,227,68,199,35,228,31,155,28,230,38,304,40,232,34,226,35,5*74
$GBGSV,5,5,14,241,83,093,46,5*73
$GIGSV,1,1,,,,,,,,,,,,,0.0*4E
$GNGSA,A,3,01,02,03,06,28,31,,,,,,,0.6,0.2,0.6,1*3D
$GNGSA,A,3,01,03,04,06,09,28,,,,,,,0.6,0.2,0.6,1*30
$GNGSA,A,3,69,70,83,84,85,,,,,,,,0.6,0.2,0.6,2*32
$GNGSA,A,3,102,104,106,110,111,112,119,128,136,,,,0.6,0.2,0.6,3*05
$GNGSA,A,3,102,106,109,110,111,112,119,128,136,,,,0.6,0.2,0.6,3*08
$GNGSA,A,3,207,210,211,227,228,230,232,233,,,,,0.6,0.2,0.6,4*3D
$GNGSA,A,3,227,228,230,232,241,,,,,,,,0.6,0.2,0.6,4*0C
$GNRMC,135141.000,A,4825.1429,N,00428.4558,W,0.0,125.5,100626,,,A*66
$GNGGA,135142.000,4825.1429,N,00428.4558,W,1,51,0.2,91.6,M,52.0,M,,*68
$GNVTG,125.5,T,,M,0.0,N,0.0,K,A*10
$GPGSV,5,1,15,01,36,120,38,02,11,128,35,03,61,056,40,04,58,159,28,1*6A
$GPGSV,5,2,15,06,33,303,29,09,32,195,25,19,45,285,32,28,13,040,30,1*60
$GPGSV,5,3,15,31,18,068,43,1*54
$GPGSV,5,4,15,01,36,120,39,03,61,056,45,04,58,159,41,06,33,303,41,8*61
$GPGSV,5,5,15,09,32,195,34,28,13,040,32,8*66
$GQGSV,1,1,,,,,,,,,,,,,0.0*56
$GLGSV,2,1,05,69,81,204,35,70,27,216,30,83,34,139,38,84,86,327,31,1*76
$GLGSV,2,2,05,85,37,320,33,1*45
$GAGSV,6,1,20,102,13,286,25,104,58,124,37,106,45,165,34,109,25,184,21,7*75
$GAGSV,6,2,20,110,56,106,35,111,84,047,29,112,31,111,35,119,30,048,35,7*75
$GAGSV,6,3,20,128,51,079,34,136,38,300,31,7*7C
$GAGSV,6,4,20,102,13,286,34,104,58,124,44,106,45,165,43,109,25,184,38,1*7A
$GAGSV,6,5,20,110,56,106,41,111,84,047,42,112,31,111,26,119,30,048,27,1*7B
$GAGSV,6,6,20,128,51,079,37,136,38,300,41,1*7B
$GBGSV,4,1,13,207,16,042,33,210,16,054,37,211,12,315,27,1*77
$GBGSV,4,2,13,227,68,199,34,228,31,155,38,230,38,304,37,232,34,226,24,3*72
$GBGSV,4,3,13,233,32,052,41,241,83,093,33,3*76
$GBGSV,4,4,13,227,68,199,35,228,31,155,28,230,38,304,39,232,34,226,35,5*7C
$GIGSV,1,1,,,,,,,,,,,,,0.0*4E
$GNGSA,A,3,01,02,03,04,06,09,19,28,31,,,,0.6,0.2,0.6,1*38
$GNGSA,A,3,01,03,04,06,09,28,,,,,,,0.6,0.2,0.6,1*30
$GNGSA,A,3,69,70,83,84,85,,,,,,,,0.6,0.2,0.6,2*32
$GNGSA,A,3,102,104,106,110,111,112,119,128,136,,,,0.6,0.2,0.6,3*05
$GNGSA,A,3,102,104,106,109,110,111,112,119,128,136,,,0.6,0.2,0.6,3*3D
$GNGSA,A,3,207,210,211,227,228,230,232,233,,,,,0.6,0.2,0.6,4*3D
$GNGSA,A,3,227,228,230,232,,,,,,,,,0.6,0.2,0.6,4*3B
$GNRMC,135142.000,A,4825.1429,N,00428.4558,W,0.0,125.5,100626,,,A*65
$GNGGA,135143.000,4825.1429,N,00428.4558,W,1,52,0.2,91.6,M,52.0,M,,*6A
$GNVTG,125.5,T,,M,0.0,N,0.0,K,A*10
$GPGSV,5,1,15,01,36,120,38,02,11,128,34,03,61,056,40,04,58,159,28,1*6B
$GPGSV,5,2,15,06,33,303,28,09,32,195,25,19,45,285,32,28,13,040,30,1*61
$GPGSV,5,3,15,31,18,068,43,1*54
$GPGSV,5,4,15,01,36,120,39,03,61,056,45,04,58,159,41,06,33,303,41,8*61
$GPGSV,5,5,15,09,32,195,34,28,13,040,32,8*66
$GQGSV,1,1,,,,,,,,,,,,,0.0*56
$GLGSV,2,1,05,69,81,204,35,70,27,216,30,83,34,139,38,84,86,327,31,1*76
$GLGSV,2,2,05,85,37,320,33,1*45
$GAGSV,6,1,19,102,13,286,25,104,58,124,37,106,45,165,34,109,25,184,21,7*7F
$GAGSV,6,2,19,110,56,106,35,111,84,047,29,112,31,111,35,119,30,048,35,7*7F
$GAGSV,6,3,19,128,51,079,34,136,38,300,31,7*76
$GAGSV,6,4,19,102,13,286,34,104,58,124,44,106,45,165,43,110,56,106,41,1*78
$GAGSV,6,5,19,111,84,047,42,112,31,111,26,119,30,048,27,128,51,079,37,1*75
$GAGSV,6,6,19,136,38,300,41,1*74
$GBGSV,5,1,14,207,16,042,33,210,16,054,37,211,12,315,27,1*71
$GBGSV,5,2,14,227,68,199,34,228,31,155,38,230,38,304,37,232,34,226,24,3*74
$GBGSV,5,3,14,233,32,052,41,241,83,093,33,3*70
$GBGSV,5,4,14,227,68,199,35,228,31,155,28,232,34,226,35,233,32,052,34,5*7E
$GBGSV,5,5,14,241,83,093,46,5*73
$GIGSV,1,1,,,,,,,,,,,,,0.0*4E
$GNGSA,A,3,01,02,03,04,06,09,19,28,31,,,,0.6,0.2,0.6,1*38
$GNGSA,A,3,01,03,04,06,09,28,,,,,,,0.6,0.2,0.6,1*30
$GNGSA,A,3,69,70,83,84,85,,,,,,,,0.6,0.2,0.6,2*32
$GNGSA,A,3,102,104,106,110,111,112,119,128,136,,,,0.6,0.2,0.6,3*05
$GNGSA,A,3,102,104,106,110,111,112,119,128,136,,,,0.6,0.2,0.6,3*05
$GNGSA,A,3,207,210,211,227,228,230,232,233,241,,,,0.6,0.2,0.6,4*0A
$GNGSA,A,3,227,228,232,233,241,,,,,,,,0.6,0.2,0.6,4*0F
$GNRMC,135143.000,A,4825.1429,N,00428.4558,W,0.0,125.5,100626,,,A*64
$GNGGA,135144.000,4825.1429,N,00428.4558,W,1,50,0.2,91.6,M,52.0,M,,*6F
$GNVTG,125.5,T,,M,0.0,N,0.0,K,A*10
$GPGSV,5,1,15,01,36,120,38,02,11,128,34,03,61,056,40,04,58,159,28,1*6B
$GPGSV,5,2,15,06,33,303,28,09,32,195,25,19,45,285,32,28,13,040,30,1*61
$GPGSV,5,3,15,31,18,068,43,1*54
$GPGSV,5,4,15,01,36,120,39,03,61,056,45,04,58,159,41,06,33,303,41,8*61
$GPGSV,5,5,15,09,32,195,34,28,13,040,32,8*66
$GQGSV,1,1,,,,,,,,,,,,,0.0*56
$GLGSV,2,1,05,69,81,204,35,70,27,216,30,83,34,139,38,84,86,327,31,1*76
$GLGSV,2,2,05,85,37,320,33,1*45
$GAGSV,5,1,18,102,13,286,26,104,58,124,37,106,45,165,34,109,25,184,20,7*7F
$GAGSV,5,2,18,110,56,106,35,111,84,047,29,112,31,111,34,119,30,048,35,7*7C
$GAGSV,5,3,18,128,51,079,34,136,38,300,31,7*74
$GAGSV,5,4,18,102,13,286,34,104,58,124,44,106,45,165,43,109,25,184,38,1*72
$GAGSV,5,5,18,111,84,047,42,112,31,111,26,119,30,048,27,136,38,300,41,1*7B
$GBGSV,5,1,15,207,16,042,32,210,16,054,37,211,12,315,27,1*71
$GBGSV,5,2,15,227,68,199,34,228,31,155,38,230,38,304,37,232,34,226,24,3*75
$GBGSV,5,3,15,233,32,052,41,241,83,093,33,3*71
$GBGSV,5,4,15,227,68,199,34,228,31,155,27,230,38,304,39,232,34,226,35,5*75
$GBGSV,5,5,15,233,32,052,34,241,83,093,46,5*71
$GIGSV,1,1,,,,,,,,,,,,,0.0*4E
$GNGSA,A,3,01,02,03,04,09,19,28,31,,,,,0.6,0.2,0.6,1*3E
$GNGSA,A,3,01,03,04,06,09,28,,,,,,,0.6,0.2,0.6,1*30
$GNGSA,A,3,69,70,83,84,85,,,,,,,,0.6,0.2,0.6,2*32
$GNGSA,A,3,102,104,106,110,111,112,119,128,136,,,,0.6,0.2,0.6,3*05
$GNGSA,A,3,102,104,106,109,111,112,119,136,,,,,0.6,0.2,0.6,3*36
$GNGSA,A,3,207,210,211,227,228,230,232,233,,,,,0.6,0.2,0.6,4*3D
$GNGSA,A,3,227,228,230,232,233,241,,,,,,,0.6,0.2,0.6,4*3E
$GNRMC,135144.000,A,4825.1429,N,00428.4558,W,0.0,125.5,100626,,,A*63
$GNGGA,135145.000,4825.1429,N,00428.4558,W,1,51,0.2,91.6,M,52.0,M,,*6F
$GNVTG,125.5,T,,M,0.0,N,0.0,K,A*10
$GPGSV,5,1,15,01,36,120,38,02,11,128,34,03,61,056,40,04,58,159,28,1*6B
$GPGSV,5,2,15,06,33,303,28,09,32,195,25,19,45,285,32,28,13,040,30,1*61
$GPGSV,5,3,15,31,18,068,43,1*54
$GPGSV,5,4,15,01,36,120,39,03,61,056,45,04,58,159,41,06,33,303,42,8*62
$GPGSV,5,5,15,09,32,195,34,28,13,040,32,8*66
$GQGSV,1,1,,,,,,,,,,,,,0.0*56
$GLGSV,2,1,05,69,81,204,35,70,27,216,30,83,34,139,37,84,86,327,31,1*79
$GLGSV,2,2,05,85,37,320,33,1*45
$GAGSV,6,1,20,102,13,286,26,104,58,124,37,106,45,165,34,109,25,184,20,7*77
$GAGSV,6,2,20,110,56,106,35,111,84,047,29,112,31,111,34,119,30,048,35,7*74
$GAGSV,6,3,20,128,51,079,34,136,38,300,31,7*7C
$GAGSV,6,4,20,102,13,286,34,104,58,124,44,106,45,165,43,109,25,184,38,1*7A
$GAGSV,6,5,20,110,56,106,41,111,84,047,42,112,31,111,26,119,30,048,28,1*74
$GAGSV,6,6,20,128,51,079,37,136,38,300,41,1*7B
$GBGSV,4,1,13,207,16,042,32,210,16,054,37,211,12,315,28,1*79
$GBGSV,4,2,13,227,68,199,34,228,31,155,38,230,38,304,37,232,34,226,24,3*72
$GBGSV,4,3,13,233,32,052,41,241,83,093,33,3*76
$GBGSV,4,4,13,227,68,199,34,228,31,155,27,233,32,052,34,241,83,093,46,5*76
$GIGSV,1,1,,,,,,,,,,,,,0.0*4E
$GNGSA,A,3,01,02,03,06,09,19,28,31,,,,,0.6,0.2,0.6,1*3C
$GNGSA,A,3,01,03,04,06,09,28,,,,,,,0.6,0.2,0.6,1*30
$GNGSA,A,3,69,70,83,84,85,,,,,,,,0.6,0.2,0.6,2*32
$GNGSA,A,3,102,104,106,110,111,112,119,128,136,,,,0.6,0.2,0.6,3*05
$GNGSA,A,3,102,104,106,109,110,111,112,119,128,136,,,0.6,0.2,0.6,3*3D
$GNGSA,A,3,207,210,211,227,228,230,232,233,241,,,,0.6,0.2,0.6,4*0A
$GNGSA,A,3,227,228,233,241,,,,,,,,,0.6,0.2,0.6,4*3C
$GNRMC,135145.000,A,4825.1429,N,00428.4558,W,0.0,125.5,100626,,,A*62
$GNGGA,135146.000,4825.1429,N,00428.4558,W,1,50,0.2,91.6,M,52.0,M,,*6D
$GNVTG,125.5,T,,M,0.0,N,0.0,K,A*10
$GPGSV,5,1,15,01,36,120,38,02,11,128,34,03,61,056,40,04,58,159,28,1*6B
$GPGSV,5,2,15,06,33,303,28,09,32,195,25,19,45,285,32,28,13,040,30,1*61
$GPGSV,5,3,15,31,18,068,43,1*54
$GPGSV,5,4,15,01,36,120,39,03,61,056,45,04,58,159,41,06,33,303,42,8*62
$GPGSV,5,5,15,09,32,195,34,28,13,040,32,8*66
$GQGSV,1,1,,,,,,,,,,,,,0.0*56
$GLGSV,2,1,05,69,81,204,35,70,27,216,30,83,34,139,37,84,86,327,31,1*79
$GLGSV,2,2,05,85,37,320,33,1*45
$GAGSV,6,1,19,102,13,286,26,104,58,124,37,106,45,165,34,109,25,184,20,7*7D
$GAGSV,6,2,19,110,56,106,35,111,84,047,29,112,31,111,34,119,30,048,35,7*7E
$GAGSV,6,3,19,128,51,079,34,136,38,300,31,7*76
$GAGSV,6,4,19,102,13,286,34,104,58,124,44,106,45,165,43,109,25,184,38,1*70
$GAGSV,6,5,19,110,56,106,41,111,84,047,42,112,31,111,26,119,30,048,28,1*7E
$GAGSV,6,6,19,128,51,079,37,1*78
$GBGSV,5,1,14,207,16,042,32,210,16,054,37,211,12,315,28,1*7F
$GBGSV,5,2,14,227,68,199,34,228,31,155,38,230,38,304,37,232,34,226,24,3*74
$GBGSV,5,3,14,233,32,052,41,241,83,093,33,3*70
$GBGSV,5,4,14,227,68,199,34,228,31,155,27,232,34,226,35,233,32,052,34,5*70
$GBGSV,5,5,14,241,83,093,46,5*73
$GIGSV,1,1,,,,,,,,,,,,,0.0*4E
$GNGSA,A,3,01,02,03,06,09,19,31,,,,,,0.6,0.2,0.6,1*36
$GNGSA,A,3,01,03,04,06,09,28,,,,,,,0.6,0.2,0.6,1*30
$GNGSA,A,3,69,70,83,84,85,,,,,,,,0.6,0.2,0.6,2*32
$GNGSA,A,3,102,104,106,110,111,112,119,128,136,,,,0.6,0.2,0.6,3*05
$GNGSA,A,3,102,104,106,109,110,111,112,119,128,,,,0.6,0.2,0.6,3*09
$GNGSA,A,3,207,210,211,227,228,230,232,233,241,,,,0.6,0.2,0.6,4*0A
$GNGSA,A,3,227,228,232,233,241,,,,,,,,0.6,0.2,0.6,4*0F
$GNRMC,135146.000,A,4825.1429,N,00428.4558,W,0.0,125.5,100626,,,A*61
$GNGGA,135147.000,4825.1429,N,00428.4558,W,1,51,0.2,91.6,M,52.0,M,,*6D
$GNVTG,125.5,T,,M,0.0,N,0.0,K,A*10
$GPGSV,5,1,15,01,36,120,38,02,11,128,34,03,61,056,40,04,58,159,28,1*6B
$GPGSV,5,2,15,06,33,303,27,09,32,195,25,19,45,285,32,28,13,040,30,1*6E
$GPGSV,5,3,15,31,18,068,43,1*54
$GPGSV,5,4,15,01,36,120,39,03,61,056,45,04,58,159,41,06,33,303,42,8*62
$GPGSV,5,5,15,09,32,195,34,28,13,040,32,8*66
$GQGSV,1,1,,,,,,,,,,,,,0.0*56
$GLGSV,2,1,05,69,81,205,35,70,28,216,30,83,34,139,37,84,87,326,31,1*77
$GLGSV,2,2,05,85,37,320,33,1*45
$GAGSV,6,1,19,102,13,286,26,104,58,124,37,106,45,165,34,109,25,184,20,7*7D
$GAGSV,6,2,19,110,56,106,35,111,84,047,29,112,31,111,34,119,30,048,35,7*7E
$GAGSV,6,3,19,128,51,079,34,136,38,300,31,7*76
$GAGSV,6,4,19,102,13,286,34,104,58,124,44,106,45,165,43,110,56,106,41,1*78
$GAGSV,6,5,19,111,84,047,42,112,31,111,26,119,30,048,28,128,51,079,37,1*7A
$GAGSV,6,6,19,136,38,300,41,1*74
$GBGSV,5,1,14,207,16,042,32,210,16,054,37,211,12,315,28,1*7F
$GBGSV,5,2,14,227,68,199,33,228,31,155,38,230,38,304,37,232,34,226,24,3*73
$GBGSV,5,3,14,233,32,052,41,241,83,093,33,3*70
$GBGSV,5,4,14,227,68,199,34,228,31,155,27,230,38,304,40,232,34,226,35,5*7A
$GBGSV,5,5,14,241,83,093,46,5*73
$GIGSV,1,1,,,,,,,,,,,,,0.0*4E
$GNGSA,A,3,01,02,03,04,19,28,31,,,,,,0.6,0.2,0.4,1*35
$GNGSA,A,3,01,03,04,06,09,28,,,,,,,0.6,0.2,0.4,1*32
$GNGSA,A,3,69,70,83,84,85,,,,,,,,0.6,0.2,0.4,2*30
$GNGSA,A,3,102,104,106,109,110,111,112,119,128,136,,,0.6,0.2,0.4,3*3F
$GNGSA,A,3,102,104,106,110,111,112,119,128,136,,,,0.6,0.2,0.4,3*07
$GNGSA,A,3,207,210,211,227,228,230,232,233,241,,,,0.6,0.2,0.4,4*08
$GNGSA,A,3,227,228,230,232,241,,,,,,,,0.6,0.2,0.4,4*0E
$GNRMC,135147.000,A,4825.1429,N,00428.4558,W,0.0,125.5,100626,,,A*60
$GNGGA,135148.000,4825.1429,N,00428.4558,W,1,50,0.2,91.6,M,52.0,M,,*63
$GNVTG,125.5,T,,M,0.0,N,0.0,K,A*10
$GPGSV,5,1,15,01,36,120,38,02,11,128,34,03,61,056,40,04,58,159,31,1*63
$GPGSV,5,2,15,06,33,303,27,09,32,195,25,19,45,285,32,28,13,040,30,1*6E
$GPGSV,5,3,15,31,18,068,43,1*54
$GPGSV,5,4,15,01,36,120,39,03,61,056,45,04,58,159,41,06,33,303,42,8*62
$GPGSV,5,5,15,09,32,195,33,28,13,040,32,8*61
$GQGSV,1,1,,,,,,,,,,,,,0.0*56
$GLGSV,2,1,05,69,81,205,35,70,28,216,30,83,34,139,37,84,87,326,32,1*74
$GLGSV,2,2,05,85,37,320,33,1*45
$GAGSV,5,1,18,102,13,286,26,104,58,124,37,106,45,165,34,109,25,184,20,7*7F
$GAGSV,5,2,18,110,56,106,35,111,84,047,29,112,31,111,34,119,30,048,35,7*7C
$GAGSV,5,3,18,128,51,079,34,136,38,300,31,7*74
$GAGSV,5,4,18,102,13,286,34,106,45,165,43,109,25,184,38,110,56,106,41,1*7C
$GAGSV,5,5,18,111,84,047,42,112,31,111,26,128,51,079,37,136,38,300,41,1*7D
$GBGSV,5,1,15,207,16,042,32,210,16,054,37,211,12,315,28,1*7E
$GBGSV,5,2,15,227,68,199,33,228,31,155,38,230,38,304,37,232,34,226,24,3*72
$GBGSV,5,3,15,233,32,052,41,241,83,093,33,3*71
$GBGSV,5,4,15,227,68,199,34,228,31,155,27,230,38,304,40,232,34,226,35,5*7B
$GBGSV,5,5,15,233,32,052,34,241,83,093,46,5*71
$GIGSV,1,1,,,,,,,,,,,,,0.0*4E
$GNGSA,A,3,01,02,03,04,19,28,31,,,,,,0.6,0.2,0.6,1*37
$GNGSA,A,3,01,03,04,06,09,28,,,,,,,0.6,0.2,0.6,1*30
$GNGSA,A,3,69,70,83,84,85,,,,,,,,0.6,0.2,0.6,2*32
$GNGSA,A,3,102,104,106,110,111,112,119,128,136,,,,0.6,0.2,0.6,3*05
$GNGSA,A,3,102,106,109,110,111,112,128,136,,,,,0.6,0.2,0.6,3*31
$GNGSA,A,3,207,210,211,227,228,230,232,233,241,,,,0.6,0.2,0.6,4*0A
$GNGSA,A,3,227,228,230,232,233,241,,,,,,,0.6,0.2,0.6,4*3E
$GNRMC,135148.000,A,4825.1429,N,00428.4558,W,0.0,125.5,100626,,,A*6F
$GNGGA,135149.000,4825.1429,N,00428.4558,W,1,50,0.2,91.6,M,52.0,M,,*62
$GNVTG,125.5,T,,M,0.0,N,0.0,K,A*10
$GPGSV,5,1,15,01,36,120,38,02,11,128,34,03,61,056,40,04,58,159,33,1*61
$GPGSV,5,2,15,06,33,303,27,09,32,195,25,19,45,285,31,28,13,040,30,1*6D
$GPGSV,5,3,15,31,18,068,43,1*54
$GPGSV,5,4,15,01,36,120,39,03,61,056,45,04,58,159,42,06,33,303,42,8*61
$GPGSV,5,5,15,09,32,195,33,28,13,040,32,8*61
$GQGSV,1,1,,,,,,,,,,,,,0.0*56
$GLGSV,2,1,05,69,81,205,35,70,28,216,30,83,34,139,37,84,87,326,32,1*74
$GLGSV,2,2,05,85,37,320,33,1*45
$GAGSV,5,1,18,102,13,286,26,104,58,124,36,106,45,165,34,109,25,184,20,7*7E
$GAGSV,5,2,18,110,56,106,35,111,84,047,29,112,31,111,34,119,30,048,35,7*7C
$GAGSV,5,3,18,128,51,079,34,136,38,300,31,7*74
$GAGSV,5,4,18,102,13,286,34,104,58,124,44,106,45,165,43,109,25,184,38,1*72
$GAGSV,5,5,18,110,56,106,41,112,31,111,26,119,30,048,29,128,51,079,37,1*70
$GBGSV,5,1,15,207,16,042,32,210,16,054,37,211,12,315,29,1*7F
$GBGSV,5,2,15,227,68,199,33,228,31,155,38,230,38,304,37,232,34,226,24,3*72
$GBGSV,5,3,15,233,32,052,41,241,83,093,33,3*71
$GBGSV,5,4,15,227,68,199,35,228,31,155,28,230,38,304,40,232,34,226,35,5*75
$GBGSV,5,5,15,233,32,052,34,241,83,093,46,5*71
$GIGSV,1,1,,,,,,,,,,,,,0.0*4E
$GNGSA,A,3,01,02,03,04,06,19,28,31,,,,,0.6,0.2,0.6,1*31
$GNGSA,A,3,01,03,04,06,09,28,,,,,,,0.6,0.2,0.6,1*30
$GNGSA,A,3,69,70,83,84,85,,,,,,,,0.6,0.2,0.6,2*32
$GNGSA,A,3,102,104,106,110,111,112,119,128,136,,,,0.6,0.2,0.6,3*05
$GNGSA,A,3,102,104,106,109,110,112,119,128,,,,,0.6,0.2,0.6,3*38
$GNGSA,A,3,207,210,211,227,228,230,233,241,,,,,0.6,0.2,0.6,4*39
$GNGSA,A,3,227,228,230,232,233,241,,,,,,,0.6,0.2,0.6,4*3E
$GNRMC,135149.000,A,4825.1429,N,00428.4558,W,0.0,125.5,100626,,,A*6E
$GNGGA,135150.000,4825.1429,N,00428.4558,W,1,51,0.2,91.6,M,52.0,M,,*6B
$GNVTG,125.5,T,,M,0.0,N,0.0,K,A*10
$GPGSV,5,1,15,01,36,120,38,02,11,128,33,03,61,056,40,04,58,159,33,1*66
$GPGSV,5,2,15,06,33,303,27,09,32,195,25,19,45,285,31,28,13,040,30,1*6D
$GPGSV,5,3,15,31,18,068,43,1*54
$GPGSV,5,4,15,01,36,120,39,03,61,056,45,04,58,159,42,06,33,303,42,8*61
$GPGSV,5,5,15,09,32,195,33,28,13,040,32,8*61
$GQGSV,1,1,,,,,,,,,,,,,0.0*56
$GLGSV,2,1,05,69,81,205,36,70,28,216,30,83,34,139,37,84,87,326,32,1*77
$GLGSV,2,2,05,85,37,320,33,1*45
$GAGSV,6,1,19,102,13,286,26,104,58,124,36,106,45,165,33,109,25,184,20,7*7B
$GAGSV,6,2,19,110,56,106,35,111,84,047,29,112,31,111,34,119,30,048,35,7*7E
$GAGSV,6,3,19,128,51,079,34,136,38,300,31,7*76
$GAGSV,6,4,19,102,13,286,34,104,58,124,44,106,45,165,43,109,25,184,38,1*70
$GAGSV,6,5,19,110,56,106,41,111,84,047,42,112,31,111,26,119,30,048,29,1*7F
$GAGSV,6,6,19,128,51,079,37,1*78
$GBGSV,5,1,14,207,16,042,32,210,16,054,37,211,12,315,29,1*7E
$GBGSV,5,2,14,227,68,199,33,228,31,155,38,230,38,304,37,232,34,226,24,3*73
$GBGSV,5,3,14,233,32,052,41,241,83,093,33,3*70
$GBGSV,5,4,14,227,68,199,35,228,31,155,29,230,38,304,40,233,32,052,34,5*72
$GBGSV,5,5,14,241,83,093,46,5*73
$GIGSV,1,1,,,,,,,,,,,,,0.0*4E
$GNGSA,A,3,01,02,03,04,06,19,28,31,,,,,0.6,0.2,0.6,1*31
$GNGSA,A,3,01,03,04,06,09,28,,,,,,,0.6,0.2,0.6,1*30
$GNGSA,A,3,69,70,83,84,85,,,,,,,,0.6,0.2,0.6,2*32
$GNGSA,A,3,102,104,106,110,111,112,119,128,136,,,,0.6,0.2,0.6,3*05
$GNGSA,A,3,102,104,106,109,110,111,112,119,128,,,,0.6,0.2,0.6,3*09
$GNGSA,A,3,207,210,211,227,228,230,232,233,241,,,,0.6,0.2,0.6,4*0A
$GNGSA,A,3,227,228,230,233,241,,,,,,,,0.6,0.2,0.6,4*0D
$GNRMC,135150.000,A,4825.1429,N,00428.4558,W,0.0,125.5,100626,,,A*66
$GNGGA,135151.000,4825.1429,N,00428.4558,W,1,51,0.2,91.6,M,52.0,M,,*6A
$GNVTG,125.5,T,,M,0.0,N,0.0,K,A*10
$GPGSV,5,1,15,01,36,120,38,02,11,128,33,03,61,056,40,04,58,159,33,1*66
$GPGSV,5,2,15,06,33,303,27,09,32,195,24,19,45,285,31,28,13,040,30,1*6C
$GPGSV,5,3,15,31,18,068,42,1*55
$GPGSV,5,4,15,01,36,120,39,03,61,056,45,04,58,159,42,06,33,303,42,8*61
$GPGSV,5,5,15,09,32,195,33,28,13,040,32,8*61
$GQGSV,1,1,,,,,,,,,,,,,0.0*56
$GLGSV,2,1,05,69,81,205,36,70,28,216,30,83,34,139,37,84,87,326,32,1*77
$GLGSV,2,2,05,85,37,320,33,1*45
$GAGSV,5,1,18,102,13,286,26,104,58,124,36,106,45,165,33,109,25,184,20,7*79
$GAGSV,5,2,18,110,56,106,35,111,84,047,29,112,31,111,34,119,30,048,35,7*7C
$GAGSV,5,3,18,128,51,079,33,136,38,300,31,7*73
$GAGSV,5,4,18,102,13,286,34,106,45,165,43,109,25,184,38,110,56,106,41,1*7C
$GAGSV,5,5,18,111,84,047,42,112,31,111,26,128,51,079,37,136,38,300,41,1*7D
$GBGSV,5,1,15,207,16,042,32,210,16,054,37,211,12,315,29,1*7F
$GBGSV,5,2,15,227,68,199,33,228,31,155,38,230,38,304,37,232,34,226,24,3*72
$GBGSV,5,3,15,233,32,052,41,241,83,093,33,3*71
$GBGSV,5,4,15,227,68,199,36,228,31,155,29,230,38,304,40,232,34,226,34,5*76
$GBGSV,5,5,15,233,32,052,34,241,83,093,46,5*71
$GIGSV,1,1,,,,,,,,,,,,,0.0*4E
$GNGSA,A,3,01,02,03,04,06,19,28,31,,,,,0.6,0.2,0.6,1*31
$GNGSA,A,3,01,03,04,06,09,28,,,,,,,0.6,0.2,0.6,1*30
$GNGSA,A,3,69,70,83,84,85,,,,,,,,0.6,0.2,0.6,2*32
$GNGSA,A,3,102,104,106,110,111,112,119,128,136,,,,0.6,0.2,0.6,3*05
$GNGSA,A,3,102,106,109,110,111,112,128,136,,,,,0.6,0.2,0.6,3*31
$GNGSA,A,3,207,210,211,227,228,230,232,233,241,,,,0.6,0.2,0.6,4*0A
$GNGSA,A,3,227,228,230,232,233,241,,,,,,,0.6,0.2,0.6,4*3E
$GNRMC,135151.000,A,4825.1429,N,00428.4558,W,0.0,125.5,100626,,,A*67
$GNGGA,135152.000,4825.1429,N,00428.4558,W,1,52,0.2,91.6,M,52.0,M,,*6A
$GNVTG,125.5,T,,M,0.0,N,0.0,K,A*10
$GPGSV,5,1,15,01,36,120,38,02,11,128,33,03,61,056,40,04,58,159,33,1*66
$GPGSV,5,2,15,06,33,303,26,09,32,195,24,19,45,285,31,28,13,040,30,1*6D
$GPGSV,5,3,15,31,18,068,42,1*55
$GPGSV,5,4,15,01,36,120,39,03,61,056,45,04,58,159,42,06,33,303,42,8*61
$GPGSV,5,5,15,09,32,195,33,28,13,040,32,8*61
$GQGSV,1,1,,,,,,,,,,,,,0.0*56
$GLGSV,2,1,05,69,81,205,36,70,28,216,30,83,34,139,36,84,87,326,32,1*76
$GLGSV,2,2,05,85,37,320,33,1*45
$GAGSV,6,1,19,102,13,286,26,104,58,124,36,106,45,165,33,109,25,184,21,7*7A
$GAGSV,6,2,19,110,56,106,36,111,84,047,29,112,31,111,34,119,30,048,35,7*7D
$GAGSV,6,3,19,128,51,079,33,136,38,300,31,7*71
$GAGSV,6,4,19,102,13,286,34,104,58,124,43,106,45,165,43,110,56,106,41,1*7F
$GAGSV,6,5,19,111,84,047,42,112,31,111,26,119,30,048,29,128,51,079,37,1*7B
$GAGSV,6,6,19,136,38,300,41,1*74
$GBGSV,5,1,14,207,16,042,32,210,16,054,37,211,12,315,29,1*7E
$GBGSV,5,2,14,227,68,199,33,228,31,155,38,230,38,304,36,232,34,226,24,3*72
$GBGSV,5,3,14,233,32,052,41,241,83,093,33,3*70
$GBGSV,5,4,14,227,68,199,36,230,38,304,40,232,34,226,34,233,32,052,34,5*74
$GBGSV,5,5,14,241,83,093,46,5*73
$GIGSV,1,1,,,,,,,,,,,,,0.0*4E
$GNGSA,A,3,01,02,03,04,06,09,19,31,,,,,0.6,0.2,0.6,1*32
$GNGSA,A,3,01,03,04,06,09,28,,,,,,,0.6,0.2,0.6,1*30
$GNGSA,A,3,69,70,83,84,85,,,,,,,,0.6,0.2,0.6,2*32
$GNGSA,A,3,102,104,106,109,110,111,112,119,128,136,,,0.6,0.2,0.6,3*3D
$GNGSA,A,3,102,104,106,110,111,112,119,128,136,,,,0.6,0.2,0.6,3*05
$GNGSA,A,3,207,210,211,227,228,230,232,233,241,,,,0.6,0.2,0.6,4*0A
$GNGSA,A,3,227,230,232,233,241,,,,,,,,0.6,0.2,0.6,4*06
$GNRMC,135152.000,A,4825.1429,N,00428.4558,W,0.0,125.5,100626,,,A*64
$GNGGA,135153.000,4825.1429,N,00428.4558,W,1,52,0.2,91.6,M,52.0,M,,*6B
$GNVTG,125.5,T,,M,0.0,N,0.0,K,A*10
$GPGSV,4,1,14,01,36,120,38,02,11,128,33,03,61,056,40,04,58,159,33,1*66
$GPGSV,4,2,14,09,32,195,24,19,45,285,31,28,13,040,30,31,18,068,42,1*6C
$GPGSV,4,3,14,01,36,120,39,03,61,056,45,04,58,159,42,06,33,303,42,8*66
$GPGSV,4,4,14,09,32,195,33,28,13,040,32,8*60
$GQGSV,1,1,,,,,,,,,,,,,0.0*56
$GLGSV,2,1,05,69,81,205,36,70,28,216,30,83,34,139,36,84,87,326,32,1*76
$GLGSV,2,2,05,85,37,320,33,1*45
$GAGSV,5,1,18,102,13,286,26,104,58,124,36,106,45,165,33,109,25,184,21,7*78
$GAGSV,5,2,18,110,56,106,36,111,84,047,29,112,31,111,34,119,30,048,35,7*7F
$GAGSV,5,3,18,128,51,079,33,136,38,300,31,7*73
$GAGSV,5,4,18,102,13,286,34,104,58,124,43,106,45,165,43,110,56,106,41,1*7D
$GAGSV,5,5,18,111,84,047,42,119,30,048,29,128,51,079,37,136,38,300,41,1*75
$GBGSV,5,1,15,207,16,042,31,210,16,054,37,211,12,315,29,1*7C
$GBGSV,5,2,15,227,68,199,33,228,31,155,38,230,38,304,36,232,34,226,24,3*73
$GBGSV,5,3,15,233,32,052,41,241,83,093,33,3*71
$GBGSV,5,4,15,227,68,199,36,228,31,155,30,230,38,304,40,232,34,226,34,5*7E
$GBGSV,5,5,15,233,32,052,35,241,83,093,46,5*70
$GIGSV,1,1,,,,,,,,,,,,,0.0*4E
$GNGSA,A,3,01,02,03,04,09,19,28,31,,,,,0.6,0.2,0.4,1*3C
$GNGSA,A,3,01,03,04,06,09,28,,,,,,,0.6,0.2,0.4,1*32
$GNGSA,A,3,69,70,83,84,85,,,,,,,,0.6,0.2,0.4,2*30
$GNGSA,A,3,102,104,106,109,110,111,112,119,128,136,,,0.6,0.2,0.4,3*3F
$GNGSA,A,3,102,104,106,110,111,119,128,136,,,,,0.6,0.2,0.4,3*35
$GNGSA,A,3,207,210,211,227,228,230,232,233,241,,,,0.6,0.2,0.4,4*08
$GNGSA,A,3,227,228,230,232,233,241,,,,,,,0.6,0.2,0.4,4*3C
$GNRMC,135153.000,A,4825.1429,N,00428.4558,W,0.0,125.5,100626,,,A*65
$GNGGA,135154.000,4825.1429,N,00428.4558,W,1,51,0.2,91.6,M,52.0,M,,*6F
$GNVTG,125.5,T,,M,0.0,N,0.0,K,A*10
$GPGSV,4,1,14,01,36,120,38,02,11,128,33,03,61,056,40,04,58,159,33,1*66
$GPGSV,4,2,14,09,32,195,24,19,45,285,31,28,13,040,30,31,18,068,42,1*6C
$GPGSV,4,3,14,01,36,120,39,03,61,056,45,04,58,159,42,06,33,303,42,8*66
$GPGSV,4,4,14,09,32,195,33,28,13,040,32,8*60
$GQGSV,1,1,,,,,,,,,,,,,0.0*56
$GLGSV,2,1,05,69,81,205,36,70,28,216,30,83,34,139,36,84,87,326,32,1*76
$GLGSV,2,2,05,85,37,320,34,1*42
$GAGSV,5,1,18,102,13,286,25,104,58,124,36,106,45,165,33,109,25,184,21,7*7B
$GAGSV,5,2,18,110,56,106,36,111,84,047,28,112,31,111,34,119,30,048,35,7*7E
$GAGSV,5,3,18,128,51,079,33,136,38,300,31,7*73
$GAGSV,5,4,18,102,13,286,34,104,58,124,43,106,45,165,43,111,84,047,42,1*74
$GAGSV,5,5,18,112,31,111,26,119,30,048,29,128,51,079,37,136,38,300,41,1*78
$GBGSV,5,1,15,207,16,042,31,210,16,054,37,211,12,315,29,1*7C
$GBGSV,5,2,15,227,68,199,33,228,31,155,38,230,38,304,36,232,34,226,24,3*73
$GBGSV,5,3,15,233,32,052,41,241,83,093,33,3*71
$GBGSV,5,4,15,227,68,199,36,228,31,155,30,230,38,304,40,232,34,226,34,5*7E
$GBGSV,5,5,15,233,32,052,35,241,83,093,46,5*70
$GIGSV,1,1,,,,,,,,,,,,,0.0*4E
$GNGSA,A,3,01,02,03,04,09,19,28,31,,,,,0.6,0.2,0.6,1*3E
$GNGSA,A,3,01,03,04,06,09,28,,,,,,,0.6,0.2,0.6,1*30
$GNGSA,A,3,69,70,83,84,85,,,,,,,,0.6,0.2,0.6,2*32
$GNGSA,A,3,102,104,106,109,110,111,112,119,128,136,,,0.6,0.2,0.6,3*3D
$GNGSA,A,3,102,104,106,111,112,119,128,136,,,,,0.6,0.2,0.6,3*35
$GNGSA,A,3,207,210,211,227,228,230,233,241,,,,,0.6,0.2,0.6,4*39
$GNGSA,A,3,227,228,230,232,233,241,,,,,,,0.6,0.2,0.6,4*3E
$GNRMC,135154.000,A,4825.1429,N,00428.4558,W,0.0,125.5,100626,,,A*62
$GNGGA,135155.000,4825.1429,N,00428.4558,W,1,52,0.2,91.7,M,52.0,M,,*6C
$GNVTG,125.5,T,,M,0.0,N,0.0,K,A*10
$GPGSV,4,1,14,01,36,120,38,02,11,128,33,03,61,056,40,04,58,159,33,1*66
$GPGSV,4,2,14,09,32,195,24,19,45,285,31,28,13,040,30,31,18,068,42,1*6C
$GPGSV,4,3,14,01,36,120,39,03,61,056,45,04,58,159,42,06,33,303,42,8*66
$GPGSV,4,4,14,09,32,195,33,28,13,040,33,8*61
$GQGSV,1,1,,,,,,,,,,,,,0.0*56
$GLGSV,2,1,05,69,81,205,36,70,28,216,30,83,34,139,36,84,87,326,32,1*76
$GLGSV,2,2,05,85,37,320,34,1*42
$GAGSV,5,1,18,102,13,286,25,104,58,124,36,106,45,165,33,109,25,184,21,7*7B
$GAGSV,5,2,18,110,56,106,36,111,84,047,28,112,31,111,34,119,30,048,35,7*7E
$GAGSV,5,3,18,128,51,079,33,136,38,300,31,7*73
$GAGSV,5,4,18,102,13,286,35,104,58,124,43,106,45,165,43,109,25,184,38,1*74
$GAGSV,5,5,18,110,56,106,41,111,84,047,42,119,30,048,29,136,38,300,41,1*71
$GBGSV,5,1,15,207,16,042,31,210,16,054,37,211,12,315,29,1*7C
$GBGSV,5,2,15,227,68,199,33,228,31,155,38,230,38,304,36,232,34,226,24,3*73
$GBGSV,5,3,15,233,32,052,41,241,83,093,33,3*71
$GBGSV,5,4,15,227,68,199,36,228,31,155,30,230,38,304,40,232,34,226,34,5*7E
$GBGSV,5,5,15,233,32,052,35,241,83,093,46,5*70
$GIGSV,1,1,,,,,,,,,,,,,0.0*4E
$GNGSA,A,3,01,02,03,04,09,19,28,31,,,,,0.6,0.2,0.4,1*3C
$GNGSA,A,3,01,03,04,06,09,28,,,,,,,0.6,0.2,0.4,1*32
$GNGSA,A,3,69,70,83,84,85,,,,,,,,0.6,0.2,0.4,2*30
$GNGSA,A,3,102,104,106,109,110,111,112,119,128,136,,,0.6,0.2,0.4,3*3F
$GNGSA,A,3,102,104,106,109,110,111,119,136,,,,,0.6,0.2,0.4,3*36
$GNGSA,A,3,207,210,211,227,228,230,232,233,241,,,,0.6,0.2,0.4,4*08
$GNGSA,A,3,227,228,230,232,233,241,,,,,,,0.6,0.2,0.4,4*3C
$GNRMC,135155.000,A,4825.1429,N,00428.4558,W,0.0,125.5,100626,,,A*63
$GNGGA,135156.000,4825.1429,N,00428.4558,W,1,52,0.2,91.7,M,52.0,M,,*6F
$GNVTG,125.5,T,,M,0.0,N,0.0,K,A*10
$GPGSV,4,1,14,01,36,120,38,02,11,128,33,03,61,056,40,04,58,159,33,1*66
$GPGSV,4,2,14,09,32,195,24,19,45,285,31,28,13,040,30,31,18,068,42,1*6C
$GPGSV,4,3,14,01,36,120,39,03,61,056,44,04,58,159,42,06,33,303,42,8*67
$GPGSV,4,4,14,09,32,195,33,28,13,040,33,8*61
$GQGSV,1,1,,,,,,,,,,,,,0.0*56
$GLGSV,2,1,05,69,81,205,36,70,28,216,30,83,34,139,36,84,87,326,32,1*76
$GLGSV,2,2,05,85,37,320,34,1*42
$GAGSV,6,1,19,102,13,286,25,104,58,124,36,106,45,165,33,109,25,184,22,7*7A
$GAGSV,6,2,19,110,56,106,36,111,84,047,28,112,31,111,34,119,30,048,35,7*7C
$GAGSV,6,3,19,128,51,079,33,136,38,300,31,7*71
$GAGSV,6,4,19,102,13,286,35,104,58,124,43,106,45,165,43,109,25,184,38,1*76
$GAGSV,6,5,19,110,56,106,41,112,31,111,26,119,30,048,30,128,51,079,37,1*7A
$GAGSV,6,6,19,136,38,300,41,1*74
$GBGSV,5,1,14,207,16,042,31,210,16,054,37,211,12,315,29,1*7D
$GBGSV,5,2,14,227,68,199,33,228,31,155,38,230,38,304,36,232,34,226,24,3*72
$GBGSV,5,3,14,233,32,052,41,241,83,093,33,3*70
$GBGSV,5,4,14,227,68,199,37,228,31,155,30,230,38,304,40,233,32,052,35,5*79
$GBGSV,5,5,14,241,83,093,46,5*73
$GIGSV,1,1,,,,,,,,,,,,,0.0*4E
$GNGSA,A,3,01,02,03,04,09,19,28,31,,,,,0.6,0.2,0.6,1*3E
$GNGSA,A,3,01,03,04,06,09,28,,,,,,,0.6,0.2,0.6,1*30
$GNGSA,A,3,69,70,83,84,85,,,,,,,,0.6,0.2,0.6,2*32
$GNGSA,A,3,102,104,106,109,110,111,112,119,128,136,,,0.6,0.2,0.6,3*3D
$GNGSA,A,3,102,104,106,109,110,112,119,128,136,,,,0.6,0.2,0.6,3*0C
$GNGSA,A,3,207,210,211,227,228,230,232,233,241,,,,0.6,0.2,0.6,4*0A
$GNGSA,A,3,227,228,230,233,241,,,,,,,,0.6,0.2,0.6,4*0D
$GNRMC,135156.000,A,4825.1429,N,00428.4558,W,0.0,125.5,100626,,,A*60
$GNGGA,135157.000,4825.1429,N,00428.4558,W,1,53,0.2,91.7,M,52.0,M,,*6F
$GNVTG,125.5,T,,M,0.0,N,0.0,K,A*10
$GPGSV,5,1,15,01,36,120,39,02,11,128,33,03,61,056,40,04,58,159,33,1*67
$GPGSV,5,2,15,06,33,303,24,09,32,195,24,19,45,285,31,28,13,040,30,1*6F
$GPGSV,5,3,15,31,18,068,42,1*55
$GPGSV,5,4,15,01,36,120,39,03,61,056,44,04,58,159,42,06,33,303,42,8*60
$GPGSV,5,5,15,09,32,195,33,28,13,040,33,8*60
$GQGSV,1,1,,,,,,,,,,,,,0.0*56
$GLGSV,2,1,05,69,81,205,36,70,28,216,30,83,34,139,36,84,87,326,32,1*76
$GLGSV,2,2,05,85,37,320,34,1*42
$GAGSV,6,1,19,102,13,286,25,104,58,124,36,106,45,165,33,109,25,184,22,7*7A
$GAGSV,6,2,19,110,56,106,36,111,84,047,28,112,31,111,34,119,30,048,35,7*7C
$GAGSV,6,3,19,128,51,079,34,136,38,300,31,7*76
$GAGSV,6,4,19,102,13,286,35,104,58,124,43,106,45,165,43,109,25,184,38,1*76
$GAGSV,6,5,19,110,56,106,41,111,84,047,42,119,30,048,30,128,51,079,37,1*77
$GAGSV,6,6,19,136,38,300,41,1*74
$GBGSV,5,1,14,207,16,042,31,210,16,054,37,211,12,315,29,1*7D
$GBGSV,5,2,14,227,68,199,33,228,31,155,38,230,38,304,36,232,34,226,24,3*72
$GBGSV,5,3,14,233,32,052,41,241,83,093,33,3*70
$GBGSV,5,4,14,227,68,199,37,228,31,155,30,230,38,304,40,233,32,052,35,5*79
$GBGSV,5,5,14,241,83,093,46,5*73
$GIGSV,1,1,,,,,,,,,,,,,0.0*4E
$GNGSA,A,3,01,02,03,04,06,09,19,28,31,,,,0.6,0.2,0.4,1*3A
$GNGSA,A,3,01,03,04,06,09,28,,,,,,,0.6,0.2,0.4,1*32
$GNGSA,A,3,69,70,83,84,85,,,,,,,,0.6,0.2,0.4,2*30
$GNGSA,A,3,102,104,106,109,110,111,112,119,128,136,,,0.6,0.2,0.4,3*3F
$GNGSA,A,3,102,104,106,109,110,111,119,128,136,,,,0.6,0.2,0.4,3*0D
$GNGSA,A,3,207,210,211,227,228,230,232,233,241,,,,0.6,0.2,0.4,4*08
$GNGSA,A,3,227,228,230,233,241,,,,,,,,0.6,0.2,0.4,4*0F
$GNRMC,135157.000,A,4825.1429,N,00428.4558,W,0.0,125.5,100626,,,A*61
$GNGGA,135158.000,4825.1429,N,00428.4558,W,1,51,0.2,91.7,M,52.0,M,,*62
$GNVTG,125.5,T,,M,0.0,N,0.0,K,A*10
$GPGSV,4,1,14,01,36,120,39,02,11,128,33,03,60,057,40,04,58,159,33,1*67
$GPGSV,4,2,14,09,32,195,24,19,45,285,31,28,13,040,30,31,18,068,42,1*6C
$GPGSV,4,3,14,01,36,120,39,03,60,057,44,04,58,159,42,06,33,303,42,8*67
$GPGSV,4,4,14,09,32,195,32,28,13,040,33,8*60
$GQGSV,1,1,,,,,,,,,,,,,0.0*56
$GLGSV,2,1,05,69,81,205,36,70,28,216,31,83,34,139,36,84,87,326,32,1*77
$GLGSV,2,2,05,85,37,320,34,1*42
$GAGSV,6,1,19,102,13,286,25,104,58,124,36,106,45,165,33,109,25,184,22,7*7A
$GAGSV,6,2,19,110,56,106,36,111,84,047,28,112,31,111,34,119,30,048,35,7*7C
$GAGSV,6,3,19,128,51,079,34,136,38,300,31,7*76
$GAGSV,6,4,19,102,13,286,35,104,58,124,43,106,45,165,43,109,25,184,39,1*77
$GAGSV,6,5,19,110,56,106,41,111,84,047,42,112,31,111,26,119,30,048,30,1*77
$GAGSV,6,6,19,136,38,300,41,1*74
$GBGSV,5,1,14,207,16,042,31,210,16,054,37,211,12,315,29,1*7D
$GBGSV,5,2,14,227,68,199,33,228,31,155,38,230,38,304,36,232,34,226,25,3*73
$GBGSV,5,3,14,233,32,052,41,241,83,093,33,3*70
$GBGSV,5,4,14,227,68,199,37,228,31,155,30,230,38,304,40,232,34,226,33,5*79
$GBGSV,5,5,14,233,32,052,35,5*75
$GIGSV,1,1,,,,,,,,,,,,,0.0*4E
$GNGSA,A,3,01,02,03,04,09,19,28,31,,,,,0.6,0.2,0.6,1*3E
$GNGSA,A,3,01,03,04,06,09,28,,,,,,,0.6,0.2,0.6,1*30
$GNGSA,A,3,69,70,83,84,85,,,,,,,,0.6,0.2,0.6,2*32
$GNGSA,A,3,102,104,106,109,110,111,112,119,128,136,,,0.6,0.2,0.6,3*3D
$GNGSA,A,3,102,104,106,109,110,111,112,119,136,,,,0.6,0.2,0.6,3*06
$GNGSA,A,3,207,210,211,227,228,230,233,241,,,,,0.6,0.2,0.6,4*39
$GNGSA,A,3,227,228,230,232,233,,,,,,,,0.6,0.2,0.6,4*09
$GNRMC,135158.000,A,4825.1429,N,00428.4558,W,0.0,125.5,100626,,,A*6E
$GNGGA,135159.000,4825.1429,N,00428.4558,W,1,49,0.4,91.7,M,52.0,M,,*6C
$GNVTG,125.5,T,,M,0.0,N,0.0,K,A*10
$GPGSV,4,1,14,01,36,120,39,02,11,128,33,03,60,057,40,04,58,159,33,1*67
$GPGSV,4,2,14,09,32,195,24,19,45,285,31,28,13,040,30,31,18,068,42,1*6C
$GPGSV,4,3,14,01,36,120,39,03,60,057,44,04,58,159,42,06,33,303,42,8*67
$GPGSV,4,4,14,09,32,195,32,28,13,040,33,8*60
$GQGSV,1,1,,,,,,,,,,,,,0.0*56
$GLGSV,2,1,05,69,81,205,36,70,28,216,31,83,34,139,36,84,87,326,32,1*77
$GLGSV,2,2,05,85,37,320,34,1*42
$GAGSV,6,1,19,102,13,286,25,104,58,124,36,106,45,165,33,109,25,184,22,7*7A
$GAGSV,6,2,19,110,56,106,37,111,84,047,28,112,31,111,34,119,30,048,36,7*7E
$GAGSV,6,3,19,128,51,079,34,136,38,300,31,7*76
$GAGSV,6,4,19,102,13,286,35,104,58,124,43,106,45,165,43,109,25,184,39,1*77
$GAGSV,6,5,19,110,56,106,41,111,84,047,42,112,31,111,26,128,51,079,37,1*77
$GAGSV,6,6,19,136,38,300,41,1*74
$GBGSV,5,1,14,207,16,042,31,210,16,054,37,211,12,315,29,1*7D
$GBGSV,5,2,14,227,68,199,33,228,31,155,38,230,38,304,36,232,34,226,25,3*73
$GBGSV,5,3,14,233,32,052,41,241,83,093,33,3*70
$GBGSV,5,4,14,227,68,199,37,228,31,155,31,230,38,304,40,233,32,052,35,5*78
$GBGSV,5,5,14,241,83,093,45,5*70
$GIGSV,1,1,,,,,,,,,,,,,0.0*4E
$GNGSA,A,3,01,03,04,19,31,,,,,,,,0.6,0.4,0.6,1*39
$GNGSA,A,3,01,03,04,06,09,28,,,,,,,0.6,0.4,0.6,1*36
$GNGSA,A,3,69,70,83,84,85,,,,,,,,0.6,0.4,0.6,2*34
$GNGSA,A,3,102,104,106,109,110,111,112,119,128,136,,,0.6,0.4,0.6,3*3B
$GNGSA,A,3,102,104,106,109,110,111,112,128,136,,,,0.6,0.4,0.6,3*02
$GNGSA,A,3,207,210,211,227,228,230,232,233,241,,,,0.6,0.4,0.6,4*0C
$GNGSA,A,3,227,228,230,233,241,,,,,,,,0.6,0.4,0.6,4*0B
$GNRMC,135159.000,A,4825.1429,N,00428.4558,W,0.0,125.5,100626,,,A*6F
$GNGGA,135200.000,4825.1429,N,00428.4558,W,1,51,0.2,91.7,M,52.0,M,,*6C
$GNVTG,125.5,T,,M,0.0,N,0.0,K,A*10
$GPGSV,5,1,15,01,36,120,39,02,11,128,33,03,60,057,40,04,58,159,33,1*67
$GPGSV,5,2,15,06,33,303,29,09,32,195,24,19,45,285,31,28,13,040,30,1*62
$GPGSV,5,3,15,31,18,068,42,1*55
$GPGSV,5,4,15,01,36,120,39,03,60,057,44,04,58,159,42,06,33,303,42,8*60
$GPGSV,5,5,15,09,32,195,32,28,13,040,32,8*60
$GQGSV,1,1,,,,,,,,,,,,,0.0*56
$GLGSV,2,1,05,69,81,205,36,70,28,216,31,83,34,139,36,84,87,326,31,1*74
$GLGSV,2,2,05,85,37,320,34,1*42
$GAGSV,5,1,18,102,13,286,25,104,58,124,36,106,45,165,33,109,25,184,23,7*79
$GAGSV,5,2,18,110,56,106,37,111,84,049,28,112,31,111,34,119,30,048,36,7*72
$GAGSV,5,3,18,128,51,079,34,136,38,300,31,7*74
$GAGSV,5,4,18,102,13,286,35,104,58,124,43,109,25,184,39,111,84,049,42,1*70
$GAGSV,5,5,18,112,31,111,26,119,30,048,30,128,51,079,37,136,38,300,41,1*70
$GBGSV,5,1,15,207,16,042,31,210,16,054,37,211,12,315,29,1*7C
$GBGSV,5,2,15,227,68,199,33,228,31,155,38,230,38,304,36,232,34,226,25,3*72
$GBGSV,5,3,15,233,32,052,41,241,83,093,33,3*71
$GBGSV,5,4,15,227,68,199,37,228,31,155,31,230,38,304,40,232,34,226,33,5*79
$GBGSV,5,5,15,233,32,052,35,241,83,093,45,5*73
$GIGSV,1,1,,,,,,,,,,,,,0.0*4E
$GNGSA,A,3,01,02,03,04,06,19,28,31,,,,,0.6,0.2,0.4,1*33
$GNGSA,A,3,01,03,04,06,09,28,,,,,,,0.6,0.2,0.4,1*32
$GNGSA,A,3,69,70,83,84,85,,,,,,,,0.6,0.2,0.4,2*30
$GNGSA,A,3,102,104,106,109,110,111,112,119,128,136,,,0.6,0.2,0.4,3*3F
$GNGSA,A,3,102,104,109,111,112,119,128,136,,,,,0.6,0.2,0.4,3*38
$GNGSA,A,3,207,210,211,227,228,230,233,241,,,,,0.6,0.2,0.4,4*3B
$GNGSA,A,3,227,228,230,232,233,241,,,,,,,0.6,0.2,0.4,4*3C
$GNRMC,135200.000,A,4825.1429,N,00428.4558,W,0.0,125.5,100626,,,A*60
$GNGGA,135201.000,4825.1429,N,00428.4558,W,1,51,0.2,91.7,M,52.0,M,,*6D
$GNVTG,125.5,T,,M,0.0,N,0.0,K,A*10
$GPGSV,5,1,15,01,36,120,39,02,11,128,33,03,60,057,40,04,58,159,33,1*67
$GPGSV,5,2,15,06,33,303,29,09,32,195,24,19,45,284,31,28,13,040,30,1*63
$GPGSV,5,3,15,31,18,068,42,1*55
$GPGSV,5,4,15,01,36,120,39,03,60,057,44,04,58,159,42,06,33,303,42,8*60
$GPGSV,5,5,15,09,32,195,33,28,13,040,32,8*61
$GQGSV,1,1,,,,,,,,,,,,,0.0*56
$GLGSV,2,1,05,69,81,205,36,70,28,216,31,83,34,139,37,84,87,326,31,1*75
$GLGSV,2,2,05,85,37,320,33,1*45
$GAGSV,6,1,19,102,13,286,25,104,58,124,36,106,46,165,34,109,25,184,23,7*7F
$GAGSV,6,2,19,110,56,106,37,111,84,049,28,112,31,111,34,119,30,048,36,7*70
$GAGSV,6,3,19,128,51,079,34,136,38,300,31,7*76
$GAGSV,6,4,19,102,13,286,35,106,46,165,43,109,25,184,39,110,56,106,41,1*7D
$GAGSV,6,5,19,111,84,049,42,112,31,111,26,119,30,048,30,128,51,079,37,1*7D
$GAGSV,6,6,19,136,38,300,41,1*74
$GBGSV,5,1,14,207,16,042,31,210,16,054,37,211,12,315,29,1*7D
$GBGSV,5,2,14,227,68,199,33,228,31,155,38,230,38,304,36,232,34,226,25,3*73
$GBGSV,5,3,14,233,32,052,41,241,83,093,33,3*70
$GBGSV,5,4,14,227,68,199,37,228,31,155,31,230,38,304,40,232,34,226,33,5*78
$GBGSV,5,5,14,233,32,052,35,5*75
$GIGSV,1,1,,,,,,,,,,,,,0.0*4E
$GNGSA,A,3,01,02,03,04,06,19,31,,,,,,0.6,0.2,0.6,1*3B
$GNGSA,A,3,01,03,04,06,09,28,,,,,,,0.6,0.2,0.6,1*30
$GNGSA,A,3,69,70,83,84,85,,,,,,,,0.6,0.2,0.6,2*32
$GNGSA,A,3,102,104,106,109,110,111,112,119,128,136,,,0.6,0.2,0.6,3*3D
$GNGSA,A,3,102,106,109,110,111,112,119,128,136,,,,0.6,0.2,0.6,3*08
$GNGSA,A,3,207,210,211,227,228,230,232,233,241,,,,0.6,0.2,0.6,4*0A
$GNGSA,A,3,227,228,230,232,233,,,,,,,,0.6,0.2,0.6,4*09
$GNRMC,135201.000,A,4825.1429,N,00428.4558,W,0.0,125.5,100626,,,A*61
$GNGGA,135202.000,4825.1429,N,00428.4558,W,1,51,0.2,91.7,M,52.0,M,,*6E
$GNVTG,125.5,T,,M,0.0,N,0.0,K,A*10
$GPGSV,5,1,15,01,36,120,39,02,11,128,33,03,60,057,40,04,58,159,33,1*67
$GPGSV,5,2,15,06,33,303,30,09,32,195,24,19,45,284,31,28,13,040,30,1*6B
$GPGSV,5,3,15,31,18,068,42,1*55
$GPGSV,5,4,15,01,36,120,39,03,60,057,44,04,58,159,42,06,33,303,42,8*60
$GPGSV,5,5,15,09,32,195,33,28,13,040,32,8*61
$GQGSV,1,1,,,,,,,,,,,,,0.0*56
$GLGSV,2,1,05,69,81,205,36,70,28,216,31,83,34,139,37,84,87,326,31,1*75
$GLGSV,2,2,05,85,37,320,33,1*45
$GAGSV,6,1,19,102,13,286,25,104,58,124,36,106,46,165,34,109,25,184,23,7*7F
$GAGSV,6,2,19,110,56,106,37,111,84,049,28,112,31,111,34,119,30,048,36,7*70
$GAGSV,6,3,19,128,51,079,34,136,38,300,31,7*76
$GAGSV,6,4,19,102,13,286,36,104,58,124,43,106,46,165,43,109,25,184,39,1*77
$GAGSV,6,5,19,110,56,106,41,112,31,111,26,119,30,048,30,128,51,079,37,1*7A
$GAGSV,6,6,19,136,38,300,41,1*74
$GBGSV,5,1,14,207,16,042,31,210,16,054,37,211,12,315,29,1*7D
$GBGSV,5,2,14,227,68,199,33,228,31,155,38,230,38,304,36,232,34,226,25,3*73
$GBGSV,5,3,14,233,32,052,41,241,83,093,33,3*70
$GBGSV,5,4,14,227,68,199,37,230,38,304,40,232,34,226,34,233,32,052,35,5*74
$GBGSV,5,5,14,241,83,093,45,5*70
$GIGSV,1,1,,,,,,,,,,,,,0.0*4E
$GNGSA,A,3,01,02,03,04,06,19,28,31,,,,,0.6,0.2,0.6,1*31
$GNGSA,A,3,01,03,04,06,09,28,,,,,,,0.6,0.2,0.6,1*30
$GNGSA,A,3,69,70,83,84,85,,,,,,,,0.6,0.2,0.6,2*32
$GNGSA,A,3,104,106,109,110,111,112,119,128,136,,,,0.6,0.2,0.6,3*0E
$GNGSA,A,3,102,104,106,109,110,112,119,128,136,,,,0.6,0.2,0.6,3*0C
$GNGSA,A,3,207,210,211,227,228,230,232,233,241,,,,0.6,0.2,0.6,4*0A
$GNGSA,A,3,227,230,232,233,241,,,,,,,,0.6,0.2,0.6,4*06
$GNRMC,135202.000,A,4825.1429,N,00428.4558,W,0.0,125.5,100626,,,A*62
$GNGGA,135203.000,4825.1429,N,00428.4558,W,1,50,0.4,91.7,M,52.0,M,,*68
$GNVTG,125.5,T,,M,0.0,N,0.0,K,A*10
$GPGSV,5,1,15,01,36,120,39,02,11,128,33,03,60,057,40,04,58,159,32,1*66
$GPGSV,5,2,15,06,33,303,30,09,32,195,24,19,45,284,31,28,13,040,30,1*6B
$GPGSV,5,3,15,31,18,068,42,1*55
$GPGSV,5,4,15,01,36,120,39,03,60,057,44,04,58,159,42,06,33,303,41,8*63
$GPGSV,5,5,15,09,32,195,33,28,13,040,32,8*61
$GQGSV,1,1,,,,,,,,,,,,,0.0*56
$GLGSV,2,1,05,69,81,205,36,70,28,216,31,83,34,139,37,84,87,326,31,1*75
$GLGSV,2,2,05,85,37,320,32,1*44
$GAGSV,6,1,19,102,13,286,25,104,58,124,36,106,46,165,34,109,25,184,23,7*7F
$GAGSV,6,2,19,110,56,106,37,111,84,049,28,112,31,111,34,119,30,048,36,7*70
$GAGSV,6,3,19,128,51,079,34,136,38,300,31,7*76
$GAGSV,6,4,19,102,13,286,36,104,58,124,44,106,46,165,43,109,25,184,39,1*70
$GAGSV,6,5,19,110,56,106,41,111,84,049,41,112,31,111,26,119,30,048,30,1*7A
$GAGSV,6,6,19,136,38,300,41,1*74
$GBGSV,5,1,14,207,16,042,31,210,16,054,37,211,12,315,28,1*7C
$GBGSV,5,2,14,227,67,198,33,228,30,155,38,230,38,304,36,232,34,226,25,3*7C
$GBGSV,5,3,14,233,32,052,41,241,83,093,33,3*70
$GBGSV,5,4,14,227,67,198,37,228,30,155,29,230,38,304,40,232,34,226,34,5*79
$GBGSV,5,5,14,241,83,093,45,5*70
$GIGSV,1,1,,,,,,,,,,,,,0.0*4E
$GNGSA,A,3,01,03,04,06,19,28,31,,,,,,0.6,0.4,0.6,1*35
$GNGSA,A,3,01,03,04,06,09,28,,,,,,,0.6,0.4,0.6,1*36
$GNGSA,A,3,69,70,83,84,85,,,,,,,,0.6,0.4,0.6,2*34
$GNGSA,A,3,102,104,106,110,111,112,119,128,136,,,,0.6,0.4,0.6,3*03
$GNGSA,A,3,102,104,106,109,110,111,112,119,136,,,,0.6,0.4,0.6,3*00
$GNGSA,A,3,207,210,211,227,228,230,232,233,241,,,,0.6,0.4,0.6,4*0C
$GNGSA,A,3,227,228,230,232,241,,,,,,,,0.6,0.4,0.6,4*0A
$GNRMC,135203.000,A,4825.1429,N,00428.4558,W,0.0,125.5,100626,,,A*63
$GNGGA,135204.000,4825.1429,N,00428.4558,W,1,50,0.2,91.7,M,52.0,M,,*69
$GNVTG,125.5,T,,M,0.0,N,0.0,K,A*10
$GPGSV,5,1,15,01,36,120,39,02,11,128,33,03,60,057,40,04,58,159,32,1*66
$GPGSV,5,2,15,06,33,303,30,09,32,195,24,19,45,284,31,28,13,040,30,1*6B
$GPGSV,5,3,15,31,18,068,42,1*55
$GPGSV,5,4,15,01,36,120,38,03,60,057,44,04,58,159,42,06,33,303,41,8*62
$GPGSV,5,5,15,09,32,195,33,28,13,040,32,8*61
$GQGSV,1,1,,,,,,,,,,,,,0.0*56
$GLGSV,2,1,05,69,81,205,36,70,28,216,30,83,34,139,37,84,87,326,31,1*74
$GLGSV,2,2,05,85,37,320,32,1*44
$GAGSV,5,1,18,102,13,286,25,104,58,124,36,106,46,165,34,109,25,184,23,7*7D
$GAGSV,5,2,18,110,56,106,37,111,84,049,27,112,31,111,34,119,30,048,36,7*7D
$GAGSV,5,3,18,128,51,079,34,136,38,300,31,7*74
$GAGSV,5,4,18,102,13,286,36,104,58,124,44,106,46,165,43,110,56,106,41,1*7B
$GAGSV,5,5,18,111,84,049,41,112,31,111,26,119,30,048,30,136,38,300,41,1*70
$GBGSV,5,1,15,207,16,042,31,210,16,054,38,211,12,315,28,1*72
$GBGSV,5,2,15,227,67,198,33,228,30,155,38,230,38,304,36,232,34,226,25,3*7D
$GBGSV,5,3,15,233,32,052,41,241,83,093,34,3*76
$GBGSV,5,4,15,227,67,198,38,228,30,155,28,230,38,304,40,232,34,226,34,5*76
$GBGSV,5,5,15,233,32,052,33,241,83,093,45,5*75
$GIGSV,1,1,,,,,,,,,,,,,0.0*4E
$GNGSA,A,3,01,02,03,06,09,19,28,31,,,,,0.6,0.2,0.6,1*3C
$GNGSA,A,3,01,03,04,06,09,28,,,,,,,0.6,0.2,0.6,1*30
$GNGSA,A,3,69,70,83,84,85,,,,,,,,0.6,0.2,0.6,2*32
$GNGSA,A,3,102,104,106,110,111,112,119,128,136,,,,0.6,0.2,0.6,3*05
$GNGSA,A,3,102,104,106,110,111,112,119,136,,,,,0.6,0.2,0.6,3*3E
$GNGSA,A,3,207,210,211,227,228,230,233,241,,,,,0.6,0.2,0.6,4*39
$GNGSA,A,3,227,228,230,232,233,241,,,,,,,0.6,0.2,0.6,4*3E
$GNRMC,135204.000,A,4825.1429,N,00428.4558,W,0.0,125.5,100626,,,A*64
$GNGGA,135205.000,4825.1429,N,00428.4558,W,1,51,0.2,91.7,M,52.0,M,,*69
$GNVTG,125.5,T,,M,0.0,N,0.0,K,A*10
$GPGSV,5,1,15,01,36,120,39,02,11,128,34,03,60,057,40,04,58,159,31,1*62
$GPGSV,5,2,15,06,33,303,30,09,32,195,24,19,45,284,31,28,13,040,30,1*6B
$GPGSV,5,3,15,31,18,068,42,1*55
$GPGSV,5,4,15,01,36,120,38,03,60,057,44,04,58,159,42,06,33,303,41,8*62
$GPGSV,5,5,15,09,32,195,34,28,13,040,32,8*66
$GQGSV,1,1,,,,,,,,,,,,,0.0*56
$GLGSV,2,1,05,69,81,205,36,70,28,216,30,83,34,139,37,84,87,326,31,1*74
$GLGSV,2,2,05,85,37,320,32,1*44
$GAGSV,5,1,18,102,13,286,25,104,59,124,36,106,46,165,34,109,25,184,23,7*7C
$GAGSV,5,2,18,110,56,106,37,111,84,049,27,112,31,111,34,119,30,048,35,7*7E
$GAGSV,5,3,18,128,51,079,34,136,38,300,31,7*74
$GAGSV,5,4,18,102,13,286,36,104,59,124,44,106,46,165,43,110,56,106,41,1*7A
$GAGSV,5,5,18,112,31,111,25,119,30,048,30,128,51,079,37,136,38,300,41,1*73
$GBGSV,5,1,15,207,16,042,31,210,16,054,38,211,12,315,27,1*7D
$GBGSV,5,2,15,227,67,198,33,228,30,155,39,230,38,304,36,232,35,226,25,3*7D
$GBGSV,5,3,15,233,32,052,41,241,83,093,34,3*76
$GBGSV,5,4,15,227,67,198,38,228,30,155,28,230,38,304,40,232,35,226,34,5*77
$GBGSV,5,5,15,233,32,052,33,241,83,093,45,5*75
$GIGSV,1,1,,,,,,,,,,,,,0.0*4E
$GNGSA,A,3,01,02,03,04,06,09,19,28,31,,,,0.6,0.2,0.6,1*38
$GNGSA,A,3,01,03,04,06,09,28,,,,,,,0.6,0.2,0.6,1*30
$GNGSA,A,3,69,70,83,84,85,,,,,,,,0.6,0.2,0.6,2*32
$GNGSA,A,3,102,104,106,110,111,112,119,128,136,,,,0.6,0.2,0.6,3*05
$GNGSA,A,3,102,104,106,110,112,119,128,136,,,,,0.6,0.2,0.6,3*34
$GNGSA,A,3,207,210,227,228,230,232,233,241,,,,,0.6,0.2,0.6,4*38
$GNGSA,A,3,227,228,230,232,233,241,,,,,,,0.6,0.2,0.6,4*3E
$GNRMC,135205.000,A,4825.1429,N,00428.4558,W,0.0,125.5,100626,,,A*65
$GNGGA,135206.000,4825.1429,N,00428.4558,W,1,50,0.2,91.7,M,52.0,M,,*6B
$GNVTG,125.5,T,,M,0.0,N,0.0,K,A*10
$GPGSV,5,1,15,01,36,120,40,02,11,128,34,03,60,057,40,04,58,159,31,1*6C
$GPGSV,5,2,15,06,33,303,30,09,32,195,24,19,45,284,31,28,13,040,30,1*6B
$GPGSV,5,3,15,31,18,068,42,1*55
$GPGSV,5,4,15,01,36,120,38,03,60,057,44,04,58,159,42,06,33,303,41,8*62
$GPGSV,5,5,15,09,32,195,34,28,13,040,32,8*66
$GQGSV,1,1,,,,,,,,,,,,,0.0*56
$GLGSV,2,1,05,69,81,205,36,70,28,216,30,83,34,139,37,84,87,326,31,1*74
$GLGSV,2,2,05,85,37,320,32,1*44
$GAGSV,5,1,18,102,13,286,25,104,59,124,36,106,46,165,34,109,26,184,23,7*7F
$GAGSV,5,2,18,110,56,106,37,111,84,049,27,112,31,111,34,119,30,048,35,7*7E
$GAGSV,5,3,18,128,51,079,34,136,38,300,31,7*74
$GAGSV,5,4,18,102,13,286,36,104,59,124,44,106,46,165,43,109,26,184,39,1*70
$GAGSV,5,5,18,110,56,106,41,112,31,111,25,119,30,048,30,136,38,300,41,1*77
$GBGSV,5,1,15,207,16,042,31,210,16,054,38,211,12,315,27,1*7D
$GBGSV,5,2,15,227,67,198,33,228,30,155,39,230,38,304,36,232,35,226,25,3*7D
$GBGSV,5,3,15,233,32,052,41,241,83,093,34,3*76
$GBGSV,5,4,15,227,67,198,38,228,30,155,28,230,38,304,40,232,35,226,34,5*77
$GBGSV,5,5,15,233,32,052,33,241,83,093,45,5*75
$GIGSV,1,1,,,,,,,,,,,,,0.0*4E
$GNGSA,A,3,01,02,03,04,06,09,19,28,31,,,,0.6,0.2,0.6,1*38
$GNGSA,A,3,01,03,04,06,09,28,,,,,,,0.6,0.2,0.6,1*30
$GNGSA,A,3,69,70,83,84,85,,,,,,,,0.6,0.2,0.6,2*32
$GNGSA,A,3,102,104,106,110,111,112,119,128,136,,,,0.6,0.2,0.6,3*05
$GNGSA,A,3,102,104,106,109,110,112,119,136,,,,,0.6,0.2,0.6,3*37
$GNGSA,A,3,207,210,227,228,230,232,233,,,,,,0.6,0.2,0.6,4*0F
$GNGSA,A,3,227,228,230,232,233,241,,,,,,,0.6,0.2,0.6,4*3E
$GNRMC,135206.000,A,4825.1429,N,00428.4558,W,0.0,125.5,100626,,,A*66
$GNGGA,135207.000,4825.1429,N,00428.4558,W,1,51,0.2,91.7,M,52.0,M,,*6B
$GNVTG,125.5,T,,M,0.0,N,0.0,K,A*10
$GPGSV,5,1,15,01,36,120,40,02,11,128,34,03,60,057,40,04,58,159,31,1*6C
$GPGSV,5,2,15,06,33,303,30,09,32,195,24,19,45,284,31,28,13,040,30,1*6B
$GPGSV,5,3,15,31,18,068,42,1*55
$GPGSV,5,4,15,01,36,120,38,03,60,057,44,04,58,159,42,06,33,303,41,8*62
$GPGSV,5,5,15,09,32,195,33,28,13,040,32,8*61
$GQGSV,1,1,,,,,,,,,,,,,0.0*56
$GLGSV,2,1,05,69,81,205,36,70,28,216,30,83,34,139,37,84,87,326,31,1*74
$GLGSV,2,2,05,85,37,320,32,1*44
$GAGSV,6,1,19,102,13,286,26,104,59,124,36,106,46,165,34,109,26,184,23,7*7E
$GAGSV,6,2,19,110,56,106,37,111,84,049,26,112,31,111,34,119,30,048,35,7*7D
$GAGSV,6,3,19,128,51,079,34,136,38,300,31,7*76
$GAGSV,6,4,19,102,13,286,36,104,59,124,44,106,46,165,43,109,26,184,39,1*72
$GAGSV,6,5,19,111,84,049,41,112,31,111,25,119,30,048,30,128,51,079,37,1*7D
$GAGSV,6,6,19,136,38,300,41,1*74
$GBGSV,5,1,14,207,16,042,30,210,16,054,38,211,12,315,26,1*7C
$GBGSV,5,2,14,227,67,198,33,228,30,155,39,230,38,304,36,232,35,226,25,3*7C
$GBGSV,5,3,14,233,32,052,41,241,83,093,34,3*77
$GBGSV,5,4,14,227,67,198,38,228,30,155,28,230,38,304,40,232,35,226,34,5*76
$GBGSV,5,5,14,233,32,052,33,5*73
$GIGSV,1,1,,,,,,,,,,,,,0.0*4E
$GNGSA,A,3,01,02,03,04,06,19,28,31,,,,,0.6,0.2,0.6,1*31
$GNGSA,A,3,01,03,04,06,09,28,,,,,,,0.6,0.2,0.6,1*30
$GNGSA,A,3,69,70,83,84,85,,,,,,,,0.6,0.2,0.6,2*32
$GNGSA,A,3,102,104,106,110,111,112,119,128,136,,,,0.6,0.2,0.6,3*05
$GNGSA,A,3,102,104,106,109,111,112,119,128,136,,,,0.6,0.2,0.6,3*0D
$GNGSA,A,3,207,210,211,227,228,230,232,233,241,,,,0.6,0.2,0.6,4*0A
$GNGSA,A,3,227,228,230,232,233,,,,,,,,0.6,0.2,0.6,4*09
$GNRMC,135207.000,A,4825.1429,N,00428.4558,W,0.0,125.5,100626,,,A*67
$GNGGA,135208.000,4825.1429,N,00428.4558,W,1,53,0.2,91.7,M,52.0,M,,*66
$GNVTG,125.5,T,,M,0.0,N,0.0,K,A*10
$GPGSV,5,1,15,01,36,120,40,02,11,128,34,03,60,057,40,04,58,159,31,1*6C
$GPGSV,5,2,15,06,33,303,30,09,32,195,24,19,45,284,31,28,13,040,30,1*6B
$GPGSV,5,3,15,31,18,068,42,1*55
$GPGSV,5,4,15,01,36,120,38,03,60,057,44,04,58,159,42,06,33,303,41,8*62
$GPGSV,5,5,15,09,32,195,33,28,13,040,32,8*61
$GQGSV,1,1,,,,,,,,,,,,,0.0*56
$GLGSV,2,1,05,69,81,205,36,70,28,216,30,83,34,139,37,84,87,326,31,1*74
$GLGSV,2,2,05,85,37,320,32,1*44
$GAGSV,6,1,19,102,13,286,26,104,59,124,36,106,46,165,34,109,26,184,23,7*7E
$GAGSV,6,2,19,110,56,106,37,111,84,049,26,112,31,111,34,119,30,048,35,7*7D
$GAGSV,6,3,19,128,51,079,34,136,38,300,31,7*76
$GAGSV,6,4,19,102,13,286,36,106,46,165,43,109,26,184,39,110,56,106,40,1*7C
$GAGSV,6,5,19,111,84,049,41,112,31,111,25,119,30,048,30,128,51,079,37,1*7D
$GAGSV,6,6,19,136,38,300,41,1*74
$GBGSV,5,1,14,207,16,042,30,210,16,054,38,211,12,315,26,1*7C
$GBGSV,5,2,14,227,67,198,32,228,30,155,39,230,38,304,35,232,35,226,25,3*7E
$GBGSV,5,3,14,233,32,052,41,241,83,093,34,3*77
$GBGSV,5,4,14,227,67,198,38,228,30,155,28,230,38,304,40,232,35,226,34,5*76
$GBGSV,5,5,14,233,32,052,34,5*74
$GIGSV,1,1,,,,,,,,,,,,,0.0*4E
$GNGSA,A,3,01,02,03,04,06,09,19,28,31,,,,0.6,0.2,0.6,1*38
$GNGSA,A,3,01,03,04,06,09,28,,,,,,,0.6,0.2,0.6,1*30
$GNGSA,A,3,69,70,83,84,85,,,,,,,,0.6,0.2,0.6,2*32
$GNGSA,A,3,102,104,106,109,110,111,112,119,128,136,,,0.6,0.2,0.6,3*3D
$GNGSA,A,3,102,106,109,110,111,112,119,128,136,,,,0.6,0.2,0.6,3*08
$GNGSA,A,3,207,210,211,227,228,230,232,233,241,,,,0.6,0.2,0.6,4*0A
$GNGSA,A,3,227,228,230,232,233,,,,,,,,0.6,0.2,0.6,4*09
$GNRMC,135208.000,A,4825.1429,N,00428.4558,W,0.0,125.5,100626,,,A*68
$GNGGA,135209.000,4825.1429,N,00428.4558,W,1,53,0.2,91.7,M,52.0,M,,*67
$GNVTG,125.5,T,,M,0.0,N,0.0,K,A*10
$GPGSV,5,1,15,01,36,120,40,02,11,128,35,03,60,057,40,04,58,159,31,1*6D
$GPGSV,5,2,15,06,33,303,30,09,32,195,24,19,45,284,31,28,13,040,30,1*6B
$GPGSV,5,3,15,31,18,068,42,1*55
$GPGSV,5,4,15,01,36,120,38,03,60,057,44,04,58,159,42,06,33,303,41,8*62
$GPGSV,5,5,15,09,32,195,33,28,13,040,32,8*61
$GQGSV,1,1,,,,,,,,,,,,,0.0*56
$GLGSV,2,1,05,69,81,205,36,70,28,216,30,83,34,139,37,84,87,326,31,1*74
$GLGSV,2,2,05,85,37,320,32,1*44
$GAGSV,6,1,19,102,13,286,26,104,59,124,36,106,46,165,34,109,26,184,22,7*7F
$GAGSV,6,2,19,110,56,106,37,111,84,049,26,112,31,111,34,119,30,048,35,7*7D
$GAGSV,6,3,19,128,51,079,34,136,38,300,31,7*76
$GAGSV,6,4,19,102,13,286,35,104,59,124,43,106,46,165,43,109,26,184,39,1*76
$GAGSV,6,5,19,110,56,106,41,111,84,049,41,112,31,111,25,128,51,079,37,1*79
$GAGSV,6,6,19,136,38,300,41,1*74
$GBGSV,5,1,14,207,16,042,30,210,16,054,38,211,12,315,26,1*7C
$GBGSV,5,2,14,227,67,198,32,228,30,155,39,230,38,304,35,232,35,226,25,3*7E
$GBGSV,5,3,14,233,32,052,41,241,83,091,34,3*75
$GBGSV,5,4,14,227,67,198,38,230,38,304,40,232,35,226,34,233,32,052,34,5*75
$GBGSV,5,5,14,241,83,091,45,5*72
$GIGSV,1,1,,,,,,,,,,,,,0.0*4E
$GNGSA,A,3,01,02,03,04,06,09,19,28,31,,,,0.6,0.2,0.4,1*3A
$GNGSA,A,3,01,03,04,06,09,28,,,,,,,0.6,0.2,0.4,1*32
$GNGSA,A,3,69,70,83,84,85,,,,,,,,0.6,0.2,0.4,2*30
$GNGSA,A,3,102,104,106,109,110,111,112,119,128,136,,,0.6,0.2,0.4,3*3F
$GNGSA,A,3,102,104,106,109,110,111,112,128,136,,,,0.6,0.2,0.4,3*06
$GNGSA,A,3,207,210,211,227,228,230,232,233,241,,,,0.6,0.2,0.4,4*08
$GNGSA,A,3,227,230,232,233,241,,,,,,,,0.6,0.2,0.4,4*04
$GNRMC,135209.000,A,4825.1429,N,00428.4558,W,0.0,125.5,100626,,,A*69
$GNGGA,135210.000,4825.1429,N,00428.4558,W,1,52,0.2,91.7,M,52.0,M,,*6E
$GNVTG,125.5,T,,M,0.0,N,0.0,K,A*10
$GPGSV,5,1,15,01,36,120,40,02,11,128,35,03,60,057,40,04,58,159,31,1*6D
$GPGSV,5,2,15,06,33,303,30,09,32,195,24,19,45,284,31,28,13,040,30,1*6B
$GPGSV,5,3,15,31,18,068,42,1*55
$GPGSV,5,4,15,01,36,120,38,03,60,057,44,04,58,159,42,06,33,303,41,8*62
$GPGSV,5,5,15,09,32,195,33,28,13,040,32,8*61
$GQGSV,1,1,,,,,,,,,,,,,0.0*56
$GLGSV,2,1,05,69,81,205,36,70,28,216,30,83,34,139,37,84,87,326,31,1*74
$GLGSV,2,2,05,85,37,320,32,1*44
$GAGSV,5,1,18,102,13,286,26,104,59,124,36,106,46,165,34,109,26,184,23,7*7C
$GAGSV,5,2,18,110,56,106,37,111,84,049,26,112,31,111,34,119,30,048,35,7*7F
$GAGSV,5,3,18,128,51,079,34,136,38,300,31,7*74
$GAGSV,5,4,18,102,13,286,35,104,59,124,43,109,26,184,39,110,56,106,41,1*75
$GAGSV,5,5,18,111,84,049,41,112,31,111,25,119,30,048,29,128,51,079,37,1*77
$GBGSV,5,1,15,207,16,042,30,210,16,054,38,211,12,315,26,1*7D
$GBGSV,5,2,15,227,67,198,32,228,30,155,39,230,38,304,35,232,35,226,25,3*7F
$GBGSV,5,3,15,233,32,052,41,241,83,091,34,3*74
$GBGSV,5,4,15,227,67,198,38,228,30,155,29,230,38,304,40,232,35,226,34,5*76
$GBGSV,5,5,15,233,32,052,34,241,83,091,45,5*70
$GIGSV,1,1,,,,,,,,,,,,,0.0*4E
$GNGSA,A,3,01,02,03,04,09,19,28,31,,,,,0.6,0.2,0.4,1*3C
$GNGSA,A,3,01,03,04,06,09,28,,,,,,,0.6,0.2,0.4,1*32
$GNGSA,A,3,69,70,83,84,85,,,,,,,,0.6,0.2,0.4,2*30
$GNGSA,A,3,102,104,106,109,110,111,112,119,128,136,,,0.6,0.2,0.4,3*3F
$GNGSA,A,3,102,104,109,110,111,112,119,128,,,,,0.6,0.2,0.4,3*3C
$GNGSA,A,3,207,210,211,227,228,230,232,233,241,,,,0.6,0.2,0.4,4*08
$GNGSA,A,3,227,228,230,232,233,241,,,,,,,0.6,0.2,0.4,4*3C
$GNRMC,135210.000,A,4825.1429,N,00428.4558,W,0.0,125.5,100626,,,A*61
$GNGGA,135211.000,4825.1429,N,00428.4558,W,1,51,0.2,91.7,M,52.0,M,,*6C
$GNVTG,125.5,T,,M,0.0,N,0.0,K,A*10
$GPGSV,5,1,15,01,36,120,40,02,11,128,35,03,60,057,40,04,58,159,31,1*6D
$GPGSV,5,2,15,06,33,303,30,09,32,195,23,19,45,284,31,28,13,040,30,1*6C
$GPGSV,5,3,15,31,18,068,42,1*55
$GPGSV,5,4,15,01,36,120,38,03,60,057,44,04,58,159,42,06,33,303,41,8*62
$GPGSV,5,5,15,09,32,195,33,28,13,040,32,8*61
$GQGSV,1,1,,,,,,,,,,,,,0.0*56
$GLGSV,2,1,05,69,81,205,36,70,28,216,30,83,34,139,37,84,87,326,31,1*74
$GLGSV,2,2,05,85,37,320,32,1*44
$GAGSV,5,1,18,102,13,286,27,104,59,124,36,106,46,165,34,109,26,184,23,7*7D
$GAGSV,5,2,18,110,56,106,37,111,84,049,26,112,31,111,34,119,30,048,35,7*7F
$GAGSV,5,3,18,128,51,079,34,136,38,300,31,7*74
$GAGSV,5,4,18,102,13,286,35,106,46,165,43,109,26,184,39,111,84,049,41,1*78
$GAGSV,5,5,18,112,31,111,25,119,30,048,29,128,51,079,37,136,38,300,41,1*7B
$GBGSV,5,1,15,207,16,042,30,210,16,054,38,211,12,315,25,1*7E
$GBGSV,5,2,15,227,67,198,32,228,30,155,39,230,38,304,35,232,35,226,25,3*7F
$GBGSV,5,3,15,233,32,052,41,241,83,091,34,3*74
$GBGSV,5,4,15,227,67,198,38,228,30,155,29,230,38,304,40,232,35,226,34,5*76
$GBGSV,5,5,15,233,32,052,34,241,83,091,45,5*70
$GIGSV,1,1,,,,,,,,,,,,,0.0*4E
$GNGSA,A,3,01,02,03,04,06,09,19,28,31,,,,0.6,0.2,0.6,1*38
$GNGSA,A,3,01,03,04,06,09,28,,,,,,,0.6,0.2,0.6,1*30
$GNGSA,A,3,69,70,83,84,85,,,,,,,,0.6,0.2,0.6,2*32
$GNGSA,A,3,102,104,106,109,110,111,112,119,128,136,,,0.6,0.2,0.6,3*3D
$GNGSA,A,3,102,106,109,111,112,119,128,136,,,,,0.6,0.2,0.6,3*38
$GNGSA,A,3,207,210,227,228,230,232,233,,,,,,0.6,0.2,0.6,4*0F
$GNGSA,A,3,227,228,230,232,233,241,,,,,,,0.6,0.2,0.6,4*3E
$GNRMC,135211.000,A,4825.1429,N,00428.4558,W,0.0,125.5,100626,,,A*60
$GNGGA,135212.000,4825.1429,N,00428.4558,W,1,53,0.2,91.7,M,52.0,M,,*6D
$GNVTG,125.5,T,,M,0.0,N,0.0,K,A*10
$GPGSV,5,1,15,01,36,120,40,02,11,128,36,03,60,057,40,04,58,159,31,1*6E
$GPGSV,5,2,15,06,33,303,30,09,32,195,23,19,45,284,31,28,13,040,30,1*6C
$GPGSV,5,3,15,31,18,068,42,1*55
$GPGSV,5,4,15,01,36,120,38,03,60,057,44,04,58,159,42,06,33,303,41,8*62
$GPGSV,5,5,15,09,32,195,33,28,13,040,32,8*61
$GQGSV,1,1,,,,,,,,,,,,,0.0*56
$GLGSV,2,1,05,69,81,205,36,70,28,216,30,83,34,139,37,84,87,326,31,1*74
$GLGSV,2,2,05,85,37,320,32,1*44
$GAGSV,6,1,19,102,13,286,27,104,59,124,36,106,46,165,34,109,26,184,24,7*78
$GAGSV,6,2,19,110,56,106,37,111,84,049,26,112,31,111,34,119,30,048,35,7*7D
$GAGSV,6,3,19,128,51,079,35,136,38,300,32,7*74
$GAGSV,6,4,19,102,13,286,34,104,59,124,43,106,46,165,43,109,26,184,39,1*77
$GAGSV,6,5,19,110,56,106,41,112,31,111,25,119,30,048,29,128,51,079,37,1*71
$GAGSV,6,6,19,136,38,300,41,1*74
$GBGSV,5,1,14,207,16,042,30,210,16,054,38,211,12,315,25,1*7F
$GBGSV,5,2,14,227,67,198,32,228,30,155,39,230,38,304,35,232,35,226,25,3*7E
$GBGSV,5,3,14,233,32,052,41,241,83,091,34,3*75
$GBGSV,5,4,14,227,67,198,38,228,30,155,30,232,35,226,34,233,32,052,34,5*75
$GBGSV,5,5,14,241,83,091,45,5*72
$GIGSV,1,1,,,,,,,,,,,,,0.0*4E
$GNGSA,A,3,01,02,03,04,06,09,19,28,31,,,,0.6,0.2,0.6,1*38
$GNGSA,A,3,01,03,04,06,09,28,,,,,,,0.6,0.2,0.6,1*30
$GNGSA,A,3,69,70,83,84,85,,,,,,,,0.6,0.2,0.6,2*32
$GNGSA,A,3,102,104,106,109,110,111,112,119,128,136,,,0.6,0.2,0.6,3*3D
$GNGSA,A,3,102,104,106,109,110,112,119,128,136,,,,0.6,0.2,0.6,3*0C
$GNGSA,A,3,207,210,211,227,228,230,232,233,241,,,,0.6,0.2,0.6,4*0A
$GNGSA,A,3,227,228,232,233,241,,,,,,,,0.6,0.2,0.6,4*0F
$GNRMC,135212.000,A,4825.1429,N,00428.4558,W,0.0,125.5,100626,,,A*63
$GNGGA,135213.000,4825.1429,N,00428.4558,W,1,51,0.2,91.7,M,52.0,M,,*6E
$GNVTG,125.5,T,,M,0.0,N,0.0,K,A*10
$GPGSV,5,1,15,01,36,120,40,02,11,128,36,03,60,057,40,04,58,159,31,1*6E
$GPGSV,5,2,15,06,33,303,30,09,32,195,23,19,45,284,31,28,13,040,30,1*6C
$GPGSV,5,3,15,31,18,068,42,1*55
$GPGSV,5,4,15,01,36,120,38,03,60,057,45,04,58,159,42,06,33,303,41,8*63
$GPGSV,5,5,15,09,32,195,33,28,13,040,32,8*61
$GQGSV,1,1,,,,,,,,,,,,,0.0*56
$GLGSV,2,1,05,69,81,205,36,70,28,216,30,83,34,139,37,84,87,326,31,1*74
$GLGSV,2,2,05,85,37,320,32,1*44
$GAGSV,5,1,18,102,13,286,27,104,59,124,36,106,46,165,34,109,26,184,24,7*7A
$GAGSV,5,2,18,110,56,106,37,111,84,049,26,112,31,111,34,119,30,048,35,7*7F
$GAGSV,5,3,18,128,51,079,35,136,38,300,32,7*76
$GAGSV,5,4,18,106,46,165,43,109,26,184,39,110,56,106,41,111,84,049,41,1*72
$GAGSV,5,5,18,112,31,111,25,119,30,048,29,128,51,079,37,136,38,300,41,1*7B
$GBGSV,5,1,15,207,16,042,30,210,16,054,38,211,12,315,25,1*7E
$GBGSV,5,2,15,227,67,198,32,228,30,155,39,230,38,304,35,232,35,226,25,3*7F
$GBGSV,5,3,15,233,32,052,41,241,83,091,34,3*74
$GBGSV,5,4,15,227,67,198,38,228,30,155,30,230,38,304,40,232,35,226,34,5*7E
$GBGSV,5,5,15,233,32,052,34,241,83,091,45,5*70
$GIGSV,1,1,,,,,,,,,,,,,0.0*4E
$GNGSA,A,3,01,02,03,04,06,19,31,,,,,,0.6,0.2,0.6,1*3B
$GNGSA,A,3,01,03,04,06,09,28,,,,,,,0.6,0.2,0.6,1*30
$GNGSA,A,3,69,70,83,84,85,,,,,,,,0.6,0.2,0.6,2*32
$GNGSA,A,3,102,104,106,109,110,111,112,119,128,136,,,0.6,0.2,0.6,3*3D
$GNGSA,A,3,106,109,110,111,112,119,128,136,,,,,0.6,0.2,0.6,3*3B
$GNGSA,A,3,207,210,211,227,228,230,232,233,241,,,,0.6,0.2,0.6,4*0A
$GNGSA,A,3,227,228,230,232,233,241,,,,,,,0.6,0.2,0.6,4*3E
$GNRMC,135213.000,A,4825.1429,N,00428.4558,W,0.0,125.5,100626,,,A*62
$GNGGA,135214.000,4825.1429,N,00428.4558,W,1,52,0.2,91.7,M,52.0,M,,*6A
$GNVTG,125.5,T,,M,0.0,N,0.0,K,A*10
$GPGSV,5,1,15,01,36,120,40,02,11,128,36,03,60,057,40,04,58,159,32,1*6D
$GPGSV,5,2,15,06,33,303,30,09,32,195,23,19,45,284,31,28,13,040,30,1*6C
$GPGSV,5,3,15,31,18,068,42,1*55
$GPGSV,5,4,15,01,36,120,38,03,60,057,45,04,58,159,42,06,33,303,41,8*63
$GPGSV,5,5,15,09,32,195,33,28,13,040,32,8*61
$GQGSV,1,1,,,,,,,,,,,,,0.0*56
$GLGSV,2,1,05,69,81,205,36,70,28,216,30,83,34,139,37,84,87,326,30,1*75
$GLGSV,2,2,05,85,37,320,33,1*45
$GAGSV,5,1,18,102,13,286,27,104,59,124,36,106,46,165,34,109,26,184,24,7*7A
$GAGSV,5,2,18,110,56,106,37,111,84,049,26,112,31,111,34,119,30,048,35,7*7F
$GAGSV,5,3,18,128,51,079,35,136,38,300,32,7*76
$GAGSV,5,4,18,104,59,124,43,106,46,165,43,109,26,184,39,110,56,106,41,1*7E
$GAGSV,5,5,18,111,84,049,41,119,30,048,29,128,51,079,37,136,38,300,41,1*78
$GBGSV,5,1,15,207,16,042,30,210,16,054,38,211,12,315,25,1*7E
$GBGSV,5,2,15,227,67,198,32,228,30,155,39,230,38,304,36,232,35,226,25,3*7C
$GBGSV,5,3,15,233,32,052,41,241,83,091,34,3*74
$GBGSV,5,4,15,227,67,198,38,228,30,155,30,230,38,304,40,232,35,226,34,5*7E
$GBGSV,5,5,15,233,32,052,34,241,83,091,45,5*70
$GIGSV,1,1,,,,,,,,,,,,,0.0*4E
$GNGSA,A,3,01,02,03,04,06,09,28,31,,,,,0.6,0.2,0.6,1*30
$GNGSA,A,3,01,03,04,06,09,28,,,,,,,0.6,0.2,0.6,1*30
$GNGSA,A,3,69,70,83,84,85,,,,,,,,0.6,0.2,0.6,2*32
$GNGSA,A,3,102,104,106,109,110,111,112,119,128,136,,,0.6,0.2,0.6,3*3D
$GNGSA,A,3,104,106,109,110,111,119,128,136,,,,,0.6,0.2,0.6,3*3C
$GNGSA,A,3,207,210,211,227,228,230,232,233,241,,,,0.6,0.2,0.6,4*0A
$GNGSA,A,3,227,228,230,232,233,241,,,,,,,0.6,0.2,0.6,4*3E
$GNRMC,135214.000,A,4825.1429,N,00428.4558,W,0.0,125.5,100626,,,A*65
$GNGGA,135215.000,4825.1429,N,00428.4558,W,1,50,0.2,91.7,M,52.0,M,,*69
$GNVTG,125.5,T,,M,0.0,N,0.0,K,A*10
$GPGSV,5,1,15,01,36,120,40,02,11,128,36,03,60,057,40,04,58,159,32,1*6D
$GPGSV,5,2,15,06,33,303,30,09,32,195,23,19,45,284,31,28,13,040,30,1*6C
$GPGSV,5,3,15,31,18,068,42,1*55
$GPGSV,5,4,15,01,36,120,38,03,60,057,45,04,58,159,42,06,33,303,41,8*63
$GPGSV,5,5,15,09,32,195,33,28,13,040,32,8*61
$GQGSV,1,1,,,,,,,,,,,,,0.0*56
$GLGSV,2,1,05,69,81,205,36,70,28,216,30,83,34,139,37,84,87,326,30,1*75
$GLGSV,2,2,05,85,37,320,33,1*45
$GAGSV,6,1,19,102,13,286,27,104,59,124,35,106,46,165,34,109,26,184,24,7*7B
$GAGSV,6,2,19,110,56,106,37,111,84,049,26,112,31,111,34,119,30,048,35,7*7D
$GAGSV,6,3,19,128,51,079,35,136,38,300,32,7*74
$GAGSV,6,4,19,102,13,286,32,104,59,124,43,106,46,165,43,109,26,184,39,1*71
$GAGSV,6,5,19,111,84,049,41,112,31,111,24,119,30,048,29,128,51,079,37,1*74
$GAGSV,6,6,19,136,38,300,41,1*74
$GBGSV,5,1,14,207,16,042,31,210,16,054,38,211,12,315,25,1*7E
$GBGSV,5,2,14,227,67,198,31,228,30,155,39,230,38,304,36,232,35,226,25,3*7E
$GBGSV,5,3,14,233,32,052,42,241,83,091,34,3*76
$GBGSV,5,4,14,227,67,198,38,230,38,304,40,232,35,226,33,233,32,052,34,5*72
$GBGSV,5,5,14,241,83,091,45,5*72
$GIGSV,1,1,,,,,,,,,,,,,0.0*4E
$GNGSA,A,3,01,02,03,04,06,19,28,31,,,,,0.6,0.2,0.6,1*31
$GNGSA,A,3,01,03,04,06,09,28,,,,,,,0.6,0.2,0.6,1*30
$GNGSA,A,3,69,83,84,85,,,,,,,,,0.6,0.2,0.6,2*35
$GNGSA,A,3,102,104,106,109,110,111,112,119,128,136,,,0.6,0.2,0.6,3*3D
$GNGSA,A,3,102,104,106,109,111,112,119,128,136,,,,0.6,0.2,0.6,3*0D
$GNGSA,A,3,207,210,227,228,230,232,233,241,,,,,0.6,0.2,0.6,4*38
$GNGSA,A,3,227,230,232,233,241,,,,,,,,0.6,0.2,0.6,4*06
$GNRMC,135215.000,A,4825.1429,N,00428.4558,W,0.0,125.5,100626,,,A*64
$GNGGA,135216.000,4825.1429,N,00428.4558,W,1,51,0.2,91.7,M,52.0,M,,*6B
$GNVTG,125.5,T,,M,0.0,N,0.0,K,A*10
$GPGSV,5,1,15,01,36,120,40,02,11,128,37,03,60,057,40,04,58,159,32,1*6C
$GPGSV,5,2,15,06,33,303,30,09,32,195,23,19,45,284,31,28,13,040,30,1*6C
$GPGSV,5,3,15,31,18,068,42,1*55
$GPGSV,5,4,15,01,36,120,38,03,60,057,45,04,58,159,42,06,33,303,41,8*63
$GPGSV,5,5,15,09,32,195,33,28,13,040,32,8*61
$GQGSV,1,1,,,,,,,,,,,,,0.0*56
$GLGSV,2,1,05,69,81,205,36,70,28,216,30,83,34,139,37,84,87,326,30,1*75
$GLGSV,2,2,05,85,37,320,33,1*45
$GAGSV,6,1,19,102,13,286,27,104,59,124,35,106,46,165,34,109,26,184,24,7*7B
$GAGSV,6,2,19,110,56,106,37,111,84,049,26,112,31,111,34,119,30,048,35,7*7D
$GAGSV,6,3,19,128,51,079,35,136,38,300,32,7*74
$GAGSV,6,4,19,102,13,286,32,104,59,124,43,106,46,165,43,109,26,184,39,1*71
$GAGSV,6,5,19,110,56,106,40,111,84,049,41,119,30,048,29,128,51,079,37,1*73
$GAGSV,6,6,19,136,38,300,41,1*74
$GBGSV,5,1,14,207,16,042,31,210,16,054,38,211,12,315,25,1*7E
$GBGSV,5,2,14,227,67,198,31,228,30,155,39,230,38,304,36,232,35,226,25,3*7E
$GBGSV,5,3,14,233,32,052,42,241,83,091,34,3*76
$GBGSV,5,4,14,227,67,198,38,228,30,155,30,232,35,226,33,233,32,052,34,5*72
$GBGSV,5,5,14,241,83,091,45,5*72
$GIGSV,1,1,,,,,,,,,,,,,0.0*4E
$GNGSA,A,3,01,02,03,04,06,19,28,31,,,,,0.6,0.2,0.6,1*31
$GNGSA,A,3,01,03,04,06,09,28,,,,,,,0.6,0.2,0.6,1*30
$GNGSA,A,3,69,70,83,84,85,,,,,,,,0.6,0.2,0.6,2*32
$GNGSA,A,3,102,104,106,110,111,112,119,128,136,,,,0.6,0.2,0.6,3*05
$GNGSA,A,3,102,104,106,109,110,111,119,128,136,,,,0.6,0.2,0.6,3*0F
$GNGSA,A,3,207,210,211,227,228,230,232,233,241,,,,0.6,0.2,0.6,4*0A
$GNGSA,A,3,227,228,232,233,241,,,,,,,,0.6,0.2,0.6,4*0F
$GNRMC,135216.000,A,4825.1429,N,00428.4558,W,0.0,125.5,100626,,,A*67
$GNGGA,135217.000,4825.1429,N,00428.4558,W,1,49,0.4,91.7,M,52.0,M,,*65
$GNVTG,125.5,T,,M,0.0,N,0.0,K,A*10
$GPGSV,5,1,15,01,36,120,40,02,11,128,37,03,60,057,40,04,58,159,31,1*6F
$GPGSV,5,2,15,06,33,303,30,09,32,195,23,19,45,284,31,28,13,040,30,1*6C
$GPGSV,5,3,15,31,18,068,42,1*55
$GPGSV,5,4,15,01,36,120,38,03,60,057,44,04,58,159,41,06,33,303,41,8*61
$GPGSV,5,5,15,09,32,195,33,28,13,040,32,8*61
$GQGSV,1,1,,,,,,,,,,,,,0.0*56
$GLGSV,2,1,05,69,81,205,36,70,28,216,30,83,34,139,37,84,87,326,30,1*75
$GLGSV,2,2,05,85,37,320,33,1*45
$GAGSV,5,1,17,102,13,286,27,104,59,124,35,106,46,165,34,109,26,184,24,7*76
$GAGSV,5,2,17,110,56,106,37,111,84,049,26,112,31,111,34,119,30,048,35,7*70
$GAGSV,5,3,17,128,51,079,35,136,38,300,32,7*79
$GAGSV,5,4,17,102,13,286,33,104,59,124,43,106,46,165,43,109,26,184,39,1*7D
$GAGSV,5,5,17,111,84,049,41,128,51,079,37,136,38,300,41,1*7A
$GBGSV,5,1,15,207,16,042,31,210,16,054,38,211,12,315,25,1*7F
$GBGSV,5,2,15,227,67,198,31,228,30,155,39,230,38,304,36,232,35,226,25,3*7F
$GBGSV,5,3,15,233,32,052,42,241,83,091,34,3*77
$GBGSV,5,4,15,227,67,198,38,228,30,155,30,230,38,304,40,232,35,226,33,5*79
$GBGSV,5,5,15,233,32,052,34,241,83,091,45,5*70
$GIGSV,1,1,,,,,,,,,,,,,0.0*4E
$GNGSA,A,3,01,02,03,04,19,28,31,,,,,,0.6,0.4,0.6,1*31
$GNGSA,A,3,01,03,04,06,09,28,,,,,,,0.6,0.4,0.6,1*36
$GNGSA,A,3,69,83,84,85,,,,,,,,,0.6,0.4,0.6,2*33
$GNGSA,A,3,102,104,106,109,110,111,112,119,128,136,,,0.6,0.4,0.6,3*3B
$GNGSA,A,3,102,104,106,109,111,128,136,,,,,,0.6,0.4,0.6,3*00
$GNGSA,A,3,207,210,211,227,228,230,232,233,241,,,,0.6,0.4,0.6,4*0C
$GNGSA,A,3,227,228,230,232,233,241,,,,,,,0.6,0.4,0.6,4*38
$GNRMC,135217.000,A,4825.1429,N,00428.4558,W,0.0,125.5,100626,,,A*66
$GNGGA,135218.000,4825.1429,N,00428.4558,W,1,49,0.4,91.7,M,52.0,M,,*6A
$GNVTG,125.5,T,,M,0.0,N,0.0,K,A*10
$GPGSV,5,1,15,01,36,120,40,02,11,128,37,03,60,057,40,04,58,159,31,1*6F
$GPGSV,5,2,15,06,33,303,30,09,32,195,23,19,45,284,31,28,13,040,30,1*6C
$GPGSV,5,3,15,31,18,068,41,1*56
$GPGSV,5,4,15,01,36,120,38,03,60,057,44,04,58,159,41,06,33,303,41,8*61
$GPGSV,5,5,15,09,32,195,33,28,13,040,32,8*61
$GQGSV,1,1,,,,,,,,,,,,,0.0*56
$GLGSV,2,1,05,69,81,205,36,70,28,216,30,83,34,139,37,84,87,326,30,1*75
$GLGSV,2,2,05,85,37,320,33,1*45
$GAGSV,5,1,18,102,13,286,27,104,59,124,35,106,46,165,34,109,26,184,24,7*79
$GAGSV,5,2,18,110,56,106,37,111,84,049,25,112,31,111,34,119,30,048,35,7*7C
$GAGSV,5,3,18,128,51,079,35,136,38,300,32,7*76
$GAGSV,5,4,18,102,13,286,34,104,59,124,43,106,46,165,43,109,26,184,39,1*75
$GAGSV,5,5,18,110,56,106,41,119,30,048,29,128,51,079,37,136,38,300,41,1*7C
$GBGSV,5,1,15,207,16,042,31,210,16,054,38,211,12,315,25,1*7F
$GBGSV,5,2,15,227,67,198,31,228,30,155,39,230,38,304,36,232,35,226,25,3*7F
$GBGSV,5,3,15,233,32,052,42,241,83,091,34,3*77
$GBGSV,5,4,15,227,67,198,38,228,30,155,30,230,38,304,40,232,35,226,33,5*79
$GBGSV,5,5,15,233,32,052,34,241,83,091,45,5*70
$GIGSV,1,1,,,,,,,,,,,,,0.0*4E
$GNGSA,A,3,01,02,03,04,19,31,,,,,,,0.6,0.4,0.6,1*3B
$GNGSA,A,3,01,03,04,06,09,28,,,,,,,0.6,0.4,0.6,1*36
$GNGSA,A,3,69,70,83,84,85,,,,,,,,0.6,0.4,0.6,2*34
$GNGSA,A,3,102,104,106,110,111,112,119,128,136,,,,0.6,0.4,0.6,3*03
$GNGSA,A,3,102,104,106,109,110,119,128,136,,,,,0.6,0.4,0.6,3*38
$GNGSA,A,3,207,210,211,227,228,230,232,233,241,,,,0.6,0.4,0.6,4*0C
$GNGSA,A,3,227,228,230,232,233,241,,,,,,,0.6,0.4,0.6,4*38
$GNRMC,135218.000,A,4825.1429,N,00428.4558,W,0.0,125.5,100626,,,A*69
$GNGGA,135219.000,4825.1429,N,00428.4558,W,1,51,0.2,91.7,M,52.0,M,,*64
$GNVTG,125.5,T,,M,0.0,N,0.0,K,A*10
$GPGSV,5,1,15,01,36,120,40,02,11,128,37,03,60,057,40,04,58,159,31,1*6F
$GPGSV,5,2,15,06,33,303,30,09,32,195,23,19,45,284,31,28,13,040,30,1*6C
$GPGSV,5,3,15,31,18,068,41,1*56
$GPGSV,5,4,15,01,36,120,38,03,60,057,44,04,58,159,41,06,33,303,41,8*61
$GPGSV,5,5,15,09,32,195,33,28,13,040,31,8*62
$GQGSV,1,1,,,,,,,,,,,,,0.0*56
$GLGSV,2,1,05,69,81,205,36,70,28,216,30,83,34,139,37,84,87,326,30,1*75
$GLGSV,2,2,05,85,37,320,33,1*45
$GAGSV,5,1,18,102,13,286,27,104,59,124,35,106,46,165,34,109,26,184,24,7*79
$GAGSV,5,2,18,110,56,106,37,111,84,049,26,112,31,111,34,119,30,048,35,7*7F
$GAGSV,5,3,18,128,51,079,35,136,38,300,32,7*76
$GAGSV,5,4,18,102,13,286,34,104,59,124,43,106,46,165,43,111,84,049,41,1*7B
$GAGSV,5,5,18,112,31,111,30,119,30,048,29,128,51,079,37,136,38,300,41,1*7F
$GBGSV,5,1,15,207,16,042,31,210,16,054,38,211,12,315,25,1*7F
$GBGSV,5,2,15,227,67,198,31,228,30,155,39,230,38,304,36,232,35,226,25,3*7F
$GBGSV,5,3,15,233,32,052,41,241,83,091,34,3*74
$GBGSV,5,4,15,227,67,198,38,228,30,155,31,230,38,304,40,232,35,226,33,5*78
$GBGSV,5,5,15,233,32,052,35,241,83,091,45,5*71
$GIGSV,1,1,,,,,,,,,,,,,0.0*4E
$GNGSA,A,3,01,02,03,04,06,09,19,31,,,,,0.6,0.2,0.6,1*32
$GNGSA,A,3,01,03,04,06,09,28,,,,,,,0.6,0.2,0.6,1*30
$GNGSA,A,3,69,70,83,84,85,,,,,,,,0.6,0.2,0.6,2*32
$GNGSA,A,3,102,104,106,109,110,111,112,119,128,136,,,0.6,0.2,0.6,3*3D
$GNGSA,A,3,102,104,106,111,112,119,128,136,,,,,0.6,0.2,0.6,3*35
$GNGSA,A,3,207,210,227,228,230,232,233,241,,,,,0.6,0.2,0.6,4*38
$GNGSA,A,3,227,228,230,232,233,241,,,,,,,0.6,0.2,0.6,4*3E
$GNRMC,135219.000,A,4825.1429,N,00428.4558,W,0.0,125.5,100626,,,A*68
$GNGGA,135220.000,4825.1429,N,00428.4558,W,1,49,0.2,91.7,M,52.0,M,,*67
$GNVTG,125.5,T,,M,0.0,N,0.0,K,A*10
$GPGSV,5,1,15,01,36,120,40,02,11,128,38,03,60,057,40,04,58,159,31,1*60
$GPGSV,5,2,15,06,33,303,30,09,32,195,23,19,45,284,31,28,13,040,30,1*6C
$GPGSV,5,3,15,31,18,068,41,1*56
$GPGSV,5,4,15,01,36,120,38,03,60,057,44,04,58,159,41,06,33,303,41,8*61
$GPGSV,5,5,15,09,32,195,33,28,13,040,31,8*62
$GQGSV,1,1,,,,,,,,,,,,,0.0*56
$GLGSV,2,1,05,69,81,205,36,70,28,216,30,83,34,139,37,84,87,326,30,1*75
$GLGSV,2,2,05,85,37,320,33,1*45
$GAGSV,5,1,18,102,13,286,27,104,59,124,35,106,46,165,34,109,26,184,24,7*79
$GAGSV,5,2,18,110,56,106,37,111,84,049,26,112,31,111,34,119,30,048,35,7*7F
$GAGSV,5,3,18,128,51,079,35,136,38,300,32,7*76
$GAGSV,5,4,18,102,13,286,35,104,59,124,44,106,46,165,43,109,26,184,38,1*72
$GAGSV,5,5,18,112,31,111,30,119,30,048,29,128,51,079,37,136,38,300,41,1*7F
$GBGSV,5,1,15,207,16,042,32,210,16,054,38,211,12,315,25,1*7C
$GBGSV,5,2,15,227,67,198,31,228,30,155,39,230,38,304,36,232,35,226,25,3*7F
$GBGSV,5,3,15,233,32,052,41,241,83,091,34,3*74
$GBGSV,5,4,15,227,67,198,38,228,30,155,31,230,38,304,40,232,35,226,33,5*78
$GBGSV,5,5,15,233,32,052,36,241,83,091,45,5*72
$GIGSV,1,1,,,,,,,,,,,,,0.0*4E
$GNGSA,A,3,01,02,03,04,06,09,19,31,,,,,0.6,0.2,0.6,1*32
$GNGSA,A,3,01,03,04,06,09,28,,,,,,,0.6,0.2,0.6,1*30
$GNGSA,A,3,69,70,83,84,85,,,,,,,,0.6,0.2,0.6,2*32
$GNGSA,A,3,102,104,110,111,112,119,128,136,,,,,0.6,0.2,0.6,3*32
$GNGSA,A,3,102,104,106,109,112,119,128,136,,,,,0.6,0.2,0.6,3*3C
$GNGSA,A,3,207,210,227,228,230,232,233,241,,,,,0.6,0.2,0.6,4*38
$GNGSA,A,3,227,228,230,232,233,241,,,,,,,0.6,0.2,0.6,4*3E
$GNRMC,135220.000,A,4825.1429,N,00428.4558,W,0.0,125.5,100626,,,A*62
$GNGGA,135221.000,4825.1429,N,00428.4558,W,1,49,0.4,91.7,M,52.0,M,,*60
$GNVTG,125.5,T,,M,0.0,N,0.0,K,A*10
$GPGSV,5,1,15,01,36,120,40,02,11,128,38,03,60,057,40,04,58,159,31,1*60
$GPGSV,5,2,15,06,33,303,30,09,32,195,23,19,45,284,31,28,13,040,30,1*6C
$GPGSV,5,3,15,31,18,068,42,1*55
$GPGSV,5,4,15,01,36,120,37,03,60,057,44,04,58,159,41,06,33,303,41,8*6E
$GPGSV,5,5,15,09,32,195,33,28,13,040,30,8*63
$GQGSV,1,1,,,,,,,,,,,,,0.0*56
$GLGSV,2,1,05,69,81,205,36,70,28,216,30,83,34,139,37,84,87,326,30,1*75
$GLGSV,2,2,05,85,37,320,33,1*45
$GAGSV,6,1,19,102,13,286,27,104,59,124,35,106,46,165,34,109,26,184,23,7*7C
$GAGSV,6,2,19,110,56,106,37,111,84,049,26,112,31,111,34,119,30,048,35,7*7D
$GAGSV,6,3,19,128,51,079,35,136,38,300,32,7*74
$GAGSV,6,4,19,102,13,286,35,104,59,124,44,106,46,165,43,109,26,184,38,1*70
$GAGSV,6,5,19,110,56,106,40,111,84,049,41,112,31,111,30,119,30,048,29,1*74
$GAGSV,6,6,19,128,51,079,37,1*78
$GBGSV,5,1,13,207,16,042,33,210,16,054,38,1*7A
$GBGSV,5,2,13,227,67,198,31,228,30,155,39,230,38,304,36,232,35,226,26,3*7A
$GBGSV,5,3,13,233,32,052,41,241,83,091,34,3*72
$GBGSV,5,4,13,227,67,198,38,228,30,155,32,230,38,304,40,232,35,226,33,5*7D
$GBGSV,5,5,13,241,83,091,45,5*75
$GIGSV,1,1,,,,,,,,,,,,,0.0*4E
$GNGSA,A,3,01,02,03,04,06,19,31,,,,,,0.6,0.4,0.6,1*3D
$GNGSA,A,3,01,03,04,06,09,28,,,,,,,0.6,0.4,0.6,1*36
$GNGSA,A,3,69,70,83,84,85,,,,,,,,0.6,0.4,0.6,2*34
$GNGSA,A,3,102,104,106,110,111,112,119,128,136,,,,0.6,0.4,0.6,3*03
$GNGSA,A,3,102,104,106,109,110,111,112,119,128,,,,0.6,0.4,0.6,3*0F
$GNGSA,A,3,207,210,227,228,230,232,233,241,,,,,0.6,0.4,0.6,4*3E
$GNGSA,A,3,227,228,230,232,241,,,,,,,,0.6,0.4,0.6,4*0A
$GNRMC,135221.000,A,4825.1429,N,00428.4558,W,0.0,125.5,100626,,,A*63
$GNGGA,135222.000,4825.1429,N,00428.4558,W,1,48,0.2,91.7,M,52.0,M,,*64
$GNVTG,125.5,T,,M,0.0,N,0.0,K,A*10
$GPGSV,5,1,15,01,36,120,40,02,11,128,38,03,60,057,40,04,58,159,31,1*60
$GPGSV,5,2,15,06,33,303,30,09,32,195,23,19,45,284,31,28,13,040,29,1*64
$GPGSV,5,3,15,31,18,068,42,1*55
$GPGSV,5,4,15,01,36,120,37,03,60,057,44,04,58,159,41,06,33,303,41,8*6E
$GPGSV,5,5,15,09,32,195,32,28,13,040,30,8*62
$GQGSV,1,1,,,,,,,,,,,,,0.0*56
$GLGSV,2,1,05,69,81,205,36,70,28,216,30,83,34,139,37,84,87,326,30,1*75
$GLGSV,2,2,05,85,37,320,33,1*45
$GAGSV,6,1,19,102,13,286,27,104,59,124,36,106,46,165,34,109,26,184,23,7*7F
$GAGSV,6,2,19,110,56,106,37,111,84,049,26,112,31,111,34,119,30,048,35,7*7D
$GAGSV,6,3,19,128,51,079,35,136,38,300,32,7*74
$GAGSV,6,4,19,102,13,286,35,104,59,124,44,106,46,165,43,109,26,184,38,1*70
$GAGSV,6,5,19,111,84,049,41,112,31,111,30,119,30,048,29,128,51,079,37,1*71
$GAGSV,6,6,19,136,38,300,41,1*74
$GBGSV,5,1,14,207,16,042,34,210,16,054,38,211,12,315,23,1*7D
$GBGSV,5,2,14,227,67,198,31,228,30,155,39,230,38,304,36,232,35,226,26,3*7D
$GBGSV,5,3,14,233,32,052,41,241,83,091,34,3*75
$GBGSV,5,4,14,227,67,198,38,228,30,155,32,230,38,304,41,232,35,226,34,5*7C
$GBGSV,5,5,14,233,32,052,37,5*77
$GIGSV,1,1,,,,,,,,,,,,,0.0*4E
$GNGSA,A,3,01,02,03,04,06,19,31,,,,,,0.6,0.2,0.6,1*3B
$GNGSA,A,3,01,03,04,06,09,28,,,,,,,0.6,0.2,0.6,1*30
$GNGSA,A,3,69,70,83,84,85,,,,,,,,0.6,0.2,0.6,2*32
$GNGSA,A,3,102,104,106,110,112,119,128,136,,,,,0.6,0.2,0.6,3*34
$GNGSA,A,3,102,104,106,109,111,112,119,128,136,,,,0.6,0.2,0.6,3*0D
$GNGSA,A,3,207,210,227,228,230,232,233,241,,,,,0.6,0.2,0.6,4*38
$GNGSA,A,3,227,228,230,232,233,,,,,,,,0.6,0.2,0.6,4*09
$GNRMC,135222.000,A,4825.1429,N,00428.4558,W,0.0,125.5,100626,,,A*60
$GNGGA,135223.000,4825.1429,N,00428.4558,W,1,51,0.2,91.7,M,52.0,M,,*6D
$GNVTG,125.5,T,,M,0.0,N,0.0,K,A*10
$GPGSV,5,1,15,01,36,120,40,02,11,128,39,03,60,057,40,04,58,159,31,1*61
$GPGSV,5,2,15,06,33,303,30,09,32,195,23,19,45,284,31,28,13,040,29,1*64
$GPGSV,5,3,15,31,18,068,42,1*55
$GPGSV,5,4,15,01,36,120,37,03,60,057,44,04,58,159,41,06,33,303,41,8*6E
$GPGSV,5,5,15,09,32,195,32,28,13,040,29,8*6A
$GQGSV,1,1,,,,,,,,,,,,,0.0*56
$GLGSV,2,1,05,69,81,205,36,70,28,216,30,83,34,139,38,84,87,326,30,1*7A
$GLGSV,2,2,05,85,37,320,33,1*45
$GAGSV,6,1,19,102,13,286,27,104,59,124,36,106,46,165,34,109,26,184,23,7*7F
$GAGSV,6,2,19,110,56,106,37,111,84,049,26,112,31,111,34,119,30,048,35,7*7D
$GAGSV,6,3,19,128,51,079,35,136,38,300,32,7*74
$GAGSV,6,4,19,102,13,286,35,104,59,124,44,106,46,165,43,109,26,184,38,1*70
$GAGSV,6,5,19,110,56,106,40,112,31,111,30,119,30,048,29,128,51,079,37,1*74
$GAGSV,6,6,19,136,38,300,41,1*74
$GBGSV,5,1,14,207,16,042,34,210,16,054,38,211,12,315,23,1*7D
$GBGSV,5,2,14,227,67,198,31,228,30,155,39,230,38,304,36,232,35,226,26,3*7D
$GBGSV,5,3,14,233,32,052,41,241,83,091,34,3*75
$GBGSV,5,4,14,227,67,198,38,228,30,155,32,230,38,304,41,233,32,052,37,5*78
$GBGSV,5,5,14,241,83,091,45,5*72
$GIGSV,1,1,,,,,,,,,,,,,0.0*4E
$GNGSA,A,3,01,02,03,04,06,09,19,28,31,,,,0.6,0.2,0.6,1*38
$GNGSA,A,3,01,03,04,06,09,28,,,,,,,0.6,0.2,0.6,1*30
$GNGSA,A,3,69,70,83,84,85,,,,,,,,0.6,0.2,0.6,2*32
$GNGSA,A,3,102,104,106,110,111,112,119,128,136,,,,0.6,0.2,0.6,3*05
$GNGSA,A,3,102,104,106,109,110,112,119,128,136,,,,0.6,0.2,0.6,3*0C
$GNGSA,A,3,207,210,227,228,230,232,233,241,,,,,0.6,0.2,0.6,4*38
$GNGSA,A,3,227,228,230,233,241,,,,,,,,0.6,0.2,0.6,4*0D
$GNRMC,135223.000,A,4825.1429,N,00428.4558,W,0.0,125.5,100626,,,A*61
$GNGGA,135224.000,4825.1429,N,00428.4558,W,1,50,0.2,91.7,M,52.0,M,,*6B
$GNVTG,125.5,T,,M,0.0,N,0.0,K,A*10
$GPGSV,5,1,15,01,36,120,40,02,11,128,39,03,60,057,40,04,58,159,32,1*62
$GPGSV,5,2,15,06,33,303,30,09,32,195,22,19,45,284,31,28,13,040,28,1*64
$GPGSV,5,3,15,31,18,068,42,1*55
$GPGSV,5,4,15,01,36,120,37,03,60,057,44,04,58,159,41,06,33,303,41,8*6E
$GPGSV,5,5,15,09,32,195,31,28,13,040,29,8*69
$GQGSV,1,1,,,,,,,,,,,,,0.0*56
$GLGSV,2,1,05,69,81,205,36,70,28,216,30,83,34,139,38,84,87,326,30,1*7A
$GLGSV,2,2,05,85,37,320,33,1*45
$GAGSV,5,1,18,102,13,286,26,104,59,124,36,106,46,165,34,109,26,184,23,7*7C
$GAGSV,5,2,18,110,56,106,38,111,84,049,26,112,31,111,34,119,30,048,35,7*70
$GAGSV,5,3,18,128,51,079,35,136,38,300,33,7*77
$GAGSV,5,4,18,102,13,286,35,104,59,124,44,109,26,184,38,111,84,049,41,1*77
$GAGSV,5,5,18,112,31,111,30,119,30,048,29,128,51,079,37,136,38,300,41,1*7F
$GBGSV,5,1,15,207,16,042,34,210,16,054,38,211,12,315,23,1*7C
$GBGSV,5,2,15,227,67,198,31,228,30,155,39,230,38,304,36,232,35,226,27,3*7D
$GBGSV,5,3,15,233,32,052,41,241,83,091,34,3*74
$GBGSV,5,4,15,227,67,198,38,228,30,155,32,230,38,304,41,232,35,226,34,5*7D
$GBGSV,5,5,15,233,32,052,37,241,83,091,45,5*73
$GIGSV,1,1,,,,,,,,,,,,,0.0*4E
$GNGSA,A,3,01,02,03,04,06,09,28,31,,,,,0.6,0.2,0.6,1*30
$GNGSA,A,3,01,03,04,06,09,28,,,,,,,0.6,0.2,0.6,1*30
$GNGSA,A,3,69,70,83,84,85,,,,,,,,0.6,0.2,0.6,2*32
$GNGSA,A,3,102,104,106,110,111,112,119,128,136,,,,0.6,0.2,0.6,3*05
$GNGSA,A,3,102,104,109,111,112,119,128,136,,,,,0.6,0.2,0.6,3*3A
$GNGSA,A,3,207,210,227,228,230,232,233,241,,,,,0.6,0.2,0.6,4*38
$GNGSA,A,3,227,228,230,232,233,241,,,,,,,0.6,0.2,0.6,4*3E
$GNRMC,135224.000,A,4825.1429,N,00428.4558,W,0.0,125.5,100626,,,A*66
$GNGGA,135225.000,4825.1429,N,00428.4557,W,1,49,0.4,91.7,M,52.0,M,,*6B
$GNVTG,125.5,T,,M,0.0,N,0.0,K,A*10
$GPGSV,5,1,15,01,36,120,40,02,11,128,39,03,60,057,40,04,58,159,32,1*62
$GPGSV,5,2,15,06,33,303,31,09,32,195,22,19,45,284,31,28,13,040,28,1*65
$GPGSV,5,3,15,31,18,068,42,1*55
$GPGSV,5,4,15,01,36,120,36,03,60,057,44,04,58,159,41,06,33,303,41,8*6F
$GPGSV,5,5,15,09,32,195,31,28,13,040,28,8*68
$GQGSV,1,1,,,,,,,,,,,,,0.0*56
$GLGSV,2,1,05,69,81,205,35,70,28,216,30,83,34,139,38,84,87,326,30,1*79
$GLGSV,2,2,05,85,37,320,33,1*45
$GAGSV,5,1,18,102,13,286,26,104,59,124,36,106,46,165,34,109,26,184,23,7*7C
$GAGSV,5,2,18,110,56,106,38,111,84,049,26,112,31,111,34,119,30,048,35,7*70
$GAGSV,5,3,18,128,51,079,35,136,38,300,33,7*77
$GAGSV,5,4,18,102,13,286,35,104,59,124,44,106,46,165,43,109,26,184,38,1*72
$GAGSV,5,5,18,111,84,049,41,112,31,111,31,119,30,048,30,128,51,079,37,1*7A
$GBGSV,5,1,15,207,16,042,35,210,16,054,38,211,12,315,22,1*7C
$GBGSV,5,2,15,227,67,198,31,228,30,155,39,230,38,304,36,232,35,226,27,3*7D
$GBGSV,5,3,15,233,32,052,41,241,83,091,34,3*74
$GBGSV,5,4,15,227,67,198,38,228,30,155,32,230,38,304,41,232,35,226,34,5*7D
$GBGSV,5,5,15,233,32,052,37,241,83,091,45,5*73
$GIGSV,1,1,,,,,,,,,,,,,0.0*4E
$GNGSA,A,3,01,02,03,04,06,19,28,31,,,,,0.6,0.4,0.6,1*37
$GNGSA,A,3,01,03,04,06,09,28,,,,,,,0.6,0.4,0.6,1*36
$GNGSA,A,3,69,70,83,84,85,,,,,,,,0.6,0.4,0.6,2*34
$GNGSA,A,3,104,106,110,111,112,119,128,136,,,,,0.6,0.4,0.6,3*30
$GNGSA,A,3,102,104,106,109,111,112,119,128,,,,,0.6,0.4,0.6,3*3F
$GNGSA,A,3,207,210,227,228,230,232,233,241,,,,,0.6,0.4,0.6,4*3E
$GNGSA,A,3,227,228,230,232,233,241,,,,,,,0.6,0.4,0.6,4*38
$GNRMC,135225.000,A,4825.1429,N,00428.4557,W,0.0,125.5,100626,,,A*68
$GNGGA,135226.000,4825.1430,N,00428.4557,W,1,48,0.4,91.7,M,52.0,M,,*61
$GNVTG,125.5,T,,M,0.0,N,0.0,K,A*10
$GPGSV,5,1,15,01,36,120,40,02,11,128,40,03,60,057,40,04,58,159,32,1*6C
$GPGSV,5,2,15,06,33,303,31,09,32,195,22,19,45,284,31,28,13,040,28,1*65
$GPGSV,5,3,15,31,18,068,42,1*55
$GPGSV,5,4,15,01,36,120,36,03,60,057,44,04,58,159,41,06,33,303,41,8*6F
$GPGSV,5,5,15,09,32,195,31,28,13,040,28,8*68
$GQGSV,1,1,,,,,,,,,,,,,0.0*56
$GLGSV,2,1,05,69,82,205,35,70,28,217,30,83,34,139,39,84,87,325,30,1*79
$GLGSV,2,2,05,85,37,320,33,1*45
$GAGSV,6,1,19,102,13,286,26,104,59,124,36,106,46,165,34,109,26,184,23,7*7E
$GAGSV,6,2,19,110,56,106,38,111,84,049,27,112,31,111,34,119,30,048,35,7*73
$GAGSV,6,3,19,128,51,079,35,136,38,300,33,7*75
$GAGSV,6,4,19,102,13,286,36,104,59,124,44,106,46,165,43,109,26,184,38,1*73
$GAGSV,6,5,19,111,84,049,41,112,31,111,30,119,30,048,30,128,51,079,37,1*79
$GAGSV,6,6,19,136,38,300,41,1*74
$GBGSV,5,1,14,207,16,041,35,210,16,054,38,211,12,315,22,1*7E
$GBGSV,5,2,14,227,67,198,31,228,30,155,39,230,38,304,36,232,35,226,27,3*7C
$GBGSV,5,3,14,233,32,052,41,241,83,091,34,3*75
$GBGSV,5,4,14,227,67,198,38,228,30,155,32,230,38,304,41,232,35,226,34,5*7C
$GBGSV,5,5,14,233,32,052,37,5*77
$GIGSV,1,1,,,,,,,,,,,,,0.0*4E
$GNGSA,A,3,01,03,04,06,19,28,31,,,,,,0.6,0.4,0.6,1*35
$GNGSA,A,3,01,03,04,06,09,28,,,,,,,0.6,0.4,0.6,1*36
$GNGSA,A,3,69,70,84,85,,,,,,,,,0.6,0.4,0.6,2*3F
$GNGSA,A,3,102,104,106,110,111,112,119,128,136,,,,0.6,0.4,0.6,3*03
$GNGSA,A,3,102,104,106,109,111,112,119,128,136,,,,0.6,0.4,0.6,3*0B
$GNGSA,A,3,207,210,227,228,230,232,233,241,,,,,0.6,0.4,0.6,4*3E
$GNGSA,A,3,227,228,230,232,233,,,,,,,,0.6,0.4,0.6,4*0F
$GNRMC,135226.000,A,4825.1430,N,00428.4557,W,0.0,125.5,100626,,,A*63
$GNGGA,135227.000,4825.1429,N,00428.4557,W,1,50,0.4,91.7,M,52.0,M,,*61
$GNVTG,125.5,T,,M,0.0,N,0.0,K,A*10
$GPGSV,5,1,15,01,36,120,40,02,11,128,40,03,60,057,40,04,58,159,32,1*6C
$GPGSV,5,2,15,06,33,303,31,09,32,195,22,19,45,284,31,28,13,040,31,1*6D
$GPGSV,5,3,15,31,18,068,42,1*55
$GPGSV,5,4,15,01,36,120,36,03,60,057,44,04,58,159,41,06,33,303,41,8*6F
$GPGSV,5,5,15,09,32,195,31,28,13,040,28,8*68
$GQGSV,1,1,,,,,,,,,,,,,0.0*56
$GLGSV,2,1,05,69,82,205,35,70,28,217,30,83,34,139,39,84,87,325,30,1*79
$GLGSV,2,2,05,85,37,320,33,1*45
$GAGSV,5,1,18,102,13,286,26,104,59,124,36,106,46,165,34,109,26,184,23,7*7C
$GAGSV,5,2,18,110,56,106,38,111,84,049,27,112,31,111,34,119,30,048,35,7*71
$GAGSV,5,3,18,128,51,079,35,136,38,300,33,7*77
$GAGSV,5,4,18,102,13,286,36,104,59,124,44,110,56,106,40,111,84,049,41,1*7E
$GAGSV,5,5,18,112,31,111,30,119,30,048,30,128,51,079,37,136,38,300,41,1*77
$GBGSV,5,1,15,207,16,041,35,210,16,054,38,211,12,315,22,1*7F
$GBGSV,5,2,15,227,67,198,31,228,30,155,39,230,38,304,36,232,35,226,27,3*7D
$GBGSV,5,3,15,233,32,052,41,241,83,091,34,3*74
$GBGSV,5,4,15,227,67,198,38,228,30,155,32,230,38,304,41,232,35,226,34,5*7D
$GBGSV,5,5,15,233,32,052,37,241,83,091,45,5*73
$GIGSV,1,1,,,,,,,,,,,,,0.0*4E
$GNGSA,A,3,01,02,03,04,06,19,28,31,,,,,0.6,0.4,0.6,1*37
$GNGSA,A,3,01,03,04,06,09,28,,,,,,,0.6,0.4,0.6,1*36
$GNGSA,A,3,69,83,84,85,,,,,,,,,0.6,0.4,0.6,2*33
$GNGSA,A,3,102,104,106,110,111,112,119,128,136,,,,0.6,0.4,0.6,3*03
$GNGSA,A,3,102,104,110,111,112,119,128,136,,,,,0.6,0.4,0.6,3*34
$GNGSA,A,3,207,210,211,227,228,230,232,233,241,,,,0.6,0.4,0.6,4*0C
$GNGSA,A,3,227,228,230,232,233,241,,,,,,,0.6,0.4,0.6,4*38
$GNRMC,135227.000,A,4825.1429,N,00428.4557,W,0.0,125.5,100626,,,A*6A
$GNGGA,135228.000,4825.1429,N,00428.4557,W,1,51,0.2,91.7,M,52.0,M,,*69
$GNVTG,125.5,T,,M,0.0,N,0.0,K,A*10
$GPGSV,5,1,15,01,36,120,40,02,11,128,40,03,60,057,40,04,58,159,32,1*6C
$GPGSV,5,2,15,06,33,303,31,09,32,195,22,19,45,284,31,28,13,040,31,1*6D
$GPGSV,5,3,15,31,18,068,42,1*55
$GPGSV,5,4,15,01,36,120,36,03,60,057,44,04,58,159,41,06,33,303,41,8*6F
$GPGSV,5,5,15,09,32,195,30,28,13,040,28,8*69
$GQGSV,1,1,,,,,,,,,,,,,0.0*56
$GLGSV,2,1,05,69,82,205,35,70,28,217,30,83,34,139,38,84,87,325,30,1*78
$GLGSV,2,2,05,85,37,320,33,1*45
$GAGSV,6,1,19,102,13,286,26,104,59,124,36,106,46,165,34,109,26,184,23,7*7E
$GAGSV,6,2,19,110,56,106,38,111,84,049,27,112,31,111,33,119,30,048,35,7*74
$GAGSV,6,3,19,128,51,078,35,136,38,300,33,7*74
$GAGSV,6,4,19,102,13,286,36,104,59,124,44,106,46,165,43,110,56,106,41,1*78
$GAGSV,6,5,19,111,84,049,41,112,31,111,30,119,30,048,30,128,51,078,37,1*78
$GAGSV,6,6,19,136,38,300,41,1*74
$GBGSV,5,1,14,207,16,041,35,210,16,054,38,211,13,315,22,1*7F
$GBGSV,5,2,14,227,67,198,31,228,30,155,39,230,38,304,36,232,35,226,27,3*7C
$GBGSV,5,3,14,233,32,052,41,241,83,091,34,3*75
$GBGSV,5,4,14,227,67,198,38,228,30,155,32,232,35,226,34,233,32,052,37,5*74
$GBGSV,5,5,14,241,83,091,45,5*72
$GIGSV,1,1,,,,,,,,,,,,,0.0*4E
$GNGSA,A,3,01,02,03,06,19,28,31,,,,,,0.6,0.2,0.6,1*35
$GNGSA,A,3,01,03,04,06,09,28,,,,,,,0.6,0.2,0.6,1*30
$GNGSA,A,3,69,70,83,84,85,,,,,,,,0.6,0.2,0.6,2*32
$GNGSA,A,3,102,104,106,109,110,111,112,119,128,136,,,0.6,0.2,0.6,3*3D
$GNGSA,A,3,102,104,106,110,111,112,119,128,136,,,,0.6,0.2,0.6,3*05
$GNGSA,A,3,207,210,211,227,228,230,232,233,241,,,,0.6,0.2,0.6,4*0A
$GNGSA,A,3,227,228,232,233,241,,,,,,,,0.6,0.2,0.6,4*0F
$GNRMC,135228.000,A,4825.1429,N,00428.4557,W,0.0,125.5,100626,,,A*65
$GNGGA,135229.000,4825.1429,N,00428.4557,W,1,52,0.2,91.7,M,52.0,M,,*6B
$GNVTG,125.5,T,,M,0.0,N,0.0,K,A*10
$GPGSV,5,1,15,01,36,120,40,02,11,128,40,03,60,057,40,04,59,159,32,1*6D
$GPGSV,5,2,15,06,33,303,32,09,32,195,22,19,45,284,31,28,13,040,31,1*6E
$GPGSV,5,3,15,31,18,068,42,1*55
$GPGSV,5,4,15,01,36,120,35,03,60,057,44,04,59,159,41,06,33,303,40,8*6C
$GPGSV,5,5,15,09,32,195,30,28,13,040,27,8*66
$GQGSV,1,1,,,,,,,,,,,,,0.0*56
$GLGSV,2,1,05,69,82,205,35,70,28,217,30,83,34,139,38,84,87,325,30,1*78
$GLGSV,2,2,05,85,37,320,34,1*42
$GAGSV,6,1,19,102,13,286,26,104,59,124,36,106,46,165,34,109,26,184,23,7*7E
$GAGSV,6,2,19,110,56,106,38,111,84,049,27,112,31,111,33,119,30,048,35,7*74
$GAGSV,6,3,19,128,51,078,35,136,38,300,33,7*74
$GAGSV,6,4,19,102,13,286,36,104,59,124,44,106,46,165,43,110,56,106,41,1*78
$GAGSV,6,5,19,111,84,049,41,112,31,111,30,119,30,048,30,128,51,078,37,1*78
$GAGSV,6,6,19,136,38,300,41,1*74
$GBGSV,5,1,14,207,16,041,35,210,16,054,38,211,13,315,22,1*7F
$GBGSV,5,2,14,227,67,198,31,228,30,155,39,230,38,304,36,232,35,226,27,3*7C
$GBGSV,5,3,14,233,32,052,41,241,83,091,34,3*75
$GBGSV,5,4,14,227,67,198,38,228,30,155,32,230,38,304,39,233,32,052,37,5*77
$GBGSV,5,5,14,241,83,091,45,5*72
$GIGSV,1,1,,,,,,,,,,,,,0.0*4E
$GNGSA,A,3,01,02,03,04,06,19,28,31,,,,,0.6,0.2,0.6,1*31
$GNGSA,A,3,01,03,04,06,09,28,,,,,,,0.6,0.2,0.6,1*30
$GNGSA,A,3,69,70,83,84,85,,,,,,,,0.6,0.2,0.6,2*32
$GNGSA,A,3,102,104,106,109,110,111,112,119,128,136,,,0.6,0.2,0.6,3*3D
$GNGSA,A,3,102,104,106,110,111,112,119,128,136,,,,0.6,0.2,0.6,3*05
$GNGSA,A,3,207,210,211,227,228,230,232,233,241,,,,0.6,0.2,0.6,4*0A
$GNGSA,A,3,227,228,230,233,241,,,,,,,,0.6,0.2,0.6,4*0D
$GNRMC,135229.000,A,4825.1429,N,00428.4557,W,0.0,125.5,100626,,,A*64
$GNGGA,135230.000,4825.1430,N,00428.4557,W,1,52,0.2,91.7,M,52.0,M,,*6B
$GNVTG,125.5,T,,M,0.0,N,0.0,K,A*10
$GPGSV,5,1,15,01,36,120,40,02,11,128,40,03,60,057,40,04,59,159,32,1*6D
$GPGSV,5,2,15,06,33,303,32,09,32,195,22,19,45,284,31,28,13,040,31,1*6E
$GPGSV,5,3,15,31,18,068,42,1*55
$GPGSV,5,4,15,01,36,120,35,03,60,057,44,04,59,159,40,06,33,303,40,8*6D
$GPGSV,5,5,15,09,32,195,30,28,13,040,27,8*66
$GQGSV,1,1,,,,,,,,,,,,,0.0*56
$GLGSV,2,1,05,69,82,205,35,70,28,217,30,83,34,139,38,84,87,325,30,1*78
$GLGSV,2,2,05,85,37,320,34,1*42
$GAGSV,6,1,19,102,13,286,26,104,59,124,36,106,46,165,34,109,26,184,23,7*7E
$GAGSV,6,2,19,110,56,106,37,111,84,049,27,112,31,111,33,119,30,048,35,7*7B
$GAGSV,6,3,19,128,51,078,35,136,38,300,33,7*74
$GAGSV,6,4,19,102,13,286,36,104,59,124,44,109,26,184,36,110,56,106,41,1*7C
$GAGSV,6,5,19,111,84,049,41,112,31,111,30,119,30,048,30,128,51,078,36,1*79
$GAGSV,6,6,19,136,38,300,40,1*75
$GBGSV,5,1,14,207,16,041,35,210,16,054,38,211,13,315,21,1*7C
$GBGSV,5,2,14,227,67,198,31,228,30,155,39,230,38,304,36,232,35,226,27,3*7C
$GBGSV,5,3,14,233,32,052,41,241,83,091,34,3*75
$GBGSV,5,4,14,228,30,155,32,230,38,304,39,232,35,226,34,233,32,052,37,5*7E
$GBGSV,5,5,14,241,83,091,45,5*72
$GIGSV,1,1,,,,,,,,,,,,,0.0*4E
$GNGSA,A,3,01,02,03,04,06,09,28,31,,,,,0.6,0.2,0.4,1*32
$GNGSA,A,3,01,03,04,06,09,28,,,,,,,0.6,0.2,0.4,1*32
$GNGSA,A,3,69,70,83,84,85,,,,,,,,0.6,0.2,0.4,2*30
$GNGSA,A,3,102,104,106,109,110,111,112,119,128,136,,,0.6,0.2,0.4,3*3F
$GNGSA,A,3,102,104,109,110,111,112,119,128,136,,,,0.6,0.2,0.4,3*08
$GNGSA,A,3,207,210,211,227,228,230,232,233,241,,,,0.6,0.2,0.4,4*08
$GNGSA,A,3,228,230,232,233,241,,,,,,,,0.6,0.2,0.4,4*0B
$GNRMC,135230.000,A,4825.1430,N,00428.4557,W,0.0,125.5,100626,,,A*64
$GNGGA,135231.000,4825.1430,N,00428.4557,W,1,50,0.2,91.7,M,52.0,M,,*68
$GNVTG,125.5,T,,M,0.0,N,0.0,K,A*10
$GPGSV,5,1,15,01,36,120,40,02,11,128,40,03,60,057,40,04,59,159,32,1*6D
$GPGSV,5,2,15,06,33,303,32,09,32,195,22,19,45,284,31,28,13,040,31,1*6E
$GPGSV,5,3,15,31,18,068,42,1*55
$GPGSV,5,4,15,01,36,120,35,03,60,057,44,04,59,159,40,06,33,303,39,8*63
$GPGSV,5,5,15,09,32,195,30,28,13,040,27,8*66
$GQGSV,1,1,,,,,,,,,,,,,0.0*56
$GLGSV,2,1,05,69,82,205,35,70,28,217,30,83,34,139,38,84,87,325,30,1*78
$GLGSV,2,2,05,85,37,320,36,1*40
$GAGSV,5,1,18,102,13,286,26,104,59,124,35,106,46,165,34,109,26,184,26,7*7A
$GAGSV,5,2,18,110,56,106,37,111,84,051,27,112,31,111,33,119,30,048,35,7*70
$GAGSV,5,3,18,128,51,078,36,136,38,300,32,7*74
$GAGSV,5,4,18,102,13,286,36,104,59,124,44,106,46,165,43,110,56,106,40,1*7B
$GAGSV,5,5,18,112,31,111,30,119,30,048,31,128,51,078,36,136,38,300,40,1*77
$GBGSV,5,1,15,207,16,041,35,210,16,054,38,211,13,315,21,1*7D
$GBGSV,5,2,15,227,67,198,31,228,30,155,39,230,38,304,36,232,35,226,27,3*7D
$GBGSV,5,3,15,233,32,052,41,241,83,091,34,3*74
$GBGSV,5,4,15,227,67,198,37,228,30,155,33,230,38,304,39,232,35,226,34,5*7C
$GBGSV,5,5,15,233,32,052,37,241,83,091,45,5*73
$GIGSV,1,1,,,,,,,,,,,,,0.0*4E
$GNGSA,A,3,01,02,03,06,19,28,31,,,,,,0.6,0.2,0.6,1*35
$GNGSA,A,3,01,03,04,06,09,28,,,,,,,0.6,0.2,0.6,1*30
$GNGSA,A,3,69,70,83,84,85,,,,,,,,0.6,0.2,0.6,2*32
$GNGSA,A,3,104,106,109,110,111,112,119,128,136,,,,0.6,0.2,0.6,3*0E
$GNGSA,A,3,102,104,106,110,112,119,128,136,,,,,0.6,0.2,0.6,3*34
$GNGSA,A,3,207,210,211,227,228,230,232,233,241,,,,0.6,0.2,0.6,4*0A
$GNGSA,A,3,227,228,230,232,233,241,,,,,,,0.6,0.2,0.6,4*3E
$GNRMC,135231.000,A,4825.1430,N,00428.4557,W,0.0,125.5,100626,,,A*65
$GNGGA,135232.000,4825.1430,N,00428.4557,W,1,51,0.2,91.7,M,52.0,M,,*6A
$GNVTG,125.5,T,,M,0.0,N,0.0,K,A*10
$GPGSV,5,1,15,01,36,120,40,02,11,128,40,03,60,057,40,04,59,159,32,1*6D
$GPGSV,5,2,15,06,33,303,32,09,32,195,22,19,45,284,31,28,13,040,31,1*6E
$GPGSV,5,3,15,31,18,068,42,1*55
$GPGSV,5,4,15,01,36,120,34,03,60,057,45,04,59,159,40,06,33,303,39,8*63
$GPGSV,5,5,15,09,32,195,30,28,13,040,27,8*66
$GQGSV,1,1,,,,,,,,,,,,,0.0*56
$GLGSV,2,1,05,69,82,205,35,70,28,217,30,83,34,139,38,84,87,325,30,1*78
$GLGSV,2,2,05,85,37,320,38,1*4E
$GAGSV,6,1,19,102,13,286,26,104,59,124,34,106,46,165,34,109,26,184,26,7*79
$GAGSV,6,2,19,110,56,106,37,111,84,051,27,112,31,111,33,119,30,048,35,7*72
$GAGSV,6,3,19,128,51,078,36,136,38,300,32,7*76
$GAGSV,6,4,19,102,13,286,36,104,59,124,43,106,46,165,43,109,26,184,36,1*7A
$GAGSV,6,5,19,110,56,106,40,111,84,051,41,119,30,048,31,128,51,078,36,1*73
$GAGSV,6,6,19,136,38,300,40,1*75
$GBGSV,5,1,14,207,16,041,35,210,16,054,38,211,13,315,21,1*7C
$GBGSV,5,2,14,227,67,198,31,228,30,155,38,230,38,304,36,232,35,226,27,3*7D
$GBGSV,5,3,14,233,32,052,41,241,83,091,34,3*75
$GBGSV,5,4,14,227,67,198,37,228,30,155,33,230,38,304,39,232,35,226,34,5*7D
$GBGSV,5,5,14,233,32,052,36,5*76
$GIGSV,1,1,,,,,,,,,,,,,0.0*4E
$GNGSA,A,3,01,02,03,06,09,19,28,31,,,,,0.6,0.2,0.6,1*3C
$GNGSA,A,3,01,03,04,06,09,28,,,,,,,0.6,0.2,0.6,1*30
$GNGSA,A,3,69,70,83,84,85,,,,,,,,0.6,0.2,0.6,2*32
$GNGSA,A,3,104,106,109,110,111,112,119,128,136,,,,0.6,0.2,0.6,3*0E
$GNGSA,A,3,102,104,106,109,110,111,119,128,136,,,,0.6,0.2,0.6,3*0F
$GNGSA,A,3,207,210,211,227,228,230,232,233,241,,,,0.6,0.2,0.6,4*0A
$GNGSA,A,3,227,228,230,232,233,,,,,,,,0.6,0.2,0.6,4*09
$GNRMC,135232.000,A,4825.1430,N,00428.4557,W,0.0,125.5,100626,,,A*66
$GNGGA,135233.000,4825.1430,N,00428.4557,W,1,51,0.2,91.7,M,52.0,M,,*6B
$GNVTG,125.5,T,,M,0.0,N,0.0,K,A*10
$GPGSV,5,1,15,01,36,120,40,02,11,128,39,03,60,057,40,04,59,159,32,1*63
$GPGSV,5,2,15,06,33,303,31,09,32,195,22,19,45,284,32,28,13,040,31,1*6E
$GPGSV,5,3,15,31,18,068,42,1*55
$GPGSV,5,4,15,01,36,120,34,03,60,057,45,04,59,159,40,06,33,303,39,8*63
$GPGSV,5,5,15,09,32,195,30,28,13,040,27,8*66
$GQGSV,1,1,,,,,,,,,,,,,0.0*56
$GLGSV,2,1,05,69,82,205,35,70,28,217,30,83,34,139,38,84,87,325,30,1*78
$GLGSV,2,2,05,85,37,320,39,1*4F
$GAGSV,6,1,19,102,13,286,26,104,59,124,33,106,46,165,34,109,26,184,26,7*7E
$GAGSV,6,2,19,110,56,106,37,111,84,051,27,112,31,111,33,119,30,048,35,7*72
$GAGSV,6,3,19,128,51,078,36,136,38,300,32,7*76
$GAGSV,6,4,19,102,13,286,36,104,59,124,43,106,46,165,43,109,26,184,36,1*7A
$GAGSV,6,5,19,110,56,106,40,111,84,051,41,119,30,048,31,128,51,078,37,1*72
$GAGSV,6,6,19,136,38,300,40,1*75
$GBGSV,5,1,14,207,16,041,35,210,16,054,38,211,13,315,22,1*7F
$GBGSV,5,2,14,227,67,198,31,228,30,155,38,230,38,304,36,232,35,226,27,3*7D
$GBGSV,5,3,14,233,32,052,41,241,83,091,34,3*75
$GBGSV,5,4,14,227,67,198,37,228,30,155,34,230,38,304,39,232,35,226,34,5*7A
$GBGSV,5,5,14,233,32,052,36,5*76
$GIGSV,1,1,,,,,,,,,,,,,0.0*4E
$GNGSA,A,3,01,02,03,04,06,19,31,,,,,,0.6,0.2,0.6,1*3B
$GNGSA,A,3,01,03,04,06,09,28,,,,,,,0.6,0.2,0.6,1*30
$GNGSA,A,3,69,70,83,84,85,,,,,,,,0.6,0.2,0.6,2*32
$GNGSA,A,3,102,104,106,109,110,111,112,119,128,136,,,0.6,0.2,0.6,3*3D
$GNGSA,A,3,102,104,106,109,110,111,119,128,136,,,,0.6,0.2,0.6,3*0F
$GNGSA,A,3,207,210,211,227,228,230,232,233,241,,,,0.6,0.2,0.6,4*0A
$GNGSA,A,3,227,228,230,232,233,,,,,,,,0.6,0.2,0.6,4*09
$GNRMC,135233.000,A,4825.1430,N,00428.4557,W,0.0,125.5,100626,,,A*67
$GNGGA,135234.000,4825.1430,N,00428.4557,W,1,53,0.2,91.7,M,52.0,M,,*6E
$GNVTG,125.5,T,,M,0.0,N,0.0,K,A*10
$GPGSV,5,1,15,01,36,120,40,02,11,128,39,03,60,057,40,04,59,159,32,1*63
$GPGSV,5,2,15,06,33,303,31,09,32,195,23,19,45,284,32,28,13,040,31,1*6F
$GPGSV,5,3,15,31,18,068,42,1*55
$GPGSV,5,4,15,01,36,120,33,03,60,057,45,04,59,159,40,06,33,303,39,8*64
$GPGSV,5,5,15,09,32,195,29,28,13,040,27,8*6E
$GQGSV,1,1,,,,,,,,,,,,,0.0*56
$GLGSV,2,1,05,69,82,205,35,70,28,217,30,83,34,139,38,84,87,325,30,1*78
$GLGSV,2,2,05,85,37,320,39,1*4F
$GAGSV,6,1,19,102,13,285,26,104,59,124,33,106,46,165,33,109,26,184,26,7*7A
$GAGSV,6,2,19,110,56,106,36,111,84,051,27,112,31,111,33,119,30,048,35,7*73
$GAGSV,6,3,19,128,51,078,36,136,38,300,32,7*76
$GAGSV,6,4,19,104,59,124,43,106,46,165,43,109,26,184,36,110,56,106,39,1*7C
$GAGSV,6,5,19,111,84,051,41,112,31,111,27,119,30,048,31,128,51,078,37,1*76
$GAGSV,6,6,19,136,38,300,40,1*75
$GBGSV,5,1,14,207,16,041,34,210,16,054,38,211,13,315,22,1*7E
$GBGSV,5,2,14,227,67,198,32,228,30,155,38,230,38,304,36,232,35,226,27,3*7E
$GBGSV,5,3,14,233,32,052,41,241,83,091,34,3*75
$GBGSV,5,4,14,228,30,155,34,230,38,304,39,232,35,226,33,233,32,052,36,5*7E
$GBGSV,5,5,14,241,83,091,46,5*71
$GIGSV,1,1,,,,,,,,,,,,,0.0*4E
$GNGSA,A,3,01,02,03,04,06,09,19,28,31,,,,0.6,0.2,0.6,1*38
$GNGSA,A,3,01,03,04,06,09,28,,,,,,,0.6,0.2,0.6,1*30
$GNGSA,A,3,69,70,83,84,85,,,,,,,,0.6,0.2,0.6,2*32
$GNGSA,A,3,102,104,106,109,110,111,112,119,128,136,,,0.6,0.2,0.6,3*3D
$GNGSA,A,3,104,106,109,110,111,112,119,128,136,,,,0.6,0.2,0.6,3*0E
$GNGSA,A,3,207,210,211,227,228,230,232,233,241,,,,0.6,0.2,0.6,4*0A
$GNGSA,A,3,228,230,232,233,241,,,,,,,,0.6,0.2,0.6,4*09
$GNRMC,135234.000,A,4825.1430,N,00428.4557,W,0.0,125.5,100626,,,A*60
$GNGGA,135235.000,4825.1430,N,00428.4557,W,1,53,0.2,91.7,M,52.0,M,,*6F
$GNVTG,125.5,T,,M,0.0,N,0.0,K,A*10
$GPGSV,5,1,15,01,36,120,40,02,11,128,39,03,60,057,40,04,59,159,32,1*63
$GPGSV,5,2,15,06,33,303,31,09,32,195,23,19,45,284,32,28,13,040,31,1*6F
$GPGSV,5,3,15,31,18,068,42,1*55
$GPGSV,5,4,15,01,36,120,33,03,60,057,45,04,59,159,40,06,33,303,39,8*64
$GPGSV,5,5,15,09,32,195,29,28,13,040,27,8*6E
$GQGSV,1,1,,,,,,,,,,,,,0.0*56
$GLGSV,2,1,05,69,82,205,35,70,28,217,30,83,34,139,38,84,87,325,29,1*70
$GLGSV,2,2,05,85,37,320,39,1*4F
$GAGSV,6,1,19,102,13,285,26,104,59,124,33,106,46,165,33,109,26,184,26,7*7A
$GAGSV,6,2,19,110,56,106,36,111,84,051,27,112,31,111,33,119,30,048,35,7*73
$GAGSV,6,3,19,128,51,078,36,136,38,300,32,7*76
$GAGSV,6,4,19,102,13,285,37,104,59,124,43,106,46,165,43,109,26,184,36,1*78
$GAGSV,6,5,19,110,56,106,39,111,84,051,41,119,30,048,31,128,51,078,37,1*7C
$GAGSV,6,6,19,136,38,300,40,1*75
$GBGSV,5,1,14,207,16,041,34,210,16,054,38,211,13,315,22,1*7E
$GBGSV,5,2,14,227,67,198,32,228,30,155,38,230,38,304,35,232,35,226,27,3*7D
$GBGSV,5,3,14,233,32,052,41,241,83,091,34,3*75
$GBGSV,5,4,14,228,30,155,33,230,38,304,39,232,35,226,33,233,32,052,36,5*79
$GBGSV,5,5,14,241,83,091,46,5*71
$GIGSV,1,1,,,,,,,,,,,,,0.0*4E
$GNGSA,A,3,01,02,03,04,06,09,19,28,31,,,,0.6,0.2,0.4,1*3A
$GNGSA,A,3,01,03,04,06,09,28,,,,,,,0.6,0.2,0.4,1*32
$GNGSA,A,3,69,70,83,84,85,,,,,,,,0.6,0.2,0.4,2*30
$GNGSA,A,3,102,104,106,109,110,111,112,119,128,136,,,0.6,0.2,0.4,3*3F
$GNGSA,A,3,102,104,106,109,110,111,119,128,136,,,,0.6,0.2,0.4,3*0D
$GNGSA,A,3,207,210,211,227,228,230,232,233,241,,,,0.6,0.2,0.4,4*08
$GNGSA,A,3,228,230,232,233,241,,,,,,,,0.6,0.2,0.4,4*0B
$GNRMC,135235.000,A,4825.1430,N,00428.4557,W,0.0,125.5,100626,,,A*61
$GNGGA,135236.000,4825.1430,N,00428.4557,W,1,51,0.2,91.6,M,52.0,M,,*6F
$GNVTG,125.5,T,,M,0.0,N,0.0,K,A*10
$GPGSV,4,1,14,01,36,120,41,02,11,128,39,03,60,057,40,04,59,159,32,1*62
$GPGSV,4,2,14,09,32,195,23,19,45,284,32,28,13,040,31,31,18,068,42,1*68
$GPGSV,4,3,14,01,36,120,33,03,60,057,45,04,59,159,40,06,33,303,39,8*63
$GPGSV,4,4,14,09,32,195,29,28,13,040,27,8*6F
$GQGSV,1,1,,,,,,,,,,,,,0.0*56
$GLGSV,2,1,05,69,82,205,34,70,28,217,30,83,34,139,38,84,87,325,29,1*71
$GLGSV,2,2,05,85,37,320,39,1*4F
$GAGSV,5,1,18,102,13,285,26,104,59,124,33,106,46,165,34,109,26,184,26,7*7F
$GAGSV,5,2,18,110,56,106,36,111,84,051,27,112,31,111,33,119,30,048,35,7*71
$GAGSV,5,3,18,128,51,078,36,136,38,300,31,7*77
$GAGSV,5,4,18,102,13,285,37,104,59,124,43,106,46,165,43,109,26,184,36,1*7A
$GAGSV,5,5,18,110,56,106,39,111,84,051,41,112,31,111,31,136,38,300,40,1*75
$GBGSV,5,1,15,207,16,041,34,210,16,054,38,211,13,315,22,1*7F
$GBGSV,5,2,15,227,67,198,32,228,30,155,38,230,38,304,35,232,35,226,28,3*73
$GBGSV,5,3,15,233,32,053,41,241,83,091,35,3*74
$GBGSV,5,4,15,227,67,198,37,228,30,155,33,230,38,304,39,232,35,226,33,5*7B
$GBGSV,5,5,15,233,32,053,36,241,83,091,46,5*70
$GIGSV,1,1,,,,,,,,,,,,,0.0*4E
$GNGSA,A,3,01,02,03,04,19,28,31,,,,,,0.6,0.2,0.4,1*35
$GNGSA,A,3,01,03,04,06,09,28,,,,,,,0.6,0.2,0.4,1*32
$GNGSA,A,3,69,70,83,84,85,,,,,,,,0.6,0.2,0.4,2*30
$GNGSA,A,3,102,104,106,109,110,111,112,119,128,136,,,0.6,0.2,0.4,3*3F
$GNGSA,A,3,102,104,106,109,110,111,112,136,,,,,0.6,0.2,0.4,3*3D
$GNGSA,A,3,207,210,211,227,228,230,232,233,241,,,,0.6,0.2,0.4,4*08
$GNGSA,A,3,227,228,230,232,233,241,,,,,,,0.6,0.2,0.4,4*3C
$GNRMC,135236.000,A,4825.1430,N,00428.4557,W,0.0,125.5,100626,,,A*62
$GNGGA,135237.000,4825.1430,N,00428.4557,W,1,51,0.2,91.6,M,52.0,M,,*6E
$GNVTG,125.5,T,,M,0.0,N,0.0,K,A*10
$GPGSV,4,1,14,01,36,120,41,02,11,128,39,03,60,057,40,04,59,159,32,1*62
$GPGSV,4,2,14,09,32,195,23,19,45,284,32,28,13,040,30,31,18,068,42,1*69
$GPGSV,4,3,14,01,36,120,33,03,60,057,45,04,59,159,40,06,33,303,39,8*63
$GPGSV,4,4,14,09,32,195,29,28,13,040,27,8*6F
$GQGSV,1,1,,,,,,,,,,,,,0.0*56
$GLGSV,2,1,05,69,82,205,34,70,28,217,31,83,34,139,38,84,87,325,29,1*70
$GLGSV,2,2,05,85,37,320,39,1*4F
$GAGSV,6,1,19,102,13,285,26,104,59,124,33,106,46,165,34,109,26,185,25,7*7F
$GAGSV,6,2,19,110,56,106,36,111,84,051,27,112,31,111,33,119,30,048,35,7*73
$GAGSV,6,3,19,128,51,078,35,136,38,300,31,7*76
$GAGSV,6,4,19,102,13,285,36,104,59,124,43,106,46,165,43,109,26,185,36,1*78
$GAGSV,6,5,19,111,84,051,41,112,31,111,31,119,30,048,31,128,51,078,37,1*71
$GAGSV,6,6,19,136,38,300,40,1*75
$GBGSV,5,1,14,207,16,041,34,210,16,054,38,211,13,315,22,1*7E
$GBGSV,5,2,14,227,67,198,32,228,30,155,38,230,38,304,35,232,35,226,28,3*72
$GBGSV,5,3,14,233,32,053,41,241,83,091,35,3*75
$GBGSV,5,4,14,228,30,155,33,230,38,304,39,232,35,226,33,233,32,053,36,5*78
$GBGSV,5,5,14,241,83,091,46,5*71
$GIGSV,1,1,,,,,,,,,,,,,0.0*4E
$GNGSA,A,3,01,02,03,04,19,28,31,,,,,,0.6,0.2,0.6,1*37
$GNGSA,A,3,01,03,04,06,09,28,,,,,,,0.6,0.2,0.6,1*30
$GNGSA,A,3,69,70,83,84,85,,,,,,,,0.6,0.2,0.6,2*32
$GNGSA,A,3,102,104,106,109,110,111,112,119,128,136,,,0.6,0.2,0.6,3*3D
$GNGSA,A,3,102,104,106,109,111,112,119,128,136,,,,0.6,0.2,0.6,3*0D
$GNGSA,A,3,207,210,211,227,228,230,232,233,241,,,,0.6,0.2,0.6,4*0A
$GNGSA,A,3,228,230,232,233,241,,,,,,,,0.6,0.2,0.6,4*09
$GNRMC,135237.000,A,4825.1430,N,00428.4557,W,0.0,125.5,100626,,,A*63
$GNGGA,135238.000,4825.1430,N,00428.4557,W,1,50,0.2,91.6,M,52.0,M,,*60
$GNVTG,125.5,T,,M,0.0,N,0.0,K,A*10
$GPGSV,4,1,14,01,36,120,41,02,11,128,39,03,60,057,40,04,59,159,32,1*62
$GPGSV,4,2,14,09,32,195,23,19,45,284,32,28,13,040,30,31,18,068,42,1*69
$GPGSV,4,3,14,01,36,120,34,03,60,057,45,04,59,159,40,06,33,303,39,8*64
$GPGSV,4,4,14,09,32,195,29,28,13,040,27,8*6F
$GQGSV,1,1,,,,,,,,,,,,,0.0*56
$GLGSV,2,1,05,69,82,205,34,70,28,217,31,83,34,139,38,84,87,325,29,1*70
$GLGSV,2,2,05,85,37,320,39,1*4F
$GAGSV,6,1,19,102,13,285,26,104,59,124,34,106,46,165,34,109,26,185,25,7*78
$GAGSV,6,2,19,110,56,107,36,111,84,051,27,119,30,048,35,128,51,078,35,7*75
$GAGSV,6,3,19,136,38,300,31,7*70
$GAGSV,6,4,19,102,13,285,36,104,59,124,43,106,46,165,43,109,26,185,36,1*78
$GAGSV,6,5,19,110,56,107,40,111,84,051,41,112,31,111,32,119,30,048,31,1*77
$GAGSV,6,6,19,128,51,078,37,136,38,300,40,1*71
$GBGSV,4,1,13,207,16,041,34,210,16,054,38,211,13,315,22,1*78
$GBGSV,4,2,13,227,67,198,32,228,30,155,38,230,38,304,35,232,35,226,28,3*74
$GBGSV,4,3,13,233,32,053,41,241,83,091,35,3*73
$GBGSV,4,4,13,227,67,198,38,228,30,155,33,230,38,304,39,232,35,226,33,5*73
$GIGSV,1,1,,,,,,,,,,,,,0.0*4E
$GNGSA,A,3,01,02,03,04,19,28,31,,,,,,0.6,0.2,0.6,1*37
$GNGSA,A,3,01,03,04,06,09,28,,,,,,,0.6,0.2,0.6,1*30
$GNGSA,A,3,69,70,83,84,85,,,,,,,,0.6,0.2,0.6,2*32
$GNGSA,A,3,102,104,106,109,110,111,119,128,136,,,,0.6,0.2,0.6,3*0F
$GNGSA,A,3,102,104,106,109,110,111,112,119,128,136,,,0.6,0.2,0.6,3*3D
$GNGSA,A,3,207,210,211,227,228,230,232,233,241,,,,0.6,0.2,0.6,4*0A
$GNGSA,A,3,227,228,230,232,,,,,,,,,0.6,0.2,0.6,4*3B
$GNRMC,135238.000,A,4825.1430,N,00428.4557,W,0.0,125.5,100626,,,A*6C
$GNGGA,135239.000,4825.1430,N,00428.4557,W,1,50,0.2,91.6,M,52.0,M,,*61
$GNVTG,125.5,T,,M,0.0,N,0.0,K,A*10
$GPGSV,4,1,14,01,36,120,42,02,11,128,39,03,60,057,40,04,59,159,32,1*61
$GPGSV,4,2,14,09,32,195,23,19,45,284,32,28,13,040,30,31,18,068,42,1*69
$GPGSV,4,3,14,01,36,120,35,03,60,057,44,04,59,159,40,06,33,303,39,8*64
$GPGSV,4,4,14,09,32,195,29,28,13,040,27,8*6F
$GQGSV,1,1,,,,,,,,,,,,,0.0*56
$GLGSV,2,1,05,69,82,205,34,70,28,217,31,83,34,139,38,84,87,325,29,1*70
$GLGSV,2,2,05,85,37,320,39,1*4F
$GAGSV,5,1,18,102,13,285,26,104,59,124,34,106,46,165,34,109,26,185,25,7*7A
$GAGSV,5,2,18,110,56,107,36,111,84,051,27,112,31,111,31,119,30,048,35,7*72
$GAGSV,5,3,18,128,51,078,35,136,38,300,31,7*74
$GAGSV,5,4,18,102,13,285,36,104,59,124,43,106,46,165,43,109,26,185,36,1*7A
$GAGSV,5,5,18,110,56,107,41,112,31,111,32,119,30,048,31,128,51,078,37,1*7C
$GBGSV,5,1,15,207,16,041,34,210,16,054,38,211,13,315,22,1*7F
$GBGSV,5,2,15,227,67,198,32,228,30,155,38,230,38,304,35,232,35,226,27,3*7C
$GBGSV,5,3,15,233,32,053,41,241,83,091,35,3*74
$GBGSV,5,4,15,227,67,198,38,228,30,155,32,230,38,304,40,232,35,226,33,5*7B
$GBGSV,5,5,15,233,32,053,35,241,83,091,46,5*73
$GIGSV,1,1,,,,,,,,,,,,,0.0*4E
$GNGSA,A,3,01,02,03,04,19,28,31,,,,,,0.6,0.2,0.6,1*37
$GNGSA,A,3,01,03,04,06,09,28,,,,,,,0.6,0.2,0.6,1*30
$GNGSA,A,3,69,70,83,84,85,,,,,,,,0.6,0.2,0.6,2*32
$GNGSA,A,3,102,104,106,109,110,111,112,119,128,136,,,0.6,0.2,0.6,3*3D
$GNGSA,A,3,102,104,106,109,110,112,119,128,,,,,0.6,0.2,0.6,3*38
$GNGSA,A,3,207,210,227,228,230,232,233,241,,,,,0.6,0.2,0.6,4*38
$GNGSA,A,3,227,228,230,232,233,241,,,,,,,0.6,0.2,0.6,4*3E
$GNRMC,135239.000,A,4825.1430,N,00428.4557,W,0.0,125.5,100626,,,A*6D
$GNGGA,135240.000,4825.1430,N,00428.4557,W,1,48,0.4,91.6,M,52.0,M,,*60
$GNVTG,125.5,T,,M,0.0,N,0.0,K,A*10
$GPGSV,4,1,14,01,36,120,42,02,11,128,40,03,60,057,40,04,59,159,32,1*6F
$GPGSV,4,2,14,09,32,195,23,19,45,284,32,28,13,039,30,31,18,068,42,1*67
$GPGSV,4,3,14,01,36,120,36,03,60,057,44,04,59,159,40,06,33,303,39,8*67
$GPGSV,4,4,14,09,32,195,29,28,13,039,27,8*61
$GQGSV,1,1,,,,,,,,,,,,,0.0*56
$GLGSV,2,1,05,69,82,205,34,70,28,217,31,83,34,139,38,84,87,325,29,1*70
$GLGSV,2,2,05,85,37,320,38,1*4E
$GAGSV,6,1,19,102,13,285,25,104,59,124,34,106,46,165,34,109,26,185,25,7*7B
$GAGSV,6,2,19,110,56,107,36,111,84,051,27,112,31,111,31,119,30,048,35,7*70
$GAGSV,6,3,19,128,51,078,35,136,38,300,31,7*76
$GAGSV,6,4,19,102,13,285,36,104,59,124,43,106,46,165,43,109,26,185,36,1*78
$GAGSV,6,5,19,110,56,107,41,111,84,051,41,112,31,111,31,119,30,048,32,1*76
$GAGSV,6,6,19,128,51,078,37,1*79
$GBGSV,5,1,14,207,16,041,34,210,16,054,38,211,13,315,23,1*7F
$GBGSV,5,2,14,227,67,198,32,228,30,155,37,230,38,304,35,232,35,226,27,3*72
$GBGSV,5,3,14,233,32,053,41,241,83,090,35,3*74
$GBGSV,5,4,14,227,67,198,38,228,30,155,32,230,38,304,40,232,35,226,33,5*7A
$GBGSV,5,5,14,233,32,053,35,5*74
$GIGSV,1,1,,,,,,,,,,,,,0.0*4E
$GNGSA,A,3,01,02,03,04,19,28,31,,,,,,0.6,0.4,0.6,1*31
$GNGSA,A,3,01,03,04,06,09,28,,,,,,,0.6,0.4,0.6,1*36
$GNGSA,A,3,69,70,83,84,85,,,,,,,,0.6,0.4,0.6,2*34
$GNGSA,A,3,104,106,110,111,112,119,128,136,,,,,0.6,0.4,0.6,3*30
$GNGSA,A,3,102,104,106,109,110,111,119,128,,,,,0.6,0.4,0.6,3*3D
$GNGSA,A,3,207,210,211,227,228,230,232,233,241,,,,0.6,0.4,0.6,4*0C
$GNGSA,A,3,227,228,230,232,233,,,,,,,,0.6,0.4,0.6,4*0F
$GNRMC,135240.000,A,4825.1430,N,00428.4557,W,0.0,125.5,100626,,,A*63
$GNGGA,135241.000,4825.1430,N,00428.4557,W,1,50,0.2,91.6,M,52.0,M,,*6E
$GNVTG,125.5,T,,M,0.0,N,0.0,K,A*10
$GPGSV,4,1,14,01,36,120,42,02,11,128,40,03,60,057,40,04,59,159,32,1*6F
$GPGSV,4,2,14,06,33,303,29,09,32,195,22,28,13,039,30,31,18,068,42,1*6D
$GPGSV,4,3,14,01,36,120,36,03,60,057,44,04,59,159,40,06,33,303,39,8*67
$GPGSV,4,4,14,09,32,195,30,28,13,039,27,8*69
$GQGSV,1,1,,,,,,,,,,,,,0.0*56
$GLGSV,2,1,05,69,82,205,34,70,28,217,31,83,33,140,38,84,87,325,29,1*79
$GLGSV,2,2,05,85,37,320,38,1*4E
$GAGSV,6,1,19,102,13,285,25,104,59,124,34,106,46,165,34,109,26,185,25,7*7B
$GAGSV,6,2,19,110,56,107,36,111,84,051,27,112,31,111,30,119,30,048,35,7*71
$GAGSV,6,3,19,128,51,078,35,136,38,300,31,7*76
$GAGSV,6,4,19,104,59,124,43,106,46,165,43,109,26,185,37,110,56,107,40,1*73
$GAGSV,6,5,19,111,84,051,41,112,31,111,30,119,30,048,32,128,51,078,37,1*73
$GAGSV,6,6,19,136,38,300,37,1*75
$GBGSV,5,1,14,207,16,041,34,210,16,054,38,211,13,315,23,1*7F
$GBGSV,5,2,14,227,67,198,32,228,30,155,37,230,38,304,35,232,35,226,27,3*72
$GBGSV,5,3,14,233,32,053,41,241,83,090,35,3*74
$GBGSV,5,4,14,227,67,198,37,228,30,155,32,230,38,304,40,232,35,226,33,5*75
$GBGSV,5,5,14,241,83,090,45,5*73
$GIGSV,1,1,,,,,,,,,,,,,0.0*4E
$GNGSA,A,3,01,02,03,04,06,09,28,31,,,,,0.6,0.2,0.6,1*30
$GNGSA,A,3,01,03,04,06,09,28,,,,,,,0.6,0.2,0.6,1*30
$GNGSA,A,3,70,83,84,85,,,,,,,,,0.6,0.2,0.6,2*3D
$GNGSA,A,3,104,106,109,110,111,112,119,128,136,,,,0.6,0.2,0.6,3*0E
$GNGSA,A,3,104,106,109,110,111,112,119,128,136,,,,0.6,0.2,0.6,3*0E
$GNGSA,A,3,207,210,211,227,228,230,232,233,241,,,,0.6,0.2,0.6,4*0A
$GNGSA,A,3,227,228,230,232,241,,,,,,,,0.6,0.2,0.6,4*0C
$GNRMC,135241.000,A,4825.1430,N,00428.4557,W,0.0,125.5,100626,,,A*62
$GNGGA,135242.000,4825.1430,N,00428.4557,W,1,50,0.4,91.6,M,52.0,M,,*6B
$GNVTG,125.5,T,,M,0.0,N,0.0,K,A*10
$GPGSV,4,1,14,01,36,120,42,02,11,128,40,03,60,057,40,04,59,159,32,1*6F
$GPGSV,4,2,14,06,33,303,29,09,32,195,22,28,13,039,30,31,18,068,42,1*6D
$GPGSV,4,3,14,01,36,120,35,03,60,057,44,04,59,159,40,06,33,303,39,8*64
$GPGSV,4,4,14,09,32,195,32,28,13,039,27,8*6B
$GQGSV,1,1,,,,,,,,,,,,,0.0*56
$GLGSV,2,1,05,69,82,205,34,70,28,217,31,83,33,140,37,84,87,325,29,1*76
$GLGSV,2,2,05,85,37,320,39,1*4F
$GAGSV,6,1,19,102,13,285,25,104,59,124,34,106,46,165,34,109,26,185,25,7*7B
$GAGSV,6,2,19,110,56,107,36,111,84,051,27,112,31,111,30,119,30,048,35,7*71
$GAGSV,6,3,19,128,51,078,35,136,38,300,31,7*76
$GAGSV,6,4,19,102,13,285,34,104,59,124,43,106,46,165,43,109,26,185,37,1*7B
$GAGSV,6,5,19,110,56,107,40,111,84,051,41,119,30,048,32,128,51,078,37,1*70
$GAGSV,6,6,19,136,38,300,37,1*75
$GBGSV,5,1,14,207,16,041,34,210,16,054,37,211,13,315,23,1*70
$GBGSV,5,2,14,227,67,198,32,228,30,155,37,230,38,304,35,232,35,226,27,3*72
$GBGSV,5,3,14,233,32,053,41,241,83,090,35,3*74
$GBGSV,5,4,14,227,67,198,37,228,30,155,32,230,38,304,40,233,32,053,35,5*75
$GBGSV,5,5,14,241,83,090,45,5*73
$GIGSV,1,1,,,,,,,,,,,,,0.0*4E
$GNGSA,A,3,01,02,03,04,06,09,28,31,,,,,0.6,0.4,0.6,1*36
$GNGSA,A,3,01,03,04,06,09,28,,,,,,,0.6,0.4,0.6,1*36
$GNGSA,A,3,69,70,83,84,85,,,,,,,,0.6,0.4,0.6,2*34
$GNGSA,A,3,104,106,109,110,111,112,119,128,136,,,,0.6,0.4,0.6,3*08
$GNGSA,A,3,102,104,106,109,110,111,119,128,136,,,,0.6,0.4,0.6,3*09
$GNGSA,A,3,207,210,227,228,230,232,233,241,,,,,0.6,0.4,0.6,4*3E
$GNGSA,A,3,227,228,230,233,241,,,,,,,,0.6,0.4,0.6,4*0B
$GNRMC,135242.000,A,4825.1430,N,00428.4557,W,0.0,125.5,100626,,,A*61
$GNGGA,135243.000,4825.1430,N,00428.4557,W,1,50,0.4,91.6,M,52.0,M,,*6A
$GNVTG,125.5,T,,M,0.0,N,0.0,K,A*10
$GPGSV,5,1,15,01,36,120,41,02,11,128,40,03,60,057,40,04,59,159,32,1*6C
$GPGSV,5,2,15,06,33,303,29,09,32,195,22,19,45,284,28,28,13,039,31,1*62
$GPGSV,5,3,15,31,18,068,42,1*55
$GPGSV,5,4,15,01,36,120,35,03,60,057,44,04,59,159,40,06,33,303,38,8*62
$GPGSV,5,5,15,09,32,195,32,28,13,039,26,8*6B
$GQGSV,1,1,,,,,,,,,,,,,0.0*56
$GLGSV,2,1,05,69,82,205,34,70,28,217,31,83,33,140,36,84,87,325,29,1*77
$GLGSV,2,2,05,85,37,320,39,1*4F
$GAGSV,6,1,19,102,13,285,25,104,59,124,34,106,46,165,34,109,26,185,25,7*7B
$GAGSV,6,2,19,110,56,107,36,111,84,051,27,112,31,111,29,119,30,048,35,7*79
$GAGSV,6,3,19,128,51,078,35,136,38,300,31,7*76
$GAGSV,6,4,19,104,59,124,43,106,46,165,43,109,26,185,37,110,56,107,40,1*73
$GAGSV,6,5,19,111,84,051,41,112,31,111,28,119,30,048,32,128,51,078,37,1*7A
$GAGSV,6,6,19,136,38,300,36,1*74
$GBGSV,5,1,14,207,16,041,34,210,16,054,37,211,13,315,23,1*70
$GBGSV,5,2,14,227,67,198,32,228,30,155,37,230,38,304,35,232,35,226,26,3*73
$GBGSV,5,3,14,233,32,053,41,241,83,090,35,3*74
$GBGSV,5,4,14,227,67,198,37,228,30,155,32,230,38,304,39,232,35,226,31,5*79
$GBGSV,5,5,14,241,83,090,46,5*70
$GIGSV,1,1,,,,,,,,,,,,,0.0*4E
$GNGSA,A,3,01,02,03,04,06,28,31,,,,,,0.6,0.4,0.6,1*3F
$GNGSA,A,3,01,03,04,06,09,28,,,,,,,0.6,0.4,0.6,1*36
$GNGSA,A,3,69,70,83,84,85,,,,,,,,0.6,0.4,0.6,2*34
$GNGSA,A,3,102,104,106,109,110,111,112,119,128,136,,,0.6,0.4,0.6,3*3B
$GNGSA,A,3,104,106,109,110,111,112,119,128,136,,,,0.6,0.4,0.6,3*08
$GNGSA,A,3,207,210,227,228,230,232,233,241,,,,,0.6,0.4,0.6,4*3E
$GNGSA,A,3,227,228,230,232,241,,,,,,,,0.6,0.4,0.6,4*0A
$GNRMC,135243.000,A,4825.1430,N,00428.4557,W,0.0,125.5,100626,,,A*60
$GNGGA,135244.000,4825.1430,N,00428.4557,W,1,52,0.2,91.6,M,52.0,M,,*69
$GNVTG,125.5,T,,M,0.0,N,0.0,K,A*10
$GPGSV,4,1,14,01,36,120,41,02,11,128,40,03,60,057,40,04,59,159,32,1*6C
$GPGSV,4,2,14,06,33,303,29,09,32,195,31,28,13,039,31,31,18,068,42,1*6E
$GPGSV,4,3,14,01,36,120,34,03,60,057,44,04,59,159,40,06,33,303,38,8*64
$GPGSV,4,4,14,09,32,195,33,28,13,039,26,8*6B
$GQGSV,1,1,,,,,,,,,,,,,0.0*56
$GLGSV,2,1,05,69,82,205,34,70,28,217,31,83,33,140,36,84,87,325,29,1*77
$GLGSV,2,2,05,85,37,320,39,1*4F
$GAGSV,6,1,19,102,13,285,25,104,59,124,34,106,46,165,35,109,26,185,25,7*7A
$GAGSV,6,2,19,110,56,107,35,111,84,051,27,112,31,111,29,119,30,048,35,7*7A
$GAGSV,6,3,19,128,51,078,35,136,38,300,31,7*76
$GAGSV,6,4,19,104,59,124,43,106,46,165,43,109,26,185,37,110,56,107,39,1*7D
$GAGSV,6,5,19,111,84,051,41,112,31,111,27,119,30,048,32,128,51,078,37,1*75
$GAGSV,6,6,19,136,38,300,36,1*74
$GBGSV,5,1,14,207,16,041,34,210,16,054,37,211,13,315,23,1*70
$GBGSV,5,2,14,227,67,198,32,228,30,155,37,230,38,304,35,232,35,226,26,3*73
$GBGSV,5,3,14,233,32,053,41,241,83,090,35,3*74
$GBGSV,5,4,14,227,67,198,37,230,38,304,39,232,35,226,31,233,32,053,36,5*72
$GBGSV,5,5,14,241,83,090,46,5*70
$GIGSV,1,1,,,,,,,,,,,,,0.0*4E
$GNGSA,A,3,01,02,03,04,06,09,28,31,,,,,0.6,0.2,0.6,1*30
$GNGSA,A,3,01,03,04,06,09,28,,,,,,,0.6,0.2,0.6,1*30
$GNGSA,A,3,69,70,83,84,85,,,,,,,,0.6,0.2,0.6,2*32
$GNGSA,A,3,102,104,106,109,110,111,112,119,128,136,,,0.6,0.2,0.6,3*3D
$GNGSA,A,3,104,106,109,110,111,112,119,128,136,,,,0.6,0.2,0.6,3*0E
$GNGSA,A,3,207,210,211,227,228,230,232,233,241,,,,0.6,0.2,0.6,4*0A
$GNGSA,A,3,227,230,232,233,241,,,,,,,,0.6,0.2,0.6,4*06
$GNRMC,135244.000,A,4825.1430,N,00428.4557,W,0.0,125.5,100626,,,A*67
$GNGGA,135245.000,4825.1430,N,00428.4557,W,1,52,0.2,91.6,M,52.0,M,,*68
$GNVTG,125.5,T,,M,0.0,N,0.0,K,A*10
$GPGSV,5,1,15,01,36,120,41,02,11,128,40,03,60,057,40,04,59,159,32,1*6C
$GPGSV,5,2,15,06,33,303,29,09,32,195,31,19,45,284,31,28,13,039,31,1*68
$GPGSV,5,3,15,31,18,068,42,1*55
$GPGSV,5,4,15,01,36,120,34,03,60,057,45,04,59,159,40,06,33,303,37,8*6D
$GPGSV,5,5,15,09,32,195,34,28,13,039,26,8*6D
$GQGSV,1,1,,,,,,,,,,,,,0.0*56
$GLGSV,2,1,05,69,82,205,34,70,28,217,31,83,33,140,36,84,87,325,29,1*77
$GLGSV,2,2,05,85,37,320,38,1*4E
$GAGSV,6,1,20,102,13,285,25,104,59,124,34,106,46,165,35,109,26,185,25,7*70
$GAGSV,6,2,20,110,56,107,35,111,84,051,27,112,31,111,29,119,30,048,35,7*70
$GAGSV,6,3,20,128,51,078,35,136,38,300,31,7*7C
$GAGSV,6,4,20,102,13,285,33,104,59,124,43,106,46,165,43,109,26,185,37,1*76
$GAGSV,6,5,20,110,56,107,39,111,84,051,41,112,31,111,26,119,30,048,32,1*75
$GAGSV,6,6,20,128,51,078,37,136,38,300,36,1*7A
$GBGSV,4,1,13,207,16,041,33,210,16,054,37,211,13,315,24,1*76
$GBGSV,4,2,13,227,67,198,32,228,30,155,37,230,38,304,35,232,35,226,25,3*76
$GBGSV,4,3,13,233,32,053,41,241,83,090,35,3*72
$GBGSV,4,4,13,227,67,198,37,230,38,304,39,232,35,226,30,233,32,053,36,5*75
$GIGSV,1,1,,,,,,,,,,,,,0.0*4E
$GNGSA,A,3,01,02,03,04,06,19,28,31,,,,,0.6,0.2,0.6,1*31
$GNGSA,A,3,01,03,04,06,09,28,,,,,,,0.6,0.2,0.6,1*30
$GNGSA,A,3,69,70,83,84,85,,,,,,,,0.6,0.2,0.6,2*32
$GNGSA,A,3,102,104,106,109,110,111,112,119,128,136,,,0.6,0.2,0.6,3*3D
$GNGSA,A,3,102,104,106,109,110,111,112,119,128,136,,,0.6,0.2,0.6,3*3D
$GNGSA,A,3,207,210,211,227,228,230,232,233,241,,,,0.6,0.2,0.6,4*0A
$GNGSA,A,3,227,230,232,233,,,,,,,,,0.6,0.2,0.6,4*31
$GNRMC,135245.000,A,4825.1430,N,00428.4557,W,0.0,125.5,100626,,,A*66
$GNGGA,135246.000,4825.1430,N,00428.4557,W,1,52,0.2,91.6,M,52.0,M,,*6B
$GNVTG,125.5,T,,M,0.0,N,0.0,K,A*10
$GPGSV,5,1,15,01,36,120,40,02,11,128,40,03,60,057,40,04,59,159,32,1*6D
$GPGSV,5,2,15,06,33,303,29,09,32,195,31,19,45,284,31,28,13,039,31,1*68
$GPGSV,5,3,15,31,18,068,42,1*55
$GPGSV,5,4,15,01,36,120,33,03,60,057,45,04,59,159,41,06,33,303,37,8*6B
$GPGSV,5,5,15,09,32,195,34,28,13,039,26,8*6D
$GQGSV,1,1,,,,,,,,,,,,,0.0*56
$GLGSV,2,1,05,69,82,205,34,70,28,217,30,83,33,140,35,84,87,325,29,1*75
$GLGSV,2,2,05,85,37,320,38,1*4E
$GAGSV,6,1,19,102,13,285,25,104,59,124,33,106,46,165,35,109,26,185,25,7*7D
$GAGSV,6,2,19,110,56,107,35,111,84,051,27,112,31,111,28,119,30,048,35,7*7B
$GAGSV,6,3,19,128,51,078,35,136,38,300,30,7*77
$GAGSV,6,4,19,102,13,285,34,104,59,124,43,109,26,185,36,110,56,107,39,1*75
$GAGSV,6,5,19,111,84,051,41,112,31,111,26,119,30,048,32,128,51,078,37,1*74
$GAGSV,6,6,19,136,38,300,37,1*75
$GBGSV,5,1,14,207,16,041,33,210,16,054,37,211,13,315,24,1*70
$GBGSV,5,2,14,227,67,198,32,228,30,155,37,230,38,304,35,232,35,226,25,3*70
$GBGSV,5,3,14,233,32,053,41,241,83,090,35,3*74
$GBGSV,5,4,14,227,67,198,37,228,30,155,33,230,38,304,39,232,35,226,30,5*79
$GBGSV,5,5,14,233,32,053,36,5*77
$GIGSV,1,1,,,,,,,,,,,,,0.0*4E
$GNGSA,A,3,01,02,03,04,06,09,19,28,31,,,,0.6,0.2,0.6,1*38
$GNGSA,A,3,01,03,04,06,09,28,,,,,,,0.6,0.2,0.6,1*30
$GNGSA,A,3,69,70,83,84,85,,,,,,,,0.6,0.2,0.6,2*32
$GNGSA,A,3,102,104,106,110,111,112,119,128,136,,,,0.6,0.2,0.6,3*05
$GNGSA,A,3,102,104,109,110,111,112,119,128,136,,,,0.6,0.2,0.6,3*0A
$GNGSA,A,3,207,210,211,227,228,230,232,233,241,,,,0.6,0.2,0.6,4*0A
$GNGSA,A,3,227,228,230,232,233,,,,,,,,0.6,0.2,0.6,4*09
$GNRMC,135246.000,A,4825.1430,N,00428.4557,W,0.0,125.5,100626,,,A*65
$GNGGA,135247.000,4825.1430,N,00428.4557,W,1,49,0.4,91.6,M,52.0,M,,*66
$GNVTG,125.5,T,,M,0.0,N,0.0,K,A*10
$GPGSV,5,1,15,01,36,120,40,02,11,128,40,03,60,057,40,04,59,159,32,1*6D
$GPGSV,5,2,15,06,33,303,29,09,32,195,30,19,45,284,31,28,13,039,31,1*69
$GPGSV,5,3,15,31,18,068,42,1*55
$GPGSV,5,4,15,01,36,120,33,03,60,057,45,04,59,159,41,06,33,303,37,8*6B
$GPGSV,5,5,15,09,32,195,35,28,13,039,26,8*6C
$GQGSV,1,1,,,,,,,,,,,,,0.0*56
$GLGSV,2,1,05,69,82,205,34,70,28,217,30,83,33,140,35,84,87,325,29,1*75
$GLGSV,2,2,05,85,37,320,38,1*4E
$GAGSV,6,1,19,102,13,285,25,104,59,124,33,106,46,165,35,109,26,185,25,7*7D
$GAGSV,6,2,19,110,56,107,34,111,84,051,27,112,31,111,28,119,30,048,35,7*7A
$GAGSV,6,3,19,128,51,078,36,136,38,300,30,7*74
$GAGSV,6,4,19,102,13,285,34,104,59,124,43,109,26,185,36,110,56,107,39,1*75
$GAGSV,6,5,19,111,84,051,42,112,31,111,26,119,30,048,32,128,51,078,37,1*77
$GAGSV,6,6,19,136,38,300,38,1*7A
$GBGSV,5,1,14,207,16,041,33,210,16,054,37,211,13,315,24,1*70
$GBGSV,5,2,14,227,67,198,32,228,30,155,37,230,38,304,35,232,35,226,25,3*70
$GBGSV,5,3,14,233,32,053,40,241,83,090,35,3*75
$GBGSV,5,4,14,227,67,198,37,230,38,304,40,232,35,226,29,233,32,053,36,5*75
$GBGSV,5,5,14,241,83,090,46,5*70
$GIGSV,1,1,,,,,,,,,,,,,0.0*4E
$GNGSA,A,3,01,02,03,04,06,19,28,31,,,,,0.6,0.4,0.6,1*37
$GNGSA,A,3,01,03,04,06,09,28,,,,,,,0.6,0.4,0.6,1*36
$GNGSA,A,3,69,70,83,84,85,,,,,,,,0.6,0.4,0.6,2*34
$GNGSA,A,3,102,104,106,110,111,119,128,136,,,,,0.6,0.4,0.6,3*31
$GNGSA,A,3,102,104,109,110,111,112,119,128,136,,,,0.6,0.4,0.6,3*0C
$GNGSA,A,3,207,210,211,227,228,230,232,233,241,,,,0.6,0.4,0.6,4*0C
$GNGSA,A,3,227,230,232,233,241,,,,,,,,0.6,0.4,0.6,4*00
$GNRMC,135247.000,A,4825.1430,N,00428.4557,W,0.0,125.5,100626,,,A*64
$GNGGA,135248.000,4825.1430,N,00428.4557,W,1,52,0.2,91.6,M,52.0,M,,*65
$GNVTG,125.5,T,,M,0.0,N,0.0,K,A*10
$GPGSV,5,1,15,01,36,120,40,02,11,128,40,03,60,057,40,04,59,159,32,1*6D
$GPGSV,5,2,15,06,33,303,29,09,32,195,30,19,45,284,31,28,13,039,31,1*69
$GPGSV,5,3,15,31,18,068,42,1*55
$GPGSV,5,4,15,01,36,120,33,03,60,057,45,04,59,159,41,06,33,303,37,8*6B
$GPGSV,5,5,15,09,32,195,36,28,13,039,27,8*6E
$GQGSV,1,1,,,,,,,,,,,,,0.0*56
$GLGSV,2,1,05,69,82,205,34,70,28,217,30,83,33,140,35,84,87,325,29,1*75
$GLGSV,2,2,05,85,37,320,37,1*41
$GAGSV,6,1,19,102,13,285,25,104,59,124,32,106,46,165,35,109,26,185,25,7*7C
$GAGSV,6,2,19,110,56,107,34,111,84,051,27,112,31,111,28,119,30,048,35,7*7A
$GAGSV,6,3,19,128,51,078,36,136,38,300,30,7*74
$GAGSV,6,4,19,102,13,285,34,104,59,124,43,106,46,165,43,109,26,185,37,1*7B
$GAGSV,6,5,19,110,56,107,39,111,84,051,42,119,30,048,33,128,51,078,37,1*7C
$GAGSV,6,6,19,136,38,300,38,1*7A
$GBGSV,5,1,14,207,16,041,33,210,16,054,37,211,13,315,23,1*77
$GBGSV,5,2,14,227,67,198,32,228,30,155,37,230,38,304,35,232,35,226,25,3*70
$GBGSV,5,3,14,233,32,053,40,241,83,090,35,3*75
$GBGSV,5,4,14,227,67,198,37,228,30,155,33,230,38,304,40,233,32,053,36,5*77
$GBGSV,5,5,14,241,83,090,46,5*70
$GIGSV,1,1,,,,,,,,,,,,,0.0*4E
$GNGSA,A,3,01,02,03,04,06,09,19,28,31,,,,0.6,0.2,0.4,1*3A
$GNGSA,A,3,01,03,04,06,09,28,,,,,,,0.6,0.2,0.4,1*32
$GNGSA,A,3,69,83,84,85,,,,,,,,,0.6,0.2,0.4,2*37
$GNGSA,A,3,102,104,106,109,110,111,112,119,128,136,,,0.6,0.2,0.4,3*3F
$GNGSA,A,3,102,104,106,109,110,111,119,128,136,,,,0.6,0.2,0.4,3*0D
$GNGSA,A,3,207,210,211,227,228,230,232,233,241,,,,0.6,0.2,0.4,4*08
$GNGSA,A,3,227,228,230,233,241,,,,,,,,0.6,0.2,0.4,4*0F
$GNRMC,135248.000,A,4825.1430,N,00428.4557,W,0.0,125.5,100626,,,A*6B
$GNGGA,135249.000,4825.1430,N,00428.4557,W,1,49,0.2,91.6,M,52.0,M,,*6E
$GNVTG,125.5,T,,M,0.0,N,0.0,K,A*10
$GPGSV,5,1,15,01,36,120,40,02,11,128,40,03,60,057,40,04,59,159,32,1*6D
$GPGSV,5,2,15,06,33,303,29,09,32,195,30,19,45,284,31,28,13,039,31,1*69
$GPGSV,5,3,15,31,18,068,42,1*55
$GPGSV,5,4,15,01,36,120,33,03,60,057,45,04,59,159,41,06,33,303,37,8*6B
$GPGSV,5,5,15,09,32,195,36,28,13,039,27,8*6E
$GQGSV,1,1,,,,,,,,,,,,,0.0*56
$GLGSV,2,1,05,69,82,205,34,70,28,217,29,83,33,140,35,84,87,325,29,1*7D
$GLGSV,2,2,05,85,37,320,37,1*41
$GAGSV,5,1,18,102,13,285,25,104,59,124,32,106,46,165,35,109,26,185,25,7*7E
$GAGSV,5,2,18,110,56,107,34,111,84,051,27,112,31,111,34,119,30,048,35,7*75
$GAGSV,5,3,18,128,51,078,36,136,38,300,30,7*76
$GAGSV,5,4,18,102,13,285,35,106,46,165,43,109,26,185,37,111,84,051,42,1*7E
$GAGSV,5,5,18,112,31,111,24,119,30,048,33,128,51,078,37,136,38,300,39,1*7F
$GBGSV,5,1,15,207,16,041,34,210,16,054,37,211,13,315,23,1*71
$GBGSV,5,2,15,227,67,198,32,228,30,155,37,230,38,304,35,232,35,226,25,3*71
$GBGSV,5,3,15,233,32,053,40,241,83,090,35,3*74
$GBGSV,5,4,15,227,67,198,37,228,30,155,33,230,38,304,40,232,35,226,28,5*7F
$GBGSV,5,5,15,233,32,053,36,241,83,090,46,5*71
$GIGSV,1,1,,,,,,,,,,,,,0.0*4E
$GNGSA,A,3,01,02,03,04,06,09,28,31,,,,,0.6,0.2,0.6,1*30
$GNGSA,A,3,01,03,04,06,09,28,,,,,,,0.6,0.2,0.6,1*30
$GNGSA,A,3,69,83,84,85,,,,,,,,,0.6,0.2,0.6,2*35
$GNGSA,A,3,102,104,106,109,110,119,128,136,,,,,0.6,0.2,0.6,3*3E
$GNGSA,A,3,102,106,109,111,112,119,128,136,,,,,0.6,0.2,0.6,3*38
$GNGSA,A,3,207,210,211,227,228,230,232,233,241,,,,0.6,0.2,0.6,4*0A
$GNGSA,A,3,227,228,230,232,233,241,,,,,,,0.6,0.2,0.6,4*3E
$GNRMC,135249.000,A,4825.1430,N,00428.4557,W,0.0,125.5,100626,,,A*6A
$GNGGA,135250.000,4825.1430,N,00428.4557,W,1,50,0.2,91.6,M,52.0,M,,*6E
$GNVTG,125.5,T,,M,0.0,N,0.0,K,A*10
$GPGSV,5,1,15,01,36,120,39,02,11,128,40,03,60,057,40,04,59,159,32,1*63
$GPGSV,5,2,15,06,33,303,29,09,32,195,30,19,45,284,31,28,13,039,31,1*69
$GPGSV,5,3,15,31,18,068,42,1*55
$GPGSV,5,4,15,01,36,120,33,03,60,057,45,04,59,159,41,06,33,303,37,8*6B
$GPGSV,5,5,15,09,32,195,36,28,13,039,27,8*6E
$GQGSV,1,1,,,,,,,,,,,,,0.0*56
$GLGSV,2,1,05,69,82,205,34,70,28,217,29,83,33,140,35,84,87,325,28,1*7C
$GLGSV,2,2,05,85,37,320,37,1*41
$GAGSV,6,1,19,102,13,285,25,104,59,124,38,106,46,165,35,109,26,185,25,7*76
$GAGSV,6,2,19,110,56,107,34,111,84,051,27,112,31,111,37,119,30,048,35,7*74
$GAGSV,6,3,19,128,51,078,36,136,38,300,31,7*75
$GAGSV,6,4,19,102,13,285,35,104,59,124,43,106,46,165,43,109,26,185,37,1*7A
$GAGSV,6,5,19,110,56,107,38,111,84,051,42,112,31,111,24,128,51,078,37,1*7C
$GAGSV,6,6,19,136,38,300,39,1*7B
$GBGSV,5,1,14,207,16,041,34,210,16,054,37,211,13,315,23,1*70
$GBGSV,5,2,14,227,67,198,32,228,30,155,37,230,38,304,35,232,35,226,25,3*70
$GBGSV,5,3,14,233,32,053,40,241,83,090,35,3*75
$GBGSV,5,4,14,227,67,198,37,230,38,304,40,232,35,226,27,233,32,053,37,5*7A
$GBGSV,5,5,14,241,83,090,46,5*70
$GIGSV,1,1,,,,,,,,,,,,,0.0*4E
$GNGSA,A,3,01,02,03,04,06,09,19,28,31,,,,0.6,0.2,0.4,1*3A
$GNGSA,A,3,01,03,04,06,09,28,,,,,,,0.6,0.2,0.4,1*32
$GNGSA,A,3,69,70,84,85,,,,,,,,,0.6,0.2,0.4,2*3B
$GNGSA,A,3,102,104,106,109,110,111,119,128,136,,,,0.6,0.2,0.4,3*0D
$GNGSA,A,3,102,104,106,109,110,111,112,128,136,,,,0.6,0.2,0.4,3*06
$GNGSA,A,3,207,210,211,227,228,230,233,241,,,,,0.6,0.2,0.4,4*3B
$GNGSA,A,3,227,230,232,233,241,,,,,,,,0.6,0.2,0.4,4*04
$GNRMC,135250.000,A,4825.1430,N,00428.4557,W,0.0,125.5,100626,,,A*62
$GNGGA,135251.000,4825.1430,N,00428.4557,W,1,50,0.2,91.6,M,52.0,M,,*6F
$GNVTG,125.5,T,,M,0.0,N,0.0,K,A*10
$GPGSV,5,1,15,01,36,120,39,02,11,128,40,03,60,057,40,04,59,159,32,1*63
$GPGSV,5,2,15,06,33,303,29,09,32,195,29,19,45,284,31,28,13,039,30,1*60
$GPGSV,5,3,15,31,18,068,42,1*55
$GPGSV,5,4,15,01,36,120,32,03,60,057,45,04,59,159,41,06,33,303,37,8*6A
$GPGSV,5,5,15,09,32,195,35,28,13,039,27,8*6D
$GQGSV,1,1,,,,,,,,,,,,,0.0*56
$GLGSV,2,1,05,69,82,205,34,70,28,217,29,83,33,140,35,84,87,325,28,1*7C
$GLGSV,2,2,05,85,37,320,36,1*40
$GAGSV,6,1,19,102,13,285,24,104,59,124,38,106,46,165,35,109,26,185,25,7*77
$GAGSV,6,2,19,110,56,107,34,111,84,051,27,112,31,111,37,119,30,048,35,7*74
$GAGSV,6,3,19,128,51,078,36,136,38,300,31,7*75
$GAGSV,6,4,19,102,13,285,35,106,46,165,43,109,26,185,37,110,56,107,38,1*7D
$GAGSV,6,5,19,111,84,051,42,112,31,111,25,119,30,048,32,128,51,078,37,1*74
$GAGSV,6,6,19,136,38,300,40,1*75
$GBGSV,5,1,14,207,16,041,34,210,16,054,37,211,13,315,23,1*70
$GBGSV,5,2,14,227,67,198,32,228,30,155,37,230,38,304,36,232,35,226,24,3*72
$GBGSV,5,3,14,233,32,053,40,241,83,090,35,3*75
$GBGSV,5,4,14,227,67,198,37,228,30,155,34,230,38,304,40,233,32,053,37,5*71
$GBGSV,5,5,14,241,83,090,46,5*70
$GIGSV,1,1,,,,,,,,,,,,,0.0*4E
$GNGSA,A,3,01,02,03,04,06,19,28,31,,,,,0.6,0.2,0.6,1*31
$GNGSA,A,3,01,03,04,06,09,28,,,,,,,0.6,0.2,0.6,1*30
$GNGSA,A,3,69,70,84,85,,,,,,,,,0.6,0.2,0.6,2*39
$GNGSA,A,3,102,104,106,109,110,111,119,128,136,,,,0.6,0.2,0.6,3*0F
$GNGSA,A,3,102,106,109,110,111,112,119,128,136,,,,0.6,0.2,0.6,3*08
$GNGSA,A,3,207,210,211,227,228,230,232,233,241,,,,0.6,0.2,0.6,4*0A
$GNGSA,A,3,227,228,230,233,241,,,,,,,,0.6,0.2,0.6,4*0D
$GNRMC,135251.000,A,4825.1430,N,00428.4557,W,0.0,125.5,100626,,,A*63
$GNGGA,135252.000,4825.1430,N,00428.4557,W,1,49,0.4,91.6,M,52.0,M,,*62
$GNVTG,125.5,T,,M,0.0,N,0.0,K,A*10
$GPGSV,5,1,15,01,36,120,39,02,11,128,40,03,60,057,40,04,59,159,32,1*63
$GPGSV,5,2,15,06,33,303,29,09,32,195,29,19,45,284,31,28,13,039,30,1*60
$GPGSV,5,3,15,31,18,068,42,1*55
$GPGSV,5,4,15,01,36,120,32,03,60,057,45,04,59,159,41,06,33,303,38,8*65
$GPGSV,5,5,15,09,32,195,35,28,13,039,28,8*62
$GQGSV,1,1,,,,,,,,,,,,,0.0*56
$GLGSV,2,1,05,69,82,205,34,70,28,217,29,83,33,140,35,84,87,325,28,1*7C
$GLGSV,2,2,05,85,37,320,36,1*40
$GAGSV,5,1,18,102,13,285,24,104,59,124,38,106,46,165,35,109,26,185,25,7*75
$GAGSV,5,2,18,110,56,107,34,111,84,051,27,112,31,111,38,119,30,048,35,7*79
$GAGSV,5,3,18,128,51,078,36,136,38,300,31,7*77
$GAGSV,5,4,18,102,13,285,35,104,59,124,43,106,46,165,43,109,26,185,37,1*78
$GAGSV,5,5,18,110,56,107,39,111,84,051,42,112,31,111,27,119,30,048,32,1*7F
$GBGSV,5,1,15,207,16,041,34,210,16,054,37,211,13,315,24,1*76
$GBGSV,5,2,15,227,67,198,32,228,30,155,37,230,38,304,36,232,35,226,24,3*73
$GBGSV,5,3,15,233,32,053,40,241,83,090,35,3*74
$GBGSV,5,4,15,227,67,198,37,228,30,155,34,230,38,304,40,232,35,226,26,5*76
$GBGSV,5,5,15,233,32,053,37,241,83,090,46,5*70
$GIGSV,1,1,,,,,,,,,,,,,0.0*4E
$GNGSA,A,3,01,02,03,04,06,19,28,31,,,,,0.6,0.4,0.6,1*37
$GNGSA,A,3,01,03,04,06,09,28,,,,,,,0.6,0.4,0.6,1*36
$GNGSA,A,3,69,70,83,84,85,,,,,,,,0.6,0.4,0.6,2*34
$GNGSA,A,3,102,104,106,110,111,119,128,136,,,,,0.6,0.4,0.6,3*31
$GNGSA,A,3,102,104,106,109,110,111,112,119,,,,,0.6,0.4,0.6,3*34
$GNGSA,A,3,207,210,227,228,230,232,233,241,,,,,0.6,0.4,0.6,4*3E
$GNGSA,A,3,227,228,230,232,233,241,,,,,,,0.6,0.4,0.6,4*38
$GNRMC,135252.000,A,4825.1430,N,00428.4557,W,0.0,125.5,100626,,,A*60
$GNGGA,135253.000,4825.1430,N,00428.4557,W,1,50,0.2,91.6,M,52.0,M,,*6D
$GNVTG,125.5,T,,M,0.0,N,0.0,K,A*10
$GPGSV,5,1,15,01,36,120,39,02,11,128,40,03,60,057,40,04,59,159,32,1*63
$GPGSV,5,2,15,06,33,303,29,09,32,195,29,19,45,284,31,28,13,039,29,1*68
$GPGSV,5,3,15,31,18,068,42,1*55
$GPGSV,5,4,15,01,36,120,32,03,60,057,45,04,59,159,41,06,33,303,38,8*65
$GPGSV,5,5,15,09,32,195,35,28,13,039,28,8*62
$GQGSV,1,1,,,,,,,,,,,,,0.0*56
$GLGSV,2,1,05,69,82,205,34,70,28,217,29,83,33,140,35,84,87,325,28,1*7C
$GLGSV,2,2,05,85,37,320,36,1*40
$GAGSV,5,1,18,102,13,285,24,104,59,124,37,106,46,165,35,109,26,185,25,7*7A
$GAGSV,5,2,18,110,56,107,35,111,84,051,27,112,31,111,38,119,30,048,35,7*78
$GAGSV,5,3,18,128,51,078,36,136,38,300,31,7*77
$GAGSV,5,4,18,102,13,285,35,109,26,185,37,110,56,107,39,111,84,051,42,1*71
$GAGSV,5,5,18,112,31,111,27,119,30,048,32,128,51,078,36,136,38,300,41,1*73
$GBGSV,5,1,15,207,16,041,35,210,16,054,37,211,13,315,24,1*77
$GBGSV,5,2,15,227,67,198,32,228,30,155,37,230,38,304,36,232,35,226,24,3*73
$GBGSV,5,3,15,233,32,053,40,241,83,090,35,3*74
$GBGSV,5,4,15,227,67,198,37,228,30,155,34,230,38,304,40,232,35,226,25,5*75
$GBGSV,5,5,15,233,32,053,38,241,83,090,46,5*7F
$GIGSV,1,1,,,,,,,,,,,,,0.0*4E
$GNGSA,A,3,01,02,03,04,06,19,28,31,,,,,0.6,0.2,0.6,1*31
$GNGSA,A,3,01,03,04,06,09,28,,,,,,,0.6,0.2,0.6,1*30
$GNGSA,A,3,69,70,83,84,85,,,,,,,,0.6,0.2,0.6,2*32
$GNGSA,A,3,102,104,106,110,111,119,128,136,,,,,0.6,0.2,0.6,3*37
$GNGSA,A,3,102,109,110,111,112,119,128,136,,,,,0.6,0.2,0.6,3*3F
$GNGSA,A,3,207,210,211,227,228,230,232,233,241,,,,0.6,0.2,0.6,4*0A
$GNGSA,A,3,227,228,230,232,233,241,,,,,,,0.6,0.2,0.6,4*3E
$GNRMC,135253.000,A,4825.1430,N,00428.4557,W,0.0,125.5,100626,,,A*61
$GNGGA,135254.000,4825.1430,N,00428.4557,W,1,49,0.4,91.6,M,52.0,M,,*64
$GNVTG,125.5,T,,M,0.0,N,0.0,K,A*10
$GPGSV,5,1,15,01,36,120,39,02,11,128,40,03,60,057,40,04,59,159,32,1*63
$GPGSV,5,2,15,06,33,303,29,09,32,195,29,19,45,284,31,28,13,039,28,1*69
$GPGSV,5,3,15,31,18,068,42,1*55
$GPGSV,5,4,15,01,36,120,32,03,60,057,45,04,59,159,41,06,33,303,38,8*65
$GPGSV,5,5,15,09,32,195,34,28,13,039,28,8*63
$GQGSV,1,1,,,,,,,,,,,,,0.0*56
$GLGSV,2,1,05,69,82,205,34,70,28,217,29,83,33,140,34,84,87,325,28,1*7D
$GLGSV,2,2,05,85,37,320,36,1*40
$GAGSV,5,1,18,102,13,285,24,104,59,124,37,106,46,165,35,109,26,185,24,7*7B
$GAGSV,5,2,18,110,56,107,35,111,84,051,27,112,31,111,38,119,30,048,35,7*78
$GAGSV,5,3,18,128,51,078,36,136,38,300,32,7*74
$GAGSV,5,4,18,102,13,285,35,104,59,124,43,106,46,165,43,110,56,107,39,1*73
$GAGSV,5,5,18,112,31,111,28,119,30,048,31,128,51,078,36,136,38,300,41,1*7F
$GBGSV,5,1,15,207,16,041,35,210,16,054,37,211,13,315,24,1*77
$GBGSV,5,2,15,227,67,198,32,228,30,155,36,230,38,304,36,232,35,226,24,3*72
$GBGSV,5,3,15,233,32,053,40,241,83,090,35,3*74
$GBGSV,5,4,15,227,67,198,37,228,30,155,34,230,38,304,40,232,35,226,25,5*75
$GBGSV,5,5,15,233,32,053,38,241,83,090,46,5*7F
$GIGSV,1,1,,,,,,,,,,,,,0.0*4E
$GNGSA,A,3,01,02,03,04,09,19,28,31,,,,,0.6,0.4,0.6,1*38
$GNGSA,A,3,01,03,04,06,09,28,,,,,,,0.6,0.4,0.6,1*36
$GNGSA,A,3,69,70,83,84,85,,,,,,,,0.6,0.4,0.6,2*34
$GNGSA,A,3,102,104,106,110,111,119,128,136,,,,,0.6,0.4,0.6,3*31
$GNGSA,A,3,102,104,106,110,112,119,128,136,,,,,0.6,0.4,0.6,3*32
$GNGSA,A,3,207,210,211,227,228,230,232,233,241,,,,0.6,0.4,0.6,4*0C
$GNGSA,A,3,227,228,230,232,233,241,,,,,,,0.6,0.4,0.6,4*38
$GNRMC,135254.000,A,4825.1430,N,00428.4557,W,0.0,125.5,100626,,,A*66
$GNGGA,135255.000,4825.1430,N,00428.4557,W,1,50,0.2,91.6,M,52.0,M,,*6B
$GNVTG,125.5,T,,M,0.0,N,0.0,K,A*10
$GPGSV,5,1,15,01,36,120,39,02,11,128,40,03,60,057,40,04,59,159,32,1*63
$GPGSV,5,2,15,06,33,303,29,09,32,195,29,19,45,284,31,28,13,039,28,1*69
$GPGSV,5,3,15,31,18,068,42,1*55
$GPGSV,5,4,15,01,36,120,32,03,60,057,45,04,59,159,40,06,33,303,38,8*64
$GPGSV,5,5,15,09,32,195,34,28,13,039,28,8*63
$GQGSV,1,1,,,,,,,,,,,,,0.0*56
$GLGSV,2,1,05,69,82,205,35,70,28,217,29,83,33,140,34,84,87,325,28,1*7C
$GLGSV,2,2,05,85,37,320,36,1*40
$GAGSV,6,1,19,102,13,285,24,104,59,124,37,106,46,165,35,109,26,185,24,7*79
$GAGSV,6,2,19,110,56,107,35,111,84,051,27,112,31,111,38,119,30,048,35,7*7A
$GAGSV,6,3,19,128,51,078,36,136,38,300,32,7*76
$GAGSV,6,4,19,102,13,285,36,104,59,124,43,106,46,165,43,109,26,185,38,1*76
$GAGSV,6,5,19,110,56,107,40,112,31,111,28,119,30,048,31,128,51,078,36,1*75
$GAGSV,6,6,19,136,38,300,41,1*74
$GBGSV,5,1,14,207,16,041,35,210,16,054,37,211,13,315,25,1*77
$GBGSV,5,2,14,227,67,198,32,228,30,155,36,230,38,304,36,232,35,226,24,3*73
$GBGSV,5,3,14,233,32,053,40,241,83,090,35,3*75
$GBGSV,5,4,14,227,67,198,37,230,38,304,40,232,35,226,25,233,32,053,38,5*77
$GBGSV,5,5,14,241,83,090,46,5*70
$GIGSV,1,1,,,,,,,,,,,,,0.0*4E
$GNGSA,A,3,01,02,03,04,09,19,28,31,,,,,0.6,0.2,0.6,1*3E
$GNGSA,A,3,01,03,04,06,09,28,,,,,,,0.6,0.2,0.6,1*30
$GNGSA,A,3,69,70,83,84,85,,,,,,,,0.6,0.2,0.6,2*32
$GNGSA,A,3,102,104,106,110,111,119,128,136,,,,,0.6,0.2,0.6,3*37
$GNGSA,A,3,102,104,106,109,110,112,119,128,136,,,,0.6,0.2,0.6,3*0C
$GNGSA,A,3,207,210,211,227,228,230,232,233,241,,,,0.6,0.2,0.6,4*0A
$GNGSA,A,3,227,230,232,233,241,,,,,,,,0.6,0.2,0.6,4*06
$GNRMC,135255.000,A,4825.1430,N,00428.4557,W,0.0,125.5,100626,,,A*67
$GNGGA,135256.000,4825.1430,N,00428.4557,W,1,51,0.2,91.6,M,52.0,M,,*69
$GNVTG,125.5,T,,M,0.0,N,0.0,K,A*10
$GPGSV,5,1,15,01,36,120,38,02,11,128,40,03,60,057,40,04,59,159,32,1*62
$GPGSV,5,2,15,06,33,303,29,09,32,195,29,19,45,284,31,28,13,039,28,1*69
$GPGSV,5,3,15,31,18,068,42,1*55
$GPGSV,5,4,15,01,36,120,32,03,60,057,45,04,59,159,40,06,33,303,38,8*64
$GPGSV,5,5,15,09,32,195,34,28,13,039,28,8*63
$GQGSV,1,1,,,,,,,,,,,,,0.0*56
$GLGSV,2,1,05,69,82,205,35,70,28,217,29,83,33,140,34,84,87,324,28,1*7D
$GLGSV,2,2,05,85,37,320,36,1*40
$GAGSV,6,1,19,102,13,285,24,104,59,124,37,106,46,165,35,109,26,185,24,7*79
$GAGSV,6,2,19,110,56,107,36,111,84,051,27,112,31,111,38,119,30,048,35,7*79
$GAGSV,6,3,19,128,51,078,36,136,38,300,32,7*76
$GAGSV,6,4,19,102,13,285,36,104,59,124,43,106,46,165,43,109,26,185,38,1*76
$GAGSV,6,5,19,110,56,107,40,111,84,051,41,112,31,111,28,119,30,048,31,1*7C
$GAGSV,6,6,19,136,38,300,41,1*74
$GBGSV,5,1,14,207,16,041,35,210,16,054,37,211,13,315,25,1*77
$GBGSV,5,2,14,227,67,198,32,228,30,155,36,230,38,304,36,232,35,226,24,3*73
$GBGSV,5,3,14,233,32,053,40,241,83,090,35,3*75
$GBGSV,5,4,14,227,67,198,37,228,30,155,34,230,38,304,40,233,32,053,38,5*7E
$GBGSV,5,5,14,241,83,090,46,5*70
$GIGSV,1,1,,,,,,,,,,,,,0.0*4E
$GNGSA,A,3,01,02,03,04,06,09,28,31,,,,,0.6,0.2,0.6,1*30
$GNGSA,A,3,01,03,04,06,09,28,,,,,,,0.6,0.2,0.6,1*30
$GNGSA,A,3,69,70,83,84,85,,,,,,,,0.6,0.2,0.6,2*32
$GNGSA,A,3,102,104,106,110,111,112,119,128,136,,,,0.6,0.2,0.6,3*05
$GNGSA,A,3,102,104,106,109,110,111,112,119,136,,,,0.6,0.2,0.6,3*06
$GNGSA,A,3,207,210,211,227,228,230,232,233,241,,,,0.6,0.2,0.6,4*0A
$GNGSA,A,3,227,228,230,233,241,,,,,,,,0.6,0.2,0.6,4*0D
$GNRMC,135256.000,A,4825.1430,N,00428.4557,W,0.0,125.5,100626,,,A*64
$GNGGA,135257.000,4825.1430,N,00428.4557,W,1,52,0.2,91.6,M,52.0,M,,*6B
$GNVTG,125.5,T,,M,0.0,N,0.0,K,A*10
$GPGSV,5,1,15,01,36,120,38,02,11,128,40,03,60,057,40,04,59,159,32,1*62
$GPGSV,5,2,15,06,33,303,29,09,32,195,28,19,45,284,31,28,13,039,27,1*67
$GPGSV,5,3,15,31,18,068,42,1*55
$GPGSV,5,4,15,01,36,120,32,03,60,057,45,04,59,159,40,06,33,303,38,8*64
$GPGSV,5,5,15,09,32,195,34,28,13,039,27,8*6C
$GQGSV,1,1,,,,,,,,,,,,,0.0*56
$GLGSV,2,1,05,69,82,205,35,70,28,217,29,83,33,140,34,84,87,324,28,1*7D
$GLGSV,2,2,05,85,37,320,36,1*40
$GAGSV,6,1,19,102,13,285,24,104,59,124,37,106,46,165,35,109,26,185,24,7*79
$GAGSV,6,2,19,110,56,107,36,111,84,051,27,112,31,111,38,119,30,048,36,7*7A
$GAGSV,6,3,19,128,51,078,36,136,38,300,32,7*76
$GAGSV,6,4,19,102,13,285,36,104,59,124,43,106,46,165,44,109,26,185,38,1*71
$GAGSV,6,5,19,110,56,107,40,111,84,051,41,112,31,111,29,119,30,048,31,1*7D
$GAGSV,6,6,19,136,38,300,41,1*74
$GBGSV,5,1,14,207,16,041,35,210,16,054,37,211,13,315,25,1*77
$GBGSV,5,2,14,227,67,198,32,228,30,155,36,230,38,304,36,232,35,226,24,3*73
$GBGSV,5,3,14,233,32,053,40,241,83,090,35,3*75
$GBGSV,5,4,14,227,67,198,37,228,30,155,34,230,38,304,40,233,32,053,38,5*7E
$GBGSV,5,5,14,241,83,090,46,5*70
$GIGSV,1,1,,,,,,,,,,,,,0.0*4E
$GNGSA,A,3,01,02,03,04,06,09,19,28,31,,,,0.6,0.2,0.6,1*38
$GNGSA,A,3,01,03,04,06,09,28,,,,,,,0.6,0.2,0.6,1*30
$GNGSA,A,3,69,70,83,84,85,,,,,,,,0.6,0.2,0.6,2*32
$GNGSA,A,3,102,104,106,110,111,112,119,128,136,,,,0.6,0.2,0.6,3*05
$GNGSA,A,3,102,104,106,109,110,111,112,119,136,,,,0.6,0.2,0.6,3*06
$GNGSA,A,3,207,210,211,227,228,230,232,233,241,,,,0.6,0.2,0.6,4*0A
$GNGSA,A,3,227,228,230,233,241,,,,,,,,0.6,0.2,0.6,4*0D
$GNRMC,135257.000,A,4825.1430,N,00428.4557,W,0.0,125.5,100626,,,A*65
$GNGGA,135258.000,4825.1430,N,00428.4557,W,1,48,0.4,91.6,M,52.0,M,,*69
$GNVTG,125.5,T,,M,0.0,N,0.0,K,A*10
$GPGSV,5,1,15,01,36,120,38,02,11,128,39,03,60,057,40,04,59,159,32,1*6C
$GPGSV,5,2,15,06,33,303,29,09,32,195,28,19,45,284,31,28,13,039,27,1*67
$GPGSV,5,3,15,31,18,068,43,1*54
$GPGSV,5,4,15,01,36,120,32,03,60,057,44,04,59,159,40,06,33,303,38,8*65
$GPGSV,5,5,15,09,32,195,34,28,13,039,27,8*6C
$GQGSV,1,1,,,,,,,,,,,,,0.0*56
$GLGSV,2,1,05,69,82,205,35,70,28,217,29,83,33,140,34,84,87,324,28,1*7D
$GLGSV,2,2,05,85,37,320,36,1*40
$GAGSV,5,1,18,102,13,285,25,104,59,124,37,106,46,165,35,109,26,185,24,7*7A
$GAGSV,5,2,18,110,56,107,36,111,84,051,27,112,31,111,38,119,30,048,36,7*78
$GAGSV,5,3,18,128,51,078,36,136,38,300,32,7*74
$GAGSV,5,4,18,102,13,285,36,104,59,124,43,106,46,165,44,109,26,185,38,1*73
$GAGSV,5,5,18,110,56,107,40,111,84,051,41,119,30,048,31,128,51,078,34,1*72
$GBGSV,5,1,15,207,16,041,35,210,16,054,37,211,13,315,25,1*76
$GBGSV,5,2,15,227,67,198,32,228,30,155,36,230,38,304,36,232,35,226,24,3*72
$GBGSV,5,3,15,233,32,053,40,241,83,090,35,3*74
$GBGSV,5,4,15,227,67,198,37,228,30,155,34,230,38,304,40,232,35,226,23,5*73
$GBGSV,5,5,15,233,32,053,38,241,83,090,46,5*7F
$GIGSV,1,1,,,,,,,,,,,,,0.0*4E
$GNGSA,A,3,01,02,03,04,06,09,31,,,,,,0.6,0.4,0.6,1*3C
$GNGSA,A,3,01,03,04,06,09,28,,,,,,,0.6,0.4,0.6,1*36
$GNGSA,A,3,69,70,84,85,,,,,,,,,0.6,0.4,0.6,2*3F
$GNGSA,A,3,102,104,106,110,111,119,128,136,,,,,0.6,0.4,0.6,3*31
$GNGSA,A,3,102,104,106,109,110,111,119,128,,,,,0.6,0.4,0.6,3*3D
$GNGSA,A,3,207,210,211,227,228,230,232,233,241,,,,0.6,0.4,0.6,4*0C
$GNGSA,A,3,227,228,230,232,233,241,,,,,,,0.6,0.4,0.6,4*38
$GNRMC,135258.000,A,4825.1430,N,00428.4557,W,0.0,125.5,100626,,,A*6A
$GNGGA,135259.000,4825.1430,N,00428.4557,W,1,50,0.2,91.6,M,52.0,M,,*67
$GNVTG,125.5,T,,M,0.0,N,0.0,K,A*10
$GPGSV,5,1,15,01,35,120,38,02,11,128,39,03,60,057,40,04,59,159,32,1*6F
$GPGSV,5,2,15,06,33,303,29,09,32,195,28,19,45,284,31,28,13,039,27,1*67
$GPGSV,5,3,15,31,18,068,43,1*54
$GPGSV,5,4,15,01,35,120,32,03,60,057,44,04,59,159,40,06,33,303,38,8*66
$GPGSV,5,5,15,09,32,195,33,28,13,039,27,8*6B
$GQGSV,1,1,,,,,,,,,,,,,0.0*56
$GLGSV,2,1,05,69,82,205,35,70,28,217,30,83,33,140,34,84,87,324,28,1*75
$GLGSV,2,2,05,85,37,320,37,1*41
$GAGSV,6,1,19,102,13,285,25,104,59,124,37,106,46,165,35,109,26,185,24,7*78
$GAGSV,6,2,19,110,56,107,36,111,84,051,27,112,31,111,38,119,30,048,36,7*7A
$GAGSV,6,3,19,128,51,078,36,136,38,300,32,7*76
$GAGSV,6,4,19,102,13,285,36,104,59,124,43,106,46,165,44,109,26,185,38,1*71
$GAGSV,6,5,19,110,56,107,40,112,31,111,29,119,30,048,31,128,51,078,34,1*76
$GAGSV,6,6,19,136,38,300,42,1*77
$GBGSV,5,1,14,207,16,041,35,210,16,054,37,211,13,315,25,1*77
$GBGSV,5,2,14,227,67,198,32,228,30,155,36,230,38,304,36,232,35,226,24,3*73
$GBGSV,5,3,14,233,32,053,40,241,83,090,35,3*75
$GBGSV,5,4,14,227,67,198,37,228,30,155,34,232,35,226,24,233,32,053,39,5*73
$GBGSV,5,5,14,241,83,090,46,5*70
$GIGSV,1,1,,,,,,,,,,,,,0.0*4E
$GNGSA,A,3,01,02,03,04,06,09,19,31,,,,,0.6,0.2,0.6,1*32
$GNGSA,A,3,01,03,04,06,09,28,,,,,,,0.6,0.2,0.6,1*30
$GNGSA,A,3,69,70,83,84,85,,,,,,,,0.6,0.2,0.6,2*32
$GNGSA,A,3,102,104,106,110,111,119,128,136,,,,,0.6,0.2,0.6,3*37
$GNGSA,A,3,102,104,106,109,110,112,119,128,136,,,,0.6,0.2,0.6,3*0C
$GNGSA,A,3,207,210,211,227,228,230,232,233,241,,,,0.6,0.2,0.6,4*0A
$GNGSA,A,3,227,228,232,233,241,,,,,,,,0.6,0.2,0.6,4*0F
$GNRMC,135259.000,A,4825.1430,N,00428.4557,W,0.0,125.5,100626,,,A*6B
$GNGGA,135300.000,4825.1430,N,00428.4557,W,1,50,0.4,91.6,M,52.0,M,,*6C
$GNVTG,125.5,T,,M,0.0,N,0.0,K,A*10
$GPGSV,4,1,14,01,35,120,38,02,11,128,39,03,60,057,40,04,59,159,32,1*6F
$GPGSV,4,2,14,06,33,303,29,09,32,195,28,28,13,039,27,31,18,068,43,1*60
$GPGSV,4,3,14,01,35,120,32,03,60,057,44,04,59,159,40,06,33,303,38,8*61
$GPGSV,4,4,14,09,32,195,33,28,13,039,27,8*6A
$GQGSV,1,1,,,,,,,,,,,,,0.0*56
$GLGSV,2,1,05,69,82,205,35,70,28,217,30,83,33,140,34,84,87,324,27,1*7A
$GLGSV,2,2,05,85,37,320,37,1*41
$GAGSV,6,1,19,102,13,285,25,104,59,124,37,106,46,165,35,109,26,185,23,7*7F
$GAGSV,6,2,19,110,56,107,37,111,84,051,27,112,31,111,38,119,30,048,36,7*7B
$GAGSV,6,3,19,128,51,078,36,136,38,300,32,7*76
$GAGSV,6,4,19,102,13,285,36,104,59,124,43,106,46,165,44,110,56,107,40,1*7B
$GAGSV,6,5,19,111,84,051,41,112,31,111,29,119,30,048,31,128,51,078,34,1*7B
$GAGSV,6,6,19,136,38,300,42,1*77
$GBGSV,5,1,14,207,16,041,35,210,16,054,37,211,13,315,25,1*77
$GBGSV,5,2,14,227,67,198,32,228,30,155,36,230,38,304,36,232,35,226,24,3*73
$GBGSV,5,3,14,233,32,053,40,241,83,090,35,3*75
$GBGSV,5,4,14,227,67,198,37,228,30,155,34,232,35,226,25,233,32,053,39,5*72
$GBGSV,5,5,14,241,83,090,46,5*70
$GIGSV,1,1,,,,,,,,,,,,,0.0*4E
$GNGSA,A,3,01,02,03,04,06,09,31,,,,,,0.6,0.4,0.6,1*3C
$GNGSA,A,3,01,03,04,06,09,28,,,,,,,0.6,0.4,0.6,1*36
$GNGSA,A,3,69,70,83,84,85,,,,,,,,0.6,0.4,0.6,2*34
$GNGSA,A,3,102,104,106,110,111,112,119,128,136,,,,0.6,0.4,0.6,3*03
$GNGSA,A,3,102,104,106,110,111,112,119,128,136,,,,0.6,0.4,0.6,3*03
$GNGSA,A,3,207,210,211,227,228,230,232,233,241,,,,0.6,0.4,0.6,4*0C
$GNGSA,A,3,227,228,232,233,241,,,,,,,,0.6,0.4,0.6,4*09
$GNRMC,135300.000,A,4825.1430,N,00428.4557,W,0.0,125.5,100626,,,A*66
$GNGGA,135301.000,4825.1430,N,00428.4557,W,1,50,0.2,91.6,M,52.0,M,,*6B
$GNVTG,125.5,T,,M,0.0,N,0.0,K,A*10
$GPGSV,4,1,14,01,35,120,38,02,11,128,39,03,60,057,40,04,59,159,32,1*6F
$GPGSV,4,2,14,06,34,303,29,09,32,195,28,28,13,039,26,31,18,068,43,1*66
$GPGSV,4,3,14,01,35,120,32,03,60,057,44,04,59,159,40,06,34,303,38,8*66
$GPGSV,4,4,14,09,32,195,33,28,13,039,28,8*65
$GQGSV,1,1,,,,,,,,,,,,,0.0*56
$GLGSV,2,1,05,69,82,205,35,70,28,217,30,83,33,140,34,84,87,324,27,1*7A
$GLGSV,2,2,05,85,37,320,37,1*41
$GAGSV,6,1,19,102,13,285,25,104,59,124,37,106,46,165,35,109,26,185,23,7*7F
$GAGSV,6,2,19,110,56,107,37,111,84,053,27,112,31,111,38,119,30,048,36,7*79
$GAGSV,6,3,19,128,51,078,36,136,38,300,32,7*76
$GAGSV,6,4,19,102,13,285,36,104,59,124,43,106,46,165,44,109,26,185,37,1*7E
$GAGSV,6,5,19,110,56,107,40,111,84,053,41,119,30,048,31,128,51,078,34,1*72
$GAGSV,6,6,19,136,38,300,42,1*77
$GBGSV,5,1,14,207,16,041,35,210,16,054,37,211,13,315,25,1*77
$GBGSV,5,2,14,227,67,198,32,228,30,155,36,230,38,304,36,232,35,226,23,3*74
$GBGSV,5,3,14,233,32,053,40,241,83,090,35,3*75
$GBGSV,5,4,14,227,67,198,37,228,30,155,34,230,38,304,40,232,35,226,26,5*77
$GBGSV,5,5,14,241,83,090,46,5*70
$GIGSV,1,1,,,,,,,,,,,,,0.0*4E
$GNGSA,A,3,01,02,03,04,06,09,31,,,,,,0.6,0.2,0.6,1*3A
$GNGSA,A,3,01,03,04,06,09,28,,,,,,,0.6,0.2,0.6,1*30
$GNGSA,A,3,69,70,83,84,85,,,,,,,,0.6,0.2,0.6,2*32
$GNGSA,A,3,102,104,106,110,111,112,119,128,136,,,,0.6,0.2,0.6,3*05
$GNGSA,A,3,102,104,106,109,110,111,119,128,136,,,,0.6,0.2,0.6,3*0F
$GNGSA,A,3,207,210,211,227,228,230,232,233,241,,,,0.6,0.2,0.6,4*0A
$GNGSA,A,3,227,228,230,232,241,,,,,,,,0.6,0.2,0.6,4*0C
$GNRMC,135301.000,A,4825.1430,N,00428.4557,W,0.0,125.5,100626,,,A*67
$GNGGA,135302.000,4825.1430,N,00428.4557,W,1,50,0.4,91.6,M,52.0,M,,*6E
$GNVTG,125.5,T,,M,0.0,N,0.0,K,A*10
$GPGSV,4,1,14,01,35,120,38,02,11,128,39,03,60,057,40,04,59,159,32,1*6F
$GPGSV,4,2,14,06,34,303,29,09,32,195,28,28,13,039,26,31,18,068,43,1*66
$GPGSV,4,3,14,01,35,120,33,03,60,057,44,04,59,159,40,06,34,303,38,8*67
$GPGSV,4,4,14,09,32,195,33,28,13,039,29,8*64
$GQGSV,1,1,,,,,,,,,,,,,0.0*56
$GLGSV,2,1,05,69,82,205,35,70,28,217,30,83,33,140,34,84,87,324,27,1*7A
$GLGSV,2,2,05,85,37,320,37,1*41
$GAGSV,6,1,20,102,13,285,25,104,59,124,37,106,46,165,35,109,26,185,23,7*75
$GAGSV,6,2,20,110,56,107,37,111,84,053,27,112,31,111,38,119,30,048,36,7*73
$GAGSV,6,3,20,128,51,078,36,136,38,300,32,7*7C
$GAGSV,6,4,20,102,13,285,36,104,59,124,43,106,46,165,44,109,26,185,37,1*74
$GAGSV,6,5,20,110,56,107,40,111,84,053,41,112,31,111,29,119,30,048,31,1*75
$GAGSV,6,6,20,128,51,078,34,136,38,300,42,1*7A
$GBGSV,4,1,13,207,16,041,36,210,16,054,37,211,13,315,25,1*72
$GBGSV,4,2,13,227,67,198,32,228,30,155,36,230,38,304,36,232,35,226,23,3*72
$GBGSV,4,3,13,233,32,053,40,241,83,090,35,3*73
$GBGSV,4,4,13,227,67,198,37,228,30,155,34,230,38,304,40,241,83,090,46,5*71
$GIGSV,1,1,,,,,,,,,,,,,0.0*4E
$GNGSA,A,3,01,02,03,04,06,09,31,,,,,,0.6,0.4,0.6,1*3C
$GNGSA,A,3,01,03,04,06,09,28,,,,,,,0.6,0.4,0.6,1*36
$GNGSA,A,3,69,70,83,84,85,,,,,,,,0.6,0.4,0.6,2*34
$GNGSA,A,3,102,104,106,110,111,112,119,128,136,,,,0.6,0.4,0.6,3*03
$GNGSA,A,3,102,104,106,109,110,111,112,119,128,136,,,0.6,0.4,0.6,3*3B
$GNGSA,A,3,207,210,211,227,228,230,232,233,241,,,,0.6,0.4,0.6,4*0C
$GNGSA,A,3,227,228,230,241,,,,,,,,,0.6,0.4,0.6,4*39
$GNRMC,135302.000,A,4825.1430,N,00428.4557,W,0.0,125.5,100626,,,A*64
$GNGGA,135303.000,4825.1430,N,00428.4557,W,1,51,0.2,91.6,M,52.0,M,,*68
$GNVTG,125.5,T,,M,0.0,N,0.0,K,A*10
$GPGSV,5,1,15,01,35,120,38,02,11,128,39,03,60,057,40,04,59,159,32,1*6F
$GPGSV,5,2,15,06,34,303,29,09,32,195,28,19,45,284,30,28,13,039,26,1*60
$GPGSV,5,3,15,31,18,068,43,1*54
$GPGSV,5,4,15,01,35,120,33,03,60,057,44,04,59,159,40,06,34,303,38,8*60
$GPGSV,5,5,15,09,32,195,33,28,13,039,29,8*65
$GQGSV,1,1,,,,,,,,,,,,,0.0*56
$GLGSV,2,1,05,69,82,205,35,70,28,217,30,83,33,140,34,84,87,324,27,1*7A
$GLGSV,2,2,05,85,37,320,37,1*41
$GAGSV,5,1,18,102,13,285,25,104,59,124,37,106,46,165,35,109,26,185,23,7*7D
$GAGSV,5,2,18,110,56,107,37,111,84,053,27,112,31,111,38,119,30,048,36,7*7B
$GAGSV,5,3,18,128,51,078,36,136,38,300,32,7*74
$GAGSV,5,4,18,102,13,285,36,104,59,124,43,106,46,165,44,110,56,107,40,1*79
$GAGSV,5,5,18,111,84,053,41,112,31,111,29,128,51,078,34,136,38,300,41,1*76
$GBGSV,5,1,15,207,16,041,36,210,16,054,37,211,13,315,25,1*75
$GBGSV,5,2,15,227,67,198,32,228,30,155,36,230,38,304,36,232,35,226,23,3*75
$GBGSV,5,3,15,233,32,053,40,241,83,090,35,3*74
$GBGSV,5,4,15,227,67,198,37,228,30,155,34,230,38,304,40,232,35,226,27,5*77
$GBGSV,5,5,15,233,32,053,38,241,83,090,46,5*7F
$GIGSV,1,1,,,,,,,,,,,,,0.0*4E
$GNGSA,A,3,01,02,03,04,06,09,19,31,,,,,0.6,0.2,0.6,1*32
$GNGSA,A,3,01,03,04,06,09,28,,,,,,,0.6,0.2,0.6,1*30
$GNGSA,A,3,69,70,83,84,85,,,,,,,,0.6,0.2,0.6,2*32
$GNGSA,A,3,102,104,106,110,111,112,119,128,136,,,,0.6,0.2,0.6,3*05
$GNGSA,A,3,102,104,106,110,111,112,128,136,,,,,0.6,0.2,0.6,3*3C
$GNGSA,A,3,207,210,211,227,228,230,232,233,241,,,,0.6,0.2,0.6,4*0A
$GNGSA,A,3,227,228,230,232,233,241,,,,,,,0.6,0.2,0.6,4*3E
$GNRMC,135303.000,A,4825.1430,N,00428.4557,W,0.0,125.5,100626,,,A*65
$GNGGA,135304.000,4825.1430,N,00428.4557,W,1,51,0.2,91.6,M,52.0,M,,*6F
$GNVTG,125.5,T,,M,0.0,N,0.0,K,A*10
$GPGSV,5,1,15,01,35,120,38,02,11,128,39,03,60,057,40,04,59,159,32,1*6F
$GPGSV,5,2,15,06,34,303,29,09,32,195,28,19,45,284,30,28,13,039,27,1*61
$GPGSV,5,3,15,31,18,068,43,1*54
$GPGSV,5,4,15,01,35,120,33,03,60,057,44,04,59,159,40,06,34,303,38,8*60
$GPGSV,5,5,15,09,32,195,33,28,13,039,29,8*65
$GQGSV,1,1,,,,,,,,,,,,,0.0*56
$GLGSV,2,1,05,69,82,205,35,70,28,217,30,83,33,140,34,84,87,324,27,1*7A
$GLGSV,2,2,05,85,37,320,37,1*41
$GAGSV,5,1,18,102,13,285,25,104,59,124,37,106,46,165,35,109,26,185,23,7*7D
$GAGSV,5,2,18,110,56,107,37,111,84,053,27,112,31,111,38,119,30,048,36,7*7B
$GAGSV,5,3,18,128,51,078,36,136,38,300,32,7*74
$GAGSV,5,4,18,102,13,285,36,104,59,124,43,106,46,165,44,110,56,107,40,1*79
$GAGSV,5,5,18,111,84,053,41,119,30,048,31,128,51,078,34,136,38,300,41,1*78
$GBGSV,5,1,15,207,16,041,36,210,16,054,37,211,13,315,25,1*75
$GBGSV,5,2,15,227,67,198,32,228,30,155,36,230,38,304,36,232,35,226,23,3*75
$GBGSV,5,3,15,233,32,053,40,241,83,090,34,3*75
$GBGSV,5,4,15,227,67,198,37,228,30,155,34,230,38,304,40,232,35,226,29,5*79
$GBGSV,5,5,15,233,32,053,38,241,83,090,46,5*7F
$GIGSV,1,1,,,,,,,,,,,,,0.0*4E
$GNGSA,A,3,01,02,03,04,06,09,28,31,,,,,0.6,0.2,0.6,1*30
$GNGSA,A,3,01,03,04,06,09,28,,,,,,,0.6,0.2,0.6,1*30
$GNGSA,A,3,69,70,83,84,85,,,,,,,,0.6,0.2,0.6,2*32
$GNGSA,A,3,102,104,106,110,111,112,119,128,136,,,,0.6,0.2,0.6,3*05
$GNGSA,A,3,102,104,106,110,111,119,128,136,,,,,0.6,0.2,0.6,3*37
$GNGSA,A,3,207,210,211,227,228,230,232,233,241,,,,0.6,0.2,0.6,4*0A
$GNGSA,A,3,227,228,230,232,233,241,,,,,,,0.6,0.2,0.6,4*3E
$GNRMC,135304.000,A,4825.1430,N,00428.4557,W,0.0,125.5,100626,,,A*62
$GNGGA,135305.000,4825.1430,N,00428.4557,W,1,49,0.2,91.6,M,52.0,M,,*67
$GNVTG,125.5,T,,M,0.0,N,0.0,K,A*10
$GPGSV,5,1,15,01,35,120,38,02,11,128,39,03,60,057,40,04,59,159,32,1*6F
$GPGSV,5,2,15,06,34,303,29,09,32,195,28,19,45,284,30,28,13,039,27,1*61
$GPGSV,5,3,15,31,18,068,43,1*54
$GPGSV,5,4,15,01,35,120,34,03,60,057,44,04,59,159,40,06,34,303,38,8*67
$GPGSV,5,5,15,09,32,195,33,28,13,039,29,8*65
$GQGSV,1,1,,,,,,,,,,,,,0.0*56
$GLGSV,2,1,05,69,82,205,35,70,28,217,30,83,33,140,34,84,87,324,28,1*75
$GLGSV,2,2,05,85,37,320,37,1*41
$GAGSV,6,1,20,102,13,285,25,104,59,124,37,106,46,165,35,109,26,185,23,7*75
$GAGSV,6,2,20,110,56,107,37,111,84,053,27,112,31,111,38,119,30,048,36,7*73
$GAGSV,6,3,20,128,51,078,36,136,38,300,32,7*7C
$GAGSV,6,4,20,102,13,285,36,104,59,124,43,106,46,165,44,109,26,185,37,1*74
$GAGSV,6,5,20,110,56,107,40,111,84,053,41,112,31,111,29,119,30,048,31,1*75
$GAGSV,6,6,20,128,51,078,34,136,38,300,41,1*79
$GBGSV,4,1,13,207,16,041,36,210,16,054,37,211,13,315,25,1*72
$GBGSV,4,2,13,227,67,198,32,228,30,155,36,230,38,304,36,232,35,226,24,3*75
$GBGSV,4,3,13,233,32,053,40,241,83,090,34,3*72
$GBGSV,4,4,13,228,30,155,34,230,38,304,40,232,35,226,30,233,32,053,38,5*7A
$GIGSV,1,1,,,,,,,,,,,,,0.0*4E
$GNGSA,A,3,01,02,03,04,06,09,31,,,,,,0.6,0.2,0.6,1*3A
$GNGSA,A,3,01,03,04,06,09,28,,,,,,,0.6,0.2,0.6,1*30
$GNGSA,A,3,69,70,83,84,85,,,,,,,,0.6,0.2,0.6,2*32
$GNGSA,A,3,102,104,106,110,111,119,128,136,,,,,0.6,0.2,0.6,3*37
$GNGSA,A,3,102,104,106,109,110,111,112,119,128,136,,,0.6,0.2,0.6,3*3D
$GNGSA,A,3,207,210,211,227,228,230,232,233,241,,,,0.6,0.2,0.6,4*0A
$GNGSA,A,3,228,230,232,233,,,,,,,,,0.6,0.2,0.6,4*3E
$GNRMC,135305.000,A,4825.1430,N,00428.4557,W,0.0,125.5,100626,,,A*63
$GNGGA,135306.000,4825.1430,N,00428.4557,W,1,50,0.2,91.6,M,52.0,M,,*6C
$GNVTG,125.5,T,,M,0.0,N,0.0,K,A*10
$GPGSV,5,1,15,01,35,120,38,02,11,128,39,03,60,057,40,04,59,159,32,1*6F
$GPGSV,5,2,15,06,34,303,29,09,32,195,28,19,45,284,30,28,13,039,27,1*61
$GPGSV,5,3,15,31,18,068,43,1*54
$GPGSV,5,4,15,01,35,120,34,03,60,057,44,04,59,159,40,06,34,303,38,8*67
$GPGSV,5,5,15,09,32,195,33,28,13,039,30,8*6D
$GQGSV,1,1,,,,,,,,,,,,,0.0*56
$GLGSV,2,1,05,69,82,205,35,70,28,217,31,83,33,140,34,84,87,324,28,1*74
$GLGSV,2,2,05,85,37,320,37,1*41
$GAGSV,5,1,18,102,13,285,25,104,59,124,37,106,46,165,36,109,26,185,22,7*7F
$GAGSV,5,2,18,110,56,107,37,111,84,053,27,112,31,111,38,119,30,048,36,7*7B
$GAGSV,5,3,18,128,51,078,36,136,38,300,32,7*74
$GAGSV,5,4,18,102,13,285,36,104,59,124,43,106,46,165,44,109,26,185,38,1*73
$GAGSV,5,5,18,111,84,053,41,119,30,048,31,128,51,078,34,136,38,300,42,1*7B
$GBGSV,5,1,15,207,16,041,36,210,16,054,37,211,13,315,25,1*75
$GBGSV,5,2,15,227,67,198,32,228,30,155,36,230,39,304,36,232,35,226,24,3*73
$GBGSV,5,3,15,233,32,053,40,241,83,090,34,3*75
$GBGSV,5,4,15,227,67,198,37,228,30,155,34,230,39,304,40,232,35,226,31,5*71
$GBGSV,5,5,15,233,32,053,38,241,83,090,46,5*7F
$GIGSV,1,1,,,,,,,,,,,,,0.0*4E
$GNGSA,A,3,01,02,03,04,06,09,31,,,,,,0.6,0.2,0.6,1*3A
$GNGSA,A,3,01,03,04,06,09,28,,,,,,,0.6,0.2,0.6,1*30
$GNGSA,A,3,69,70,83,84,85,,,,,,,,0.6,0.2,0.6,2*32
$GNGSA,A,3,102,104,106,110,111,112,119,128,136,,,,0.6,0.2,0.6,3*05
$GNGSA,A,3,102,104,106,109,111,119,128,136,,,,,0.6,0.2,0.6,3*3F
$GNGSA,A,3,207,210,211,227,228,230,232,233,241,,,,0.6,0.2,0.6,4*0A
$GNGSA,A,3,227,228,230,232,233,241,,,,,,,0.6,0.2,0.6,4*3E
$GNRMC,135306.000,A,4825.1430,N,00428.4557,W,0.0,125.5,100626,,,A*60
$GNGGA,135307.000,4825.1430,N,00428.4557,W,1,50,0.2,91.6,M,52.0,M,,*6D
$GNVTG,125.5,T,,M,0.0,N,0.0,K,A*10
$GPGSV,5,1,15,01,35,120,37,02,11,128,39,03,60,057,40,04,59,159,32,1*60
$GPGSV,5,2,15,06,34,303,29,09,32,195,28,19,45,284,30,28,13,039,27,1*61
$GPGSV,5,3,15,31,18,068,43,1*54
$GPGSV,5,4,15,01,35,120,34,03,60,057,44,04,59,159,40,06,34,303,38,8*67
$GPGSV,5,5,15,09,32,195,33,28,13,039,30,8*6D
$GQGSV,1,1,,,,,,,,,,,,,0.0*56
$GLGSV,2,1,05,69,82,205,34,70,28,217,31,83,33,140,34,84,87,324,28,1*75
$GLGSV,2,2,05,85,37,320,38,1*4E
$GAGSV,6,1,19,102,13,285,25,104,59,123,37,106,46,165,36,109,26,185,22,7*7A
$GAGSV,6,2,19,110,56,107,37,111,84,053,28,112,31,111,38,119,30,048,36,7*76
$GAGSV,6,3,19,128,51,078,36,136,38,300,32,7*76
$GAGSV,6,4,19,102,13,285,37,104,59,123,43,106,46,165,44,109,26,185,38,1*77
$GAGSV,6,5,19,111,84,053,41,112,31,111,29,119,30,048,31,128,51,078,34,1*79
$GAGSV,6,6,19,136,38,300,42,1*77
$GBGSV,5,1,14,207,16,041,36,210,16,054,37,211,13,315,25,1*74
$GBGSV,5,2,14,227,67,198,32,228,30,155,36,230,39,304,36,232,35,226,25,3*73
$GBGSV,5,3,14,233,32,053,40,241,83,090,34,3*74
$GBGSV,5,4,14,227,67,198,37,228,30,155,34,230,39,304,40,232,35,226,31,5*70
$GBGSV,5,5,14,233,32,053,38,5*79
$GIGSV,1,1,,,,,,,,,,,,,0.0*4E
$GNGSA,A,3,01,02,03,04,06,09,19,31,,,,,0.6,0.2,0.6,1*32
$GNGSA,A,3,01,03,04,06,09,28,,,,,,,0.6,0.2,0.6,1*30
$GNGSA,A,3,69,70,83,84,85,,,,,,,,0.6,0.2,0.6,2*32
$GNGSA,A,3,104,106,110,111,112,119,128,136,,,,,0.6,0.2,0.6,3*36
$GNGSA,A,3,102,104,106,109,111,112,119,128,136,,,,0.6,0.2,0.6,3*0D
$GNGSA,A,3,207,210,211,227,228,230,232,233,241,,,,0.6,0.2,0.6,4*0A
$GNGSA,A,3,227,228,230,232,233,,,,,,,,0.6,0.2,0.6,4*09
$GNRMC,135307.000,A,4825.1430,N,00428.4557,W,0.0,125.5,100626,,,A*61
$GNGGA,135308.000,4825.1430,N,00428.4557,W,1,50,0.2,91.6,M,52.0,M,,*62
$GNVTG,125.5,T,,M,0.0,N,0.0,K,A*10
$GPGSV,5,1,15,01,35,120,37,02,11,128,39,03,60,057,40,04,59,159,32,1*60
$GPGSV,5,2,15,06,34,303,29,09,32,195,28,19,45,284,30,28,13,039,28,1*6E
$GPGSV,5,3,15,31,18,068,43,1*54
$GPGSV,5,4,15,01,35,120,34,03,60,057,44,04,59,159,40,06,34,303,38,8*67
$GPGSV,5,5,15,09,32,195,33,28,13,039,30,8*6D
$GQGSV,1,1,,,,,,,,,,,,,0.0*56
$GLGSV,2,1,05,69,82,205,34,70,28,217,31,83,33,140,34,84,87,324,29,1*74
$GLGSV,2,2,05,85,37,320,38,1*4E
$GAGSV,6,1,19,102,13,285,25,104,59,123,37,106,46,165,36,109,26,185,22,7*7A
$GAGSV,6,2,19,110,56,107,38,111,84,053,28,112,31,111,38,119,30,048,36,7*79
$GAGSV,6,3,19,128,51,078,36,136,38,300,32,7*76
$GAGSV,6,4,19,102,13,285,37,104,59,123,43,106,46,165,44,109,26,185,38,1*77
$GAGSV,6,5,19,110,56,107,40,111,84,053,41,119,30,048,31,128,51,078,34,1*72
$GAGSV,6,6,19,136,38,300,42,1*77
$GBGSV,5,1,14,207,16,041,36,210,16,054,37,211,13,315,25,1*74
$GBGSV,5,2,14,227,67,198,33,228,30,155,36,230,39,304,36,232,35,226,25,3*72
$GBGSV,5,3,14,233,32,053,40,241,83,090,34,3*74
$GBGSV,5,4,14,227,67,198,37,228,30,155,34,230,39,304,40,233,32,053,38,5*7F
$GBGSV,5,5,14,241,83,090,46,5*70
$GIGSV,1,1,,,,,,,,,,,,,0.0*4E
$GNGSA,A,3,01,02,03,04,09,19,31,,,,,,0.6,0.2,0.6,1*34
$GNGSA,A,3,01,03,04,06,09,28,,,,,,,0.6,0.2,0.6,1*30
$GNGSA,A,3,69,70,83,84,85,,,,,,,,0.6,0.2,0.6,2*32
$GNGSA,A,3,102,104,106,110,111,112,119,128,136,,,,0.6,0.2,0.6,3*05
$GNGSA,A,3,102,104,106,109,110,111,119,128,136,,,,0.6,0.2,0.6,3*0F
$GNGSA,A,3,207,210,211,227,228,230,232,233,241,,,,0.6,0.2,0.6,4*0A
$GNGSA,A,3,227,228,230,233,241,,,,,,,,0.6,0.2,0.6,4*0D
$GNRMC,135308.000,A,4825.1430,N,00428.4557,W,0.0,125.5,100626,,,A*6E
$GNGGA,135309.000,4825.1430,N,00428.4557,W,1,50,0.2,91.6,M,52.0,M,,*63
$GNVTG,125.5,T,,M,0.0,N,0.0,K,A*10
$GPGSV,5,1,15,01,35,120,37,02,11,128,39,03,60,057,40,04,59,159,32,1*60
$GPGSV,5,2,15,06,34,303,29,09,32,195,28,19,45,284,30,28,13,039,28,1*6E
$GPGSV,5,3,15,31,18,068,43,1*54
$GPGSV,5,4,15,01,35,120,34,03,60,057,44,04,59,159,40,06,34,303,38,8*67
$GPGSV,5,5,15,09,32,195,33,28,13,039,30,8*6D
$GQGSV,1,1,,,,,,,,,,,,,0.0*56
$GLGSV,2,1,05,69,82,205,34,70,28,217,31,83,33,140,34,84,87,324,29,1*74
$GLGSV,2,2,05,85,37,320,38,1*4E
$GAGSV,5,1,18,102,13,285,25,104,59,123,37,106,46,165,36,109,26,185,22,7*78
$GAGSV,5,2,18,110,56,107,38,111,84,053,28,112,31,111,38,119,30,048,36,7*7B
$GAGSV,5,3,18,128,51,078,36,136,38,300,32,7*74
$GAGSV,5,4,18,102,13,285,37,104,59,123,43,106,46,165,44,109,26,185,38,1*75
$GAGSV,5,5,18,110,56,107,40,112,31,111,29,119,30,048,31,136,38,300,42,1*79
$GBGSV,5,1,15,207,16,041,36,210,16,054,37,211,13,315,25,1*75
$GBGSV,5,2,15,227,67,198,33,228,30,155,36,230,39,304,36,232,35,226,26,3*70
$GBGSV,5,3,15,233,32,053,40,241,83,090,34,3*75
$GBGSV,5,4,15,227,67,198,37,228,30,155,34,230,39,304,40,232,35,226,31,5*71
$GBGSV,5,5,15,233,32,053,38,241,83,090,46,5*7F
$GIGSV,1,1,,,,,,,,,,,,,0.0*4E
$GNGSA,A,3,01,02,03,04,06,09,19,31,,,,,0.6,0.2,0.6,1*32
$GNGSA,A,3,01,03,04,06,09,28,,,,,,,0.6,0.2,0.6,1*30
$GNGSA,A,3,69,70,83,84,85,,,,,,,,0.6,0.2,0.6,2*32
$GNGSA,A,3,102,104,106,110,111,112,119,128,136,,,,0.6,0.2,0.6,3*05
$GNGSA,A,3,102,104,106,109,110,112,119,136,,,,,0.6,0.2,0.6,3*37
$GNGSA,A,3,207,210,227,228,230,232,233,241,,,,,0.6,0.2,0.6,4*38
$GNGSA,A,3,227,228,230,232,233,241,,,,,,,0.6,0.2,0.6,4*3E
$GNRMC,135309.000,A,4825.1430,N,00428.4557,W,0.0,125.5,100626,,,A*6F
$GNGGA,135310.000,4825.1430,N,00428.4557,W,1,47,0.4,91.6,M,52.0,M,,*6B
$GNVTG,125.5,T,,M,0.0,N,0.0,K,A*10
$GPGSV,5,1,15,01,35,120,37,02,11,128,39,03,60,057,40,04,59,159,32,1*60
$GPGSV,5,2,15,06,34,303,29,09,32,195,28,19,45,284,30,28,13,039,28,1*6E
$GPGSV,5,3,15,31,18,068,43,1*54
$GPGSV,5,4,15,01,35,120,34,03,60,057,44,04,59,159,40,06,34,303,38,8*67
$GPGSV,5,5,15,09,32,195,33,28,13,039,30,8*6D
$GQGSV,1,1,,,,,,,,,,,,,0.0*56
$GLGSV,2,1,05,69,82,205,34,70,28,217,31,83,33,140,34,84,87,324,29,1*74
$GLGSV,2,2,05,85,37,320,38,1*4E
$GAGSV,5,1,18,102,13,285,25,104,59,123,37,106,46,165,36,109,26,185,21,7*7B
$GAGSV,5,2,18,110,56,107,38,111,84,053,28,112,31,111,38,119,30,048,36,7*7B
$GAGSV,5,3,18,128,51,078,36,136,38,300,32,7*74
$GAGSV,5,4,18,102,13,285,37,106,46,165,44,110,56,107,40,111,84,053,41,1*7F
$GAGSV,5,5,18,112,31,111,29,119,30,048,31,128,51,078,33,136,38,300,42,1*78
$GBGSV,5,1,15,207,16,041,36,210,16,054,37,211,13,315,25,1*75
$GBGSV,5,2,15,227,67,198,33,228,30,155,36,230,39,304,36,232,35,226,26,3*70
$GBGSV,5,3,15,233,32,053,40,241,83,090,34,3*75
$GBGSV,5,4,15,227,67,198,37,228,30,155,34,230,39,304,40,232,35,226,31,5*71
$GBGSV,5,5,15,233,32,053,38,241,83,090,46,5*7F
$GIGSV,1,1,,,,,,,,,,,,,0.0*4E
$GNGSA,A,3,01,02,03,04,19,31,,,,,,,0.6,0.4,0.6,1*3B
$GNGSA,A,3,01,03,04,06,09,28,,,,,,,0.6,0.4,0.6,1*36
$GNGSA,A,3,69,70,83,84,85,,,,,,,,0.6,0.4,0.6,2*34
$GNGSA,A,3,104,106,110,111,112,119,128,136,,,,,0.6,0.4,0.6,3*30
$GNGSA,A,3,102,106,110,111,112,119,128,136,,,,,0.6,0.4,0.6,3*36
$GNGSA,A,3,207,210,227,228,230,232,233,241,,,,,0.6,0.4,0.6,4*3E
$GNGSA,A,3,227,228,230,232,233,241,,,,,,,0.6,0.4,0.6,4*38
$GNRMC,135310.000,A,4825.1430,N,00428.4557,W,0.0,125.5,100626,,,A*67
$GNGGA,135311.000,4825.1430,N,00428.4557,W,1,48,0.4,91.6,M,52.0,M,,*65
$GNVTG,125.5,T,,M,0.0,N,0.0,K,A*10
$GPGSV,5,1,15,01,35,120,37,02,11,128,39,03,60,057,40,04,59,159,32,1*60
$GPGSV,5,2,15,06,34,303,29,09,32,195,28,19,45,284,30,28,13,039,28,1*6E
$GPGSV,5,3,15,31,18,068,43,1*54
$GPGSV,5,4,15,01,35,120,34,03,60,057,44,04,59,159,40,06,34,303,38,8*67
$GPGSV,5,5,15,09,32,195,33,28,13,039,30,8*6D
$GQGSV,1,1,,,,,,,,,,,,,0.0*56
$GLGSV,2,1,05,69,82,205,34,70,28,217,32,83,33,140,34,84,87,323,29,1*70
$GLGSV,2,2,05,85,37,320,38,1*4E
$GAGSV,6,1,19,102,13,285,25,104,59,123,37,106,46,165,36,109,26,185,21,7*79
$GAGSV,6,2,19,110,56,107,38,111,84,053,28,112,31,111,38,119,30,048,36,7*79
$GAGSV,6,3,19,128,51,078,36,136,38,300,32,7*76
$GAGSV,6,4,19,102,13,285,37,104,59,123,43,109,26,185,38,110,56,107,40,1*71
$GAGSV,6,5,19,111,84,053,41,112,31,111,29,119,30,048,31,128,51,078,33,1*7E
$GAGSV,6,6,19,136,38,300,42,1*77
$GBGSV,5,1,14,207,16,041,36,210,16,054,37,211,13,315,25,1*74
$GBGSV,5,2,14,227,67,198,33,228,30,155,36,230,39,304,36,232,35,226,26,3*71
$GBGSV,5,3,14,233,32,053,40,241,83,088,34,3*7D
$GBGSV,5,4,14,228,30,155,34,230,39,304,40,232,35,226,32,233,32,053,38,5*7F
$GBGSV,5,5,14,241,83,088,46,5*79
$GIGSV,1,1,,,,,,,,,,,,,0.0*4E
$GNGSA,A,3,01,02,03,04,09,19,31,,,,,,0.6,0.4,0.6,1*32
$GNGSA,A,3,01,03,04,06,09,28,,,,,,,0.6,0.4,0.6,1*36
$GNGSA,A,3,69,70,84,85,,,,,,,,,0.6,0.4,0.6,2*3F
$GNGSA,A,3,104,106,110,111,112,119,128,136,,,,,0.6,0.4,0.6,3*30
$GNGSA,A,3,102,104,109,110,111,112,119,128,136,,,,0.6,0.4,0.6,3*0C
$GNGSA,A,3,207,210,211,227,228,230,232,233,241,,,,0.6,0.4,0.6,4*0C
$GNGSA,A,3,228,230,232,233,241,,,,,,,,0.6,0.4,0.6,4*0F
$GNRMC,135311.000,A,4825.1430,N,00428.4557,W,0.0,125.5,100626,,,A*66
$GNGGA,135312.000,4825.1430,N,00428.4557,W,1,49,0.4,91.6,M,52.0,M,,*67
$GNVTG,125.5,T,,M,0.0,N,0.0,K,A*10
$GPGSV,5,1,15,01,35,120,37,02,11,128,39,03,60,057,40,04,59,159,32,1*60
$GPGSV,5,2,15,06,34,303,29,09,32,195,27,19,45,284,30,28,13,039,28,1*61
$GPGSV,5,3,15,31,18,068,43,1*54
$GPGSV,5,4,15,01,35,120,34,03,60,057,44,04,59,159,40,06,34,303,38,8*67
$GPGSV,5,5,15,09,32,195,33,28,13,039,30,8*6D
$GQGSV,1,1,,,,,,,,,,,,,0.0*56
$GLGSV,2,1,05,69,82,205,34,70,28,217,32,83,33,140,34,84,87,323,29,1*70
$GLGSV,2,2,05,85,37,320,38,1*4E
$GAGSV,5,1,18,102,13,285,25,104,59,123,37,106,46,165,36,109,26,185,21,7*7B
$GAGSV,5,2,18,110,56,107,38,111,84,053,28,112,31,111,38,119,30,047,36,7*74
$GAGSV,5,3,18,128,51,078,36,136,38,300,32,7*74
$GAGSV,5,4,18,102,13,285,37,104,59,123,43,106,46,165,45,109,26,185,38,1*74
$GAGSV,5,5,18,110,56,107,40,111,84,053,41,119,30,047,31,128,51,078,33,1*78
$GBGSV,5,1,15,207,16,041,36,210,16,054,37,211,13,315,25,1*75
$GBGSV,5,2,15,227,67,198,33,228,30,155,36,230,39,304,36,232,35,226,26,3*70
$GBGSV,5,3,15,233,32,053,40,241,83,088,34,3*7C
$GBGSV,5,4,15,227,67,198,37,228,30,155,34,230,39,304,40,232,35,226,32,5*72
$GBGSV,5,5,15,233,32,053,38,241,83,088,46,5*76
$GIGSV,1,1,,,,,,,,,,,,,0.0*4E
$GNGSA,A,3,01,02,03,04,06,09,19,31,,,,,0.6,0.4,0.6,1*34
$GNGSA,A,3,01,03,04,06,09,28,,,,,,,0.6,0.4,0.6,1*36
$GNGSA,A,3,69,70,83,84,85,,,,,,,,0.6,0.4,0.6,2*34
$GNGSA,A,3,104,106,110,111,112,119,128,136,,,,,0.6,0.4,0.6,3*30
$GNGSA,A,3,102,104,106,109,110,111,119,128,,,,,0.6,0.4,0.6,3*3D
$GNGSA,A,3,207,210,227,228,230,232,233,241,,,,,0.6,0.4,0.6,4*3E
$GNGSA,A,3,227,228,230,232,233,241,,,,,,,0.6,0.4,0.6,4*38
$GNRMC,135312.000,A,4825.1430,N,00428.4557,W,0.0,125.5,100626,,,A*65
$GNGGA,135313.000,4825.1430,N,00428.4557,W,1,50,0.2,91.6,M,52.0,M,,*68
$GNVTG,125.5,T,,M,0.0,N,0.0,K,A*10
$GPGSV,5,1,15,01,35,120,37,02,11,128,39,03,60,057,40,04,59,159,32,1*60
$GPGSV,5,2,15,06,34,303,29,09,32,195,27,19,45,284,30,28,13,039,28,1*61
$GPGSV,5,3,15,31,18,068,43,1*54
$GPGSV,5,4,15,01,35,120,34,03,60,057,44,04,59,159,40,06,34,303,38,8*67
$GPGSV,5,5,15,09,32,195,33,28,13,039,30,8*6D
$GQGSV,1,1,,,,,,,,,,,,,0.0*56
$GLGSV,2,1,05,69,82,205,34,70,28,217,32,83,33,140,33,84,87,323,29,1*77
$GLGSV,2,2,05,85,37,320,38,1*4E
$GAGSV,6,1,19,102,13,285,24,104,59,123,37,106,46,165,36,109,26,185,21,7*78
$GAGSV,6,2,19,110,56,107,38,111,84,053,28,112,31,111,38,119,30,047,36,7*76
$GAGSV,6,3,19,128,51,078,36,136,39,300,32,7*77
$GAGSV,6,4,19,102,13,285,37,104,59,123,43,106,46,165,45,110,56,107,40,1*7C
$GAGSV,6,5,19,111,84,053,41,112,31,111,28,119,30,047,31,128,51,078,33,1*70
$GAGSV,6,6,19,136,39,300,42,1*76
$GBGSV,5,1,14,207,16,041,36,210,16,054,37,211,13,315,25,1*74
$GBGSV,5,2,14,227,67,198,33,228,30,155,36,230,39,304,36,232,35,226,26,3*71
$GBGSV,5,3,14,233,32,053,40,241,83,088,34,3*7D
$GBGSV,5,4,14,227,67,198,37,228,30,155,34,230,39,304,40,232,35,226,32,5*73
$GBGSV,5,5,14,233,32,053,38,5*79
$GIGSV,1,1,,,,,,,,,,,,,0.0*4E
$GNGSA,A,3,01,02,03,04,06,09,19,31,,,,,0.6,0.2,0.6,1*32
$GNGSA,A,3,01,03,04,06,09,28,,,,,,,0.6,0.2,0.6,1*30
$GNGSA,A,3,69,70,83,84,85,,,,,,,,0.6,0.2,0.6,2*32
$GNGSA,A,3,102,104,106,110,111,119,128,136,,,,,0.6,0.2,0.6,3*37
$GNGSA,A,3,102,104,106,110,111,112,119,128,136,,,,0.6,0.2,0.6,3*05
$GNGSA,A,3,207,210,211,227,228,230,232,233,241,,,,0.6,0.2,0.6,4*0A
$GNGSA,A,3,227,228,230,232,233,,,,,,,,0.6,0.2,0.6,4*09
$GNRMC,135313.000,A,4825.1430,N,00428.4557,W,0.0,125.5,100626,,,A*64
$GNGGA,135314.000,4825.1430,N,00428.4557,W,1,52,0.2,91.6,M,52.0,M,,*6D
$GNVTG,125.5,T,,M,0.0,N,0.0,K,A*10
$GPGSV,5,1,15,01,35,120,37,02,11,128,39,03,60,057,40,04,59,159,32,1*60
$GPGSV,5,2,15,06,34,303,29,09,32,195,27,19,45,284,29,28,13,039,28,1*69
$GPGSV,5,3,15,31,18,068,43,1*54
$GPGSV,5,4,15,01,35,120,34,03,60,057,44,04,59,159,40,06,34,303,38,8*67
$GPGSV,5,5,15,09,32,195,34,28,13,039,30,8*6A
$GQGSV,1,1,,,,,,,,,,,,,0.0*56
$GLGSV,2,1,05,69,82,205,34,70,28,217,32,83,33,140,33,84,87,323,29,1*77
$GLGSV,2,2,05,85,37,320,38,1*4E
$GAGSV,5,1,18,102,13,285,24,104,59,123,37,106,46,165,36,109,26,185,21,7*7A
$GAGSV,5,2,18,110,56,107,38,111,84,053,28,112,31,111,38,119,30,047,36,7*74
$GAGSV,5,3,18,128,51,078,36,136,39,300,32,7*75
$GAGSV,5,4,18,102,13,285,37,104,59,123,43,109,26,185,38,110,56,107,40,1*73
$GAGSV,5,5,18,111,84,053,41,112,31,111,28,128,51,078,33,136,39,300,42,1*72
$GBGSV,5,1,15,207,16,041,36,210,16,054,37,211,13,315,25,1*75
$GBGSV,5,2,15,227,67,198,33,228,30,155,36,230,39,304,36,232,35,226,26,3*70
$GBGSV,5,3,15,233,32,053,40,241,83,088,34,3*7C
$GBGSV,5,4,15,227,67,198,37,228,30,155,34,230,39,304,40,232,35,226,32,5*72
$GBGSV,5,5,15,233,32,053,38,241,83,088,46,5*76
$GIGSV,1,1,,,,,,,,,,,,,0.0*4E
$GNGSA,A,3,01,02,03,04,06,09,19,28,31,,,,0.6,0.2,0.4,1*3A
$GNGSA,A,3,01,03,04,06,09,28,,,,,,,0.6,0.2,0.4,1*32
$GNGSA,A,3,69,70,83,84,85,,,,,,,,0.6,0.2,0.4,2*30
$GNGSA,A,3,102,104,106,110,111,112,119,128,136,,,,0.6,0.2,0.4,3*07
$GNGSA,A,3,102,104,109,110,111,112,128,136,,,,,0.6,0.2,0.4,3*31
$GNGSA,A,3,207,210,211,227,228,230,232,233,241,,,,0.6,0.2,0.4,4*08
$GNGSA,A,3,227,228,230,232,233,241,,,,,,,0.6,0.2,0.4,4*3C
$GNRMC,135314.000,A,4825.1430,N,00428.4557,W,0.0,125.5,100626,,,A*63
$GNGGA,135315.000,4825.1430,N,00428.4557,W,1,52,0.2,91.6,M,52.0,M,,*6C
$GNVTG,125.5,T,,M,0.0,N,0.0,K,A*10
$GPGSV,5,1,15,01,35,120,37,02,11,128,39,03,60,057,40,04,59,159,32,1*60
$GPGSV,5,2,15,06,34,303,29,09,32,195,27,19,45,284,29,28,13,039,28,1*69
$GPGSV,5,3,15,31,18,068,42,1*55
$GPGSV,5,4,15,01,35,120,34,03,60,057,43,04,59,159,40,06,34,303,38,8*60
$GPGSV,5,5,15,09,32,195,34,28,13,039,30,8*6A
$GQGSV,1,1,,,,,,,,,,,,,0.0*56
$GLGSV,2,1,05,69,82,205,34,70,28,217,32,83,33,140,33,84,87,323,29,1*77
$GLGSV,2,2,05,85,37,320,38,1*4E
$GAGSV,6,1,19,102,13,285,24,104,59,123,37,106,46,165,36,109,26,185,21,7*78
$GAGSV,6,2,19,110,56,107,38,111,84,053,28,112,31,111,38,119,30,047,36,7*76
$GAGSV,6,3,19,128,51,078,36,136,39,300,32,7*77
$GAGSV,6,4,19,102,13,285,37,106,46,165,45,109,26,185,38,110,56,107,40,1*79
$GAGSV,6,5,19,111,84,053,41,112,31,111,28,119,30,047,31,128,51,078,33,1*70
$GAGSV,6,6,19,136,39,300,42,1*76
$GBGSV,5,1,14,207,16,041,36,210,16,054,37,211,13,315,25,1*74
$GBGSV,5,2,14,227,67,198,33,228,30,155,36,230,39,304,36,232,35,226,26,3*71
$GBGSV,5,3,14,233,32,053,40,241,83,088,34,3*7D
$GBGSV,5,4,14,227,67,198,37,230,39,304,40,232,35,226,32,233,32,053,38,5*70
$GBGSV,5,5,14,241,83,088,46,5*79
$GIGSV,1,1,,,,,,,,,,,,,0.0*4E
$GNGSA,A,3,01,02,03,04,06,09,19,28,31,,,,0.6,0.2,0.6,1*38
$GNGSA,A,3,01,03,04,06,09,28,,,,,,,0.6,0.2,0.6,1*30
$GNGSA,A,3,69,70,83,84,85,,,,,,,,0.6,0.2,0.6,2*32
$GNGSA,A,3,102,104,106,110,111,112,119,128,136,,,,0.6,0.2,0.6,3*05
$GNGSA,A,3,102,106,109,110,111,112,119,128,136,,,,0.6,0.2,0.6,3*08
$GNGSA,A,3,207,210,211,227,228,230,232,233,241,,,,0.6,0.2,0.6,4*0A
$GNGSA,A,3,227,230,232,233,241,,,,,,,,0.6,0.2,0.6,4*06
$GNRMC,135315.000,A,4825.1430,N,00428.4557,W,0.0,125.5,100626,,,A*62
$GNGGA,135316.000,4825.1430,N,00428.4557,W,1,50,0.2,91.6,M,52.0,M,,*6D
$GNVTG,125.5,T,,M,0.0,N,0.0,K,A*10
$GPGSV,5,1,15,01,35,120,38,02,11,128,39,03,60,057,40,04,59,159,32,1*6F
$GPGSV,5,2,15,06,34,303,29,09,32,195,27,19,45,284,29,28,13,039,28,1*69
$GPGSV,5,3,15,31,18,068,42,1*55
$GPGSV,5,4,15,01,35,120,34,03,60,057,43,04,59,159,40,06,34,303,38,8*60
$GPGSV,5,5,15,09,32,195,34,28,13,039,30,8*6A
$GQGSV,1,1,,,,,,,,,,,,,0.0*56
$GLGSV,2,1,05,69,82,205,34,70,28,217,32,83,33,140,33,84,87,323,29,1*77
$GLGSV,2,2,05,85,37,320,38,1*4E
$GAGSV,6,1,19,102,13,285,24,104,59,123,37,106,46,165,36,110,56,107,38,7*75
$GAGSV,6,2,19,111,84,053,28,112,31,111,38,119,30,047,36,128,51,078,37,7*7C
$GAGSV,6,3,19,136,39,300,32,7*72
$GAGSV,6,4,19,102,13,285,38,104,59,123,43,106,46,165,45,109,26,185,38,1*79
$GAGSV,6,5,19,110,56,107,40,111,84,053,41,112,31,111,28,119,30,047,31,1*71
$GAGSV,6,6,19,128,51,078,33,136,39,300,42,1*76
$GBGSV,4,1,13,207,16,041,36,210,16,054,37,211,13,315,25,1*72
$GBGSV,4,2,13,227,67,198,33,228,30,155,36,230,39,304,36,232,35,226,27,3*76
$GBGSV,4,3,13,233,32,053,40,241,83,088,34,3*7B
$GBGSV,4,4,13,228,30,155,33,230,39,304,40,233,32,053,38,241,83,088,46,5*72
$GIGSV,1,1,,,,,,,,,,,,,0.0*4E
$GNGSA,A,3,01,02,03,04,06,09,28,31,,,,,0.6,0.2,0.6,1*30
$GNGSA,A,3,01,03,04,06,09,28,,,,,,,0.6,0.2,0.6,1*30
$GNGSA,A,3,69,70,83,84,85,,,,,,,,0.6,0.2,0.6,2*32
$GNGSA,A,3,102,104,106,110,111,119,128,136,,,,,0.6,0.2,0.6,3*37
$GNGSA,A,3,102,104,106,109,110,111,112,119,128,136,,,0.6,0.2,0.6,3*3D
$GNGSA,A,3,207,210,211,227,228,230,232,233,241,,,,0.6,0.2,0.6,4*0A
$GNGSA,A,3,228,230,233,241,,,,,,,,,0.6,0.2,0.6,4*3A
$GNRMC,135316.000,A,4825.1430,N,00428.4557,W,0.0,125.5,100626,,,A*61
$GNGGA,135317.000,4825.1430,N,00428.4556,W,1,51,0.2,91.6,M,52.0,M,,*6C
$GNVTG,125.5,T,,M,0.0,N,0.0,K,A*10
$GPGSV,5,1,15,01,35,120,38,02,11,128,39,03,60,057,40,04,59,159,32,1*6F
$GPGSV,5,2,15,06,34,303,29,09,32,195,27,19,45,284,30,28,13,039,28,1*61
$GPGSV,5,3,15,31,18,068,42,1*55
$GPGSV,5,4,15,01,35,120,34,03,60,057,43,04,59,159,40,06,34,303,38,8*60
$GPGSV,5,5,15,09,32,195,34,28,13,039,30,8*6A
$GQGSV,1,1,,,,,,,,,,,,,0.0*56
$GLGSV,2,1,05,69,82,205,34,70,28,217,33,83,33,140,33,84,87,323,29,1*76
$GLGSV,2,2,05,85,37,320,38,1*4E
$GAGSV,6,1,18,102,13,285,25,104,59,123,37,106,46,165,36,110,56,107,38,7*75
$GAGSV,6,2,18,111,84,053,28,112,31,111,38,119,30,047,36,128,51,078,37,7*7D
$GAGSV,6,3,18,136,39,300,32,7*73
$GAGSV,6,4,18,102,13,285,38,104,59,123,43,106,46,165,45,109,26,185,38,1*78
$GAGSV,6,5,18,110,56,107,40,112,31,111,28,119,30,047,31,128,51,078,33,1*7E
$GAGSV,6,6,18,136,39,300,42,1*77
$GBGSV,5,1,14,207,16,041,36,210,16,054,37,211,13,315,25,1*74
$GBGSV,5,2,14,227,67,198,33,228,30,155,36,230,39,304,36,232,35,226,27,3*70
$GBGSV,5,3,14,233,32,053,40,241,83,088,34,3*7D
$GBGSV,5,4,14,227,67,198,37,228,30,155,33,232,35,226,32,233,32,053,37,5*7D
$GBGSV,5,5,14,241,83,088,46,5*79
$GIGSV,1,1,,,,,,,,,,,,,0.0*4E
$GNGSA,A,3,01,02,03,04,06,09,28,31,,,,,0.6,0.2,0.6,1*30
$GNGSA,A,3,01,03,04,06,09,28,,,,,,,0.6,0.2,0.6,1*30
$GNGSA,A,3,69,70,83,84,85,,,,,,,,0.6,0.2,0.6,2*32
$GNGSA,A,3,102,104,106,110,111,112,119,128,136,,,,0.6,0.2,0.6,3*05
$GNGSA,A,3,102,104,106,109,110,112,119,128,136,,,,0.6,0.2,0.6,3*0C
$GNGSA,A,3,207,210,211,227,228,230,232,233,241,,,,0.6,0.2,0.6,4*0A
$GNGSA,A,3,227,228,232,233,241,,,,,,,,0.6,0.2,0.6,4*0F
$GNRMC,135317.000,A,4825.1430,N,00428.4556,W,0.0,125.5,100626,,,A*61
$GNGGA,135318.000,4825.1430,N,00428.4556,W,1,52,0.2,91.6,M,52.0,M,,*60
$GNVTG,125.5,T,,M,0.0,N,0.0,K,A*10
$GPGSV,5,1,15,01,35,120,38,02,11,128,39,03,60,057,40,04,59,159,32,1*6F
$GPGSV,5,2,15,06,34,303,29,09,32,195,28,19,45,284,30,28,13,039,28,1*6E
$GPGSV,5,3,15,31,18,068,42,1*55
$GPGSV,5,4,15,01,35,120,34,03,60,057,43,04,59,159,40,06,34,303,38,8*60
$GPGSV,5,5,15,09,32,195,34,28,13,039,30,8*6A
$GQGSV,1,1,,,,,,,,,,,,,0.0*56
$GLGSV,2,1,05,69,82,205,34,70,28,217,33,83,33,140,33,84,87,323,29,1*76
$GLGSV,2,2,05,85,37,320,38,1*4E
$GAGSV,6,1,18,102,13,285,25,104,59,123,37,106,46,165,36,110,56,107,38,7*75
$GAGSV,6,2,18,111,84,053,28,112,31,111,38,119,30,047,36,128,51,078,37,7*7D
$GAGSV,6,3,18,136,39,300,32,7*73
$GAGSV,6,4,18,102,13,285,38,104,59,123,43,106,46,165,45,109,26,185,38,1*78
$GAGSV,6,5,18,110,56,107,40,112,31,111,28,119,30,047,31,128,51,078,33,1*7E
$GAGSV,6,6,18,136,39,300,42,1*77
$GBGSV,5,1,14,207,16,041,36,210,16,054,37,211,13,315,25,1*74
$GBGSV,5,2,14,227,67,198,33,228,30,155,36,230,39,304,35,232,35,226,27,3*73
$GBGSV,5,3,14,233,32,053,40,241,83,088,34,3*7D
$GBGSV,5,4,14,227,67,198,37,228,30,155,33,232,35,226,32,233,32,053,37,5*7D
$GBGSV,5,5,14,241,83,088,46,5*79
$GIGSV,1,1,,,,,,,,,,,,,0.0*4E
$GNGSA,A,3,01,02,03,04,06,09,19,28,31,,,,0.6,0.2,0.6,1*38
$GNGSA,A,3,01,03,04,06,09,28,,,,,,,0.6,0.2,0.6,1*30
$GNGSA,A,3,69,70,83,84,85,,,,,,,,0.6,0.2,0.6,2*32
$GNGSA,A,3,102,104,106,110,111,112,119,128,136,,,,0.6,0.2,0.6,3*05
$GNGSA,A,3,102,104,106,109,110,112,119,128,136,,,,0.6,0.2,0.6,3*0C
$GNGSA,A,3,207,210,211,227,228,230,232,233,241,,,,0.6,0.2,0.6,4*0A
$GNGSA,A,3,227,228,232,233,241,,,,,,,,0.6,0.2,0.6,4*0F
$GNRMC,135318.000,A,4825.1430,N,00428.4556,W,0.0,125.5,100626,,,A*6E
$GNGGA,135319.000,4825.1430,N,00428.4556,W,1,52,0.2,91.6,M,52.0,M,,*61
$GNVTG,125.5,T,,M,0.0,N,0.0,K,A*10
$GPGSV,5,1,15,01,35,120,38,02,11,128,39,03,60,057,40,04,59,159,32,1*6F
$GPGSV,5,2,15,06,34,303,29,09,32,195,28,19,45,284,30,28,13,039,27,1*61
$GPGSV,5,3,15,31,18,068,42,1*55
$GPGSV,5,4,15,01,35,120,34,03,60,057,43,04,59,159,40,06,34,303,38,8*60
$GPGSV,5,5,15,09,32,195,34,28,13,039,30,8*6A
$GQGSV,1,1,,,,,,,,,,,,,0.0*56
$GLGSV,2,1,05,69,82,205,34,70,28,217,33,83,33,140,33,84,87,323,29,1*76
$GLGSV,2,2,05,85,37,320,39,1*4F
$GAGSV,6,1,18,102,13,285,26,104,59,123,37,106,46,165,36,110,56,107,38,7*76
$GAGSV,6,2,18,111,84,053,28,112,31,111,38,119,30,047,36,128,51,078,37,7*7D
$GAGSV,6,3,18,136,39,300,32,7*73
$GAGSV,6,4,18,102,13,285,38,104,59,123,43,106,46,165,45,109,26,185,38,1*78
$GAGSV,6,5,18,111,84,053,41,112,31,111,28,119,30,047,31,128,51,078,33,1*71
$GAGSV,6,6,18,136,39,300,42,1*77
$GBGSV,5,1,14,207,16,041,36,210,16,054,37,211,13,315,25,1*74
$GBGSV,5,2,14,227,67,198,33,228,30,155,36,230,39,304,35,232,35,226,27,3*73
$GBGSV,5,3,14,233,32,053,40,241,83,088,34,3*7D
$GBGSV,5,4,14,227,67,198,37,228,30,155,33,232,35,226,32,233,32,053,37,5*7D
$GBGSV,5,5,14,241,83,088,46,5*79
$GIGSV,1,1,,,,,,,,,,,,,0.0*4E
$GNGSA,A,3,01,02,03,04,06,09,19,28,31,,,,0.6,0.2,0.4,1*3A
$GNGSA,A,3,01,03,04,06,09,28,,,,,,,0.6,0.2,0.4,1*32
$GNGSA,A,3,69,70,83,84,85,,,,,,,,0.6,0.2,0.4,2*30
$GNGSA,A,3,102,104,106,110,111,112,119,128,136,,,,0.6,0.2,0.4,3*07
$GNGSA,A,3,102,104,106,109,111,112,119,128,136,,,,0.6,0.2,0.4,3*0F
$GNGSA,A,3,207,210,211,227,228,230,232,233,241,,,,0.6,0.2,0.4,4*08
$GNGSA,A,3,227,228,232,233,241,,,,,,,,0.6,0.2,0.4,4*0D
$GNRMC,135319.000,A,4825.1430,N,00428.4556,W,0.0,125.5,100626,,,A*6F
$GNGGA,135320.000,4825.1430,N,00428.4556,W,1,51,0.2,91.6,M,52.0,M,,*68
$GNVTG,125.5,T,,M,0.0,N,0.0,K,A*10
$GPGSV,5,1,15,01,35,120,38,02,11,128,39,03,60,057,40,04,59,159,32,1*6F
$GPGSV,5,2,15,06,34,303,29,09,32,195,28,19,45,284,30,28,13,039,27,1*61
$GPGSV,5,3,15,31,18,068,42,1*55
$GPGSV,5,4,15,01,35,120,34,03,60,057,43,04,59,159,40,06,34,303,38,8*60
$GPGSV,5,5,15,09,32,195,34,28,13,039,30,8*6A
$GQGSV,1,1,,,,,,,,,,,,,0.0*56
$GLGSV,2,1,05,69,82,205,34,70,28,217,33,83,33,140,33,84,87,323,29,1*76
$GLGSV,2,2,05,85,37,320,39,1*4F
$GAGSV,5,1,17,102,13,285,26,104,59,123,37,106,46,165,36,110,56,107,38,7*7A
$GAGSV,5,2,17,111,84,053,28,112,31,111,38,119,30,047,36,128,51,078,37,7*71
$GAGSV,5,3,17,136,39,300,32,7*7F
$GAGSV,5,4,17,102,13,285,38,104,59,123,43,106,46,165,45,110,56,107,40,1*7E
$GAGSV,5,5,17,111,84,053,41,119,30,047,31,128,51,078,33,136,39,300,42,1*7D
$GBGSV,5,1,15,207,16,041,36,210,16,054,37,211,13,315,25,1*75
$GBGSV,5,2,15,227,67,198,33,228,30,155,36,230,39,304,35,232,35,226,27,3*72
$GBGSV,5,3,15,233,32,053,40,241,83,088,34,3*7C
$GBGSV,5,4,15,227,67,198,37,228,30,155,33,230,39,304,40,232,35,226,32,5*75
$GBGSV,5,5,15,233,32,053,37,241,83,088,46,5*79
$GIGSV,1,1,,,,,,,,,,,,,0.0*4E
$GNGSA,A,3,01,02,03,04,06,09,19,31,,,,,0.6,0.2,0.6,1*32
$GNGSA,A,3,01,03,04,06,09,28,,,,,,,0.6,0.2,0.6,1*30
$GNGSA,A,3,69,70,83,84,85,,,,,,,,0.6,0.2,0.6,2*32
$GNGSA,A,3,102,104,106,110,111,112,119,128,136,,,,0.6,0.2,0.6,3*05
$GNGSA,A,3,102,104,106,110,111,119,128,136,,,,,0.6,0.2,0.6,3*37
$GNGSA,A,3,207,210,211,227,228,230,232,233,241,,,,0.6,0.2,0.6,4*0A
$GNGSA,A,3,227,228,230,232,233,241,,,,,,,0.6,0.2,0.6,4*3E
$GNRMC,135320.000,A,4825.1430,N,00428.4556,W,0.0,125.5,100626,,,A*65
$GNGGA,135321.000,4825.1430,N,00428.4556,W,1,52,0.2,91.6,M,52.0,M,,*6A
$GNVTG,125.5,T,,M,0.0,N,0.0,K,A*10
$GPGSV,5,1,15,01,35,120,38,02,11,128,39,03,60,057,40,04,59,159,32,1*6F
$GPGSV,5,2,15,06,34,303,29,09,32,195,28,19,45,284,30,28,13,039,27,1*61
$GPGSV,5,3,15,31,18,068,42,1*55
$GPGSV,5,4,15,01,35,120,34,03,60,057,43,04,59,159,40,06,34,303,38,8*60
$GPGSV,5,5,15,09,32,195,34,28,13,039,30,8*6A
$GQGSV,1,1,,,,,,,,,,,,,0.0*56
$GLGSV,2,1,05,69,82,205,34,70,28,217,33,83,33,140,33,84,87,323,29,1*76
$GLGSV,2,2,05,85,37,320,39,1*4F
$GAGSV,6,1,18,102,13,285,26,104,59,123,37,106,46,165,36,110,56,107,38,7*76
$GAGSV,6,2,18,111,84,053,29,112,31,111,38,119,30,047,36,128,51,078,37,7*7C
$GAGSV,6,3,18,136,39,300,32,7*73
$GAGSV,6,4,18,102,13,285,38,106,46,165,45,109,26,185,38,110,56,107,40,1*77
$GAGSV,6,5,18,111,84,053,41,112,31,111,27,119,30,047,31,128,51,078,33,1*7E
$GAGSV,6,6,18,136,39,300,42,1*77
$GBGSV,5,1,14,207,16,041,36,210,16,054,37,211,13,315,25,1*74
$GBGSV,5,2,14,227,67,198,33,228,30,155,36,230,39,304,35,232,35,226,27,3*73
$GBGSV,5,3,14,233,32,053,40,241,83,088,34,3*7D
$GBGSV,5,4,14,227,67,198,37,228,30,155,33,230,39,304,40,232,35,226,32,5*74
$GBGSV,5,5,14,233,32,053,37,5*76
$GIGSV,1,1,,,,,,,,,,,,,0.0*4E
$GNGSA,A,3,01,02,03,04,06,09,19,28,31,,,,0.6,0.2,0.6,1*38
$GNGSA,A,3,01,03,04,06,09,28,,,,,,,0.6,0.2,0.6,1*30
$GNGSA,A,3,69,70,83,84,85,,,,,,,,0.6,0.2,0.6,2*32
$GNGSA,A,3,102,104,106,110,111,112,119,128,136,,,,0.6,0.2,0.6,3*05
$GNGSA,A,3,102,106,109,110,111,112,119,128,136,,,,0.6,0.2,0.6,3*08
$GNGSA,A,3,207,210,211,227,228,230,232,233,241,,,,0.6,0.2,0.6,4*0A
$GNGSA,A,3,227,228,230,232,233,,,,,,,,0.6,0.2,0.6,4*09
$GNRMC,135321.000,A,4825.1430,N,00428.4556,W,0.0,125.5,100626,,,A*64
$GNGGA,135322.000,4825.1430,N,00428.4556,W,1,50,0.2,91.6,M,52.0,M,,*6B
$GNVTG,125.5,T,,M,0.0,N,0.0,K,A*10
$GPGSV,5,1,15,01,35,120,39,02,11,128,39,03,60,057,40,04,59,159,32,1*6E
$GPGSV,5,2,15,06,34,303,29,09,32,195,28,19,45,284,30,28,13,039,26,1*60
$GPGSV,5,3,15,31,18,068,42,1*55
$GPGSV,5,4,15,01,35,120,34,03,60,057,43,04,59,159,40,06,34,303,38,8*60
$GPGSV,5,5,15,09,32,195,34,28,13,039,29,8*62
$GQGSV,1,1,,,,,,,,,,,,,0.0*56
$GLGSV,2,1,05,69,82,205,34,70,28,217,33,83,33,140,33,84,87,323,29,1*76
$GLGSV,2,2,05,85,37,320,39,1*4F
$GAGSV,6,1,18,102,13,285,26,104,59,123,37,106,46,165,36,110,56,107,38,7*76
$GAGSV,6,2,18,111,84,053,29,112,31,111,38,119,30,047,36,128,51,078,37,7*7C
$GAGSV,6,3,18,136,39,300,32,7*73
$GAGSV,6,4,18,102,13,285,38,104,59,123,43,109,26,185,38,110,56,107,40,1*7F
$GAGSV,6,5,18,111,84,053,41,112,31,111,27,119,30,047,31,128,51,078,34,1*79
$GAGSV,6,6,18,136,39,300,42,1*77
$GBGSV,5,1,14,207,16,041,36,210,16,054,37,211,13,315,25,1*74
$GBGSV,5,2,14,227,67,198,33,228,30,155,36,230,39,304,35,232,35,226,27,3*73
$GBGSV,5,3,14,233,32,053,40,241,83,088,34,3*7D
$GBGSV,5,4,14,227,67,198,37,228,30,155,33,230,39,304,40,232,35,226,32,5*74
$GBGSV,5,5,14,233,32,053,37,5*76
$GIGSV,1,1,,,,,,,,,,,,,0.0*4E
$GNGSA,A,3,01,02,03,04,06,09,31,,,,,,0.6,0.2,0.6,1*3A
$GNGSA,A,3,01,03,04,06,09,28,,,,,,,0.6,0.2,0.6,1*30
$GNGSA,A,3,69,70,83,84,85,,,,,,,,0.6,0.2,0.6,2*32
$GNGSA,A,3,102,104,106,110,111,112,119,128,136,,,,0.6,0.2,0.6,3*05
$GNGSA,A,3,102,104,109,110,111,112,119,128,136,,,,0.6,0.2,0.6,3*0A
$GNGSA,A,3,207,210,211,227,228,230,232,233,241,,,,0.6,0.2,0.6,4*0A
$GNGSA,A,3,227,228,230,232,233,,,,,,,,0.6,0.2,0.6,4*09
$GNRMC,135322.000,A,4825.1430,N,00428.4556,W,0.0,125.5,100626,,,A*67
$GNGGA,135323.000,4825.1430,N,00428.4556,W,1,51,0.2,91.6,M,52.0,M,,*6B
$GNVTG,125.5,T,,M,0.0,N,0.0,K,A*10
$GPGSV,5,1,15,01,35,120,39,02,11,128,39,03,60,057,40,04,59,159,32,1*6E
$GPGSV,5,2,15,06,34,303,29,09,32,195,27,19,45,284,30,28,13,039,26,1*6F
$GPGSV,5,3,15,31,18,068,42,1*55
$GPGSV,5,4,15,01,35,120,34,03,60,057,43,04,59,159,40,06,34,303,39,8*61
$GPGSV,5,5,15,09,32,195,34,28,13,039,29,8*62
$GQGSV,1,1,,,,,,,,,,,,,0.0*56
$GLGSV,2,1,05,69,82,205,34,70,28,217,33,83,33,140,33,84,87,323,29,1*76
$GLGSV,2,2,05,85,37,320,39,1*4F
$GAGSV,6,1,20,102,13,285,27,104,59,123,37,106,46,165,36,109,26,185,23,7*73
$GAGSV,6,2,20,110,56,107,38,111,84,053,29,112,31,111,38,119,30,047,36,7*7D
$GAGSV,6,3,20,128,51,078,37,136,39,300,32,7*7C
$GAGSV,6,4,20,102,13,285,38,104,59,123,43,106,46,165,44,109,26,185,38,1*72
$GAGSV,6,5,20,110,56,107,40,111,84,053,41,112,31,111,27,119,30,047,31,1*74
$GAGSV,6,6,20,128,51,078,35,136,39,300,42,1*7A
$GBGSV,4,1,13,207,16,041,36,210,16,054,37,211,13,315,25,1*72
$GBGSV,4,2,13,227,67,198,33,228,30,155,36,230,39,304,35,232,35,226,27,3*75
$GBGSV,4,3,13,233,32,053,40,241,83,088,34,3*7B
$GBGSV,4,4,13,228,30,155,33,230,39,304,40,232,35,226,33,241,83,088,46,5*7F
$GIGSV,1,1,,,,,,,,,,,,,0.0*4E
$GNGSA,A,3,01,02,03,04,06,09,31,,,,,,0.6,0.2,0.6,1*3A
$GNGSA,A,3,01,03,04,06,09,28,,,,,,,0.6,0.2,0.6,1*30
$GNGSA,A,3,69,70,83,84,85,,,,,,,,0.6,0.2,0.6,2*32
$GNGSA,A,3,102,104,106,109,110,111,112,119,128,136,,,0.6,0.2,0.6,3*3D
$GNGSA,A,3,102,104,106,109,110,111,112,119,128,136,,,0.6,0.2,0.6,3*3D
$GNGSA,A,3,207,210,211,227,228,230,232,233,241,,,,0.6,0.2,0.6,4*0A
$GNGSA,A,3,228,230,232,241,,,,,,,,,0.6,0.2,0.6,4*3B
$GNRMC,135323.000,A,4825.1430,N,00428.4556,W,0.0,125.5,100626,,,A*66
$GNGGA,135324.000,4825.1430,N,00428.4556,W,1,52,0.2,91.6,M,52.0,M,,*6F
$GNVTG,125.5,T,,M,0.0,N,0.0,K,A*10
$GPGSV,5,1,15,01,35,120,39,02,11,128,39,03,60,057,40,04,59,159,32,1*6E
$GPGSV,5,2,15,06,34,303,30,09,32,195,27,19,45,284,30,28,13,039,26,1*67
$GPGSV,5,3,15,31,18,068,42,1*55
$GPGSV,5,4,15,01,35,120,34,03,60,057,43,04,59,159,40,06,34,303,39,8*61
$GPGSV,5,5,15,09,32,195,35,28,13,039,29,8*63
$GQGSV,1,1,,,,,,,,,,,,,0.0*56
$GLGSV,2,1,05,69,82,205,34,70,28,217,33,83,33,140,33,84,87,323,29,1*76
$GLGSV,2,2,05,85,37,320,39,1*4F
$GAGSV,5,1,18,102,13,285,27,104,59,123,36,106,46,165,36,109,26,185,24,7*7D
$GAGSV,5,2,18,110,56,107,38,111,84,053,29,112,31,111,37,119,30,047,36,7*7A
$GAGSV,5,3,18,128,51,078,37,136,39,300,32,7*74
$GAGSV,5,4,18,102,13,285,38,104,59,123,43,106,46,165,44,111,84,053,41,1*7F
$GAGSV,5,5,18,112,31,111,27,119,30,047,31,128,51,078,35,136,39,300,42,1*7E
$GBGSV,5,1,15,207,16,041,36,210,16,054,37,211,13,315,25,1*75
$GBGSV,5,2,15,227,67,198,33,228,30,155,36,230,39,304,35,232,35,226,28,3*7D
$GBGSV,5,3,15,233,32,053,41,241,83,088,34,3*7D
$GBGSV,5,4,15,227,67,198,37,228,30,155,34,230,39,304,40,232,35,226,33,5*73
$GBGSV,5,5,15,233,32,053,35,241,83,088,46,5*7B
$GIGSV,1,1,,,,,,,,,,,,,0.0*4E
$GNGSA,A,3,01,02,03,04,06,09,19,31,,,,,0.6,0.2,0.6,1*32
$GNGSA,A,3,01,03,04,06,09,28,,,,,,,0.6,0.2,0.6,1*30
$GNGSA,A,3,69,70,83,84,85,,,,,,,,0.6,0.2,0.6,2*32
$GNGSA,A,3,102,104,106,109,110,111,112,119,128,136,,,0.6,0.2,0.6,3*3D
$GNGSA,A,3,102,104,106,111,112,119,128,136,,,,,0.6,0.2,0.6,3*35
$GNGSA,A,3,207,210,211,227,228,230,232,233,241,,,,0.6,0.2,0.6,4*0A
$GNGSA,A,3,227,228,230,232,233,241,,,,,,,0.6,0.2,0.6,4*3E
$GNRMC,135324.000,A,4825.1430,N,00428.4556,W,0.0,125.5,100626,,,A*61
$GNGGA,135325.000,4825.1430,N,00428.4556,W,1,51,0.2,91.6,M,52.0,M,,*6D
$GNVTG,125.5,T,,M,0.0,N,0.0,K,A*10
$GPGSV,5,1,15,01,35,120,39,02,11,128,39,03,60,057,40,04,59,159,31,1*6D
$GPGSV,5,2,15,06,34,303,30,09,33,195,27,19,45,284,30,28,13,039,26,1*66
$GPGSV,5,3,15,31,18,068,42,1*55
$GPGSV,5,4,15,01,35,120,34,03,60,057,44,04,59,159,40,06,34,303,39,8*66
$GPGSV,5,5,15,09,33,195,35,28,13,039,29,8*62
$GQGSV,1,1,,,,,,,,,,,,,0.0*56
$GLGSV,2,1,05,69,82,205,34,70,28,217,33,83,33,140,33,84,87,323,29,1*76
$GLGSV,2,2,05,85,37,320,39,1*4F
$GAGSV,5,1,18,102,13,285,27,104,59,123,36,106,46,165,36,109,26,185,25,7*7C
$GAGSV,5,2,18,110,56,107,38,111,84,053,29,112,31,111,36,119,30,047,36,7*7B
$GAGSV,5,3,18,128,51,078,37,136,39,300,32,7*74
$GAGSV,5,4,18,102,13,285,38,106,46,165,44,109,26,185,37,111,84,053,41,1*75
$GAGSV,5,5,18,112,31,111,28,119,30,047,31,128,51,078,35,136,39,300,42,1*71
$GBGSV,5,1,15,207,16,041,36,210,16,054,37,211,13,315,26,1*76
$GBGSV,5,2,15,227,67,198,33,228,30,155,36,230,39,304,35,232,35,226,28,3*7D
$GBGSV,5,3,15,233,32,053,41,241,83,088,33,3*7A
$GBGSV,5,4,15,227,67,198,37,228,30,155,34,230,39,304,40,232,35,226,33,5*73
$GBGSV,5,5,15,233,32,053,35,241,83,088,46,5*7B
$GIGSV,1,1,,,,,,,,,,,,,0.0*4E
$GNGSA,A,3,01,02,03,06,09,19,31,,,,,,0.6,0.2,0.6,1*36
$GNGSA,A,3,01,03,04,06,09,28,,,,,,,0.6,0.2,0.6,1*30
$GNGSA,A,3,69,70,83,84,85,,,,,,,,0.6,0.2,0.6,2*32
$GNGSA,A,3,102,104,106,109,110,111,112,119,128,136,,,0.6,0.2,0.6,3*3D
$GNGSA,A,3,102,106,109,111,112,119,128,136,,,,,0.6,0.2,0.6,3*38
$GNGSA,A,3,207,210,211,227,228,230,232,233,241,,,,0.6,0.2,0.6,4*0A
$GNGSA,A,3,227,228,230,232,233,241,,,,,,,0.6,0.2,0.6,4*3E
$GNRMC,135325.000,A,4825.1430,N,00428.4556,W,0.0,125.5,100626,,,A*60
$GNGGA,135326.000,4825.1430,N,00428.4556,W,1,51,0.2,91.6,M,52.0,M,,*6E
$GNVTG,125.5,T,,M,0.0,N,0.0,K,A*10
$GPGSV,5,1,15,01,35,120,40,02,11,128,39,03,60,057,40,04,59,159,30,1*62
$GPGSV,5,2,15,06,34,303,30,09,33,195,27,19,45,284,30,28,13,039,25,1*65
$GPGSV,5,3,15,31,18,068,42,1*55
$GPGSV,5,4,15,01,35,120,34,03,60,057,44,04,59,159,40,06,34,303,39,8*66
$GPGSV,5,5,15,09,33,195,35,28,13,039,29,8*62
$GQGSV,1,1,,,,,,,,,,,,,0.0*56
$GLGSV,2,1,05,69,82,206,34,70,28,217,33,83,33,140,33,84,88,322,29,1*7B
$GLGSV,2,2,05,85,38,320,39,1*40
$GAGSV,6,1,19,102,13,285,27,104,59,123,35,106,46,165,35,109,26,185,25,7*7E
$GAGSV,6,2,19,110,56,107,37,111,84,053,29,112,31,111,35,119,30,047,35,7*76
$GAGSV,6,3,19,128,51,078,37,136,39,300,32,7*76
$GAGSV,6,4,19,102,13,285,38,106,46,165,44,109,26,185,37,110,56,107,39,1*76
$GAGSV,6,5,19,111,84,053,41,112,31,111,29,119,30,047,31,128,51,078,36,1*74
$GAGSV,6,6,19,136,39,300,42,1*76
$GBGSV,5,1,14,207,16,041,36,210,16,054,37,211,13,315,26,1*77
$GBGSV,5,2,14,227,67,198,33,228,30,155,36,230,39,304,35,232,35,226,29,3*7D
$GBGSV,5,3,14,233,32,053,41,241,83,088,33,3*7B
$GBGSV,5,4,14,227,67,198,37,228,30,155,34,232,35,226,33,233,32,053,34,5*78
$GBGSV,5,5,14,241,83,088,46,5*79
$GIGSV,1,1,,,,,,,,,,,,,0.0*4E
$GNGSA,A,3,01,02,03,04,19,28,31,,,,,,0.6,0.2,0.4,1*35
$GNGSA,A,3,01,03,04,06,09,28,,,,,,,0.6,0.2,0.4,1*32
$GNGSA,A,3,69,70,83,84,85,,,,,,,,0.6,0.2,0.4,2*30
$GNGSA,A,3,102,104,106,109,110,111,112,119,128,136,,,0.6,0.2,0.4,3*3F
$GNGSA,A,3,102,106,109,110,111,112,119,128,136,,,,0.6,0.2,0.4,3*0A
$GNGSA,A,3,207,210,211,227,228,230,232,233,241,,,,0.6,0.2,0.4,4*08
$GNGSA,A,3,227,228,232,233,241,,,,,,,,0.6,0.2,0.4,4*0D
$GNRMC,135326.000,A,4825.1430,N,00428.4556,W,0.0,125.5,100626,,,A*63
$GNGGA,135327.000,4825.1430,N,00428.4556,W,1,51,0.2,91.6,M,52.0,M,,*6F
$GNVTG,125.5,T,,M,0.0,N,0.0,K,A*10
$GPGSV,5,1,15,01,35,120,40,02,11,128,39,03,60,057,40,04,59,159,30,1*62
$GPGSV,5,2,15,06,34,303,30,09,33,195,27,19,45,284,30,28,13,039,25,1*65
$GPGSV,5,3,15,31,18,068,42,1*55
$GPGSV,5,4,15,01,35,120,34,03,60,057,44,04,59,159,40,06,34,303,39,8*66
$GPGSV,5,5,15,09,33,195,35,28,13,039,29,8*62
$GQGSV,1,1,,,,,,,,,,,,,0.0*56
$GLGSV,2,1,05,69,82,206,34,70,28,217,33,83,33,140,33,84,88,322,29,1*7B
$GLGSV,2,2,05,85,38,320,39,1*40
$GAGSV,6,1,20,102,13,285,27,104,59,123,34,106,46,165,35,109,26,185,25,7*75
$GAGSV,6,2,20,110,56,107,37,111,84,053,29,112,31,111,34,119,30,047,35,7*7D
$GAGSV,6,3,20,128,51,078,37,136,39,300,32,7*7C
$GAGSV,6,4,20,102,13,285,38,104,59,123,43,106,46,165,44,109,26,185,37,1*7D
$GAGSV,6,5,20,110,56,107,39,111,84,053,41,112,31,111,29,119,30,047,31,1*74
$GAGSV,6,6,20,128,51,078,36,136,39,300,42,1*79
$GBGSV,4,1,13,207,16,041,36,210,16,054,37,211,13,315,26,1*71
$GBGSV,4,2,13,227,67,198,33,228,30,155,36,230,39,304,35,232,35,226,29,3*7B
$GBGSV,4,3,13,233,32,053,41,241,83,088,32,3*7C
$GBGSV,4,4,13,227,67,198,37,232,35,226,32,233,32,053,34,241,83,088,46,5*7C
$GIGSV,1,1,,,,,,,,,,,,,0.0*4E
$GNGSA,A,3,01,02,03,04,06,09,19,31,,,,,0.6,0.2,0.6,1*32
$GNGSA,A,3,01,03,04,06,09,28,,,,,,,0.6,0.2,0.6,1*30
$GNGSA,A,3,69,70,83,84,85,,,,,,,,0.6,0.2,0.6,2*32
$GNGSA,A,3,102,104,106,109,110,111,112,119,128,136,,,0.6,0.2,0.6,3*3D
$GNGSA,A,3,102,104,106,109,110,111,112,119,128,136,,,0.6,0.2,0.6,3*3D
$GNGSA,A,3,207,210,211,227,228,230,232,233,,,,,0.6,0.2,0.6,4*3D
$GNGSA,A,3,227,232,233,241,,,,,,,,,0.6,0.2,0.6,4*37
$GNRMC,135327.000,A,4825.1430,N,00428.4556,W,0.0,125.5,100626,,,A*62
$GNGGA,135328.000,4825.1430,N,00428.4556,W,1,50,0.2,91.6,M,52.0,M,,*61
$GNVTG,125.5,T,,M,0.0,N,0.0,K,A*10
$GPGSV,5,1,15,01,35,120,40,02,11,128,39,03,60,057,40,04,59,159,30,1*62
$GPGSV,5,2,15,06,34,303,30,09,33,195,27,19,45,284,30,28,13,039,25,1*65
$GPGSV,5,3,15,31,18,068,42,1*55
$GPGSV,5,4,15,01,35,120,33,03,60,057,44,04,59,159,40,06,34,303,39,8*61
$GPGSV,5,5,15,09,33,195,34,28,13,039,29,8*63
$GQGSV,1,1,,,,,,,,,,,,,0.0*56
$GLGSV,2,1,05,69,82,206,34,70,28,217,33,83,33,140,33,84,88,322,29,1*7B
$GLGSV,2,2,05,85,38,320,39,1*40
$GAGSV,6,1,19,102,13,285,28,104,59,123,34,106,46,165,35,109,26,185,26,7*73
$GAGSV,6,2,19,110,56,107,37,111,84,053,29,112,31,111,34,119,30,047,35,7*77
$GAGSV,6,3,19,128,51,078,37,136,39,300,32,7*76
$GAGSV,6,4,19,102,13,285,37,104,59,123,43,106,46,165,44,109,26,185,37,1*78
$GAGSV,6,5,19,110,56,107,39,111,84,053,41,112,31,111,30,119,30,047,31,1*76
$GAGSV,6,6,19,136,39,300,42,1*76
$GBGSV,5,1,14,207,16,041,36,210,16,054,37,211,13,315,26,1*77
$GBGSV,5,2,14,227,67,198,33,228,30,155,36,230,39,304,35,232,35,226,29,3*7D
$GBGSV,5,3,14,233,32,053,41,241,83,088,32,3*7A
$GBGSV,5,4,14,227,67,198,37,228,30,155,34,230,39,304,39,232,35,226,32,5*7D
$GBGSV,5,5,14,233,32,053,34,5*75
$GIGSV,1,1,,,,,,,,,,,,,0.0*4E
$GNGSA,A,3,01,02,03,04,06,19,31,,,,,,0.6,0.2,0.6,1*3B
$GNGSA,A,3,01,03,04,06,09,28,,,,,,,0.6,0.2,0.6,1*30
$GNGSA,A,3,69,70,83,84,85,,,,,,,,0.6,0.2,0.6,2*32
$GNGSA,A,3,102,104,106,109,110,111,112,119,128,136,,,0.6,0.2,0.6,3*3D
$GNGSA,A,3,102,104,106,109,110,111,112,119,136,,,,0.6,0.2,0.6,3*06
$GNGSA,A,3,207,210,211,227,228,230,232,233,,,,,0.6,0.2,0.6,4*3D
$GNGSA,A,3,227,228,230,232,233,,,,,,,,0.6,0.2,0.6,4*09
$GNRMC,135328.000,A,4825.1430,N,00428.4556,W,0.0,125.5,100626,,,A*6D
$GNGGA,135329.000,4825.1430,N,00428.4556,W,1,48,0.4,91.6,M,52.0,M,,*6F
$GNVTG,125.5,T,,M,0.0,N,0.0,K,A*10
$GPGSV,5,1,15,01,35,120,40,02,11,128,39,03,60,057,40,04,59,159,30,1*62
$GPGSV,5,2,15,06,34,303,30,09,33,195,27,19,45,284,30,28,13,039,25,1*65
$GPGSV,5,3,15,31,18,068,42,1*55
$GPGSV,5,4,15,01,35,120,33,03,60,057,44,04,59,159,40,06,34,303,39,8*61
$GPGSV,5,5,15,09,33,195,34,28,13,039,28,8*62
$GQGSV,1,1,,,,,,,,,,,,,0.0*56
$GLGSV,2,1,05,69,82,206,34,70,28,217,33,83,33,140,33,84,88,322,29,1*7B
$GLGSV,2,2,05,85,38,320,39,1*40
$GAGSV,5,1,18,102,13,285,28,104,59,123,34,106,46,165,35,109,26,185,27,7*70
$GAGSV,5,2,18,110,56,107,36,111,84,053,29,112,31,111,36,119,30,047,35,7*76
$GAGSV,5,3,18,128,51,078,37,136,39,300,32,7*74
$GAGSV,5,4,18,102,13,285,38,104,59,123,43,109,26,185,37,110,56,107,39,1*7D
$GAGSV,5,5,18,111,84,053,41,112,31,111,30,119,30,047,31,136,39,300,42,1*70
$GBGSV,5,1,15,207,16,041,36,210,16,053,37,211,13,315,26,1*71
$GBGSV,5,2,15,227,67,198,33,228,30,155,36,230,39,304,35,232,35,226,29,3*7C
$GBGSV,5,3,15,233,32,053,41,241,83,088,32,3*7B
$GBGSV,5,4,15,227,67,198,37,228,30,155,34,230,39,304,39,232,35,226,32,5*7C
$GBGSV,5,5,15,233,32,053,34,241,83,088,46,5*7A
$GIGSV,1,1,,,,,,,,,,,,,0.0*4E
$GNGSA,A,3,01,02,03,04,06,09,31,,,,,,0.6,0.4,0.6,1*3C
$GNGSA,A,3,01,03,04,06,09,,,,,,,,0.6,0.4,0.6,1*3C
$GNGSA,A,3,69,70,83,84,85,,,,,,,,0.6,0.4,0.6,2*34
$GNGSA,A,3,102,104,106,109,110,111,112,119,128,136,,,0.6,0.4,0.6,3*3B
$GNGSA,A,3,102,104,109,110,111,112,119,136,,,,,0.6,0.4,0.6,3*37
$GNGSA,A,3,207,210,227,228,230,232,233,,,,,,0.6,0.4,0.6,4*09
$GNGSA,A,3,227,228,230,232,233,241,,,,,,,0.6,0.4,0.6,4*38
$GNRMC,135329.000,A,4825.1430,N,00428.4556,W,0.0,125.5,100626,,,A*6C
$GNGGA,135330.000,4825.1430,N,00428.4556,W,1,50,0.2,91.6,M,52.0,M,,*68
$GNVTG,125.5,T,,M,0.0,N,0.0,K,A*10
$GPGSV,5,1,15,01,35,120,40,02,10,128,39,03,60,057,40,04,59,159,30,1*63
$GPGSV,5,2,15,06,34,303,30,09,33,195,27,19,45,284,30,28,13,039,25,1*65
$GPGSV,5,3,15,31,18,068,42,1*55
$GPGSV,5,4,15,01,35,120,33,03,60,057,44,04,59,159,40,06,34,303,39,8*61
$GPGSV,5,5,15,09,33,195,34,28,13,039,27,8*6D
$GQGSV,1,1,,,,,,,,,,,,,0.0*56
$GLGSV,2,1,05,69,82,206,34,70,28,217,33,83,33,140,34,84,88,322,29,1*7C
$GLGSV,2,2,05,85,38,320,39,1*40
$GAGSV,6,1,19,102,13,285,28,104,59,123,34,106,46,165,35,109,26,185,27,7*72
$GAGSV,6,2,19,110,56,107,36,111,84,053,29,112,31,111,36,119,30,047,35,7*74
$GAGSV,6,3,19,128,51,078,37,136,39,300,32,7*76
$GAGSV,6,4,19,102,13,285,38,104,59,123,43,106,46,165,44,109,26,185,37,1*77
$GAGSV,6,5,19,110,56,107,40,111,84,053,41,119,30,047,31,128,51,078,36,1*7F
$GAGSV,6,6,19,136,39,300,41,1*75
$GBGSV,5,1,14,207,16,041,36,210,16,053,37,211,13,315,26,1*70
$GBGSV,5,2,14,227,67,198,33,228,30,155,36,230,39,304,35,232,35,226,29,3*7D
$GBGSV,5,3,14,233,32,053,41,241,83,088,32,3*7A
$GBGSV,5,4,14,227,67,198,37,228,30,155,34,232,35,226,32,233,32,053,34,5*79
$GBGSV,5,5,14,241,83,088,46,5*79
$GIGSV,1,1,,,,,,,,,,,,,0.0*4E
$GNGSA,A,3,01,02,03,04,06,19,31,,,,,,0.6,0.2,0.6,1*3B
$GNGSA,A,3,01,03,04,06,09,28,,,,,,,0.6,0.2,0.6,1*30
$GNGSA,A,3,69,70,83,84,85,,,,,,,,0.6,0.2,0.6,2*32
$GNGSA,A,3,102,104,106,109,110,111,112,119,128,136,,,0.6,0.2,0.6,3*3D
$GNGSA,A,3,102,104,106,109,110,111,119,128,136,,,,0.6,0.2,0.6,3*0F
$GNGSA,A,3,207,210,227,228,230,232,233,241,,,,,0.6,0.2,0.6,4*38
$GNGSA,A,3,227,228,232,233,241,,,,,,,,0.6,0.2,0.6,4*0F
$GNRMC,135330.000,A,4825.1430,N,00428.4556,W,0.0,125.5,100626,,,A*64
$GNGGA,135331.000,4825.1430,N,00428.4556,W,1,50,0.4,91.6,M,52.0,M,,*6F
$GNVTG,125.5,T,,M,0.0,N,0.0,K,A*10
$GPGSV,5,1,15,01,35,120,41,02,10,128,39,03,60,057,40,04,59,159,30,1*62
$GPGSV,5,2,15,06,34,303,30,09,33,195,27,19,45,284,30,28,13,039,25,1*65
$GPGSV,5,3,15,31,18,068,41,1*56
$GPGSV,5,4,15,01,35,120,33,03,60,057,44,04,59,159,40,06,34,303,39,8*61
$GPGSV,5,5,15,09,33,195,34,28,13,039,27,8*6D
$GQGSV,1,1,,,,,,,,,,,,,0.0*56
$GLGSV,2,1,05,69,82,206,34,70,28,217,33,83,33,140,34,84,88,322,30,1*74
$GLGSV,2,2,05,85,38,320,39,1*40
$GAGSV,6,1,19,102,13,285,29,104,59,123,34,106,46,165,35,109,26,185,27,7*73
$GAGSV,6,2,19,110,56,107,36,111,84,053,29,112,31,111,36,119,30,047,35,7*74
$GAGSV,6,3,19,128,51,078,37,136,39,300,32,7*76
$GAGSV,6,4,19,102,13,285,38,104,59,123,43,106,46,165,44,110,56,107,40,1*72
$GAGSV,6,5,19,111,84,053,41,112,31,111,31,119,30,047,31,128,51,078,36,1*7D
$GAGSV,6,6,19,136,39,300,41,1*75
$GBGSV,5,1,14,207,16,041,36,210,16,053,37,211,13,315,26,1*70
$GBGSV,5,2,14,227,67,198,33,228,30,155,36,230,39,304,35,232,35,226,29,3*7D
$GBGSV,5,3,14,233,32,053,41,241,83,088,32,3*7A
$GBGSV,5,4,14,227,67,198,37,228,30,155,34,230,39,304,39,232,35,226,31,5*7E
$GBGSV,5,5,14,241,83,088,46,5*79
$GIGSV,1,1,,,,,,,,,,,,,0.0*4E
$GNGSA,A,3,01,02,03,04,09,19,31,,,,,,0.6,0.4,0.6,1*32
$GNGSA,A,3,01,03,04,06,09,28,,,,,,,0.6,0.4,0.6,1*36
$GNGSA,A,3,69,70,83,84,85,,,,,,,,0.6,0.4,0.6,2*34
$GNGSA,A,3,102,104,106,109,110,111,112,119,128,136,,,0.6,0.4,0.6,3*3B
$GNGSA,A,3,102,104,106,110,111,112,119,128,136,,,,0.6,0.4,0.6,3*03
$GNGSA,A,3,207,210,227,228,230,232,233,241,,,,,0.6,0.4,0.6,4*3E
$GNGSA,A,3,227,228,230,232,241,,,,,,,,0.6,0.4,0.6,4*0A
$GNRMC,135331.000,A,4825.1430,N,00428.4556,W,0.0,125.5,100626,,,A*65
$GNGGA,135332.000,4825.1430,N,00428.4556,W,1,51,0.2,91.6,M,52.0,M,,*6B
$GNVTG,125.5,T,,M,0.0,N,0.0,K,A*10
$GPGSV,5,1,15,01,35,120,41,02,10,128,39,03,60,057,40,04,59,159,30,1*62
$GPGSV,5,2,15,06,34,303,30,09,33,195,27,19,45,284,29,28,13,039,25,1*6D
$GPGSV,5,3,15,31,18,068,41,1*56
$GPGSV,5,4,15,01,35,120,33,03,60,057,44,04,59,159,40,06,34,303,39,8*61
$GPGSV,5,5,15,09,33,195,33,28,13,039,26,8*6B
$GQGSV,1,1,,,,,,,,,,,,,0.0*56
$GLGSV,2,1,05,69,82,206,34,70,28,217,32,83,33,140,35,84,88,322,30,1*74
$GLGSV,2,2,05,85,38,320,39,1*40
$GAGSV,6,1,20,102,13,285,29,104,59,123,34,106,46,165,35,109,26,185,27,7*79
$GAGSV,6,2,20,110,56,107,36,111,84,055,29,112,31,111,36,119,30,047,35,7*78
$GAGSV,6,3,20,128,51,078,37,136,39,300,32,7*7C
$GAGSV,6,4,20,102,13,285,38,104,59,123,43,106,46,165,44,109,26,185,37,1*7D
$GAGSV,6,5,20,110,56,107,40,111,84,055,41,112,31,111,31,119,30,047,31,1*75
$GAGSV,6,6,20,128,51,078,35,136,39,300,41,1*79
$GBGSV,4,1,13,207,16,041,36,210,16,053,38,211,13,315,25,1*7A
$GBGSV,4,2,13,227,67,198,33,228,30,155,36,230,39,304,35,232,35,226,30,3*73
$GBGSV,4,3,13,233,32,053,41,241,83,088,31,3*7F
$GBGSV,4,4,13,228,30,155,34,232,35,226,31,233,32,053,34,241,83,088,46,5*70
$GIGSV,1,1,,,,,,,,,,,,,0.0*4E
$GNGSA,A,3,01,02,03,04,06,19,28,31,,,,,0.6,0.2,0.6,1*31
$GNGSA,A,3,01,03,04,06,09,28,,,,,,,0.6,0.2,0.6,1*30
$GNGSA,A,3,69,70,83,84,85,,,,,,,,0.6,0.2,0.6,2*32
$GNGSA,A,3,102,104,106,109,110,111,112,119,128,136,,,0.6,0.2,0.6,3*3D
$GNGSA,A,3,102,104,106,109,110,111,112,119,128,136,,,0.6,0.2,0.6,3*3D
$GNGSA,A,3,207,210,227,228,230,232,233,241,,,,,0.6,0.2,0.6,4*38
$GNGSA,A,3,228,232,233,241,,,,,,,,,0.6,0.2,0.6,4*38
$GNRMC,135332.000,A,4825.1430,N,00428.4556,W,0.0,125.5,100626,,,A*66
$GNGGA,135333.000,4825.1430,N,00428.4556,W,1,52,0.2,91.6,M,52.0,M,,*69
$GNVTG,125.5,T,,M,0.0,N,0.0,K,A*10
$GPGSV,5,1,15,01,35,120,41,02,10,128,39,03,60,057,40,04,59,159,30,1*62
$GPGSV,5,2,15,06,34,303,30,09,33,195,27,19,45,283,29,28,13,039,25,1*6A
$GPGSV,5,3,15,31,18,068,41,1*56
$GPGSV,5,4,15,01,35,120,33,03,60,057,44,04,59,159,40,06,34,303,39,8*61
$GPGSV,5,5,15,09,33,195,33,28,13,039,26,8*6B
$GQGSV,1,1,,,,,,,,,,,,,0.0*56
$GLGSV,2,1,05,69,82,206,34,70,28,217,32,83,33,140,35,84,88,322,30,1*74
$GLGSV,2,2,05,85,38,320,39,1*40
$GAGSV,6,1,19,102,13,285,29,104,59,123,34,106,46,165,35,109,26,185,27,7*73
$GAGSV,6,2,19,110,56,107,36,111,84,055,29,112,31,111,36,119,30,047,35,7*72
$GAGSV,6,3,19,128,51,078,37,136,39,300,32,7*76
$GAGSV,6,4,19,102,13,285,38,104,59,123,43,106,46,165,44,110,56,107,40,1*72
$GAGSV,6,5,19,111,84,055,41,112,31,111,32,119,30,047,31,128,51,078,35,1*7B
$GAGSV,6,6,19,136,39,300,41,1*75
$GBGSV,5,1,14,207,16,041,36,210,16,053,38,211,13,315,25,1*7C
$GBGSV,5,2,14,227,67,198,33,228,30,155,37,230,39,304,35,232,35,226,30,3*74
$GBGSV,5,3,14,233,32,053,41,241,83,088,31,3*79
$GBGSV,5,4,14,227,67,198,37,228,30,155,34,230,39,304,38,233,32,053,34,5*7C
$GBGSV,5,5,14,241,83,088,46,5*79
$GIGSV,1,1,,,,,,,,,,,,,0.0*4E
$GNGSA,A,3,01,02,03,04,06,09,19,31,,,,,0.6,0.2,0.6,1*32
$GNGSA,A,3,01,03,04,06,09,28,,,,,,,0.6,0.2,0.6,1*30
$GNGSA,A,3,69,70,83,84,85,,,,,,,,0.6,0.2,0.6,2*32
$GNGSA,A,3,102,104,106,109,110,111,112,119,128,136,,,0.6,0.2,0.6,3*3D
$GNGSA,A,3,102,104,106,110,111,112,119,128,136,,,,0.6,0.2,0.6,3*05
$GNGSA,A,3,207,210,211,227,228,230,232,233,241,,,,0.6,0.2,0.6,4*0A
$GNGSA,A,3,227,228,230,233,241,,,,,,,,0.6,0.2,0.6,4*0D
$GNRMC,135333.000,A,4825.1430,N,00428.4556,W,0.0,125.5,100626,,,A*67
$GNGGA,135334.000,4825.1430,N,00428.4556,W,1,51,0.2,91.6,M,52.0,M,,*6D
$GNVTG,125.5,T,,M,0.0,N,0.0,K,A*10
$GPGSV,5,1,15,01,35,120,41,02,10,128,39,03,60,057,40,04,59,159,30,1*62
$GPGSV,5,2,15,06,34,303,30,09,33,195,27,19,45,283,29,28,13,039,25,1*6A
$GPGSV,5,3,15,31,18,068,41,1*56
$GPGSV,5,4,15,01,35,120,33,03,60,057,43,04,59,159,40,06,34,303,39,8*66
$GPGSV,5,5,15,09,33,195,33,28,13,039,26,8*6B
$GQGSV,1,1,,,,,,,,,,,,,0.0*56
$GLGSV,2,1,05,69,82,206,34,70,28,217,32,83,33,140,35,84,88,322,30,1*74
$GLGSV,2,2,05,85,38,320,39,1*40
$GAGSV,5,1,18,102,13,285,29,104,59,123,34,106,46,165,35,109,26,185,27,7*71
$GAGSV,5,2,18,110,56,107,36,111,84,055,29,112,31,111,36,119,30,047,35,7*70
$GAGSV,5,3,18,128,51,078,37,136,39,300,32,7*74
$GAGSV,5,4,18,102,13,285,38,109,26,185,37,110,56,107,40,111,84,055,41,1*75
$GAGSV,5,5,18,112,31,111,32,119,30,047,31,128,51,078,35,136,39,300,41,1*79
$GBGSV,5,1,15,207,16,041,36,210,16,053,38,211,13,315,25,1*7D
$GBGSV,5,2,15,227,67,198,33,228,30,155,37,230,39,304,35,232,35,226,30,3*75
$GBGSV,5,3,15,233,32,053,41,241,83,088,31,3*78
$GBGSV,5,4,15,227,67,198,37,228,30,155,34,230,39,304,38,232,35,226,30,5*7F
$GBGSV,5,5,15,233,32,053,34,241,83,088,46,5*7A
$GIGSV,1,1,,,,,,,,,,,,,0.0*4E
$GNGSA,A,3,01,02,03,04,06,19,28,31,,,,,0.6,0.2,0.6,1*31
$GNGSA,A,3,01,03,04,06,09,28,,,,,,,0.6,0.2,0.6,1*30
$GNGSA,A,3,69,70,83,84,85,,,,,,,,0.6,0.2,0.6,2*32
$GNGSA,A,3,102,104,106,109,110,111,112,119,128,136,,,0.6,0.2,0.6,3*3D
$GNGSA,A,3,102,109,110,111,112,119,128,136,,,,,0.6,0.2,0.6,3*3F
$GNGSA,A,3,207,210,227,228,230,232,233,241,,,,,0.6,0.2,0.6,4*38
$GNGSA,A,3,227,228,230,232,233,241,,,,,,,0.6,0.2,0.6,4*3E
$GNRMC,135334.000,A,4825.1430,N,00428.4556,W,0.0,125.5,100626,,,A*60
$GNGGA,135335.000,4825.1430,N,00428.4556,W,1,53,0.2,91.6,M,52.0,M,,*6E
$GNVTG,125.5,T,,M,0.0,N,0.0,K,A*10
$GPGSV,5,1,15,01,35,120,41,02,10,128,39,03,60,057,40,04,59,159,30,1*62
$GPGSV,5,2,15,06,34,303,30,09,33,195,27,19,45,283,29,28,13,039,25,1*6A
$GPGSV,5,3,15,31,18,068,41,1*56
$GPGSV,5,4,15,01,35,120,33,03,60,057,43,04,59,159,40,06,34,303,39,8*66
$GPGSV,5,5,15,09,33,195,33,28,13,039,26,8*6B
$GQGSV,1,1,,,,,,,,,,,,,0.0*56
$GLGSV,2,1,05,69,82,206,34,70,28,217,32,83,33,140,35,84,88,322,30,1*74
$GLGSV,2,2,05,85,38,320,39,1*40
$GAGSV,6,1,19,102,13,285,29,104,59,123,34,106,46,165,35,109,26,185,27,7*73
$GAGSV,6,2,19,110,56,107,36,111,84,055,29,112,31,111,36,119,30,047,35,7*72
$GAGSV,6,3,19,128,51,078,37,136,39,300,32,7*76
$GAGSV,6,4,19,102,13,285,38,106,46,165,44,109,26,185,37,110,56,107,40,1*78
$GAGSV,6,5,19,111,84,055,41,112,31,111,32,119,30,047,31,128,51,078,35,1*7B
$GAGSV,6,6,19,136,39,300,41,1*75
$GBGSV,5,1,14,207,16,041,36,210,16,053,38,211,13,315,25,1*7C
$GBGSV,5,2,14,227,67,198,33,228,30,155,37,230,39,304,35,232,35,226,30,3*74
$GBGSV,5,3,14,233,32,053,41,241,83,088,31,3*79
$GBGSV,5,4,14,227,67,198,37,228,30,155,34,230,39,304,39,232,35,226,30,5*7F
$GBGSV,5,5,14,233,32,053,34,5*75
$GIGSV,1,1,,,,,,,,,,,,,0.0*4E
$GNGSA,A,3,01,02,03,04,06,09,19,28,31,,,,0.6,0.2,0.6,1*38
$GNGSA,A,3,01,03,04,06,09,28,,,,,,,0.6,0.2,0.6,1*30
$GNGSA,A,3,69,70,83,84,85,,,,,,,,0.6,0.2,0.6,2*32
$GNGSA,A,3,102,104,106,109,110,111,112,119,128,136,,,0.6,0.2,0.6,3*3D
$GNGSA,A,3,102,106,109,110,111,112,119,128,136,,,,0.6,0.2,0.6,3*08
$GNGSA,A,3,207,210,211,227,228,230,232,233,241,,,,0.6,0.2,0.6,4*0A
$GNGSA,A,3,227,228,230,232,233,,,,,,,,0.6,0.2,0.6,4*09
$GNRMC,135335.000,A,4825.1430,N,00428.4556,W,0.0,125.5,100626,,,A*61
$GNGGA,135336.000,4825.1430,N,00428.4556,W,1,53,0.2,91.6,M,52.0,M,,*6D
$GNVTG,125.5,T,,M,0.0,N,0.0,K,A*10
$GPGSV,5,1,15,01,35,120,41,02,10,128,39,03,60,057,41,04,59,159,30,1*63
$GPGSV,5,2,15,06,34,303,30,09,33,195,27,19,45,283,29,28,13,039,25,1*6A
$GPGSV,5,3,15,31,18,068,41,1*56
$GPGSV,5,4,15,01,35,120,33,03,60,057,43,04,59,159,40,06,34,303,39,8*66
$GPGSV,5,5,15,09,33,195,32,28,13,039,26,8*6A
$GQGSV,1,1,,,,,,,,,,,,,0.0*56
$GLGSV,2,1,05,69,82,206,34,70,28,217,32,83,33,140,36,84,88,322,30,1*77
$GLGSV,2,2,05,85,38,320,39,1*40
$GAGSV,6,1,19,102,13,285,29,104,59,123,35,106,46,165,35,109,26,185,27,7*72
$GAGSV,6,2,19,110,56,107,36,111,84,055,29,112,31,111,36,119,30,047,35,7*72
$GAGSV,6,3,19,128,51,078,37,136,39,300,32,7*76
$GAGSV,6,4,19,102,13,285,38,104,59,123,43,106,46,165,44,109,26,185,37,1*77
$GAGSV,6,5,19,111,84,055,41,112,31,111,32,119,30,047,31,128,51,078,35,1*7B
$GAGSV,6,6,19,136,39,300,41,1*75
$GBGSV,5,1,14,207,16,041,36,210,16,053,38,211,13,315,25,1*7C
$GBGSV,5,2,14,227,67,197,33,228,30,155,37,230,39,304,35,232,35,226,30,3*7B
$GBGSV,5,3,14,233,32,053,41,241,83,088,31,3*79
$GBGSV,5,4,14,227,67,197,37,228,30,155,34,232,35,226,31,233,32,053,34,5*75
$GBGSV,5,5,14,241,83,088,46,5*79
$GIGSV,1,1,,,,,,,,,,,,,0.0*4E
$GNGSA,A,3,01,02,03,04,06,09,19,28,31,,,,0.6,0.2,0.4,1*3A
$GNGSA,A,3,01,03,04,06,09,28,,,,,,,0.6,0.2,0.4,1*32
$GNGSA,A,3,69,70,83,84,85,,,,,,,,0.6,0.2,0.4,2*30
$GNGSA,A,3,102,104,106,109,110,111,112,119,128,136,,,0.6,0.2,0.4,3*3F
$GNGSA,A,3,102,104,106,109,111,112,119,128,136,,,,0.6,0.2,0.4,3*0F
$GNGSA,A,3,207,210,211,227,228,230,232,233,241,,,,0.6,0.2,0.4,4*08
$GNGSA,A,3,227,228,232,233,241,,,,,,,,0.6,0.2,0.4,4*0D
$GNRMC,135336.000,A,4825.1430,N,00428.4556,W,0.0,125.5,100626,,,A*62
$GNGGA,135337.000,4825.1430,N,00428.4556,W,1,51,0.2,91.6,M,52.0,M,,*6E
$GNVTG,125.5,T,,M,0.0,N,0.0,K,A*10
$GPGSV,5,1,15,01,35,120,41,02,10,128,39,03,60,057,41,04,59,159,30,1*63
$GPGSV,5,2,15,06,34,303,30,09,33,195,27,19,45,283,29,28,13,039,25,1*6A
$GPGSV,5,3,15,31,18,068,41,1*56
$GPGSV,5,4,15,01,35,120,33,03,60,057,43,04,59,159,40,06,34,303,39,8*66
$GPGSV,5,5,15,09,33,195,32,28,13,039,26,8*6A
$GQGSV,1,1,,,,,,,,,,,,,0.0*56
$GLGSV,2,1,05,69,82,206,34,70,28,217,32,83,33,140,36,84,88,322,29,1*7F
$GLGSV,2,2,05,85,38,320,39,1*40
$GAGSV,6,1,19,102,13,285,29,104,59,123,35,106,46,165,35,109,26,185,27,7*72
$GAGSV,6,2,19,110,56,107,37,111,84,055,29,112,31,111,36,119,30,047,35,7*73
$GAGSV,6,3,19,128,51,078,37,136,39,300,32,7*76
$GAGSV,6,4,19,102,13,285,38,104,59,123,43,106,46,165,44,109,26,185,37,1*77
$GAGSV,6,5,19,110,56,107,41,111,84,055,41,112,31,111,32,119,30,047,31,1*7D
$GAGSV,6,6,19,128,51,078,36,1*78
$GBGSV,5,1,14,207,16,041,36,210,16,053,38,211,13,315,25,1*7C
$GBGSV,5,2,14,227,67,197,33,228,30,155,37,230,39,304,35,232,35,226,30,3*7B
$GBGSV,5,3,14,233,32,053,41,241,83,088,31,3*79
$GBGSV,5,4,14,227,67,197,37,228,30,155,34,232,35,226,31,233,32,053,34,5*75
$GBGSV,5,5,14,241,83,088,46,5*79
$GIGSV,1,1,,,,,,,,,,,,,0.0*4E
$GNGSA,A,3,01,02,03,04,06,09,28,31,,,,,0.6,0.2,0.6,1*30
$GNGSA,A,3,01,03,04,06,09,28,,,,,,,0.6,0.2,0.6,1*30
$GNGSA,A,3,69,70,83,85,,,,,,,,,0.6,0.2,0.6,2*3E
$GNGSA,A,3,102,104,106,109,110,111,112,119,128,136,,,0.6,0.2,0.6,3*3D
$GNGSA,A,3,102,104,106,109,110,111,112,119,128,,,,0.6,0.2,0.6,3*09
$GNGSA,A,3,207,210,211,227,228,230,232,233,241,,,,0.6,0.2,0.6,4*0A
$GNGSA,A,3,227,228,232,233,241,,,,,,,,0.6,0.2,0.6,4*0F
$GNRMC,135337.000,A,4825.1430,N,00428.4556,W,0.0,125.5,100626,,,A*63
$GNGGA,135338.000,4825.1430,N,00428.4556,W,1,53,0.2,91.6,M,52.0,M,,*63
$GNVTG,125.5,T,,M,0.0,N,0.0,K,A*10
$GPGSV,5,1,15,01,35,120,41,02,10,128,39,03,60,057,41,04,59,159,31,1*62
$GPGSV,5,2,15,06,34,303,30,09,33,195,27,19,45,283,29,28,13,039,25,1*6A
$GPGSV,5,3,15,31,18,068,41,1*56
$GPGSV,5,4,15,01,35,120,32,03,60,057,43,04,59,159,40,06,34,303,40,8*69
$GPGSV,5,5,15,09,33,195,32,28,13,039,26,8*6A
$GQGSV,1,1,,,,,,,,,,,,,0.0*56
$GLGSV,2,1,05,69,82,206,34,70,28,217,32,83,33,140,36,84,88,322,29,1*7F
$GLGSV,2,2,05,85,38,320,39,1*40
$GAGSV,5,1,18,102,13,285,29,104,59,123,35,106,46,165,35,109,26,185,27,7*70
$GAGSV,5,2,18,110,56,107,37,111,84,055,29,112,31,111,36,119,30,047,35,7*71
$GAGSV,5,3,18,128,51,078,37,136,39,300,32,7*74
$GAGSV,5,4,18,102,13,285,38,104,59,123,43,109,26,185,37,110,56,107,41,1*72
$GAGSV,5,5,18,111,84,055,41,112,31,111,33,128,51,078,36,136,39,300,40,1*79
$GBGSV,5,1,15,207,16,041,36,210,16,053,38,211,13,315,25,1*7D
$GBGSV,5,2,15,227,67,197,33,228,30,155,37,230,39,304,35,232,35,226,30,3*7A
$GBGSV,5,3,15,233,32,053,41,241,83,088,31,3*78
$GBGSV,5,4,15,227,67,197,37,228,30,155,34,230,39,304,39,232,35,226,31,5*70
$GBGSV,5,5,15,233,32,053,35,241,83,088,46,5*7B
$GIGSV,1,1,,,,,,,,,,,,,0.0*4E
$GNGSA,A,3,01,02,03,04,06,09,19,28,31,,,,0.6,0.2,0.4,1*3A
$GNGSA,A,3,01,03,04,06,09,28,,,,,,,0.6,0.2,0.4,1*32
$GNGSA,A,3,69,70,83,84,85,,,,,,,,0.6,0.2,0.4,2*30
$GNGSA,A,3,102,104,106,109,110,111,112,119,128,136,,,0.6,0.2,0.4,3*3F
$GNGSA,A,3,102,104,109,110,111,112,128,136,,,,,0.6,0.2,0.4,3*31
$GNGSA,A,3,207,210,211,227,228,230,232,233,241,,,,0.6,0.2,0.4,4*08
$GNGSA,A,3,227,228,230,232,233,241,,,,,,,0.6,0.2,0.4,4*3C
$GNRMC,135338.000,A,4825.1430,N,00428.4556,W,0.0,125.5,100626,,,A*6C
$GNGGA,135339.000,4825.1430,N,00428.4556,W,1,52,0.2,91.6,M,52.0,M,,*63
$GNVTG,125.5,T,,M,0.0,N,0.0,K,A*10
$GPGSV,5,1,15,01,35,120,41,02,10,128,39,03,60,057,41,04,59,159,31,1*62
$GPGSV,5,2,15,06,34,303,30,09,33,195,27,19,45,283,29,28,13,039,28,1*67
$GPGSV,5,3,15,31,18,068,41,1*56
$GPGSV,5,4,15,01,35,120,31,03,60,057,43,04,59,159,40,06,34,303,40,8*6A
$GPGSV,5,5,15,09,33,195,32,28,13,039,26,8*6A
$GQGSV,1,1,,,,,,,,,,,,,0.0*56
$GLGSV,2,1,05,69,82,206,34,70,28,217,32,83,33,140,36,84,88,322,29,1*7F
$GLGSV,2,2,05,85,38,320,39,1*40
$GAGSV,6,1,20,102,13,285,29,104,59,123,35,106,46,165,35,109,26,185,27,7*78
$GAGSV,6,2,20,110,56,107,37,111,84,055,29,112,31,111,36,119,30,047,35,7*79
$GAGSV,6,3,20,128,51,078,37,136,39,300,32,7*7C
$GAGSV,6,4,20,102,13,285,37,104,59,123,43,106,46,165,44,109,26,185,37,1*72
$GAGSV,6,5,20,110,56,107,41,111,84,055,41,112,31,111,33,119,30,047,31,1*76
$GAGSV,6,6,20,128,51,078,35,136,39,300,41,1*79
$GBGSV,4,1,13,207,16,041,36,210,16,053,38,211,13,315,25,1*7A
$GBGSV,4,2,13,227,67,197,33,228,30,155,37,230,39,304,35,232,35,226,30,3*7D
$GBGSV,4,3,13,233,32,053,41,241,83,088,31,3*7F
$GBGSV,4,4,13,230,39,304,39,232,35,226,31,233,32,053,35,241,83,088,46,5*7A
$GIGSV,1,1,,,,,,,,,,,,,0.0*4E
$GNGSA,A,3,01,02,03,04,06,19,28,31,,,,,0.6,0.2,0.6,1*31
$GNGSA,A,3,01,03,04,06,09,28,,,,,,,0.6,0.2,0.6,1*30
$GNGSA,A,3,69,70,83,84,85,,,,,,,,0.6,0.2,0.6,2*32
$GNGSA,A,3,102,104,106,109,110,111,112,119,128,136,,,0.6,0.2,0.6,3*3D
$GNGSA,A,3,102,104,106,109,110,111,112,119,128,136,,,0.6,0.2,0.6,3*3D
$GNGSA,A,3,207,210,211,227,228,230,232,233,241,,,,0.6,0.2,0.6,4*0A
$GNGSA,A,3,230,232,233,241,,,,,,,,,0.6,0.2,0.6,4*31
$GNRMC,135339.000,A,4825.1430,N,00428.4556,W,0.0,125.5,100626,,,A*6D
$GNGGA,135340.000,4825.1430,N,00428.4556,W,1,51,0.2,91.5,M,52.0,M,,*6D
$GNVTG,125.5,T,,M,0.0,N,0.0,K,A*10
$GPGSV,5,1,15,01,35,120,41,02,10,128,39,03,60,057,41,04,59,159,31,1*62
$GPGSV,5,2,15,06,34,303,30,09,33,195,27,19,45,283,29,28,13,039,32,1*6C
$GPGSV,5,3,15,31,18,068,41,1*56
$GPGSV,5,4,15,01,35,120,31,03,60,057,43,04,59,159,40,06,34,303,40,8*6A
$GPGSV,5,5,15,09,33,195,31,28,13,039,26,8*69
$GQGSV,1,1,,,,,,,,,,,,,0.0*56
$GLGSV,2,1,05,69,82,206,34,70,28,217,32,83,33,140,36,84,88,322,30,1*77
$GLGSV,2,2,05,85,38,320,39,1*40
$GAGSV,5,1,17,104,59,123,35,106,46,165,36,109,26,185,27,110,56,107,37,7*78
$GAGSV,5,2,17,111,84,055,29,112,31,111,36,119,30,047,35,128,51,078,37,7*7B
$GAGSV,5,3,17,136,39,300,32,7*7F
$GAGSV,5,4,17,102,13,285,37,104,59,123,43,109,26,185,37,110,56,107,41,1*72
$GAGSV,5,5,17,111,84,055,41,112,31,111,33,119,30,047,31,128,51,078,35,1*77
$GBGSV,5,1,15,207,16,041,36,210,16,053,38,211,13,315,25,1*7D
$GBGSV,5,2,15,227,67,197,33,228,30,155,37,230,39,304,35,232,35,226,30,3*7A
$GBGSV,5,3,15,233,32,053,41,241,83,088,32,3*7B
$GBGSV,5,4,15,227,67,197,37,228,30,155,34,230,39,304,39,232,35,226,31,5*70
$GBGSV,5,5,15,233,32,053,35,241,83,088,46,5*7B
$GIGSV,1,1,,,,,,,,,,,,,0.0*4E
$GNGSA,A,3,01,02,03,06,09,19,28,31,,,,,0.6,0.2,0.6,1*3C
$GNGSA,A,3,01,03,04,06,09,28,,,,,,,0.6,0.2,0.6,1*30
$GNGSA,A,3,69,70,83,84,85,,,,,,,,0.6,0.2,0.6,2*32
$GNGSA,A,3,104,106,109,110,111,112,119,128,136,,,,0.6,0.2,0.6,3*0E
$GNGSA,A,3,102,104,109,110,111,112,119,128,,,,,0.6,0.2,0.6,3*3E
$GNGSA,A,3,207,210,211,227,228,230,232,233,241,,,,0.6,0.2,0.6,4*0A
$GNGSA,A,3,227,228,230,232,233,241,,,,,,,0.6,0.2,0.6,4*3E
$GNRMC,135340.000,A,4825.1430,N,00428.4556,W,0.0,125.5,100626,,,A*63
$GNGGA,135341.000,4825.1430,N,00428.4556,W,1,52,0.2,91.6,M,52.0,M,,*6C
$GNVTG,125.5,T,,M,0.0,N,0.0,K,A*10
$GPGSV,5,1,15,01,35,120,41,02,10,128,39,03,60,057,40,04,59,159,31,1*63
$GPGSV,5,2,15,06,34,303,30,09,33,195,27,19,45,283,29,28,13,039,31,1*6F
$GPGSV,5,3,15,31,18,068,41,1*56
$GPGSV,5,4,15,01,35,120,30,03,60,057,43,04,59,159,40,06,34,303,41,8*6A
$GPGSV,5,5,15,09,33,195,31,28,13,039,26,8*69
$GQGSV,1,1,,,,,,,,,,,,,0.0*56
$GLGSV,2,1,05,69,82,206,34,70,28,217,32,83,33,140,36,84,88,321,30,1*74
$GLGSV,2,2,05,85,38,320,38,1*41
$GAGSV,6,1,18,104,59,123,35,106,46,165,36,109,26,185,27,110,56,107,37,7*74
$GAGSV,6,2,18,111,84,055,29,112,31,111,36,119,30,047,35,128,51,078,37,7*77
$GAGSV,6,3,18,136,39,300,32,7*73
$GAGSV,6,4,18,102,13,285,37,104,59,123,43,106,46,165,44,109,26,185,37,1*79
$GAGSV,6,5,18,110,56,107,41,112,31,111,33,119,30,047,31,128,51,078,35,1*73
$GAGSV,6,6,18,136,39,300,41,1*74
$GBGSV,5,1,14,207,16,041,36,210,16,053,38,211,13,315,25,1*7C
$GBGSV,5,2,14,227,67,197,33,228,30,155,37,230,39,304,35,232,35,226,30,3*7B
$GBGSV,5,3,14,233,32,053,41,241,83,088,32,3*7A
$GBGSV,5,4,14,227,67,197,37,230,39,304,39,232,35,226,31,233,32,053,35,5*7F
$GBGSV,5,5,14,241,83,088,46,5*79
$GIGSV,1,1,,,,,,,,,,,,,0.0*4E
$GNGSA,A,3,01,02,03,04,06,09,19,28,31,,,,0.6,0.2,0.6,1*38
$GNGSA,A,3,01,03,04,06,09,28,,,,,,,0.6,0.2,0.6,1*30
$GNGSA,A,3,69,70,83,84,85,,,,,,,,0.6,0.2,0.6,2*32
$GNGSA,A,3,104,106,109,110,111,112,119,128,136,,,,0.6,0.2,0.6,3*0E
$GNGSA,A,3,102,104,106,109,110,112,119,128,136,,,,0.6,0.2,0.6,3*0C
$GNGSA,A,3,207,210,211,227,228,230,232,233,241,,,,0.6,0.2,0.6,4*0A
$GNGSA,A,3,227,230,232,233,241,,,,,,,,0.6,0.2,0.6,4*06
$GNRMC,135341.000,A,4825.1430,N,00428.4556,W,0.0,125.5,100626,,,A*62
$GNGGA,135342.000,4825.1430,N,00428.4556,W,1,52,0.2,91.6,M,52.0,M,,*6F
$GNVTG,125.5,T,,M,0.0,N,0.0,K,A*10
$GPGSV,5,1,15,01,35,120,41,02,10,128,39,03,60,057,40,04,59,159,31,1*63
$GPGSV,5,2,15,06,34,303,30,09,33,195,27,19,45,283,33,28,13,039,31,1*64
$GPGSV,5,3,15,31,18,068,41,1*56
$GPGSV,5,4,15,01,35,120,30,03,60,057,43,04,59,159,40,06,34,303,41,8*6A
$GPGSV,5,5,15,09,33,195,31,28,13,039,26,8*69
$GQGSV,1,1,,,,,,,,,,,,,0.0*56
$GLGSV,2,1,05,69,82,206,34,70,28,217,32,83,33,140,36,84,88,321,30,1*74
$GLGSV,2,2,05,85,38,320,38,1*41
$GAGSV,5,1,17,104,59,123,35,106,46,165,35,109,26,185,27,110,56,107,37,7*7B
$GAGSV,5,2,17,111,84,055,29,112,31,111,36,119,30,047,35,128,51,078,37,7*7B
$GAGSV,5,3,17,136,39,300,32,7*7F
$GAGSV,5,4,17,102,13,285,37,106,46,165,44,109,26,185,37,111,84,055,41,1*73
$GAGSV,5,5,17,112,31,111,33,119,30,047,31,128,51,078,35,136,39,300,41,1*77
$GBGSV,5,1,15,207,16,041,36,210,16,053,38,211,13,315,25,1*7D
$GBGSV,5,2,15,227,67,197,33,228,30,155,37,230,39,304,35,232,35,226,30,3*7A
$GBGSV,5,3,15,233,32,053,41,241,83,087,32,3*74
$GBGSV,5,4,15,227,67,197,37,228,30,155,33,230,39,304,40,232,35,226,31,5*79
$GBGSV,5,5,15,233,32,053,36,241,83,087,46,5*77
$GIGSV,1,1,,,,,,,,,,,,,0.0*4E
$GNGSA,A,3,01,02,03,04,06,09,19,28,31,,,,0.6,0.2,0.6,1*38
$GNGSA,A,3,01,03,04,06,09,28,,,,,,,0.6,0.2,0.6,1*30
$GNGSA,A,3,69,70,83,84,85,,,,,,,,0.6,0.2,0.6,2*32
$GNGSA,A,3,104,106,109,110,111,112,119,128,136,,,,0.6,0.2,0.6,3*0E
$GNGSA,A,3,102,106,109,111,112,119,128,136,,,,,0.6,0.2,0.6,3*38
$GNGSA,A,3,207,210,211,227,228,230,232,233,241,,,,0.6,0.2,0.6,4*0A
$GNGSA,A,3,227,228,230,232,233,241,,,,,,,0.6,0.2,0.6,4*3E
$GNRMC,135342.000,A,4825.1430,N,00428.4556,W,0.0,125.5,100626,,,A*61
$GNGGA,135343.000,4825.1430,N,00428.4556,W,1,51,0.2,91.6,M,52.0,M,,*6D
$GNVTG,125.5,T,,M,0.0,N,0.0,K,A*10
$GPGSV,5,1,15,01,35,120,41,02,10,128,39,03,60,057,40,04,59,159,30,1*62
$GPGSV,5,2,15,06,34,303,31,09,33,195,27,19,45,283,34,28,13,039,31,1*62
$GPGSV,5,3,15,31,18,068,41,1*56
$GPGSV,5,4,15,01,35,120,30,03,60,057,43,04,59,159,40,06,34,303,41,8*6A
$GPGSV,5,5,15,09,33,195,31,28,13,039,26,8*69
$GQGSV,1,1,,,,,,,,,,,,,0.0*56
$GLGSV,2,1,05,69,82,206,34,70,28,217,32,83,33,140,36,84,88,321,30,1*74
$GLGSV,2,2,05,85,38,320,38,1*41
$GAGSV,6,1,18,104,59,123,35,106,46,165,35,109,26,185,27,110,56,107,37,7*77
$GAGSV,6,2,18,111,84,055,29,112,31,111,36,119,30,047,35,128,51,078,37,7*77
$GAGSV,6,3,18,136,39,300,32,7*73
$GAGSV,6,4,18,102,13,285,37,104,59,123,43,106,46,165,44,109,26,185,37,1*79
$GAGSV,6,5,18,110,56,107,40,111,84,055,41,112,31,111,33,119,30,047,31,1*7C
$GAGSV,6,6,18,128,51,078,35,1*7A
$GBGSV,5,1,14,207,16,041,36,210,16,053,38,211,13,315,25,1*7C
$GBGSV,5,2,14,227,67,197,33,228,30,155,37,230,39,304,35,232,35,226,30,3*7B
$GBGSV,5,3,14,233,32,053,41,241,83,087,33,3*74
$GBGSV,5,4,14,228,30,155,33,230,39,304,40,232,35,226,31,233,32,053,36,5*75
$GBGSV,5,5,14,241,83,087,46,5*76
$GIGSV,1,1,,,,,,,,,,,,,0.0*4E
$GNGSA,A,3,01,02,03,04,06,09,19,28,31,,,,0.6,0.2,0.6,1*38
$GNGSA,A,3,01,03,04,06,09,28,,,,,,,0.6,0.2,0.6,1*30
$GNGSA,A,3,69,70,83,84,85,,,,,,,,0.6,0.2,0.6,2*32
$GNGSA,A,3,104,106,109,110,111,112,119,128,136,,,,0.6,0.2,0.6,3*0E
$GNGSA,A,3,102,104,106,109,110,111,112,119,128,,,,0.6,0.2,0.6,3*09
$GNGSA,A,3,207,210,227,228,230,232,233,241,,,,,0.6,0.2,0.6,4*38
$GNGSA,A,3,228,230,232,233,241,,,,,,,,0.6,0.2,0.6,4*09
$GNRMC,135343.000,A,4825.1430,N,00428.4556,W,0.0,125.5,100626,,,A*60
$GNGGA,135344.000,4825.1430,N,00428.4556,W,1,51,0.2,91.6,M,52.0,M,,*6A
$GNVTG,125.5,T,,M,0.0,N,0.0,K,A*10
$GPGSV,5,1,15,01,35,120,41,02,10,128,39,03,60,057,40,04,59,159,30,1*62
$GPGSV,5,2,15,06,34,303,31,09,33,195,27,19,45,283,34,28,13,039,31,1*62
$GPGSV,5,3,15,31,18,068,41,1*56
$GPGSV,5,4,15,01,35,120,29,03,60,057,43,04,59,159,40,06,34,303,41,8*62
$GPGSV,5,5,15,09,33,195,31,28,13,039,26,8*69
$GQGSV,1,1,,,,,,,,,,,,,0.0*56
$GLGSV,2,1,05,69,82,206,34,70,28,217,32,83,33,140,36,84,88,321,30,1*74
$GLGSV,2,2,05,85,38,320,38,1*41
$GAGSV,5,1,17,104,59,123,35,106,46,165,35,109,26,185,27,110,56,107,37,7*7B
$GAGSV,5,2,17,111,84,055,29,112,31,111,37,119,30,047,35,128,51,078,37,7*7A
$GAGSV,5,3,17,136,39,300,32,7*7F
$GAGSV,5,4,17,102,13,285,37,104,59,123,43,106,46,165,44,109,26,185,37,1*75
$GAGSV,5,5,17,111,84,055,41,119,30,047,31,128,51,078,35,136,39,300,41,1*7E
$GBGSV,5,1,15,207,16,041,36,210,16,053,38,211,13,315,24,1*7C
$GBGSV,5,2,15,227,67,197,33,228,30,155,37,230,39,304,35,232,35,226,30,3*7A
$GBGSV,5,3,15,233,32,053,41,241,83,087,33,3*75
$GBGSV,5,4,15,227,67,197,37,228,30,155,33,230,39,304,40,232,35,226,32,5*7A
$GBGSV,5,5,15,233,32,053,36,241,83,087,46,5*77
$GIGSV,1,1,,,,,,,,,,,,,0.0*4E
$GNGSA,A,3,01,02,03,04,06,09,19,31,,,,,0.6,0.2,0.6,1*32
$GNGSA,A,3,01,03,04,06,09,28,,,,,,,0.6,0.2,0.6,1*30
$GNGSA,A,3,69,70,83,84,85,,,,,,,,0.6,0.2,0.6,2*32
$GNGSA,A,3,104,106,109,110,111,112,119,128,136,,,,0.6,0.2,0.6,3*0E
$GNGSA,A,3,102,104,106,109,111,119,128,136,,,,,0.6,0.2,0.6,3*3F
$GNGSA,A,3,207,210,211,227,228,230,232,233,241,,,,0.6,0.2,0.6,4*0A
$GNGSA,A,3,227,228,230,232,233,241,,,,,,,0.6,0.2,0.6,4*3E
$GNRMC,135344.000,A,4825.1430,N,00428.4556,W,0.0,125.5,100626,,,A*67
$GNGGA,135345.000,4825.1430,N,00428.4556,W,1,52,0.2,91.6,M,52.0,M,,*68
$GNVTG,125.5,T,,M,0.0,N,0.0,K,A*10
$GPGSV,5,1,15,01,35,120,41,02,10,128,39,03,60,057,40,04,59,159,30,1*62
$GPGSV,5,2,15,06,34,303,31,09,33,195,27,19,45,283,34,28,13,039,31,1*62
$GPGSV,5,3,15,31,18,068,41,1*56
$GPGSV,5,4,15,01,35,120,29,03,60,057,43,04,59,159,40,06,34,303,41,8*62
$GPGSV,5,5,15,09,33,195,31,28,13,039,26,8*69
$GQGSV,1,1,,,,,,,,,,,,,0.0*56
$GLGSV,2,1,05,69,82,206,34,70,28,217,32,83,33,140,36,84,88,321,30,1*74
$GLGSV,2,2,05,85,38,320,38,1*41
$GAGSV,6,1,18,104,59,123,35,106,46,165,35,109,26,185,27,110,56,107,37,7*77
$GAGSV,6,2,18,111,84,055,29,112,31,111,37,119,30,047,35,128,51,078,37,7*76
$GAGSV,6,3,18,136,39,300,32,7*73
$GAGSV,6,4,18,102,13,285,37,104,59,123,43,106,46,165,44,110,56,107,40,1*7C
$GAGSV,6,5,18,111,84,055,41,112,31,111,33,119,30,047,31,128,51,078,35,1*7B
$GAGSV,6,6,18,136,39,300,41,1*74
$GBGSV,5,1,14,207,16,041,36,210,16,053,38,211,13,315,24,1*7D
$GBGSV,5,2,14,227,67,197,33,228,30,155,37,230,39,304,35,232,35,226,30,3*7B
$GBGSV,5,3,14,233,32,053,41,241,83,087,33,3*74
$GBGSV,5,4,14,227,67,197,37,228,30,155,33,230,39,304,40,232,35,226,32,5*7B
$GBGSV,5,5,14,233,32,053,36,5*77
$GIGSV,1,1,,,,,,,,,,,,,0.0*4E
$GNGSA,A,3,01,02,03,04,06,09,19,28,31,,,,0.6,0.2,0.6,1*38
$GNGSA,A,3,01,03,04,06,09,28,,,,,,,0.6,0.2,0.6,1*30
$GNGSA,A,3,69,70,83,84,85,,,,,,,,0.6,0.2,0.6,2*32
$GNGSA,A,3,104,106,109,110,111,112,119,128,136,,,,0.6,0.2,0.6,3*0E
$GNGSA,A,3,102,104,106,110,111,112,119,128,136,,,,0.6,0.2,0.6,3*05
$GNGSA,A,3,207,210,211,227,228,230,232,233,241,,,,0.6,0.2,0.6,4*0A
$GNGSA,A,3,227,228,230,232,233,,,,,,,,0.6,0.2,0.6,4*09
$GNRMC,135345.000,A,4825.1430,N,00428.4556,W,0.0,125.5,100626,,,A*66
$GNGGA,135346.000,4825.1430,N,00428.4556,W,1,51,0.4,91.5,M,52.0,M,,*6D
$GNVTG,125.5,T,,M,0.0,N,0.0,K,A*10
$GPGSV,5,1,15,01,35,120,41,02,10,128,39,03,60,057,40,04,59,159,30,1*62
$GPGSV,5,2,15,06,34,303,31,09,33,195,27,19,45,283,34,28,13,039,31,1*62
$GPGSV,5,3,15,31,18,068,41,1*56
$GPGSV,5,4,15,01,35,120,29,03,60,057,43,04,59,159,40,06,34,303,42,8*61
$GPGSV,5,5,15,09,33,195,31,28,13,039,28,8*67
$GQGSV,1,1,,,,,,,,,,,,,0.0*56
$GLGSV,2,1,05,69,82,206,34,70,28,217,32,83,33,140,36,84,88,321,30,1*74
$GLGSV,2,2,05,85,38,320,38,1*41
$GAGSV,5,1,17,104,59,123,35,106,46,165,35,109,26,185,27,110,56,107,37,7*7B
$GAGSV,5,2,17,111,84,055,28,112,31,111,37,119,30,047,35,128,51,078,36,7*7A
$GAGSV,5,3,17,136,39,300,32,7*7F
$GAGSV,5,4,17,104,59,123,43,106,46,165,44,109,26,185,37,110,56,107,40,1*7E
$GAGSV,5,5,17,111,84,055,41,112,31,111,33,119,30,047,31,128,51,078,35,1*77
$GBGSV,5,1,15,207,16,041,36,210,16,053,38,211,13,315,24,1*7C
$GBGSV,5,2,15,227,67,197,32,228,30,155,37,230,39,304,35,232,35,226,30,3*7B
$GBGSV,5,3,15,233,32,053,41,241,83,087,33,3*75
$GBGSV,5,4,15,227,67,197,37,228,30,155,33,230,39,304,40,232,35,226,32,5*7A
$GBGSV,5,5,15,233,32,053,36,241,83,087,46,5*77
$GIGSV,1,1,,,,,,,,,,,,,0.0*4E
$GNGSA,A,3,01,02,03,04,06,19,28,31,,,,,0.6,0.4,0.6,1*37
$GNGSA,A,3,01,03,04,06,09,28,,,,,,,0.6,0.4,0.6,1*36
$GNGSA,A,3,69,70,83,84,85,,,,,,,,0.6,0.4,0.6,2*34
$GNGSA,A,3,104,106,109,110,111,112,119,128,136,,,,0.6,0.4,0.6,3*08
$GNGSA,A,3,104,106,109,110,111,112,119,128,,,,,0.6,0.4,0.6,3*3C
$GNGSA,A,3,207,210,211,227,228,230,232,233,241,,,,0.6,0.4,0.6,4*0C
$GNGSA,A,3,227,228,230,232,233,241,,,,,,,0.6,0.4,0.6,4*38
$GNRMC,135346.000,A,4825.1430,N,00428.4556,W,0.0,125.5,100626,,,A*65
$GNGGA,135347.000,4825.1430,N,00428.4556,W,1,50,0.4,91.6,M,52.0,M,,*6E
$GNVTG,125.5,T,,M,0.0,N,0.0,K,A*10
$GPGSV,5,1,15,01,35,120,41,02,10,128,39,03,60,057,40,04,59,159,30,1*62
$GPGSV,5,2,15,06,34,303,31,09,33,195,27,19,45,283,34,28,13,039,31,1*62
$GPGSV,5,3,15,31,18,068,41,1*56
$GPGSV,5,4,15,01,35,120,29,03,60,057,43,04,59,159,40,06,34,303,42,8*61
$GPGSV,5,5,15,09,33,195,31,28,13,039,29,8*66
$GQGSV,1,1,,,,,,,,,,,,,0.0*56
$GLGSV,2,1,05,69,82,206,34,70,28,217,32,83,33,140,36,84,88,321,30,1*74
$GLGSV,2,2,05,85,38,320,38,1*41
$GAGSV,6,1,18,104,59,123,35,106,46,165,35,109,26,185,27,110,56,107,37,7*77
$GAGSV,6,2,18,111,84,055,28,112,31,111,37,119,30,047,35,128,51,078,36,7*76
$GAGSV,6,3,18,136,39,300,32,7*73
$GAGSV,6,4,18,104,59,123,43,106,46,165,44,109,26,185,37,110,56,107,40,1*72
$GAGSV,6,5,18,111,84,055,41,112,31,111,33,119,30,047,31,128,51,078,35,1*7B
$GAGSV,6,6,18,136,39,300,41,1*74
$GBGSV,5,1,14,207,16,041,36,210,16,053,38,211,13,315,24,1*7D
$GBGSV,5,2,14,227,67,197,32,228,30,155,38,230,39,304,35,232,35,226,30,3*75
$GBGSV,5,3,14,233,32,053,41,241,83,087,33,3*74
$GBGSV,5,4,14,227,67,197,37,228,30,155,33,230,39,304,40,233,32,053,36,5*79
$GBGSV,5,5,14,241,83,087,46,5*76
$GIGSV,1,1,,,,,,,,,,,,,0.0*4E
$GNGSA,A,3,01,02,03,04,06,19,31,,,,,,0.6,0.4,0.6,1*3D
$GNGSA,A,3,01,03,04,06,09,28,,,,,,,0.6,0.4,0.6,1*36
$GNGSA,A,3,69,70,83,84,85,,,,,,,,0.6,0.4,0.6,2*34
$GNGSA,A,3,104,106,109,110,111,112,119,128,136,,,,0.6,0.4,0.6,3*08
$GNGSA,A,3,104,106,109,110,111,112,119,128,136,,,,0.6,0.4,0.6,3*08
$GNGSA,A,3,207,210,211,227,228,230,232,233,241,,,,0.6,0.4,0.6,4*0C
$GNGSA,A,3,227,228,230,233,241,,,,,,,,0.6,0.4,0.6,4*0B
$GNRMC,135347.000,A,4825.1430,N,00428.4556,W,0.0,125.5,100626,,,A*64
$GNGGA,135348.000,4825.1430,N,00428.4556,W,1,51,0.2,91.5,M,52.0,M,,*65
$GNVTG,125.5,T,,M,0.0,N,0.0,K,A*10
$GPGSV,5,1,15,01,35,120,41,02,10,128,39,03,60,057,40,04,59,159,30,1*62
$GPGSV,5,2,15,06,34,303,31,09,33,195,26,19,45,283,34,28,13,039,31,1*63
$GPGSV,5,3,15,31,18,068,41,1*56
$GPGSV,5,4,15,01,35,120,38,03,60,057,43,04,59,159,41,06,34,303,42,8*60
$GPGSV,5,5,15,09,33,195,31,28,13,039,29,8*66
$GQGSV,1,1,,,,,,,,,,,,,0.0*56
$GLGSV,2,1,05,69,82,206,34,70,28,217,32,83,33,140,36,84,88,321,30,1*74
$GLGSV,2,2,05,85,38,320,38,1*41
$GAGSV,6,1,18,104,59,123,35,106,46,165,35,109,26,185,27,110,56,107,37,7*77
$GAGSV,6,2,18,111,84,055,28,112,31,111,37,119,30,047,36,128,51,078,36,7*75
$GAGSV,6,3,18,136,39,300,32,7*73
$GAGSV,6,4,18,102,13,285,37,104,59,123,43,109,26,185,37,110,56,107,40,1*7F
$GAGSV,6,5,18,111,84,055,41,112,31,111,33,119,30,047,31,128,51,078,35,1*7B
$GAGSV,6,6,18,136,39,300,41,1*74
$GBGSV,5,1,14,207,16,041,36,210,16,053,38,211,13,315,24,1*7D
$GBGSV,5,2,14,227,67,197,32,228,30,155,38,230,39,304,35,232,35,226,30,3*75
$GBGSV,5,3,14,233,32,053,41,241,83,087,33,3*74
$GBGSV,5,4,14,228,30,155,33,230,39,304,40,232,35,226,31,233,32,053,36,5*75
$GBGSV,5,5,14,241,83,087,46,5*76
$GIGSV,1,1,,,,,,,,,,,,,0.0*4E
$GNGSA,A,3,01,02,03,04,06,09,28,31,,,,,0.6,0.2,0.6,1*30
$GNGSA,A,3,01,03,04,06,09,28,,,,,,,0.6,0.2,0.6,1*30
$GNGSA,A,3,69,70,83,84,85,,,,,,,,0.6,0.2,0.6,2*32
$GNGSA,A,3,104,106,109,110,111,112,119,128,136,,,,0.6,0.2,0.6,3*0E
$GNGSA,A,3,102,104,109,110,111,112,119,128,136,,,,0.6,0.2,0.6,3*0A
$GNGSA,A,3,207,210,211,227,228,230,232,233,241,,,,0.6,0.2,0.6,4*0A
$GNGSA,A,3,228,230,232,233,241,,,,,,,,0.6,0.2,0.6,4*09
$GNRMC,135348.000,A,4825.1430,N,00428.4556,W,0.0,125.5,100626,,,A*6B
$GNGGA,135349.000,4825.1430,N,00428.4556,W,1,51,0.2,91.6,M,52.0,M,,*67
$GNVTG,125.5,T,,M,0.0,N,0.0,K,A*10
$GPGSV,5,1,15,01,35,120,41,02,10,128,39,03,60,057,40,04,59,159,30,1*62
$GPGSV,5,2,15,06,34,303,31,09,33,195,26,19,45,283,34,28,13,039,31,1*63
$GPGSV,5,3,15,31,18,068,41,1*56
$GPGSV,5,4,15,01,35,120,37,03,60,057,43,04,59,159,41,06,34,303,42,8*6F
$GPGSV,5,5,15,09,33,195,31,28,13,039,29,8*66
$GQGSV,1,1,,,,,,,,,,,,,0.0*56
$GLGSV,2,1,05,69,82,206,34,70,28,217,32,83,33,140,36,84,88,321,30,1*74
$GLGSV,2,2,05,85,38,320,38,1*41
$GAGSV,5,1,18,104,59,123,35,106,46,165,35,110,56,107,37,111,84,055,28,7*76
$GAGSV,5,2,18,112,31,111,37,119,30,047,36,128,51,078,36,136,39,300,32,7*7D
$GAGSV,5,3,18,102,13,285,37,104,59,123,43,106,46,165,44,109,26,185,37,1*7D
$GAGSV,5,4,18,110,56,107,40,111,84,055,41,112,31,111,32,119,30,047,31,1*7F
$GAGSV,5,5,18,128,51,078,35,136,39,300,41,1*72
$GBGSV,4,1,13,207,16,041,36,210,16,053,38,211,13,315,24,1*7B
$GBGSV,4,2,13,227,67,197,32,228,30,155,38,230,39,304,35,232,35,226,30,3*73
$GBGSV,4,3,13,233,32,053,41,241,83,087,33,3*72
$GBGSV,4,4,13,228,30,155,33,230,39,304,40,232,35,226,31,241,83,087,46,5*72
$GIGSV,1,1,,,,,,,,,,,,,0.0*4E
$GNGSA,A,3,01,02,03,04,06,09,19,28,31,,,,0.6,0.2,0.6,1*38
$GNGSA,A,3,01,03,04,06,09,28,,,,,,,0.6,0.2,0.6,1*30
$GNGSA,A,3,69,70,83,84,85,,,,,,,,0.6,0.2,0.6,2*32
$GNGSA,A,3,104,106,110,111,112,119,128,136,,,,,0.6,0.2,0.6,3*36
$GNGSA,A,3,102,104,106,109,110,111,112,119,128,136,,,0.6,0.2,0.6,3*3D
$GNGSA,A,3,207,210,211,227,228,230,232,233,241,,,,0.6,0.2,0.6,4*0A
$GNGSA,A,3,228,230,232,241,,,,,,,,,0.6,0.2,0.6,4*3B
$GNRMC,135349.000,A,4825.1430,N,00428.4556,W,0.0,125.5,100626,,,A*6A
$GNGGA,135350.000,4825.1430,N,00428.4556,W,1,49,0.4,91.6,M,52.0,M,,*60
$GNVTG,125.5,T,,M,0.0,N,0.0,K,A*10
$GPGSV,5,1,15,01,35,120,41,02,10,128,39,03,60,057,40,04,59,159,30,1*62
$GPGSV,5,2,15,06,34,303,31,09,33,195,26,19,45,283,34,28,13,039,31,1*63
$GPGSV,5,3,15,31,18,068,41,1*56
$GPGSV,5,4,15,01,35,120,36,03,60,057,43,04,59,159,41,06,34,303,42,8*6E
$GPGSV,5,5,15,09,33,195,31,28,13,039,29,8*66
$GQGSV,1,1,,,,,,,,,,,,,0.0*56
$GLGSV,2,1,05,69,82,206,34,70,28,217,32,83,33,140,35,84,88,321,30,1*77
$GLGSV,2,2,05,85,38,320,38,1*41
$GAGSV,6,1,18,104,59,123,34,106,46,165,35,109,26,185,25,110,56,107,37,7*74
$GAGSV,6,2,18,111,84,055,28,112,31,111,37,119,30,047,36,128,51,078,36,7*75
$GAGSV,6,3,18,136,39,300,32,7*73
$GAGSV,6,4,18,102,13,285,37,104,59,123,43,106,46,165,44,110,56,107,40,1*7C
$GAGSV,6,5,18,111,84,055,41,112,31,111,31,119,30,047,31,128,51,078,35,1*79
$GAGSV,6,6,18,136,39,300,41,1*74
$GBGSV,5,1,14,207,16,041,36,210,16,053,38,211,13,315,24,1*7D
$GBGSV,5,2,14,227,67,197,32,228,30,155,38,230,39,304,34,232,35,226,30,3*74
$GBGSV,5,3,14,233,32,053,41,241,83,087,34,3*73
$GBGSV,5,4,14,227,67,197,37,228,30,155,33,230,39,304,40,233,32,053,36,5*79
$GBGSV,5,5,14,241,83,087,46,5*76
$GIGSV,1,1,,,,,,,,,,,,,0.0*4E
$GNGSA,A,3,01,02,03,04,09,19,31,,,,,,0.6,0.4,0.6,1*32
$GNGSA,A,3,01,03,04,06,09,28,,,,,,,0.6,0.4,0.6,1*36
$GNGSA,A,3,69,70,83,84,85,,,,,,,,0.6,0.4,0.6,2*34
$GNGSA,A,3,104,106,109,110,111,112,119,128,136,,,,0.6,0.4,0.6,3*08
$GNGSA,A,3,102,104,106,110,111,112,119,128,136,,,,0.6,0.4,0.6,3*03
$GNGSA,A,3,207,210,227,228,230,232,233,241,,,,,0.6,0.4,0.6,4*3E
$GNGSA,A,3,227,228,230,233,241,,,,,,,,0.6,0.4,0.6,4*0B
$GNRMC,135350.000,A,4825.1430,N,00428.4556,W,0.0,125.5,100626,,,A*62
$GNGGA,135351.000,4825.1430,N,00428.4556,W,1,48,0.4,91.6,M,52.0,M,,*60
$GNVTG,125.5,T,,M,0.0,N,0.0,K,A*10
$GPGSV,5,1,15,01,35,120,41,02,10,128,39,03,60,057,40,04,59,159,30,1*62
$GPGSV,5,2,15,06,34,303,31,09,33,195,26,19,45,283,34,28,13,039,31,1*63
$GPGSV,5,3,15,31,18,067,41,1*59
$GPGSV,5,4,15,01,35,120,36,03,60,057,44,04,59,159,41,06,34,303,42,8*69
$GPGSV,5,5,15,09,33,195,31,28,13,039,28,8*67
$GQGSV,1,1,,,,,,,,,,,,,0.0*56
$GLGSV,2,1,05,69,82,206,34,70,28,217,32,83,33,140,35,84,88,321,30,1*77
$GLGSV,2,2,05,85,38,320,38,1*41
$GAGSV,5,1,17,104,59,123,33,106,46,165,35,109,26,185,25,110,56,107,37,7*7F
$GAGSV,5,2,17,111,84,055,28,112,31,111,37,119,30,047,36,128,51,078,36,7*79
$GAGSV,5,3,17,136,39,300,32,7*7F
$GAGSV,5,4,17,102,13,285,37,104,59,123,43,106,46,165,44,109,26,185,37,1*75
$GAGSV,5,5,17,110,56,107,40,111,84,055,41,119,30,047,31,136,39,300,41,1*79
$GBGSV,5,1,15,207,16,041,36,210,16,053,38,211,13,315,24,1*7C
$GBGSV,5,2,15,227,67,197,32,228,30,155,38,230,39,304,34,232,35,226,30,3*75
$GBGSV,5,3,15,233,32,053,41,241,83,087,34,3*72
$GBGSV,5,4,15,227,67,197,37,228,30,155,33,230,39,304,40,232,35,226,30,5*78
$GBGSV,5,5,15,233,32,053,36,241,83,087,46,5*77
$GIGSV,1,1,,,,,,,,,,,,,0.0*4E
$GNGSA,A,3,01,02,03,19,28,31,,,,,,,0.6,0.4,0.6,1*35
$GNGSA,A,3,01,03,04,06,09,28,,,,,,,0.6,0.4,0.6,1*36
$GNGSA,A,3,69,70,83,84,85,,,,,,,,0.6,0.4,0.6,2*34
$GNGSA,A,3,104,106,109,110,111,112,119,128,136,,,,0.6,0.4,0.6,3*08
$GNGSA,A,3,102,104,106,109,110,111,119,136,,,,,0.6,0.4,0.6,3*32
$GNGSA,A,3,207,210,227,228,230,232,233,241,,,,,0.6,0.4,0.6,4*3E
$GNGSA,A,3,227,228,230,232,233,241,,,,,,,0.6,0.4,0.6,4*38
$GNRMC,135351.000,A,4825.1430,N,00428.4556,W,0.0,125.5,100626,,,A*63
$GNGGA,135352.000,4825.1430,N,00428.4556,W,1,51,0.2,91.6,M,52.0,M,,*6D
$GNVTG,125.5,T,,M,0.0,N,0.0,K,A*10
$GPGSV,5,1,15,01,35,120,41,02,10,128,39,03,60,057,40,04,59,159,29,1*6A
$GPGSV,5,2,15,06,34,303,31,09,33,195,26,19,45,283,34,28,13,039,30,1*62
$GPGSV,5,3,15,31,18,067,41,1*59
$GPGSV,5,4,15,01,35,120,35,03,60,057,44,04,59,159,41,06,34,303,42,8*6A
$GPGSV,5,5,15,09,33,195,32,28,13,039,28,8*64
$GQGSV,1,1,,,,,,,,,,,,,0.0*56
$GLGSV,2,1,05,69,82,206,34,70,28,217,32,83,33,140,35,84,88,321,31,1*76
$GLGSV,2,2,05,85,38,320,38,1*41
$GAGSV,6,1,19,104,59,123,33,106,46,165,35,109,26,185,25,110,56,107,37,7*72
$GAGSV,6,2,19,111,84,055,28,112,31,111,37,119,30,047,36,128,51,078,36,7*74
$GAGSV,6,3,19,136,39,300,32,7*72
$GAGSV,6,4,19,102,13,285,37,104,59,123,43,106,46,165,44,109,26,185,37,1*78
$GAGSV,6,5,19,110,56,107,40,111,84,055,41,112,31,111,29,119,30,047,32,1*75
$GAGSV,6,6,19,128,51,078,36,136,39,300,41,1*70
$GBGSV,4,1,13,207,16,041,36,210,16,053,38,211,13,315,24,1*7B
$GBGSV,4,2,13,227,67,197,32,228,30,155,38,230,39,304,34,232,35,226,30,3*72
$GBGSV,4,3,13,233,32,053,41,241,83,087,34,3*75
$GBGSV,4,4,13,227,67,197,37,232,35,226,32,233,32,053,36,241,83,087,46,5*7E
$GIGSV,1,1,,,,,,,,,,,,,0.0*4E
$GNGSA,A,3,01,02,03,04,06,09,19,28,31,,,,0.6,0.2,0.6,1*38
$GNGSA,A,3,01,03,04,06,09,28,,,,,,,0.6,0.2,0.6,1*30
$GNGSA,A,3,69,70,83,84,85,,,,,,,,0.6,0.2,0.6,2*32
$GNGSA,A,3,104,106,109,110,111,112,119,128,136,,,,0.6,0.2,0.6,3*0E
$GNGSA,A,3,102,104,106,109,110,111,112,119,128,136,,,0.6,0.2,0.6,3*3D
$GNGSA,A,3,207,210,227,228,230,232,233,241,,,,,0.6,0.2,0.6,4*38
$GNGSA,A,3,227,232,233,241,,,,,,,,,0.6,0.2,0.6,4*37
$GNRMC,135352.000,A,4825.1430,N,00428.4556,W,0.0,125.5,100626,,,A*60
$GNGGA,135353.000,4825.1430,N,00428.4556,W,1,49,0.2,91.6,M,52.0,M,,*65
$GNVTG,125.5,T,,M,0.0,N,0.0,K,A*10
$GPGSV,5,1,15,01,35,120,41,02,10,128,39,03,60,057,40,04,59,159,29,1*6A
$GPGSV,5,2,15,06,34,303,31,09,33,195,26,19,45,283,34,28,13,039,30,1*62
$GPGSV,5,3,15,31,18,067,41,1*59
$GPGSV,5,4,15,01,35,120,34,03,60,057,45,04,59,159,41,06,34,303,42,8*6A
$GPGSV,5,5,15,09,33,195,32,28,13,039,27,8*6B
$GQGSV,1,1,,,,,,,,,,,,,0.0*56
$GLGSV,2,1,05,69,82,206,34,70,28,217,32,83,33,140,34,84,88,321,31,1*77
$GLGSV,2,2,05,85,38,320,38,1*41
$GAGSV,6,1,18,104,59,123,32,106,46,165,35,109,26,185,25,110,56,107,37,7*72
$GAGSV,6,2,18,111,84,055,28,112,31,111,37,119,30,047,36,128,51,078,37,7*74
$GAGSV,6,3,18,136,39,300,32,7*73
$GAGSV,6,4,18,102,13,285,37,104,59,123,43,106,46,165,44,109,26,185,37,1*79
$GAGSV,6,5,18,110,56,107,40,111,84,055,42,119,30,047,32,128,51,078,36,1*78
$GAGSV,6,6,18,136,39,300,41,1*74
$GBGSV,5,1,14,207,16,041,36,210,16,053,38,211,13,315,24,1*7D
$GBGSV,5,2,14,227,67,197,32,228,30,155,38,230,39,304,34,232,35,226,30,3*74
$GBGSV,5,3,14,233,32,053,41,241,83,087,34,3*73
$GBGSV,5,4,14,227,67,197,37,230,39,304,40,232,35,226,31,233,32,053,36,5*72
$GBGSV,5,5,14,241,83,087,46,5*76
$GIGSV,1,1,,,,,,,,,,,,,0.0*4E
$GNGSA,A,3,01,02,03,04,06,19,31,,,,,,0.6,0.2,0.6,1*3B
$GNGSA,A,3,01,03,04,06,09,28,,,,,,,0.6,0.2,0.6,1*30
$GNGSA,A,3,69,70,83,84,85,,,,,,,,0.6,0.2,0.6,2*32
$GNGSA,A,3,106,109,110,111,112,119,128,136,,,,,0.6,0.2,0.6,3*3B
$GNGSA,A,3,102,104,106,109,110,111,119,128,136,,,,0.6,0.2,0.6,3*0F
$GNGSA,A,3,207,210,211,227,228,230,232,233,241,,,,0.6,0.2,0.6,4*0A
$GNGSA,A,3,227,230,232,233,241,,,,,,,,0.6,0.2,0.6,4*06
$GNRMC,135353.000,A,4825.1430,N,00428.4556,W,0.0,125.5,100626,,,A*61
$GNGGA,135354.000,4825.1430,N,00428.4556,W,1,50,0.2,91.6,M,52.0,M,,*6A
$GNVTG,125.5,T,,M,0.0,N,0.0,K,A*10
$GPGSV,5,1,14,01,35,120,40,02,10,128,39,03,60,057,40,04,59,159,28,1*6B
$GPGSV,5,2,14,06,34,303,31,09,33,195,25,19,45,283,34,28,13,039,30,1*60
$GPGSV,5,3,14,31,18,067,41,1*58
$GPGSV,5,4,14,01,35,120,33,03,60,057,45,04,59,159,41,06,34,303,42,8*6C
$GPGSV,5,5,14,09,33,195,32,8*5D
$GQGSV,1,1,,,,,,,,,,,,,0.0*56
$GLGSV,2,1,05,69,82,206,34,70,28,217,32,83,33,140,34,84,88,321,31,1*77
$GLGSV,2,2,05,85,38,320,38,1*41
$GAGSV,5,1,18,102,13,285,20,104,59,123,31,106,46,165,35,109,26,185,26,7*7C
$GAGSV,5,2,18,110,56,107,36,111,84,055,28,112,31,111,37,119,30,047,36,7*73
$GAGSV,5,3,18,128,51,078,37,136,39,300,32,7*74
$GAGSV,5,4,18,102,13,285,37,106,46,165,44,109,26,185,37,111,84,055,42,1*7F
$GAGSV,5,5,18,112,31,111,28,119,30,047,32,128,51,078,36,136,39,300,41,1*72
$GBGSV,5,1,15,207,16,041,36,210,16,053,38,211,13,315,24,1*7C
$GBGSV,5,2,15,227,67,197,32,228,30,155,38,230,39,304,34,232,35,226,30,3*75
$GBGSV,5,3,15,233,32,053,41,241,83,087,34,3*72
$GBGSV,5,4,15,227,67,197,37,228,30,155,34,230,39,304,40,232,35,226,30,5*7F
$GBGSV,5,5,15,233,32,053,36,241,83,087,46,5*77
$GIGSV,1,1,,,,,,,,,,,,,0.0*4E
$GNGSA,A,3,01,02,03,04,06,19,28,31,,,,,0.6,0.2,0.6,1*31
$GNGSA,A,3,01,03,04,06,09,,,,,,,,0.6,0.2,0.6,1*3A
$GNGSA,A,3,69,70,83,84,85,,,,,,,,0.6,0.2,0.6,2*32
$GNGSA,A,3,102,106,109,110,111,112,119,128,136,,,,0.6,0.2,0.6,3*08
$GNGSA,A,3,102,106,109,111,112,119,128,136,,,,,0.6,0.2,0.6,3*38
$GNGSA,A,3,207,210,211,227,228,230,232,233,241,,,,0.6,0.2,0.6,4*0A
$GNGSA,A,3,227,228,230,232,233,241,,,,,,,0.6,0.2,0.6,4*3E
$GNRMC,135354.000,A,4825.1430,N,00428.4556,W,0.0,125.5,100626,,,A*66
$GNGGA,135355.000,4825.1430,N,00428.4556,W,1,51,0.2,91.6,M,52.0,M,,*6A
$GNVTG,125.5,T,,M,0.0,N,0.0,K,A*10
$GPGSV,5,1,14,01,35,120,40,02,10,128,39,03,60,057,40,04,59,159,28,1*6B
$GPGSV,5,2,14,06,34,303,31,09,33,195,25,19,45,283,34,28,13,039,30,1*60
$GPGSV,5,3,14,31,18,067,41,1*58
$GPGSV,5,4,14,01,35,120,32,03,60,057,45,04,59,159,41,06,34,303,42,8*6D
$GPGSV,5,5,14,09,33,195,32,8*5D
$GQGSV,1,1,,,,,,,,,,,,,0.0*56
$GLGSV,2,1,05,69,82,206,34,70,28,217,32,83,33,140,34,84,88,321,31,1*77
$GLGSV,2,2,05,85,38,320,38,1*41
$GAGSV,6,1,19,102,13,285,21,104,59,123,30,106,46,165,35,109,26,185,26,7*7E
$GAGSV,6,2,19,110,56,107,35,111,84,055,28,112,31,111,37,119,30,047,36,7*72
$GAGSV,6,3,19,128,51,078,37,136,39,300,32,7*76
$GAGSV,6,4,19,102,13,285,37,104,59,123,42,106,46,165,44,109,26,185,37,1*79
$GAGSV,6,5,19,110,56,107,38,111,84,055,42,112,31,111,28,128,51,078,36,1*75
$GAGSV,6,6,19,136,39,300,41,1*75
$GBGSV,5,1,15,207,16,041,36,210,16,053,38,211,13,315,24,1*7C
$GBGSV,5,2,15,227,67,197,32,228,30,155,38,230,39,304,34,232,35,226,30,3*75
$GBGSV,5,3,15,233,32,053,41,241,83,087,34,3*72
$GBGSV,5,4,15,227,67,197,37,228,30,155,34,230,39,304,40,232,35,226,30,5*7F
$GBGSV,5,5,15,233,32,053,35,241,83,087,46,5*74
$GIGSV,1,1,,,,,,,,,,,,,0.0*4E
$GNGSA,A,3,01,02,03,04,06,19,28,31,,,,,0.6,0.2,0.6,1*31
$GNGSA,A,3,01,03,04,06,09,,,,,,,,0.6,0.2,0.6,1*3A
$GNGSA,A,3,69,70,83,84,85,,,,,,,,0.6,0.2,0.6,2*32
$GNGSA,A,3,102,106,109,110,111,112,119,128,136,,,,0.6,0.2,0.6,3*08
$GNGSA,A,3,102,104,106,109,110,111,112,128,136,,,,0.6,0.2,0.6,3*04
$GNGSA,A,3,207,210,211,227,228,230,232,233,241,,,,0.6,0.2,0.6,4*0A
$GNGSA,A,3,227,228,230,232,233,241,,,,,,,0.6,0.2,0.6,4*3E
$GNRMC,135355.000,A,4825.1430,N,00428.4556,W,0.0,125.5,100626,,,A*67
$GNGGA,135356.000,4825.1430,N,00428.4556,W,1,50,0.2,91.6,M,52.0,M,,*68
$GNVTG,125.5,T,,M,0.0,N,0.0,K,A*10
$GPGSV,5,1,14,01,35,120,40,02,10,128,39,03,60,057,41,04,59,159,27,1*65
$GPGSV,5,2,14,06,34,303,31,09,33,195,25,19,45,283,34,28,13,039,30,1*60
$GPGSV,5,3,14,31,18,067,41,1*58
$GPGSV,5,4,14,01,35,120,30,03,60,057,45,04,59,159,41,06,34,303,42,8*6F
$GPGSV,5,5,14,09,33,195,31,8*5E
$GQGSV,1,1,,,,,,,,,,,,,0.0*56
$GLGSV,2,1,05,69,82,206,34,70,29,217,32,83,33,140,34,84,88,319,31,1*7D
$GLGSV,2,2,05,85,38,320,38,1*41
$GAGSV,6,1,20,102,13,285,21,104,59,123,29,106,46,165,35,109,26,185,26,7*7C
$GAGSV,6,2,20,110,56,107,35,111,84,055,28,112,31,111,36,119,30,047,36,7*79
$GAGSV,6,3,20,128,51,078,37,136,39,300,32,7*7C
$GAGSV,6,4,20,102,13,285,37,104,59,123,42,106,46,165,44,109,26,185,37,1*73
$GAGSV,6,5,20,110,56,107,38,111,84,055,42,112,31,111,28,119,30,047,33,1*73
$GAGSV,6,6,20,128,51,078,37,136,39,300,41,1*7B
$GBGSV,5,1,14,207,16,041,36,210,16,053,38,211,13,315,24,1*7D
$GBGSV,5,2,14,227,67,197,32,228,30,155,38,230,39,304,34,232,35,226,29,3*7C
$GBGSV,5,3,14,233,32,053,41,241,83,087,34,3*73
$GBGSV,5,4,14,228,30,155,34,230,39,304,41,232,35,226,29,233,32,053,35,5*79
$GBGSV,5,5,14,241,83,087,46,5*76
$GIGSV,1,1,,,,,,,,,,,,,0.0*4E
$GNGSA,A,3,01,02,03,04,06,19,28,31,,,,,0.6,0.2,0.6,1*31
$GNGSA,A,3,01,03,04,06,09,,,,,,,,0.6,0.2,0.6,1*3A
$GNGSA,A,3,69,70,83,84,85,,,,,,,,0.6,0.2,0.6,2*32
$GNGSA,A,3,106,109,110,111,112,119,128,136,,,,,0.6,0.2,0.6,3*3B
$GNGSA,A,3,102,104,106,109,110,111,112,119,128,136,,,0.6,0.2,0.6,3*3D
$GNGSA,A,3,207,210,211,227,228,230,232,233,241,,,,0.6,0.2,0.6,4*0A
$GNGSA,A,3,228,230,232,233,241,,,,,,,,0.6,0.2,0.6,4*09
$GNRMC,135356.000,A,4825.1430,N,00428.4556,W,0.0,125.5,100626,,,A*64
$GNGGA,135357.000,4825.1430,N,00428.4556,W,1,51,0.2,91.6,M,52.0,M,,*68
$GNVTG,125.5,T,,M,0.0,N,0.0,K,A*10
$GPGSV,5,1,14,01,35,120,40,02,10,128,39,03,60,057,41,04,59,159,27,1*65
$GPGSV,5,2,14,06,34,303,31,09,33,195,25,19,45,283,34,28,13,039,30,1*60
$GPGSV,5,3,14,31,18,067,42,1*5B
$GPGSV,5,4,14,01,35,120,30,03,60,057,45,04,59,159,40,06,34,303,42,8*6E
$GPGSV,5,5,14,09,33,195,31,8*5E
$GQGSV,1,1,,,,,,,,,,,,,0.0*56
$GLGSV,2,1,05,69,82,206,34,70,29,217,32,83,33,140,34,84,88,319,31,1*7D
$GLGSV,2,2,05,85,38,320,38,1*41
$GAGSV,6,1,20,102,13,285,21,104,59,123,29,106,46,165,35,109,26,185,26,7*7C
$GAGSV,6,2,20,110,56,107,34,111,84,055,28,112,31,111,36,119,30,047,36,7*78
$GAGSV,6,3,20,128,51,078,37,136,39,300,32,7*7C
$GAGSV,6,4,20,102,13,285,37,104,59,123,42,106,46,165,44,109,26,185,37,1*73
$GAGSV,6,5,20,110,56,107,38,111,84,055,42,112,31,111,28,119,30,047,33,1*73
$GAGSV,6,6,20,128,51,078,37,136,39,300,41,1*7B
$GBGSV,5,1,14,207,16,041,36,210,16,053,38,211,13,315,24,1*7D
$GBGSV,5,2,14,227,67,197,32,228,30,155,38,230,39,304,34,232,35,226,29,3*7C
$GBGSV,5,3,14,233,32,053,41,241,83,087,34,3*73
$GBGSV,5,4,14,227,67,197,37,228,30,155,34,232,35,226,29,233,32,053,35,5*7D
$GBGSV,5,5,14,241,83,087,46,5*76
$GIGSV,1,1,,,,,,,,,,,,,0.0*4E
$GNGSA,A,3,01,02,03,04,06,09,19,28,31,,,,0.6,0.2,0.6,1*38
$GNGSA,A,3,01,03,04,06,09,,,,,,,,0.6,0.2,0.6,1*3A
$GNGSA,A,3,69,70,83,84,85,,,,,,,,0.6,0.2,0.6,2*32
$GNGSA,A,3,106,109,110,111,112,119,128,136,,,,,0.6,0.2,0.6,3*3B
$GNGSA,A,3,102,104,106,109,110,111,112,119,128,136,,,0.6,0.2,0.6,3*3D
$GNGSA,A,3,207,210,211,227,228,230,232,233,241,,,,0.6,0.2,0.6,4*0A
$GNGSA,A,3,227,228,232,233,241,,,,,,,,0.6,0.2,0.6,4*0F
$GNRMC,135357.000,A,4825.1430,N,00428.4556,W,0.0,125.5,100626,,,A*65
$GNGGA,135358.000,4825.1430,N,00428.4556,W,1,49,0.4,91.6,M,52.0,M,,*68
$GNVTG,125.5,T,,M,0.0,N,0.0,K,A*10
$GPGSV,5,1,14,01,35,120,40,02,10,128,39,03,60,057,41,04,59,159,27,1*65
$GPGSV,5,2,14,06,34,303,31,09,33,195,25,19,45,283,34,28,13,039,30,1*60
$GPGSV,5,3,14,31,18,067,42,1*5B
$GPGSV,5,4,14,01,35,120,29,03,60,057,45,04,59,159,40,06,34,303,42,8*66
$GPGSV,5,5,14,09,33,195,31,8*5E
$GQGSV,1,1,,,,,,,,,,,,,0.0*56
$GLGSV,2,1,05,69,82,206,34,70,29,217,32,83,33,140,34,84,88,319,31,1*7D
$GLGSV,2,2,05,85,38,320,38,1*41
$GAGSV,6,1,20,102,13,285,21,104,59,123,28,106,46,165,35,109,26,185,26,7*7D
$GAGSV,6,2,20,110,56,107,34,111,84,055,28,112,31,111,36,119,30,047,36,7*78
$GAGSV,6,3,20,128,51,078,37,136,39,300,32,7*7C
$GAGSV,6,4,20,102,13,285,37,104,59,123,42,106,46,165,44,109,26,185,37,1*73
$GAGSV,6,5,20,110,56,107,37,111,84,055,42,112,31,111,28,119,30,047,33,1*7C
$GAGSV,6,6,20,128,51,078,37,136,39,300,41,1*7B
$GBGSV,5,1,14,207,16,041,36,210,16,053,38,211,13,315,24,1*7D
$GBGSV,5,2,14,227,67,197,32,228,30,155,38,230,39,304,34,232,35,226,29,3*7C
$GBGSV,5,3,14,233,32,053,40,241,83,087,34,3*72
$GBGSV,5,4,14,227,67,197,37,228,30,155,34,230,39,304,41,233,32,053,35,5*7C
$GBGSV,5,5,14,241,83,087,46,5*76
$GIGSV,1,1,,,,,,,,,,,,,0.0*4E
$GNGSA,A,3,01,02,03,04,06,19,28,31,,,,,0.6,0.4,0.6,1*37
$GNGSA,A,3,01,03,04,06,09,,,,,,,,0.6,0.4,0.6,1*3C
$GNGSA,A,3,69,70,83,84,85,,,,,,,,0.6,0.4,0.6,2*34
$GNGSA,A,3,106,109,110,111,112,119,128,136,,,,,0.6,0.4,0.6,3*3D
$GNGSA,A,3,102,104,106,109,110,111,112,119,128,136,,,0.6,0.4,0.6,3*3B
$GNGSA,A,3,207,210,227,228,230,232,233,241,,,,,0.6,0.4,0.6,4*3E
$GNGSA,A,3,227,228,230,233,241,,,,,,,,0.6,0.4,0.6,4*0B
$GNRMC,135358.000,A,4825.1430,N,00428.4556,W,0.0,125.5,100626,,,A*6A
$GNGGA,135359.000,4825.1430,N,00428.4556,W,1,48,0.4,91.6,M,52.0,M,,*68
$GNVTG,125.5,T,,M,0.0,N,0.0,K,A*10
$GPGSV,5,1,14,01,35,120,40,02,10,128,39,03,60,057,41,04,59,159,26,1*64
$GPGSV,5,2,14,06,34,303,31,09,33,195,25,19,45,283,34,28,13,039,30,1*60
$GPGSV,5,3,14,31,18,067,42,1*5B
$GPGSV,5,4,14,01,35,120,28,03,60,057,45,04,59,159,40,06,34,303,42,8*67
$GPGSV,5,5,14,09,33,195,31,8*5E
$GQGSV,1,1,,,,,,,,,,,,,0.0*56
$GLGSV,2,1,05,69,82,206,34,70,29,217,32,83,33,140,34,84,88,319,31,1*7D
$GLGSV,2,2,05,85,38,320,38,1*41
$GAGSV,6,1,20,102,13,285,21,104,59,123,27,106,46,165,35,109,26,185,26,7*72
$GAGSV,6,2,20,110,56,107,33,111,84,055,28,112,31,111,36,119,30,047,36,7*7F
$GAGSV,6,3,20,128,51,078,37,136,39,300,32,7*7C
$GAGSV,6,4,20,102,13,285,37,104,59,123,42,106,46,165,44,109,26,185,37,1*73
$GAGSV,6,5,20,110,56,107,37,111,84,055,41,112,31,111,28,119,30,047,33,1*7F
$GAGSV,6,6,20,128,51,078,37,136,39,300,41,1*7B
$GBGSV,5,1,14,207,16,041,36,210,16,053,38,211,13,315,24,1*7D
$GBGSV,5,2,14,227,67,197,32,228,30,155,38,230,39,304,34,232,35,226,29,3*7C
$GBGSV,5,3,14,233,32,053,40,241,83,087,34,3*72
$GBGSV,5,4,14,227,67,197,37,228,30,155,34,232,35,226,27,233,32,053,35,5*73
$GBGSV,5,5,14,241,83,087,46,5*76
$GIGSV,1,1,,,,,,,,,,,,,0.0*4E
$GNGSA,A,3,01,02,03,04,06,19,31,,,,,,0.6,0.4,0.6,1*3D
$GNGSA,A,3,01,03,04,06,09,,,,,,,,0.6,0.4,0.6,1*3C
$GNGSA,A,3,69,70,83,84,85,,,,,,,,0.6,0.4,0.6,2*34
$GNGSA,A,3,106,109,110,111,112,119,128,136,,,,,0.6,0.4,0.6,3*3D
$GNGSA,A,3,102,104,106,109,110,111,112,119,128,136,,,0.6,0.4,0.6,3*3B
$GNGSA,A,3,207,210,227,228,230,232,233,241,,,,,0.6,0.4,0.6,4*3E
$GNGSA,A,3,227,228,232,233,241,,,,,,,,0.6,0.4,0.6,4*09
$GNRMC,135359.000,A,4825.1430,N,00428.4556,W,0.0,125.5,100626,,,A*6B
$GNGGA,135400.000,4825.1430,N,00428.4556,W,1,50,0.2,91.6,M,52.0,M,,*6C
$GNVTG,125.5,T,,M,0.0,N,0.0,K,A*10
$GPGSV,5,1,15,01,35,120,40,02,10,128,39,03,60,057,41,04,59,159,26,1*65
$GPGSV,5,2,15,06,34,303,31,09,33,195,24,19,45,283,33,28,13,039,30,1*67
$GPGSV,5,3,15,31,18,067,42,1*5A
$GPGSV,5,4,15,01,35,120,28,03,60,057,45,04,59,159,40,06,34,303,42,8*66
$GPGSV,5,5,15,09,33,195,31,28,13,039,22,8*6D
$GQGSV,1,1,,,,,,,,,,,,,0.0*56
$GLGSV,2,1,05,69,82,206,34,70,29,217,32,83,33,140,34,84,88,319,31,1*7D
$GLGSV,2,2,05,85,38,320,37,1*4E
$GAGSV,6,1,19,102,13,285,21,104,59,123,27,106,46,165,34,109,26,185,26,7*79
$GAGSV,6,2,19,110,56,107,33,111,84,055,28,112,31,111,36,119,30,047,36,7*75
$GAGSV,6,3,19,128,51,078,37,136,39,300,32,7*76
$GAGSV,6,4,19,102,13,285,37,104,59,123,42,106,46,165,43,109,26,185,37,1*7E
$GAGSV,6,5,19,110,56,107,37,111,84,055,41,112,31,111,28,119,30,047,33,1*75
$GAGSV,6,6,19,128,51,078,38,1*76
$GBGSV,5,1,14,207,16,041,36,210,16,053,38,211,13,315,24,1*7D
$GBGSV,5,2,14,227,67,197,32,228,30,155,38,230,39,304,34,232,35,226,29,3*7C
$GBGSV,5,3,14,233,32,053,40,241,83,087,34,3*72
$GBGSV,5,4,14,227,67,197,37,228,30,155,34,230,39,304,40,232,35,226,27,5*78
$GBGSV,5,5,14,241,83,087,46,5*76
$GIGSV,1,1,,,,,,,,,,,,,0.0*4E
$GNGSA,A,3,01,02,03,04,06,19,28,31,,,,,0.6,0.2,0.6,1*31
$GNGSA,A,3,01,03,04,06,09,28,,,,,,,0.6,0.2,0.6,1*30
$GNGSA,A,3,69,70,83,84,85,,,,,,,,0.6,0.2,0.6,2*32
$GNGSA,A,3,106,109,110,111,112,119,128,136,,,,,0.6,0.2,0.6,3*3B
$GNGSA,A,3,102,104,106,109,110,111,112,119,128,,,,0.6,0.2,0.6,3*09
$GNGSA,A,3,207,210,211,227,228,230,232,233,241,,,,0.6,0.2,0.6,4*0A
$GNGSA,A,3,227,228,230,232,241,,,,,,,,0.6,0.2,0.6,4*0C
$GNRMC,135400.000,A,4825.1430,N,00428.4556,W,0.0,125.5,100626,,,A*60
$GNGGA,135401.000,4825.1430,N,00428.4556,W,1,50,0.2,91.6,M,52.0,M,,*6D
$GNVTG,125.5,T,,M,0.0,N,0.0,K,A*10
$GPGSV,5,1,15,01,35,120,40,02,10,129,39,03,60,057,41,04,59,159,26,1*64
$GPGSV,5,2,15,06,34,303,31,09,33,195,24,19,45,283,33,28,13,039,30,1*67
$GPGSV,5,3,15,31,18,067,42,1*5A
$GPGSV,5,4,15,01,35,120,34,03,60,057,45,04,59,159,40,06,34,303,42,8*6B
$GPGSV,5,5,15,09,33,195,31,28,13,039,24,8*6B
$GQGSV,1,1,,,,,,,,,,,,,0.0*56
$GLGSV,2,1,05,69,82,206,34,70,29,217,32,83,33,140,34,84,88,319,31,1*7D
$GLGSV,2,2,05,85,38,320,37,1*4E
$GAGSV,5,1,18,102,13,285,21,104,59,123,27,106,46,165,34,109,26,185,26,7*7B
$GAGSV,5,2,18,110,56,107,33,111,84,055,28,112,31,111,36,119,30,047,36,7*77
$GAGSV,5,3,18,128,51,078,37,136,39,300,32,7*74
$GAGSV,5,4,18,102,13,285,37,104,59,123,42,106,46,165,43,109,26,185,37,1*7C
$GAGSV,5,5,18,110,56,107,37,111,84,055,41,112,31,111,28,119,30,047,33,1*77
$GBGSV,5,1,15,207,16,041,36,210,16,053,38,211,13,315,24,1*7C
$GBGSV,5,2,15,227,67,197,32,228,30,155,38,230,39,304,34,232,35,226,29,3*7D
$GBGSV,5,3,15,233,32,053,40,241,83,087,34,3*73
$GBGSV,5,4,15,227,67,197,37,228,30,155,34,230,39,304,40,232,35,226,27,5*79
$GBGSV,5,5,15,233,32,053,34,241,83,087,46,5*75
$GIGSV,1,1,,,,,,,,,,,,,0.0*4E
$GNGSA,A,3,01,02,03,04,06,19,31,,,,,,0.6,0.2,0.6,1*3B
$GNGSA,A,3,01,03,04,06,09,28,,,,,,,0.6,0.2,0.6,1*30
$GNGSA,A,3,69,70,83,84,85,,,,,,,,0.6,0.2,0.6,2*32
$GNGSA,A,3,104,106,109,110,111,112,119,128,136,,,,0.6,0.2,0.6,3*0E
$GNGSA,A,3,102,104,106,109,110,111,112,119,,,,,0.6,0.2,0.6,3*32
$GNGSA,A,3,207,210,211,227,228,230,232,233,241,,,,0.6,0.2,0.6,4*0A
$GNGSA,A,3,227,228,230,232,233,241,,,,,,,0.6,0.2,0.6,4*3E
$GNRMC,135401.000,A,4825.1430,N,00428.4556,W,0.0,125.5,100626,,,A*61
$GNGGA,135402.000,4825.1430,N,00428.4556,W,1,52,0.2,91.6,M,52.0,M,,*6C
$GNVTG,125.5,T,,M,0.0,N,0.0,K,A*10
$GPGSV,5,1,15,01,35,120,40,02,10,129,39,03,59,057,41,04,59,158,30,1*68
$GPGSV,5,2,15,06,34,303,31,09,33,195,24,19,45,283,33,28,13,039,29,1*6F
$GPGSV,5,3,15,31,18,067,42,1*5A
$GPGSV,5,4,15,01,35,120,34,03,59,057,45,04,59,158,40,06,34,303,42,8*60
$GPGSV,5,5,15,09,33,195,31,28,13,039,24,8*6B
$GQGSV,1,1,,,,,,,,,,,,,0.0*56
$GLGSV,2,1,05,69,82,206,34,70,29,217,32,83,33,140,34,84,88,319,31,1*7D
$GLGSV,2,2,05,85,38,320,37,1*4E
$GAGSV,5,1,18,102,13,285,21,104,59,123,32,106,46,165,34,109,26,185,26,7*7F
$GAGSV,5,2,18,110,56,107,36,111,84,055,28,112,31,111,36,119,30,047,36,7*72
$GAGSV,5,3,18,128,51,078,37,136,39,300,32,7*74
$GAGSV,5,4,18,104,59,123,42,106,46,165,43,109,26,185,37,110,56,107,37,1*77
$GAGSV,5,5,18,111,84,055,41,112,31,111,28,119,30,047,33,136,39,300,41,1*7E
$GBGSV,5,1,15,207,16,041,36,210,16,053,38,211,13,315,24,1*7C
$GBGSV,5,2,15,227,67,197,32,228,30,155,38,230,39,304,34,232,35,226,29,3*7D
$GBGSV,5,3,15,233,32,053,40,241,83,087,34,3*73
$GBGSV,5,4,15,227,67,197,37,228,30,155,34,230,39,304,40,232,35,226,27,5*79
$GBGSV,5,5,15,233,32,053,35,241,83,087,46,5*74
$GIGSV,1,1,,,,,,,,,,,,,0.0*4E
$GNGSA,A,3,01,02,03,04,06,09,19,28,31,,,,0.6,0.2,0.6,1*38
$GNGSA,A,3,01,03,04,06,09,28,,,,,,,0.6,0.2,0.6,1*30
$GNGSA,A,3,69,70,83,84,85,,,,,,,,0.6,0.2,0.6,2*32
$GNGSA,A,3,104,106,109,110,111,112,119,128,136,,,,0.6,0.2,0.6,3*0E
$GNGSA,A,3,104,106,109,110,111,112,119,136,,,,,0.6,0.2,0.6,3*35
$GNGSA,A,3,207,210,211,227,228,230,232,233,241,,,,0.6,0.2,0.6,4*0A
$GNGSA,A,3,227,228,230,232,233,241,,,,,,,0.6,0.2,0.6,4*3E
$GNRMC,135402.000,A,4825.1430,N,00428.4556,W,0.0,125.5,100626,,,A*62
$GNGGA,135403.000,4825.1430,N,00428.4556,W,1,50,0.2,91.6,M,52.0,M,,*6F
$GNVTG,125.5,T,,M,0.0,N,0.0,K,A*10
$GPGSV,5,1,15,01,35,120,40,02,10,129,39,03,59,057,41,04,59,158,32,1*6A
$GPGSV,5,2,15,06,34,303,31,09,33,195,24,19,45,283,33,28,13,039,29,1*6F
$GPGSV,5,3,15,31,18,067,42,1*5A
$GPGSV,5,4,15,01,35,120,34,03,59,057,45,04,59,158,40,06,34,303,42,8*60
$GPGSV,5,5,15,09,33,195,31,28,13,039,24,8*6B
$GQGSV,1,1,,,,,,,,,,,,,0.0*56
$GLGSV,2,1,05,69,82,206,34,70,29,217,32,83,33,140,34,84,88,319,31,1*7D
$GLGSV,2,2,05,85,38,320,37,1*4E
$GAGSV,6,1,19,102,13,285,21,104,59,123,32,106,46,165,34,109,26,185,26,7*7D
$GAGSV,6,2,19,110,56,107,37,111,84,057,28,112,31,111,36,119,30,047,36,7*73
$GAGSV,6,3,19,128,51,078,37,136,39,300,32,7*76
$GAGSV,6,4,19,102,13,285,37,106,46,165,43,109,26,185,37,110,56,107,37,1*70
$GAGSV,6,5,19,111,84,057,41,112,31,111,28,119,30,047,33,128,51,078,37,1*72
$GAGSV,6,6,19,136,39,300,41,1*75
$GBGSV,5,1,14,207,16,041,36,210,16,053,38,211,13,315,24,1*7D
$GBGSV,5,2,14,227,67,197,32,228,30,155,38,230,39,304,34,232,35,226,29,3*7C
$GBGSV,5,3,14,233,32,053,40,241,83,087,35,3*73
$GBGSV,5,4,14,227,67,197,37,228,30,155,33,230,39,304,40,232,35,226,27,5*7F
$GBGSV,5,5,14,241,83,087,46,5*76
$GIGSV,1,1,,,,,,,,,,,,,0.0*4E
$GNGSA,A,3,01,02,03,04,06,19,28,31,,,,,0.6,0.2,0.6,1*31
$GNGSA,A,3,01,03,04,06,09,28,,,,,,,0.6,0.2,0.6,1*30
$GNGSA,A,3,69,70,83,84,85,,,,,,,,0.6,0.2,0.6,2*32
$GNGSA,A,3,104,106,109,110,111,112,119,128,136,,,,0.6,0.2,0.6,3*0E
$GNGSA,A,3,102,106,109,110,111,112,119,128,136,,,,0.6,0.2,0.6,3*08
$GNGSA,A,3,207,210,227,228,230,232,233,241,,,,,0.6,0.2,0.6,4*38
$GNGSA,A,3,227,228,230,232,241,,,,,,,,0.6,0.2,0.6,4*0C
$GNRMC,135403.000,A,4825.1430,N,00428.4556,W,0.0,125.5,100626,,,A*63
$GNGGA,135404.000,4825.1430,N,00428.4556,W,1,51,0.2,91.6,M,52.0,M,,*69
$GNVTG,125.5,T,,M,0.0,N,0.0,K,A*10
$GPGSV,5,1,15,01,35,120,40,02,10,129,39,03,59,057,41,04,59,158,32,1*6A
$GPGSV,5,2,15,06,34,303,31,09,33,195,24,19,45,283,33,28,13,039,29,1*6F
$GPGSV,5,3,15,31,18,067,42,1*5A
$GPGSV,5,4,15,01,35,120,34,03,59,057,45,04,59,158,40,06,34,303,42,8*60
$GPGSV,5,5,15,09,33,195,31,28,13,039,24,8*6B
$GQGSV,1,1,,,,,,,,,,,,,0.0*56
$GLGSV,2,1,05,69,82,206,34,70,29,217,32,83,33,140,34,84,88,319,30,1*7C
$GLGSV,2,2,05,85,38,320,37,1*4E
$GAGSV,5,1,18,102,13,285,21,104,59,123,32,106,46,165,34,109,26,185,26,7*7F
$GAGSV,5,2,18,110,56,107,37,111,84,057,28,112,31,111,36,119,30,047,36,7*71
$GAGSV,5,3,18,128,51,078,37,136,39,300,32,7*74
$GAGSV,5,4,18,106,46,165,43,109,26,185,37,110,56,107,37,111,84,057,41,1*72
$GAGSV,5,5,18,112,31,111,28,119,30,047,33,128,51,078,37,136,39,300,41,1*72
$GBGSV,5,1,15,207,16,041,36,210,16,053,38,211,13,315,24,1*7C
$GBGSV,5,2,15,227,67,197,32,228,30,155,39,230,39,304,34,232,35,226,29,3*7C
$GBGSV,5,3,15,233,32,053,40,241,83,087,35,3*72
$GBGSV,5,4,15,227,67,197,37,228,30,155,33,230,39,304,40,232,35,226,27,5*7E
$GBGSV,5,5,15,233,32,053,35,241,83,087,46,5*74
$GIGSV,1,1,,,,,,,,,,,,,0.0*4E
$GNGSA,A,3,01,02,03,04,06,19,28,31,,,,,0.6,0.2,0.6,1*31
$GNGSA,A,3,01,03,04,06,09,28,,,,,,,0.6,0.2,0.6,1*30
$GNGSA,A,3,69,70,83,84,85,,,,,,,,0.6,0.2,0.6,2*32
$GNGSA,A,3,104,106,109,110,111,112,119,128,136,,,,0.6,0.2,0.6,3*0E
$GNGSA,A,3,106,109,110,111,112,119,128,136,,,,,0.6,0.2,0.6,3*3B
$GNGSA,A,3,207,210,211,227,228,230,232,233,241,,,,0.6,0.2,0.6,4*0A
$GNGSA,A,3,227,228,230,232,233,241,,,,,,,0.6,0.2,0.6,4*3E
$GNRMC,135404.000,A,4825.1430,N,00428.4556,W,0.0,125.5,100626,,,A*64
$GNGGA,135405.000,4825.1430,N,00428.4556,W,1,51,0.2,91.6,M,52.0,M,,*68
$GNVTG,125.5,T,,M,0.0,N,0.0,K,A*10
$GPGSV,5,1,15,01,35,120,40,02,10,129,39,03,59,057,41,04,59,158,32,1*6A
$GPGSV,5,2,15,06,34,303,31,09,33,195,24,19,45,283,33,28,13,039,29,1*6F
$GPGSV,5,3,15,31,18,067,42,1*5A
$GPGSV,5,4,15,01,35,120,34,03,59,057,45,04,59,158,40,06,34,303,42,8*60
$GPGSV,5,5,15,09,33,195,31,28,13,039,24,8*6B
$GQGSV,1,1,,,,,,,,,,,,,0.0*56
$GLGSV,2,1,05,69,82,206,34,70,29,217,32,83,33,140,34,84,88,319,30,1*7C
$GLGSV,2,2,05,85,38,320,37,1*4E
$GAGSV,6,1,19,102,13,285,21,104,59,123,32,106,46,165,34,109,26,185,26,7*7D
$GAGSV,6,2,19,110,56,107,37,111,84,057,28,112,31,111,36,119,30,047,36,7*73
$GAGSV,6,3,19,128,51,078,37,136,39,300,32,7*76
$GAGSV,6,4,19,104,59,123,43,106,46,165,43,109,26,185,37,110,56,107,37,1*74
$GAGSV,6,5,19,111,84,057,41,112,31,111,27,119,30,047,33,128,51,078,37,1*7D
$GAGSV,6,6,19,136,39,300,41,1*75
$GBGSV,5,1,14,207,16,041,36,210,16,053,37,211,13,315,24,1*72
$GBGSV,5,2,14,227,67,197,32,228,30,155,39,230,39,304,34,232,35,226,29,3*7D
$GBGSV,5,3,14,233,32,053,40,241,83,087,35,3*73
$GBGSV,5,4,14,227,67,197,37,228,30,155,33,230,39,304,40,232,35,226,28,5*70
$GBGSV,5,5,14,233,32,053,36,5*77
$GIGSV,1,1,,,,,,,,,,,,,0.0*4E
$GNGSA,A,3,01,02,03,04,06,19,28,31,,,,,0.6,0.2,0.6,1*31
$GNGSA,A,3,01,03,04,06,09,28,,,,,,,0.6,0.2,0.6,1*30
$GNGSA,A,3,69,70,83,84,85,,,,,,,,0.6,0.2,0.6,2*32
$GNGSA,A,3,104,106,109,110,111,112,119,128,136,,,,0.6,0.2,0.6,3*0E
$GNGSA,A,3,104,106,109,110,111,112,119,128,136,,,,0.6,0.2,0.6,3*0E
$GNGSA,A,3,207,210,211,227,228,230,232,233,241,,,,0.6,0.2,0.6,4*0A
$GNGSA,A,3,227,228,230,232,233,,,,,,,,0.6,0.2,0.6,4*09
$GNRMC,135405.000,A,4825.1430,N,00428.4556,W,0.0,125.5,100626,,,A*65
$GNGGA,135406.000,4825.1430,N,00428.4556,W,1,50,0.4,91.6,M,52.0,M,,*6C
$GNVTG,125.5,T,,M,0.0,N,0.0,K,A*10
$GPGSV,5,1,15,01,35,120,40,02,10,129,39,03,59,057,41,04,59,158,32,1*6A
$GPGSV,5,2,15,06,34,303,31,09,33,195,24,19,45,283,32,28,13,039,29,1*6E
$GPGSV,5,3,15,31,18,067,42,1*5A
$GPGSV,5,4,15,01,35,120,34,03,59,057,45,04,59,158,40,06,34,303,42,8*60
$GPGSV,5,5,15,09,33,195,31,28,13,039,25,8*6A
$GQGSV,1,1,,,,,,,,,,,,,0.0*56
$GLGSV,2,1,05,69,82,206,34,70,29,217,32,83,33,140,33,84,88,319,30,1*7B
$GLGSV,2,2,05,85,38,320,37,1*4E
$GAGSV,6,1,19,102,13,285,21,104,59,123,32,106,46,165,34,109,26,185,26,7*7D
$GAGSV,6,2,19,110,56,107,37,111,84,057,27,112,31,111,36,119,30,047,36,7*7C
$GAGSV,6,3,19,128,51,078,37,136,39,300,32,7*76
$GAGSV,6,4,19,104,59,123,43,106,46,165,43,109,26,185,37,110,56,107,37,1*74
$GAGSV,6,5,19,111,84,057,41,112,31,111,27,119,30,047,33,128,51,078,37,1*7D
$GAGSV,6,6,19,136,39,300,41,1*75
$GBGSV,5,1,14,207,16,041,36,210,16,053,37,211,13,315,24,1*72
$GBGSV,5,2,14,227,67,197,32,228,30,155,39,230,39,304,34,232,35,226,29,3*7D
$GBGSV,5,3,14,233,32,053,40,241,83,087,35,3*73
$GBGSV,5,4,14,227,67,197,37,228,30,155,33,232,35,226,28,233,32,053,36,5*78
$GBGSV,5,5,14,241,83,087,46,5*76
$GIGSV,1,1,,,,,,,,,,,,,0.0*4E
$GNGSA,A,3,01,02,03,04,06,19,31,,,,,,0.6,0.4,0.6,1*3D
$GNGSA,A,3,01,03,04,06,09,28,,,,,,,0.6,0.4,0.6,1*36
$GNGSA,A,3,69,70,83,84,85,,,,,,,,0.6,0.4,0.6,2*34
$GNGSA,A,3,104,106,109,110,111,112,119,128,136,,,,0.6,0.4,0.6,3*08
$GNGSA,A,3,104,106,109,110,111,112,119,128,136,,,,0.6,0.4,0.6,3*08
$GNGSA,A,3,207,210,211,227,228,230,232,233,241,,,,0.6,0.4,0.6,4*0C
$GNGSA,A,3,227,228,232,233,241,,,,,,,,0.6,0.4,0.6,4*09
$GNRMC,135406.000,A,4825.1430,N,00428.4556,W,0.0,125.5,100626,,,A*66
$GNGGA,135407.000,4825.1430,N,00428.4556,W,1,50,0.2,91.6,M,52.0,M,,*6B
$GNVTG,125.5,T,,M,0.0,N,0.0,K,A*10
$GPGSV,5,1,15,01,35,120,40,02,10,129,39,03,59,057,41,04,59,158,32,1*6A
$GPGSV,5,2,15,06,34,303,31,09,33,195,24,19,45,283,32,28,13,039,29,1*6E
$GPGSV,5,3,15,31,18,067,42,1*5A
$GPGSV,5,4,15,01,35,120,33,03,59,057,45,04,59,158,40,06,34,303,42,8*67
$GPGSV,5,5,15,09,33,195,32,28,13,039,25,8*69
$GQGSV,1,1,,,,,,,,,,,,,0.0*56
$GLGSV,2,1,05,69,82,206,34,70,29,217,32,83,33,140,33,84,88,319,30,1*7B
$GLGSV,2,2,05,85,38,320,37,1*4E
$GAGSV,6,1,19,102,13,285,20,104,59,123,31,106,46,165,34,109,26,185,26,7*7F
$GAGSV,6,2,19,110,56,107,37,111,84,057,27,112,31,111,36,119,30,047,36,7*7C
$GAGSV,6,3,19,128,51,078,37,136,39,300,32,7*76
$GAGSV,6,4,19,102,13,285,37,104,59,123,43,106,46,165,43,109,26,185,37,1*7F
$GAGSV,6,5,19,110,56,107,37,111,84,057,41,112,31,111,27,119,30,047,32,1*79
$GAGSV,6,6,19,136,39,300,41,1*75
$GBGSV,5,1,14,207,16,041,36,210,16,053,37,211,13,315,24,1*72
$GBGSV,5,2,14,227,67,197,32,228,29,155,39,230,39,304,34,232,35,226,29,3*75
$GBGSV,5,3,14,233,32,053,40,241,83,087,35,3*73
$GBGSV,5,4,14,227,67,197,37,230,39,304,40,232,35,226,28,233,32,053,36,5*7A
$GBGSV,5,5,14,241,83,087,46,5*76
$GIGSV,1,1,,,,,,,,,,,,,0.0*4E
$GNGSA,A,3,01,02,03,04,06,19,31,,,,,,0.6,0.2,0.6,1*3B
$GNGSA,A,3,01,03,04,06,09,28,,,,,,,0.6,0.2,0.6,1*30
$GNGSA,A,3,69,70,83,84,85,,,,,,,,0.6,0.2,0.6,2*32
$GNGSA,A,3,104,106,109,110,111,112,119,128,136,,,,0.6,0.2,0.6,3*0E
$GNGSA,A,3,102,104,106,109,110,111,112,119,136,,,,0.6,0.2,0.6,3*06
$GNGSA,A,3,207,210,211,227,228,230,232,233,241,,,,0.6,0.2,0.6,4*0A
$GNGSA,A,3,227,230,232,233,241,,,,,,,,0.6,0.2,0.6,4*06
$GNRMC,135407.000,A,4825.1430,N,00428.4556,W,0.0,125.5,100626,,,A*67
$GNGGA,135408.000,4825.1430,N,00428.4556,W,1,51,0.2,91.6,M,52.0,M,,*65
$GNVTG,125.5,T,,M,0.0,N,0.0,K,A*10
$GPGSV,5,1,15,01,35,120,40,02,10,129,39,03,59,057,41,04,59,158,32,1*6A
$GPGSV,5,2,15,06,34,303,31,09,33,195,23,19,45,283,32,28,13,039,29,1*69
$GPGSV,5,3,15,31,18,067,42,1*5A
$GPGSV,5,4,15,01,35,120,33,03,59,057,45,04,59,158,40,06,34,303,42,8*67
$GPGSV,5,5,15,09,33,195,33,28,13,039,25,8*68
$GQGSV,1,1,,,,,,,,,,,,,0.0*56
$GLGSV,2,1,05,69,82,206,34,70,29,217,32,83,33,140,33,84,88,319,30,1*7B
$GLGSV,2,2,05,85,38,320,37,1*4E
$GAGSV,5,1,18,102,13,285,20,104,59,123,31,106,46,165,34,109,26,185,26,7*7D
$GAGSV,5,2,18,110,56,107,37,111,84,057,27,112,31,111,36,119,30,047,36,7*7E
$GAGSV,5,3,18,128,51,078,37,136,39,300,32,7*74
$GAGSV,5,4,18,102,13,285,37,104,59,123,43,106,46,165,43,109,26,185,36,1*7C
$GAGSV,5,5,18,110,56,107,37,111,84,057,41,119,30,047,32,128,51,078,37,1*7B
$GBGSV,5,1,15,207,16,041,36,210,16,053,37,211,13,315,24,1*73
$GBGSV,5,2,15,227,67,197,32,228,29,155,39,230,39,303,33,232,35,226,29,3*74
$GBGSV,5,3,15,233,32,053,40,241,83,087,35,3*72
$GBGSV,5,4,15,227,67,197,37,228,29,155,33,230,39,303,40,232,35,226,28,5*7E
$GBGSV,5,5,15,233,32,053,36,241,83,087,46,5*77
$GIGSV,1,1,,,,,,,,,,,,,0.0*4E
$GNGSA,A,3,01,02,03,04,06,19,28,31,,,,,0.6,0.2,0.6,1*31
$GNGSA,A,3,01,03,04,06,09,28,,,,,,,0.6,0.2,0.6,1*30
$GNGSA,A,3,69,70,83,84,85,,,,,,,,0.6,0.2,0.6,2*32
$GNGSA,A,3,104,106,109,110,111,112,119,128,136,,,,0.6,0.2,0.6,3*0E
$GNGSA,A,3,102,104,106,109,110,111,119,128,,,,,0.6,0.2,0.6,3*3B
$GNGSA,A,3,207,210,211,227,228,230,232,233,241,,,,0.6,0.2,0.6,4*0A
$GNGSA,A,3,227,228,230,232,233,241,,,,,,,0.6,0.2,0.6,4*3E
$GNRMC,135408.000,A,4825.1430,N,00428.4556,W,0.0,125.5,100626,,,A*68
$GNGGA,135409.000,4825.1430,N,00428.4556,W,1,52,0.2,91.6,M,52.0,M,,*67
$GNVTG,125.5,T,,M,0.0,N,0.0,K,A*10
$GPGSV,5,1,15,01,35,120,40,02,10,129,39,03,59,057,41,04,59,158,32,1*6A
$GPGSV,5,2,15,06,34,303,31,09,33,195,23,19,45,283,32,28,13,039,29,1*69
$GPGSV,5,3,15,31,18,067,42,1*5A
$GPGSV,5,4,15,01,35,120,32,03,59,057,45,04,59,158,40,06,34,303,41,8*65
$GPGSV,5,5,15,09,33,195,32,28,13,039,26,8*6A
$GQGSV,1,1,,,,,,,,,,,,,0.0*56
$GLGSV,2,1,05,69,82,206,34,70,29,217,32,83,33,140,34,84,88,319,30,1*7C
$GLGSV,2,2,05,85,38,320,37,1*4E
$GAGSV,5,1,18,102,13,285,20,104,59,123,30,106,46,165,34,109,26,185,26,7*7C
$GAGSV,5,2,18,110,56,107,37,111,84,057,27,112,31,111,36,119,30,047,36,7*7E
$GAGSV,5,3,18,128,51,078,37,136,39,300,32,7*74
$GAGSV,5,4,18,102,13,285,37,104,59,123,43,106,46,165,43,109,26,185,36,1*7C
$GAGSV,5,5,18,110,56,107,37,111,84,057,41,112,31,111,27,128,51,078,37,1*77
$GBGSV,5,1,15,207,16,041,36,210,16,053,37,211,13,315,24,1*73
$GBGSV,5,2,15,227,67,197,32,228,29,155,39,230,39,303,33,232,35,226,29,3*74
$GBGSV,5,3,15,233,31,053,40,241,83,087,35,3*71
$GBGSV,5,4,15,227,67,197,37,228,29,155,33,230,39,303,40,232,35,226,29,5*7F
$GBGSV,5,5,15,233,31,053,36,241,83,087,46,5*74
$GIGSV,1,1,,,,,,,,,,,,,0.0*4E
$GNGSA,A,3,01,02,03,04,06,09,19,28,31,,,,0.6,0.2,0.6,1*38
$GNGSA,A,3,01,03,04,06,09,28,,,,,,,0.6,0.2,0.6,1*30
$GNGSA,A,3,69,70,83,84,85,,,,,,,,0.6,0.2,0.6,2*32
$GNGSA,A,3,104,106,109,110,111,112,119,128,136,,,,0.6,0.2,0.6,3*0E
$GNGSA,A,3,102,104,106,109,110,111,112,128,,,,,0.6,0.2,0.6,3*30
$GNGSA,A,3,207,210,211,227,228,230,232,233,241,,,,0.6,0.2,0.6,4*0A
$GNGSA,A,3,227,228,230,232,233,241,,,,,,,0.6,0.2,0.6,4*3E
$GNRMC,135409.000,A,4825.1430,N,00428.4556,W,0.0,125.5,100626,,,A*69
$GNGGA,135410.000,4825.1430,N,00428.4556,W,1,51,0.2,91.6,M,52.0,M,,*6C
$GNVTG,125.5,T,,M,0.0,N,0.0,K,A*10
$GPGSV,5,1,15,01,35,120,40,02,10,129,39,03,59,057,41,04,59,158,32,1*6A
$GPGSV,5,2,15,06,34,303,31,09,33,195,23,19,45,283,32,28,13,039,30,1*61
$GPGSV,5,3,15,31,18,067,42,1*5A
$GPGSV,5,4,15,01,35,120,32,03,59,057,45,04,59,158,40,06,34,303,41,8*65
$GPGSV,5,5,15,09,33,195,32,28,13,039,27,8*6B
$GQGSV,1,1,,,,,,,,,,,,,0.0*56
$GLGSV,2,1,05,69,82,206,34,70,29,217,32,83,33,140,34,84,88,319,30,1*7C
$GLGSV,2,2,05,85,38,320,37,1*4E
$GAGSV,5,1,18,102,13,285,20,104,59,123,30,106,46,165,34,109,26,185,26,7*7C
$GAGSV,5,2,18,110,56,107,37,111,84,057,27,112,31,111,35,119,30,047,36,7*7D
$GAGSV,5,3,18,128,51,078,37,136,39,300,32,7*74
$GAGSV,5,4,18,104,59,123,43,106,46,165,43,109,26,185,36,110,56,107,38,1*78
$GAGSV,5,5,18,111,84,057,41,112,31,111,27,119,30,047,31,128,51,078,37,1*7D
$GBGSV,5,1,15,207,16,041,36,210,16,053,37,211,13,315,24,1*73
$GBGSV,5,2,15,227,67,197,32,228,29,155,39,230,39,303,33,232,35,226,29,3*74
$GBGSV,5,3,15,233,31,053,40,241,83,087,35,3*71
$GBGSV,5,4,15,227,67,197,37,228,29,155,33,230,39,303,40,232,35,226,29,5*7F
$GBGSV,5,5,15,233,31,053,36,241,83,087,46,5*74
$GIGSV,1,1,,,,,,,,,,,,,0.0*4E
$GNGSA,A,3,01,02,03,06,09,19,28,31,,,,,0.6,0.2,0.6,1*3C
$GNGSA,A,3,01,03,04,06,09,28,,,,,,,0.6,0.2,0.6,1*30
$GNGSA,A,3,69,70,83,84,85,,,,,,,,0.6,0.2,0.6,2*32
$GNGSA,A,3,104,106,109,110,111,112,119,128,136,,,,0.6,0.2,0.6,3*0E
$GNGSA,A,3,104,106,109,110,111,112,119,128,,,,,0.6,0.2,0.6,3*3A
$GNGSA,A,3,207,210,211,227,228,230,232,233,241,,,,0.6,0.2,0.6,4*0A
$GNGSA,A,3,227,228,230,232,233,241,,,,,,,0.6,0.2,0.6,4*3E
$GNRMC,135410.000,A,4825.1430,N,00428.4556,W,0.0,125.5,100626,,,A*61
$GNGGA,135411.000,4825.1430,N,00428.4556,W,1,50,0.2,91.6,M,52.0,M,,*6C
$GNVTG,125.5,T,,M,0.0,N,0.0,K,A*10
$GPGSV,5,1,15,01,35,120,40,02,10,129,39,03,59,057,41,04,59,158,32,1*6A
$GPGSV,5,2,15,06,34,303,31,09,33,195,23,19,45,283,32,28,13,039,30,1*61
$GPGSV,5,3,15,31,18,067,42,1*5A
$GPGSV,5,4,15,01,35,120,32,03,59,057,45,04,59,158,41,06,34,303,41,8*64
$GPGSV,5,5,15,09,33,195,32,28,13,039,27,8*6B
$GQGSV,1,1,,,,,,,,,,,,,0.0*56
$GLGSV,2,1,05,69,83,206,34,70,29,217,32,83,33,140,33,84,88,318,31,1*7A
$GLGSV,2,2,05,85,38,320,37,1*4E
$GAGSV,6,1,19,102,13,285,20,104,59,123,30,106,46,165,34,109,26,185,25,7*7D
$GAGSV,6,2,19,110,55,107,37,111,84,057,27,112,31,111,35,119,30,047,36,7*7C
$GAGSV,6,3,19,128,51,078,37,136,39,300,32,7*76
$GAGSV,6,4,19,102,13,285,37,104,59,123,43,106,46,165,43,109,26,185,36,1*7E
$GAGSV,6,5,19,110,55,107,38,111,84,057,41,119,30,047,30,128,51,078,36,1*76
$GAGSV,6,6,19,136,39,300,41,1*75
$GBGSV,5,1,14,207,16,041,36,210,16,053,37,211,13,315,24,1*72
$GBGSV,5,2,14,227,67,197,32,228,29,155,39,230,39,303,33,232,35,226,29,3*75
$GBGSV,5,3,14,233,31,053,40,241,83,087,35,3*70
$GBGSV,5,4,14,227,67,197,37,228,29,155,33,230,39,303,40,233,31,053,36,5*75
$GBGSV,5,5,14,241,83,087,46,5*76
$GIGSV,1,1,,,,,,,,,,,,,0.0*4E
$GNGSA,A,3,01,02,03,06,19,28,31,,,,,,0.6,0.2,0.6,1*35
$GNGSA,A,3,01,03,04,06,09,28,,,,,,,0.6,0.2,0.6,1*30
$GNGSA,A,3,69,70,83,84,85,,,,,,,,0.6,0.2,0.6,2*32
$GNGSA,A,3,104,106,109,110,111,112,119,128,136,,,,0.6,0.2,0.6,3*0E
$GNGSA,A,3,102,104,106,109,110,111,119,128,136,,,,0.6,0.2,0.6,3*0F
$GNGSA,A,3,207,210,211,227,228,230,232,233,241,,,,0.6,0.2,0.6,4*0A
$GNGSA,A,3,227,228,230,233,241,,,,,,,,0.6,0.2,0.6,4*0D
$GNRMC,135411.000,A,4825.1430,N,00428.4556,W,0.0,125.5,100626,,,A*60
$GNGGA,135412.000,4825.1430,N,00428.4556,W,1,50,0.4,91.6,M,52.0,M,,*69
$GNVTG,125.5,T,,M,0.0,N,0.0,K,A*10
$GPGSV,5,1,15,01,35,120,39,02,10,129,39,03,59,057,41,04,59,158,32,1*64
$GPGSV,5,2,15,06,34,303,31,09,33,195,23,19,45,283,32,28,13,039,30,1*61
$GPGSV,5,3,15,31,18,067,42,1*5A
$GPGSV,5,4,15,01,35,120,32,03,59,057,45,04,59,158,41,06,34,303,41,8*64
$GPGSV,5,5,15,09,33,195,32,28,13,039,27,8*6B
$GQGSV,1,1,,,,,,,,,,,,,0.0*56
$GLGSV,2,1,05,69,83,206,34,70,29,217,32,83,33,140,33,84,88,318,31,1*7A
$GLGSV,2,2,05,85,38,320,37,1*4E
$GAGSV,5,1,18,102,13,285,20,104,59,123,30,106,46,165,34,109,26,185,25,7*7F
$GAGSV,5,2,18,110,55,107,37,111,84,057,27,112,31,111,36,119,30,047,36,7*7D
$GAGSV,5,3,18,128,51,078,37,136,39,300,32,7*74
$GAGSV,5,4,18,104,59,123,43,106,46,165,43,109,26,185,36,110,55,107,38,1*7B
$GAGSV,5,5,18,111,84,057,41,112,31,111,27,119,30,047,30,136,39,300,41,1*70
$GBGSV,5,1,15,207,16,041,36,210,16,053,37,211,13,315,24,1*73
$GBGSV,5,2,15,227,67,197,32,228,29,155,39,230,39,303,33,232,35,226,28,3*75
$GBGSV,5,3,15,233,31,053,40,241,83,087,35,3*71
$GBGSV,5,4,15,227,67,197,37,228,29,155,33,230,39,303,40,232,35,226,30,5*77
$GBGSV,5,5,15,233,31,053,36,241,83,087,46,5*74
$GIGSV,1,1,,,,,,,,,,,,,0.0*4E
$GNGSA,A,3,01,02,03,04,06,09,28,31,,,,,0.6,0.4,0.6,1*36
$GNGSA,A,3,01,03,04,06,09,28,,,,,,,0.6,0.4,0.6,1*36
$GNGSA,A,3,69,70,83,84,85,,,,,,,,0.6,0.4,0.6,2*34
$GNGSA,A,3,104,106,109,110,111,112,119,128,136,,,,0.6,0.4,0.6,3*08
$GNGSA,A,3,104,106,109,110,111,112,119,136,,,,,0.6,0.4,0.6,3*33
$GNGSA,A,3,207,210,227,228,230,232,233,241,,,,,0.6,0.4,0.6,4*3E
$GNGSA,A,3,227,228,230,232,233,241,,,,,,,0.6,0.4,0.6,4*38
$GNRMC,135412.000,A,4825.1430,N,00428.4556,W,0.0,125.5,100626,,,A*63
$GNGGA,135413.000,4825.1430,N,00428.4556,W,1,52,0.2,91.6,M,52.0,M,,*6C
$GNVTG,125.5,T,,M,0.0,N,0.0,K,A*10
$GPGSV,5,1,15,01,35,120,39,02,10,129,39,03,59,057,41,04,59,158,32,1*64
$GPGSV,5,2,15,06,34,303,31,09,33,195,23,19,45,283,32,28,13,039,29,1*69
$GPGSV,5,3,15,31,18,067,42,1*5A
$GPGSV,5,4,15,01,35,120,33,03,59,057,45,04,59,158,41,06,34,303,41,8*65
$GPGSV,5,5,15,09,33,195,32,28,13,039,27,8*6B
$GQGSV,1,1,,,,,,,,,,,,,0.0*56
$GLGSV,2,1,05,69,83,206,34,70,29,217,32,83,33,140,32,84,88,318,31,1*7B
$GLGSV,2,2,05,85,38,320,37,1*4E
$GAGSV,6,1,19,102,13,285,20,104,59,123,30,106,46,165,34,109,26,185,25,7*7D
$GAGSV,6,2,19,110,55,107,36,111,84,057,27,112,31,112,36,119,30,047,36,7*7D
$GAGSV,6,3,19,128,51,078,37,136,39,300,32,7*76
$GAGSV,6,4,19,102,13,285,37,104,59,123,43,106,46,165,43,110,55,107,38,1*76
$GAGSV,6,5,19,111,84,057,41,112,31,112,27,119,30,047,30,128,51,078,35,1*7F
$GAGSV,6,6,19,136,39,300,41,1*75
$GBGSV,5,1,14,207,16,041,36,210,16,053,37,211,13,315,24,1*72
$GBGSV,5,2,14,227,67,197,32,228,29,155,39,230,39,303,33,232,35,226,28,3*74
$GBGSV,5,3,14,233,31,053,40,241,82,085,35,3*73
$GBGSV,5,4,14,227,67,197,37,228,29,155,33,230,39,303,40,233,31,053,36,5*75
$GBGSV,5,5,14,241,82,085,46,5*75
$GIGSV,1,1,,,,,,,,,,,,,0.0*4E
$GNGSA,A,3,01,02,03,04,06,09,19,28,31,,,,0.6,0.2,0.6,1*38
$GNGSA,A,3,01,03,04,06,09,28,,,,,,,0.6,0.2,0.6,1*30
$GNGSA,A,3,69,70,83,84,85,,,,,,,,0.6,0.2,0.6,2*32
$GNGSA,A,3,104,106,109,110,111,112,119,128,136,,,,0.6,0.2,0.6,3*0E
$GNGSA,A,3,102,104,106,110,111,112,119,128,136,,,,0.6,0.2,0.6,3*05
$GNGSA,A,3,207,210,211,227,228,230,232,233,241,,,,0.6,0.2,0.6,4*0A
$GNGSA,A,3,227,228,230,233,241,,,,,,,,0.6,0.2,0.6,4*0D
$GNRMC,135413.000,A,4825.1430,N,00428.4556,W,0.0,125.5,100626,,,A*62
$GNGGA,135414.000,4825.1430,N,00428.4556,W,1,51,0.2,91.6,M,52.0,M,,*68
$GNVTG,125.5,T,,M,0.0,N,0.0,K,A*10
$GPGSV,5,1,15,01,35,120,39,02,10,129,39,03,59,057,41,04,59,158,32,1*64
$GPGSV,5,2,15,06,34,303,30,09,33,195,23,19,45,283,32,28,13,039,29,1*68
$GPGSV,5,3,15,31,18,067,42,1*5A
$GPGSV,5,4,15,01,35,120,34,03,59,057,45,04,59,158,41,06,34,303,41,8*62
$GPGSV,5,5,15,09,33,195,32,28,13,039,27,8*6B
$GQGSV,1,1,,,,,,,,,,,,,0.0*56
$GLGSV,2,1,05,69,83,206,34,70,29,217,32,83,33,140,32,84,88,318,31,1*7B
$GLGSV,2,2,05,85,38,320,37,1*4E
$GAGSV,5,1,18,102,13,285,20,104,59,123,30,106,46,165,34,109,26,185,25,7*7F
$GAGSV,5,2,18,110,55,107,36,111,84,057,27,112,31,112,36,119,30,047,36,7*7F
$GAGSV,5,3,18,128,51,078,37,136,39,300,32,7*74
$GAGSV,5,4,18,102,13,285,37,104,59,123,43,106,46,165,43,109,26,185,36,1*7C
$GAGSV,5,5,18,111,84,057,41,119,30,047,30,128,51,078,34,136,39,300,41,1*73
$GBGSV,5,1,15,207,16,041,36,210,16,053,37,211,13,315,24,1*73
$GBGSV,5,2,15,227,67,197,32,228,29,155,39,230,39,303,33,232,35,226,28,3*75
$GBGSV,5,3,15,233,31,053,40,241,82,085,36,3*71
$GBGSV,5,4,15,227,67,197,37,228,29,155,33,230,39,303,40,232,35,226,30,5*77
$GBGSV,5,5,15,233,31,053,36,241,82,085,46,5*77
$GIGSV,1,1,,,,,,,,,,,,,0.0*4E
$GNGSA,A,3,01,02,03,04,06,09,19,28,31,,,,0.6,0.2,0.6,1*38
$GNGSA,A,3,01,03,04,06,09,28,,,,,,,0.6,0.2,0.6,1*30
$GNGSA,A,3,69,70,83,84,85,,,,,,,,0.6,0.2,0.6,2*32
$GNGSA,A,3,104,106,109,110,111,112,119,128,136,,,,0.6,0.2,0.6,3*0E
$GNGSA,A,3,102,104,106,109,111,119,128,136,,,,,0.6,0.2,0.6,3*3F
$GNGSA,A,3,207,210,227,228,230,232,233,241,,,,,0.6,0.2,0.6,4*38
$GNGSA,A,3,227,228,230,232,233,241,,,,,,,0.6,0.2,0.6,4*3E
$GNRMC,135414.000,A,4825.1430,N,00428.4556,W,0.0,125.5,100626,,,A*65
$GNGGA,135415.000,4825.1430,N,00428.4556,W,1,50,0.4,91.6,M,52.0,M,,*6E
$GNVTG,125.5,T,,M,0.0,N,0.0,K,A*10
$GPGSV,5,1,15,01,35,120,39,02,10,129,39,03,59,057,41,04,59,158,32,1*64
$GPGSV,5,2,15,06,34,303,30,09,33,195,23,19,45,283,32,28,13,039,29,1*68
$GPGSV,5,3,15,31,18,067,42,1*5A
$GPGSV,5,4,15,01,35,120,34,03,59,057,45,04,59,158,41,06,34,303,41,8*62
$GPGSV,5,5,15,09,33,195,33,28,13,039,27,8*6A
$GQGSV,1,1,,,,,,,,,,,,,0.0*56
$GLGSV,2,1,05,69,83,206,34,70,29,217,32,83,33,140,31,84,88,318,32,1*7B
$GLGSV,2,2,05,85,38,320,37,1*4E
$GAGSV,6,1,18,104,59,123,30,106,46,165,34,109,26,185,25,110,55,107,37,7*72
$GAGSV,6,2,18,111,84,057,27,112,31,112,36,119,30,047,36,128,51,078,37,7*7B
$GAGSV,6,3,18,136,39,300,32,7*73
$GAGSV,6,4,18,102,13,285,37,104,59,123,43,106,46,165,43,110,55,107,39,1*76
$GAGSV,6,5,18,111,84,057,41,112,31,112,27,119,30,047,30,128,51,078,34,1*7F
$GAGSV,6,6,18,136,39,300,41,1*74
$GBGSV,5,1,14,207,16,041,36,210,16,053,37,211,13,315,24,1*72
$GBGSV,5,2,14,227,67,197,32,228,29,155,39,230,39,303,34,232,35,226,28,3*73
$GBGSV,5,3,14,233,31,053,40,241,82,085,36,3*70
$GBGSV,5,4,14,227,67,197,37,228,29,155,33,232,35,226,30,233,31,053,36,5*7A
$GBGSV,5,5,14,241,82,085,45,5*76
$GIGSV,1,1,,,,,,,,,,,,,0.0*4E
$GNGSA,A,3,01,02,03,04,06,09,28,31,,,,,0.6,0.4,0.6,1*36
$GNGSA,A,3,01,03,04,06,09,28,,,,,,,0.6,0.4,0.6,1*36
$GNGSA,A,3,69,70,83,84,85,,,,,,,,0.6,0.4,0.6,2*34
$GNGSA,A,3,104,106,109,110,111,112,119,128,136,,,,0.6,0.4,0.6,3*08
$GNGSA,A,3,102,104,106,110,111,112,119,128,136,,,,0.6,0.4,0.6,3*03
$GNGSA,A,3,207,210,227,228,230,232,233,241,,,,,0.6,0.4,0.6,4*3E
$GNGSA,A,3,227,228,232,233,241,,,,,,,,0.6,0.4,0.6,4*09
$GNRMC,135415.000,A,4825.1430,N,00428.4556,W,0.0,125.5,100626,,,A*64
$GNGGA,135416.000,4825.1430,N,00428.4556,W,1,46,0.4,91.6,M,52.0,M,,*6A
$GNVTG,125.5,T,,M,0.0,N,0.0,K,A*10
$GPGSV,5,1,15,01,35,120,39,02,10,129,39,03,59,057,41,04,59,158,32,1*64
$GPGSV,5,2,15,06,34,303,29,09,33,195,23,19,45,283,32,28,13,039,29,1*60
$GPGSV,5,3,15,31,18,067,42,1*5A
$GPGSV,5,4,15,01,35,120,34,03,59,057,45,04,59,158,41,06,34,303,41,8*62
$GPGSV,5,5,15,09,33,195,33,28,13,039,26,8*6B
$GQGSV,1,1,,,,,,,,,,,,,0.0*56
$GLGSV,2,1,05,69,83,206,34,70,29,217,32,83,33,140,31,84,88,318,32,1*7B
$GLGSV,2,2,05,85,38,320,37,1*4E
$GAGSV,6,1,18,104,59,123,30,106,46,165,34,109,26,185,25,110,55,107,37,7*72
$GAGSV,6,2,18,111,84,057,27,112,31,112,36,119,30,047,36,128,51,078,37,7*7B
$GAGSV,6,3,18,136,39,300,32,7*73
$GAGSV,6,4,18,102,13,285,37,104,59,123,43,106,46,165,43,110,55,107,39,1*76
$GAGSV,6,5,18,111,84,057,41,112,31,112,27,119,30,047,30,128,51,078,34,1*7F
$GAGSV,6,6,18,136,39,300,42,1*77
$GBGSV,5,1,14,207,16,041,36,210,16,053,38,211,13,315,24,1*7D
$GBGSV,5,2,14,227,67,197,32,228,29,155,39,230,39,303,34,232,35,226,28,3*73
$GBGSV,5,3,14,233,31,053,40,241,82,085,36,3*70
$GBGSV,5,4,14,227,67,197,37,228,29,155,33,230,39,303,40,232,35,226,30,5*76
$GBGSV,5,5,14,241,82,085,45,5*76
$GIGSV,1,1,,,,,,,,,,,,,0.0*4E
$GNGSA,A,3,01,02,03,06,28,31,,,,,,,0.6,0.4,0.6,1*3B
$GNGSA,A,3,01,03,04,06,09,,,,,,,,0.6,0.4,0.6,1*3C
$GNGSA,A,3,69,70,84,85,,,,,,,,,0.6,0.4,0.6,2*3F
$GNGSA,A,3,104,106,109,110,111,112,119,128,136,,,,0.6,0.4,0.6,3*08
$GNGSA,A,3,102,104,106,110,111,112,119,128,136,,,,0.6,0.4,0.6,3*03
$GNGSA,A,3,207,210,227,228,230,232,233,241,,,,,0.6,0.4,0.6,4*3E
$GNGSA,A,3,227,228,230,232,241,,,,,,,,0.6,0.4,0.6,4*0A
$GNRMC,135416.000,A,4825.1430,N,00428.4556,W,0.0,125.5,100626,,,A*67
$GNGGA,135417.000,4825.1430,N,00428.4556,W,1,48,0.4,91.6,M,52.0,M,,*65
$GNVTG,125.5,T,,M,0.0,N,0.0,K,A*10
$GPGSV,5,1,15,01,35,120,39,02,10,129,39,03,59,057,41,04,59,158,32,1*64
$GPGSV,5,2,15,06,34,303,29,09,33,195,23,19,45,283,31,28,13,039,29,1*63
$GPGSV,5,3,15,31,18,067,42,1*5A
$GPGSV,5,4,15,01,35,120,33,03,59,057,44,04,59,158,42,06,34,303,41,8*67
$GPGSV,5,5,15,09,33,195,32,28,13,039,25,8*69
$GQGSV,1,1,,,,,,,,,,,,,0.0*56
$GLGSV,2,1,05,69,83,206,34,70,29,217,32,83,33,140,30,84,88,318,32,1*7A
$GLGSV,2,2,05,85,38,320,37,1*4E
$GAGSV,6,1,19,104,59,123,30,106,46,165,34,109,26,185,25,110,55,107,37,7*73
$GAGSV,6,2,19,111,84,057,27,112,31,112,36,119,30,047,36,128,51,078,37,7*7A
$GAGSV,6,3,19,136,39,300,32,7*72
$GAGSV,6,4,19,102,13,285,37,104,59,123,43,106,46,165,44,109,26,185,35,1*7A
$GAGSV,6,5,19,110,55,107,39,111,84,057,41,112,31,112,27,119,30,047,30,1*75
$GAGSV,6,6,19,128,51,078,34,136,39,300,42,1*71
$GBGSV,4,1,13,207,16,041,36,210,16,053,38,211,13,315,23,1*7C
$GBGSV,4,2,13,227,67,197,32,228,29,155,39,230,39,303,34,232,35,226,28,3*75
$GBGSV,4,3,13,233,31,053,40,241,82,085,36,3*76
$GBGSV,4,4,13,227,67,197,37,228,29,155,33,230,39,303,40,241,82,085,45,5*71
$GIGSV,1,1,,,,,,,,,,,,,0.0*4E
$GNGSA,A,3,01,02,03,06,19,28,31,,,,,,0.6,0.4,0.6,1*33
$GNGSA,A,3,03,04,06,09,28,,,,,,,,0.6,0.4,0.6,1*37
$GNGSA,A,3,69,70,83,84,85,,,,,,,,0.6,0.4,0.6,2*34
$GNGSA,A,3,104,106,109,110,111,112,119,128,136,,,,0.6,0.4,0.6,3*08
$GNGSA,A,3,102,104,106,109,110,111,112,119,128,136,,,0.6,0.4,0.6,3*3B
$GNGSA,A,3,207,210,227,228,230,232,233,241,,,,,0.6,0.4,0.6,4*3E
$GNGSA,A,3,227,228,230,241,,,,,,,,,0.6,0.4,0.6,4*39
$GNRMC,135417.000,A,4825.1430,N,00428.4556,W,0.0,125.5,100626,,,A*66
$GNGGA,135418.000,4825.1430,N,00428.4556,W,1,51,0.2,91.6,M,52.0,M,,*64
$GNVTG,125.5,T,,M,0.0,N,0.0,K,A*10
$GPGSV,5,1,15,01,35,120,39,02,10,129,39,03,59,057,41,04,59,158,31,1*67
$GPGSV,5,2,15,06,34,303,29,09,33,195,23,19,45,283,31,28,13,039,29,1*63
$GPGSV,5,3,15,31,18,067,42,1*5A
$GPGSV,5,4,15,01,35,120,32,03,59,057,44,04,59,158,42,06,34,303,41,8*66
$GPGSV,5,5,15,09,33,195,32,28,13,039,25,8*69
$GQGSV,1,1,,,,,,,,,,,,,0.0*56
$GLGSV,2,1,05,69,83,206,34,70,29,217,32,83,33,140,36,84,88,318,32,1*7C
$GLGSV,2,2,05,85,38,320,37,1*4E
$GAGSV,5,1,17,104,59,123,31,106,46,165,35,109,26,185,25,110,55,107,37,7*7E
$GAGSV,5,2,17,111,84,057,27,112,31,112,36,119,30,047,36,128,51,078,37,7*77
$GAGSV,5,3,17,136,39,300,32,7*7F
$GAGSV,5,4,17,102,13,285,37,104,59,123,43,106,46,165,44,109,26,185,35,1*77
$GAGSV,5,5,17,110,55,107,40,111,84,057,41,112,31,112,29,136,39,300,42,1*79
$GBGSV,5,1,15,207,16,041,36,210,16,053,38,211,13,315,23,1*7B
$GBGSV,5,2,15,227,67,197,32,228,29,155,39,230,39,303,34,232,35,226,28,3*72
$GBGSV,5,3,15,233,31,053,40,241,82,085,36,3*71
$GBGSV,5,4,15,227,67,197,37,228,29,155,33,230,39,303,40,232,35,226,30,5*77
$GBGSV,5,5,15,233,31,053,38,241,82,085,45,5*7A
$GIGSV,1,1,,,,,,,,,,,,,0.0*4E
$GNGSA,A,3,01,02,03,04,06,19,28,31,,,,,0.6,0.2,0.6,1*31
$GNGSA,A,3,01,03,04,06,09,28,,,,,,,0.6,0.2,0.6,1*30
$GNGSA,A,3,69,70,83,84,85,,,,,,,,0.6,0.2,0.6,2*32
$GNGSA,A,3,104,106,109,110,111,112,119,128,136,,,,0.6,0.2,0.6,3*0E
$GNGSA,A,3,102,104,106,109,110,111,112,136,,,,,0.6,0.2,0.6,3*3F
$GNGSA,A,3,207,210,211,227,228,230,232,233,241,,,,0.6,0.2,0.6,4*0A
$GNGSA,A,3,227,228,230,232,233,241,,,,,,,0.6,0.2,0.6,4*3E
$GNRMC,135418.000,A,4825.1430,N,00428.4556,W,0.0,125.5,100626,,,A*69
$GNGGA,135419.000,4825.1430,N,00428.4556,W,1,51,0.2,91.6,M,52.0,M,,*65
$GNVTG,125.5,T,,M,0.0,N,0.0,K,A*10
$GPGSV,5,1,15,01,35,120,39,02,10,129,39,03,59,057,41,04,59,158,31,1*67
$GPGSV,5,2,15,06,34,303,29,09,33,195,23,19,45,283,31,28,13,039,30,1*6B
$GPGSV,5,3,15,31,18,067,42,1*5A
$GPGSV,5,4,15,01,35,120,31,03,59,057,44,04,59,158,42,06,34,303,41,8*65
$GPGSV,5,5,15,09,33,195,32,28,13,039,24,8*68
$GQGSV,1,1,,,,,,,,,,,,,0.0*56
$GLGSV,2,1,05,69,83,206,34,70,29,217,32,83,33,140,38,84,88,318,32,1*72
$GLGSV,2,2,05,85,38,320,37,1*4E
$GAGSV,6,1,18,104,59,123,31,106,46,165,35,109,26,185,25,110,55,107,37,7*72
$GAGSV,6,2,18,111,84,057,27,112,31,112,37,119,30,047,36,128,51,078,37,7*7A
$GAGSV,6,3,18,136,39,300,32,7*73
$GAGSV,6,4,18,102,13,285,37,104,59,123,43,106,46,165,44,109,26,185,35,1*7B
$GAGSV,6,5,18,111,84,057,41,112,31,112,30,119,30,047,30,128,51,078,34,1*79
$GAGSV,6,6,18,136,39,300,42,1*77
$GBGSV,5,1,14,207,16,041,36,210,16,053,38,211,13,315,23,1*7A
$GBGSV,5,2,14,227,67,197,32,228,29,155,39,230,39,303,34,232,35,226,28,3*73
$GBGSV,5,3,14,233,31,053,40,241,82,085,36,3*70
$GBGSV,5,4,14,227,67,197,37,228,29,155,33,230,39,303,40,232,35,226,29,5*7E
$GBGSV,5,5,14,241,82,085,45,5*76
$GIGSV,1,1,,,,,,,,,,,,,0.0*4E
$GNGSA,A,3,01,02,03,04,06,19,28,31,,,,,0.6,0.2,0.6,1*31
$GNGSA,A,3,01,03,04,06,09,28,,,,,,,0.6,0.2,0.6,1*30
$GNGSA,A,3,69,70,83,84,85,,,,,,,,0.6,0.2,0.6,2*32
$GNGSA,A,3,104,106,109,110,111,112,119,128,136,,,,0.6,0.2,0.6,3*0E
$GNGSA,A,3,102,104,106,109,111,112,119,128,136,,,,0.6,0.2,0.6,3*0D
$GNGSA,A,3,207,210,211,227,228,230,232,233,241,,,,0.6,0.2,0.6,4*0A
$GNGSA,A,3,227,228,230,232,241,,,,,,,,0.6,0.2,0.6,4*0C
$GNRMC,135419.000,A,4825.1430,N,00428.4556,W,0.0,125.5,100626,,,A*68
$GNGGA,135420.000,4825.1430,N,00428.4556,W,1,52,0.2,91.6,M,52.0,M,,*6C
$GNVTG,125.5,T,,M,0.0,N,0.0,K,A*10
$GPGSV,5,1,16,01,35,120,39,02,10,129,39,03,59,057,41,04,59,158,31,1*64
$GPGSV,5,2,16,06,34,303,29,09,33,195,23,19,45,283,31,28,13,039,30,1*68
$GPGSV,5,3,16,31,18,067,42,36,24,135,26,1*69
$GPGSV,5,4,16,01,35,120,31,03,59,057,44,04,59,158,42,06,34,303,41,8*66
$GPGSV,5,5,16,09,33,195,31,28,13,039,24,8*68
$GQGSV,1,1,,,,,,,,,,,,,0.0*56
$GLGSV,2,1,05,69,83,206,34,70,29,217,32,83,33,140,38,84,88,318,32,1*72
$GLGSV,2,2,05,85,38,320,37,1*4E
$GAGSV,5,1,17,104,59,123,32,106,46,165,35,109,26,185,25,110,55,107,37,7*7D
$GAGSV,5,2,17,111,84,057,27,112,31,112,37,119,30,047,36,128,51,078,37,7*76
$GAGSV,5,3,17,136,39,300,32,7*7F
$GAGSV,5,4,17,102,13,285,37,104,59,123,44,106,46,165,44,109,26,185,36,1*73
$GAGSV,5,5,17,111,84,057,41,112,31,112,31,119,30,047,30,128,51,078,34,1*74
$GBGSV,5,1,15,207,16,041,36,210,16,053,38,211,13,315,23,1*7B
$GBGSV,5,2,15,227,67,197,32,228,29,155,39,230,39,303,34,232,35,226,28,3*72
$GBGSV,5,3,15,233,31,053,40,241,82,085,36,3*71
$GBGSV,5,4,15,227,67,197,37,228,29,155,33,230,39,303,40,232,35,226,29,5*7F
$GBGSV,5,5,15,233,31,053,39,241,82,085,45,5*7B
$GIGSV,1,1,,,,,,,,,,,,,0.0*4E
$GNGSA,A,3,01,02,03,04,06,09,19,28,31,,,,0.6,0.2,0.6,1*38
$GNGSA,A,3,01,03,04,06,09,28,,,,,,,0.6,0.2,0.6,1*30
$GNGSA,A,3,69,70,83,84,85,,,,,,,,0.6,0.2,0.6,2*32
$GNGSA,A,3,104,106,109,110,111,112,119,128,136,,,,0.6,0.2,0.6,3*0E
$GNGSA,A,3,102,104,106,109,111,112,119,128,,,,,0.6,0.2,0.6,3*39
$GNGSA,A,3,207,210,211,227,228,230,232,233,241,,,,0.6,0.2,0.6,4*0A
$GNGSA,A,3,227,228,230,232,233,241,,,,,,,0.6,0.2,0.6,4*3E
$GNRMC,135420.000,A,4825.1430,N,00428.4556,W,0.0,125.5,100626,,,A*62
$GNGGA,135421.000,4825.1430,N,00428.4556,W,1,51,0.2,91.6,M,52.0,M,,*6E
$GNVTG,125.5,T,,M,0.0,N,0.0,K,A*10
$GPGSV,5,1,15,01,35,120,40,02,10,129,39,03,59,057,41,04,59,158,31,1*69
$GPGSV,5,2,15,06,34,303,29,09,33,195,23,19,45,283,31,28,13,039,30,1*6B
$GPGSV,5,3,15,31,18,067,42,1*5A
$GPGSV,5,4,15,01,35,120,30,03,59,057,44,04,59,158,42,06,34,303,41,8*64
$GPGSV,5,5,15,09,33,195,31,28,13,039,24,8*6B
$GQGSV,1,1,,,,,,,,,,,,,0.0*56
$GLGSV,2,1,05,69,83,206,34,70,29,217,32,83,33,140,38,84,88,318,32,1*72
$GLGSV,2,2,05,85,38,320,37,1*4E
$GAGSV,6,1,18,104,59,123,32,106,46,165,35,109,26,185,24,110,55,107,37,7*70
$GAGSV,6,2,18,111,84,057,27,112,31,112,37,119,30,047,36,128,51,078,37,7*7A
$GAGSV,6,3,18,136,39,300,32,7*73
$GAGSV,6,4,18,102,13,285,37,104,59,123,44,106,46,165,44,109,26,185,36,1*7F
$GAGSV,6,5,18,110,55,107,40,111,84,057,41,112,31,112,32,119,30,047,30,1*7E
$GAGSV,6,6,18,136,39,300,42,1*77
$GBGSV,5,1,14,207,16,041,36,210,16,053,38,211,13,315,23,1*7A
$GBGSV,5,2,14,227,67,197,32,228,29,155,39,230,39,303,34,232,35,226,28,3*73
$GBGSV,5,3,14,233,31,053,40,241,82,085,36,3*70
$GBGSV,5,4,14,227,67,197,37,228,29,155,33,230,39,303,40,233,31,053,39,5*7A
$GBGSV,5,5,14,241,82,085,45,5*76
$GIGSV,1,1,,,,,,,,,,,,,0.0*4E
$GNGSA,A,3,01,02,03,04,06,09,19,28,31,,,,0.6,0.2,0.6,1*38
$GNGSA,A,3,01,03,04,06,09,28,,,,,,,0.6,0.2,0.6,1*30
$GNGSA,A,3,69,70,83,84,85,,,,,,,,0.6,0.2,0.6,2*32
$GNGSA,A,3,104,106,110,111,112,119,128,136,,,,,0.6,0.2,0.6,3*36
$GNGSA,A,3,102,104,106,109,110,111,112,119,136,,,,0.6,0.2,0.6,3*06
$GNGSA,A,3,207,210,211,227,228,230,232,233,241,,,,0.6,0.2,0.6,4*0A
$GNGSA,A,3,227,228,230,233,241,,,,,,,,0.6,0.2,0.6,4*0D
$GNRMC,135421.000,A,4825.1430,N,00428.4556,W,0.0,125.5,100626,,,A*63
$GNGGA,135422.000,4825.1430,N,00428.4556,W,1,51,0.2,91.6,M,52.0,M,,*6D
$GNVTG,125.5,T,,M,0.0,N,0.0,K,A*10
$GPGSV,5,1,15,01,35,120,40,02,10,129,39,03,59,057,41,04,59,158,31,1*69
$GPGSV,5,2,15,06,34,303,29,09,33,195,23,19,45,283,31,28,13,039,30,1*6B
$GPGSV,5,3,15,31,18,067,42,1*5A
$GPGSV,5,4,15,01,35,120,29,03,59,057,44,04,59,158,42,06,34,303,41,8*6C
$GPGSV,5,5,15,09,33,195,31,28,13,039,24,8*6B
$GQGSV,1,1,,,,,,,,,,,,,0.0*56
$GLGSV,2,1,05,69,83,206,34,70,29,217,32,83,33,140,38,84,88,318,32,1*72
$GLGSV,2,2,05,85,38,320,37,1*4E
$GAGSV,6,1,18,104,59,123,32,106,46,165,35,109,26,185,24,110,55,107,37,7*70
$GAGSV,6,2,18,111,84,057,27,112,31,112,37,119,30,047,36,128,51,078,37,7*7A
$GAGSV,6,3,18,136,39,300,32,7*73
$GAGSV,6,4,18,102,12,285,37,104,59,123,44,106,46,165,44,109,26,185,36,1*7E
$GAGSV,6,5,18,111,84,057,41,112,31,112,32,119,30,047,30,128,51,078,35,1*7A
$GAGSV,6,6,18,136,39,300,42,1*77
$GBGSV,5,1,14,207,16,041,36,210,16,053,38,211,13,315,23,1*7A
$GBGSV,5,2,14,227,67,197,32,228,29,155,39,230,39,303,34,232,35,226,28,3*73
$GBGSV,5,3,14,233,31,053,40,241,82,085,36,3*70
$GBGSV,5,4,14,227,67,197,37,228,29,155,33,230,39,303,40,233,31,053,39,5*7A
$GBGSV,5,5,14,241,82,085,45,5*76
$GIGSV,1,1,,,,,,,,,,,,,0.0*4E
$GNGSA,A,3,01,02,03,04,06,09,19,28,31,,,,0.6,0.2,0.6,1*38
$GNGSA,A,3,01,03,04,06,09,28,,,,,,,0.6,0.2,0.6,1*30
$GNGSA,A,3,69,70,83,84,85,,,,,,,,0.6,0.2,0.6,2*32
$GNGSA,A,3,104,106,110,111,112,119,128,136,,,,,0.6,0.2,0.6,3*36
$GNGSA,A,3,102,104,106,109,111,112,119,128,136,,,,0.6,0.2,0.6,3*0D
$GNGSA,A,3,207,210,211,227,228,230,232,233,241,,,,0.6,0.2,0.6,4*0A
$GNGSA,A,3,227,228,230,233,241,,,,,,,,0.6,0.2,0.6,4*0D
$GNRMC,135422.000,A,4825.1430,N,00428.4556,W,0.0,125.5,100626,,,A*60
$GNGGA,135423.000,4825.1430,N,00428.4556,W,1,50,0.2,91.6,M,52.0,M,,*6D
$GNVTG,125.5,T,,M,0.0,N,0.0,K,A*10
$GPGSV,5,1,15,01,35,120,40,02,10,129,39,03,59,057,41,04,59,158,31,1*69
$GPGSV,5,2,15,06,34,303,29,09,33,195,24,19,45,283,31,28,13,039,30,1*6C
$GPGSV,5,3,15,31,18,067,42,1*5A
$GPGSV,5,4,15,01,35,120,29,03,59,057,44,04,59,158,42,06,34,303,41,8*6C
$GPGSV,5,5,15,09,33,195,31,28,13,039,23,8*6C
$GQGSV,1,1,,,,,,,,,,,,,0.0*56
$GLGSV,2,1,05,69,83,206,34,70,29,217,32,83,33,140,38,84,88,318,32,1*72
$GLGSV,2,2,05,85,38,320,37,1*4E
$GAGSV,6,1,18,104,59,123,33,106,46,165,35,109,26,185,24,110,55,107,37,7*71
$GAGSV,6,2,18,111,84,057,27,112,31,112,37,119,30,047,36,128,51,078,36,7*7B
$GAGSV,6,3,18,136,39,300,32,7*73
$GAGSV,6,4,18,102,12,285,37,104,59,123,44,106,46,165,44,109,26,185,36,1*7E
$GAGSV,6,5,18,111,84,057,41,112,31,112,32,119,30,047,30,128,51,078,35,1*7A
$GAGSV,6,6,18,136,39,300,42,1*77
$GBGSV,5,1,14,207,16,041,36,210,16,053,38,211,13,315,23,1*7A
$GBGSV,5,2,14,227,67,197,32,228,29,155,39,230,39,303,34,232,35,226,28,3*73
$GBGSV,5,3,14,233,31,053,40,241,82,085,36,3*70
$GBGSV,5,4,14,227,67,197,37,228,29,155,33,230,39,303,40,232,35,226,26,5*71
$GBGSV,5,5,14,233,31,053,39,5*7B
$GIGSV,1,1,,,,,,,,,,,,,0.0*4E
$GNGSA,A,3,01,02,03,04,06,09,19,28,31,,,,0.6,0.2,0.6,1*38
$GNGSA,A,3,01,03,04,06,09,28,,,,,,,0.6,0.2,0.6,1*30
$GNGSA,A,3,69,70,83,84,85,,,,,,,,0.6,0.2,0.6,2*32
$GNGSA,A,3,104,106,110,111,112,119,128,136,,,,,0.6,0.2,0.6,3*36
$GNGSA,A,3,102,104,106,109,111,112,119,128,136,,,,0.6,0.2,0.6,3*0D
$GNGSA,A,3,207,210,227,228,230,232,233,241,,,,,0.6,0.2,0.6,4*38
$GNGSA,A,3,227,228,230,232,233,,,,,,,,0.6,0.2,0.6,4*09
$GNRMC,135423.000,A,4825.1430,N,00428.4556,W,0.0,125.5,100626,,,A*61
$GNGGA,135424.000,4825.1430,N,00428.4555,W,1,50,0.2,91.6,M,52.0,M,,*69
$GNVTG,125.5,T,,M,0.0,N,0.0,K,A*10
$GPGSV,5,1,15,01,35,120,40,02,10,129,39,03,59,057,41,04,59,158,31,1*69
$GPGSV,5,2,15,06,34,303,29,09,33,195,24,19,45,283,31,28,13,039,30,1*6C
$GPGSV,5,3,15,31,18,067,42,1*5A
$GPGSV,5,4,15,01,35,120,29,03,59,057,44,04,59,158,42,06,34,303,41,8*6C
$GPGSV,5,5,15,09,33,195,31,28,13,039,23,8*6C
$GQGSV,1,1,,,,,,,,,,,,,0.0*56
$GLGSV,2,1,05,69,83,206,34,70,29,217,32,83,33,140,38,84,88,318,32,1*72
$GLGSV,2,2,05,85,38,320,37,1*4E
$GAGSV,6,1,18,104,59,123,33,106,46,165,35,109,26,185,24,110,55,107,37,7*71
$GAGSV,6,2,18,111,84,057,27,112,31,112,37,119,30,047,36,128,51,078,36,7*7B
$GAGSV,6,3,18,136,39,300,32,7*73
$GAGSV,6,4,18,102,12,285,37,106,46,165,44,109,26,185,36,110,55,107,41,1*74
$GAGSV,6,5,18,111,84,057,41,112,31,112,32,119,30,047,31,128,51,078,35,1*7B
$GAGSV,6,6,18,136,39,300,42,1*77
$GBGSV,5,1,14,207,16,041,36,210,16,053,38,211,13,315,23,1*7A
$GBGSV,5,2,14,227,67,197,32,228,29,155,39,230,39,303,34,232,35,226,29,3*72
$GBGSV,5,3,14,233,31,053,40,241,82,085,37,3*71
$GBGSV,5,4,14,228,29,155,33,230,39,303,40,232,35,226,26,233,31,053,39,5*70
$GBGSV,5,5,14,241,82,085,45,5*76
$GIGSV,1,1,,,,,,,,,,,,,0.0*4E
$GNGSA,A,3,01,02,03,04,06,19,28,31,,,,,0.6,0.2,0.6,1*31
$GNGSA,A,3,01,03,04,06,09,28,,,,,,,0.6,0.2,0.6,1*30
$GNGSA,A,3,69,70,83,84,85,,,,,,,,0.6,0.2,0.6,2*32
$GNGSA,A,3,104,106,110,111,112,119,128,136,,,,,0.6,0.2,0.6,3*36
$GNGSA,A,3,102,106,109,110,111,112,119,128,136,,,,0.6,0.2,0.6,3*08
$GNGSA,A,3,207,210,211,227,228,230,232,233,241,,,,0.6,0.2,0.6,4*0A
$GNGSA,A,3,228,230,232,233,241,,,,,,,,0.6,0.2,0.6,4*09
$GNRMC,135424.000,A,4825.1430,N,00428.4555,W,0.0,125.5,100626,,,A*65
$GNGGA,135425.000,4825.1430,N,00428.4555,W,1,50,0.4,91.6,M,52.0,M,,*6E
$GNVTG,125.5,T,,M,0.0,N,0.0,K,A*10
$GPGSV,5,1,15,01,35,120,40,02,10,129,39,03,59,057,41,04,59,158,31,1*69
$GPGSV,5,2,15,06,34,303,29,09,33,195,24,19,45,283,31,28,13,039,30,1*6C
$GPGSV,5,3,15,31,18,067,42,1*5A
$GPGSV,5,4,15,01,35,120,29,03,59,057,44,04,59,158,42,06,34,303,41,8*6C
$GPGSV,5,5,15,09,33,195,31,28,13,039,23,8*6C
$GQGSV,1,1,,,,,,,,,,,,,0.0*56
$GLGSV,2,1,05,69,83,206,34,70,29,217,32,83,33,140,38,84,88,318,32,1*72
$GLGSV,2,2,05,85,38,320,37,1*4E
$GAGSV,6,1,18,104,59,123,33,106,46,165,35,109,26,185,24,110,55,107,37,7*71
$GAGSV,6,2,18,111,84,057,27,112,31,112,37,119,30,047,36,128,51,078,36,7*7B
$GAGSV,6,3,18,136,39,300,32,7*73
$GAGSV,6,4,18,102,12,285,38,104,59,123,44,106,46,165,44,110,55,107,41,1*77
$GAGSV,6,5,18,111,84,057,41,112,31,112,32,119,30,047,31,128,51,078,35,1*7B
$GAGSV,6,6,18,136,39,300,42,1*77
$GBGSV,5,1,14,207,16,041,36,210,16,053,38,211,13,315,23,1*7A
$GBGSV,5,2,14,227,67,197,32,228,29,155,39,230,39,303,33,232,35,226,29,3*75
$GBGSV,5,3,14,233,31,053,40,241,82,085,37,3*71
$GBGSV,5,4,14,227,67,197,36,228,29,155,33,230,39,303,40,233,31,053,39,5*7B
$GBGSV,5,5,14,241,82,085,45,5*76
$GIGSV,1,1,,,,,,,,,,,,,0.0*4E
$GNGSA,A,3,01,02,03,04,06,19,28,31,,,,,0.6,0.4,0.6,1*37
$GNGSA,A,3,01,03,04,06,09,28,,,,,,,0.6,0.4,0.6,1*36
$GNGSA,A,3,69,70,83,84,85,,,,,,,,0.6,0.4,0.6,2*34
$GNGSA,A,3,104,106,110,111,112,119,128,136,,,,,0.6,0.4,0.6,3*30
$GNGSA,A,3,102,104,106,110,111,112,119,128,136,,,,0.6,0.4,0.6,3*03
$GNGSA,A,3,207,210,211,227,228,230,232,233,241,,,,0.6,0.4,0.6,4*0C
$GNGSA,A,3,227,228,230,233,241,,,,,,,,0.6,0.4,0.6,4*0B
$GNRMC,135425.000,A,4825.1430,N,00428.4555,W,0.0,125.5,100626,,,A*64
$GNGGA,135426.000,4825.1430,N,00428.4555,W,1,50,0.2,91.6,M,52.0,M,,*6B
$GNVTG,125.5,T,,M,0.0,N,0.0,K,A*10
$GPGSV,5,1,15,01,35,120,40,02,10,129,39,03,59,057,41,04,59,158,31,1*69
$GPGSV,5,2,15,06,34,303,30,09,33,195,24,19,45,283,31,28,13,039,30,1*64
$GPGSV,5,3,15,31,18,067,42,1*5A
$GPGSV,5,4,15,01,35,120,28,03,59,057,44,04,59,158,42,06,34,303,41,8*6D
$GPGSV,5,5,15,09,33,195,31,28,13,039,23,8*6C
$GQGSV,1,1,,,,,,,,,,,,,0.0*56
$GLGSV,2,1,05,69,83,206,34,70,29,217,32,83,33,140,37,84,88,316,32,1*73
$GLGSV,2,2,05,85,38,320,37,1*4E
$GAGSV,5,1,17,104,59,123,33,106,46,165,35,109,26,185,24,110,55,107,37,7*7D
$GAGSV,5,2,17,111,84,057,27,112,31,112,38,119,30,047,36,128,51,078,36,7*78
$GAGSV,5,3,17,136,39,300,32,7*7F
$GAGSV,5,4,17,102,12,285,38,104,59,123,44,106,46,165,44,109,26,185,36,1*7D
$GAGSV,5,5,17,112,31,112,32,119,30,047,31,128,51,078,36,136,39,300,42,1*75
$GBGSV,5,1,15,207,16,041,36,210,16,053,38,211,13,315,23,1*7B
$GBGSV,5,2,15,227,67,197,32,228,29,155,39,230,39,303,33,232,35,226,29,3*74
$GBGSV,5,3,15,233,31,053,40,241,82,085,37,3*70
$GBGSV,5,4,15,227,67,197,37,228,29,155,33,230,39,303,40,232,35,226,28,5*7E
$GBGSV,5,5,15,233,31,053,39,241,82,085,46,5*78
$GIGSV,1,1,,,,,,,,,,,,,0.0*4E
$GNGSA,A,3,01,02,03,04,06,09,19,28,31,,,,0.6,0.2,0.6,1*38
$GNGSA,A,3,01,03,04,06,09,28,,,,,,,0.6,0.2,0.6,1*30
$GNGSA,A,3,69,70,83,84,85,,,,,,,,0.6,0.2,0.6,2*32
$GNGSA,A,3,104,106,110,111,112,119,128,136,,,,,0.6,0.2,0.6,3*36
$GNGSA,A,3,102,104,106,109,112,119,128,136,,,,,0.6,0.2,0.6,3*3C
$GNGSA,A,3,207,210,227,228,230,232,233,241,,,,,0.6,0.2,0.6,4*38
$GNGSA,A,3,227,228,230,232,233,241,,,,,,,0.6,0.2,0.6,4*3E
$GNRMC,135426.000,A,4825.1430,N,00428.4555,W,0.0,125.5,100626,,,A*67
$GNGGA,135427.000,4825.1430,N,00428.4555,W,1,50,0.2,91.6,M,52.0,M,,*6A
$GNVTG,125.5,T,,M,0.0,N,0.0,K,A*10
$GPGSV,5,1,15,01,35,120,40,02,10,129,39,03,59,057,41,04,59,158,31,1*69
$GPGSV,5,2,15,06,34,303,30,09,33,195,24,19,45,283,31,28,13,039,30,1*64
$GPGSV,5,3,15,31,18,067,42,1*5A
$GPGSV,5,4,15,01,35,120,38,03,59,057,44,04,59,158,42,06,34,303,41,8*6C
$GPGSV,5,5,15,09,33,195,31,28,13,039,23,8*6C
$GQGSV,1,1,,,,,,,,,,,,,0.0*56
$GLGSV,2,1,05,69,83,206,34,70,29,217,32,83,33,140,37,84,88,316,32,1*73
$GLGSV,2,2,05,85,38,320,37,1*4E
$GAGSV,5,1,17,104,59,123,33,106,46,165,35,109,26,185,24,110,55,107,37,7*7D
$GAGSV,5,2,17,111,84,057,27,112,31,112,38,119,30,047,36,128,51,078,36,7*78
$GAGSV,5,3,17,136,39,300,32,7*7F
$GAGSV,5,4,17,102,12,285,38,104,59,123,44,109,26,185,36,111,84,057,41,1*70
$GAGSV,5,5,17,112,31,112,32,119,30,047,31,128,51,078,36,136,39,300,42,1*75
$GBGSV,5,1,15,207,16,041,36,210,16,053,38,211,13,315,23,1*7B
$GBGSV,5,2,15,227,67,197,32,228,29,155,39,230,39,303,33,232,35,226,29,3*74
$GBGSV,5,3,15,233,31,053,40,241,82,085,37,3*70
$GBGSV,5,4,15,227,67,197,37,228,29,155,33,230,39,303,40,232,35,226,28,5*7E
$GBGSV,5,5,15,233,31,053,39,241,82,085,46,5*78
$GIGSV,1,1,,,,,,,,,,,,,0.0*4E
$GNGSA,A,3,01,02,03,04,06,09,19,28,31,,,,0.6,0.2,0.6,1*38
$GNGSA,A,3,03,04,06,09,28,,,,,,,,0.6,0.2,0.6,1*31
$GNGSA,A,3,69,70,83,84,85,,,,,,,,0.6,0.2,0.6,2*32
$GNGSA,A,3,104,106,109,110,111,112,119,128,136,,,,0.6,0.2,0.6,3*0E
$GNGSA,A,3,102,104,109,111,112,119,128,136,,,,,0.6,0.2,0.6,3*3A
$GNGSA,A,3,207,210,227,228,230,232,233,241,,,,,0.6,0.2,0.6,4*38
$GNGSA,A,3,227,228,230,232,233,241,,,,,,,0.6,0.2,0.6,4*3E
$GNRMC,135427.000,A,4825.1430,N,00428.4555,W,0.0,125.5,100626,,,A*66
$GNGGA,135428.000,4825.1430,N,00428.4555,W,1,51,0.2,91.6,M,52.0,M,,*64
$GNVTG,125.5,T,,M,0.0,N,0.0,K,A*10
$GPGSV,5,1,15,01,35,120,40,02,10,129,39,03,59,057,41,04,59,158,31,1*69
$GPGSV,5,2,15,06,34,303,30,09,33,195,24,19,45,283,31,28,13,039,30,1*64
$GPGSV,5,3,15,31,18,067,42,1*5A
$GPGSV,5,4,15,01,35,120,38,03,59,057,44,04,59,158,42,06,34,303,41,8*6C
$GPGSV,5,5,15,09,33,195,31,28,13,039,23,8*6C
$GQGSV,1,1,,,,,,,,,,,,,0.0*56
$GLGSV,2,1,05,69,83,206,34,70,29,217,32,83,33,140,38,84,88,316,32,1*7C
$GLGSV,2,2,05,85,38,320,37,1*4E
$GAGSV,6,1,18,104,59,123,34,106,46,165,35,109,26,185,24,110,55,107,37,7*76
$GAGSV,6,2,18,111,84,057,27,112,31,112,38,119,30,047,36,128,51,078,36,7*74
$GAGSV,6,3,18,136,39,300,32,7*73
$GAGSV,6,4,18,102,12,285,38,104,59,123,44,106,46,165,43,109,26,185,36,1*76
$GAGSV,6,5,18,111,84,057,41,112,31,112,32,119,30,047,31,128,51,078,36,1*78
$GAGSV,6,6,18,136,39,300,42,1*77
$GBGSV,5,1,14,207,16,041,36,210,16,053,37,211,13,315,22,1*74
$GBGSV,5,2,14,227,67,197,32,228,29,155,39,230,39,303,33,232,35,226,29,3*75
$GBGSV,5,3,14,233,31,053,40,241,82,085,37,3*71
$GBGSV,5,4,14,227,67,197,37,228,29,155,32,230,39,303,40,232,35,226,27,5*71
$GBGSV,5,5,14,241,82,085,46,5*75
$GIGSV,1,1,,,,,,,,,,,,,0.0*4E
$GNGSA,A,3,01,02,03,04,06,09,19,28,31,,,,0.6,0.2,0.6,1*38
$GNGSA,A,3,03,04,06,09,28,,,,,,,,0.6,0.2,0.6,1*31
$GNGSA,A,3,69,70,83,84,85,,,,,,,,0.6,0.2,0.6,2*32
$GNGSA,A,3,104,106,109,110,111,112,119,128,136,,,,0.6,0.2,0.6,3*0E
$GNGSA,A,3,102,104,106,109,111,112,119,128,136,,,,0.6,0.2,0.6,3*0D
$GNGSA,A,3,207,210,211,227,228,230,232,233,241,,,,0.6,0.2,0.6,4*0A
$GNGSA,A,3,227,228,230,232,241,,,,,,,,0.6,0.2,0.6,4*0C
$GNRMC,135428.000,A,4825.1430,N,00428.4555,W,0.0,125.5,100626,,,A*69
$GNGGA,135429.000,4825.1430,N,00428.4555,W,1,50,0.2,91.6,M,52.0,M,,*64
$GNVTG,125.5,T,,M,0.0,N,0.0,K,A*10
$GPGSV,5,1,15,01,35,120,41,02,10,129,39,03,59,057,41,04,59,158,31,1*68
$GPGSV,5,2,15,06,34,303,30,09,33,195,24,19,45,283,31,28,13,039,30,1*64
$GPGSV,5,3,15,31,18,067,42,1*5A
$GPGSV,5,4,15,01,35,120,38,03,59,057,44,04,59,158,42,06,34,303,40,8*6D
$GPGSV,5,5,15,09,33,195,32,28,13,039,24,8*68
$GQGSV,1,1,,,,,,,,,,,,,0.0*56
$GLGSV,2,1,06,69,83,206,34,70,29,217,32,76,06,338,17,83,33,140,38,1*7F
$GLGSV,2,2,06,84,88,316,32,85,38,320,37,1*74
$GAGSV,5,1,17,104,59,123,34,106,46,165,35,109,26,185,24,110,55,107,37,7*7A
$GAGSV,5,2,17,111,84,057,27,112,31,112,38,119,30,047,36,128,51,078,36,7*78
$GAGSV,5,3,17,136,39,300,32,7*7F
$GAGSV,5,4,17,102,12,285,37,104,59,123,44,106,46,165,43,110,55,107,41,1*73
$GAGSV,5,5,17,111,84,057,41,119,30,047,31,128,51,078,36,136,39,300,41,1*7F
$GBGSV,5,1,15,207,16,041,36,210,16,053,37,211,13,315,22,1*75
$GBGSV,5,2,15,227,67,197,32,228,29,155,39,230,39,303,33,232,35,226,29,3*74
$GBGSV,5,3,15,233,31,053,40,241,82,085,37,3*70
$GBGSV,5,4,15,227,67,197,37,228,29,155,31,230,39,303,39,232,35,226,27,5*7D
$GBGSV,5,5,15,233,31,053,39,241,82,085,46,5*78
$GIGSV,1,1,,,,,,,,,,,,,0.0*4E
$GNGSA,A,3,01,02,03,06,09,19,28,31,,,,,0.6,0.2,0.6,1*3C
$GNGSA,A,3,03,04,06,09,28,,,,,,,,0.6,0.2,0.6,1*31
$GNGSA,A,3,69,70,83,84,85,,,,,,,,0.6,0.2,0.6,2*32
$GNGSA,A,3,104,106,109,110,111,112,119,128,136,,,,0.6,0.2,0.6,3*0E
$GNGSA,A,3,102,104,106,110,111,119,128,136,,,,,0.6,0.2,0.6,3*37
$GNGSA,A,3,207,210,211,227,228,230,232,233,241,,,,0.6,0.2,0.6,4*0A
$GNGSA,A,3,227,228,230,232,233,241,,,,,,,0.6,0.2,0.6,4*3E
$GNRMC,135429.000,A,4825.1430,N,00428.4555,W,0.0,125.5,100626,,,A*68
$GNGGA,135430.000,4825.1430,N,00428.4555,W,1,51,0.2,91.6,M,52.0,M,,*6D
$GNVTG,125.5,T,,M,0.0,N,0.0,K,A*10
$GPGSV,5,1,15,01,35,120,41,02,10,129,39,03,59,057,41,04,59,158,31,1*68
$GPGSV,5,2,15,06,34,303,30,09,33,195,24,19,45,283,31,28,13,039,30,1*64
$GPGSV,5,3,15,31,18,067,42,1*5A
$GPGSV,5,4,15,01,35,120,37,03,59,057,44,04,59,158,42,06,34,303,40,8*62
$GPGSV,5,5,15,09,33,195,32,28,13,039,24,8*68
$GQGSV,1,1,,,,,,,,,,,,,0.0*56
$GLGSV,2,1,06,69,83,206,34,70,29,217,32,76,06,338,17,83,33,140,39,1*7E
$GLGSV,2,2,06,84,88,316,32,85,38,320,37,1*74
$GAGSV,5,1,17,104,59,123,34,106,46,165,35,109,26,185,23,110,55,107,37,7*7D
$GAGSV,5,2,17,111,84,057,27,112,31,112,37,119,30,047,36,128,51,078,36,7*77
$GAGSV,5,3,17,136,39,300,31,7*7C
$GAGSV,5,4,17,102,12,285,37,104,59,123,45,106,46,165,43,109,26,185,36,1*74
$GAGSV,5,5,17,111,84,057,41,119,30,047,31,128,51,078,36,136,39,300,40,1*7E
$GBGSV,5,1,15,207,16,041,36,210,16,053,37,211,13,315,22,1*75
$GBGSV,5,2,15,227,67,197,32,228,29,155,39,230,39,303,33,232,35,226,29,3*74
$GBGSV,5,3,15,233,31,053,40,241,82,085,37,3*70
$GBGSV,5,4,15,227,67,197,37,228,29,155,31,230,39,303,39,232,35,226,26,5*7C
$GBGSV,5,5,15,233,31,053,39,241,82,085,46,5*78
$GIGSV,1,1,,,,,,,,,,,,,0.0*4E
$GNGSA,A,3,01,02,03,04,06,09,19,28,31,,,,0.6,0.2,0.6,1*38
$GNGSA,A,3,03,04,06,09,28,,,,,,,,0.6,0.2,0.6,1*31
$GNGSA,A,3,69,70,83,84,85,,,,,,,,0.6,0.2,0.6,2*32
$GNGSA,A,3,104,106,109,110,111,112,119,128,136,,,,0.6,0.2,0.6,3*0E
$GNGSA,A,3,102,104,106,109,111,119,128,136,,,,,0.6,0.2,0.6,3*3F
$GNGSA,A,3,207,210,211,227,228,230,232,233,241,,,,0.6,0.2,0.6,4*0A
$GNGSA,A,3,227,228,230,232,233,241,,,,,,,0.6,0.2,0.6,4*3E
$GNRMC,135430.000,A,4825.1430,N,00428.4555,W,0.0,125.5,100626,,,A*60
$GNGGA,135431.000,4825.1430,N,00428.4555,W,1,49,0.4,91.6,M,52.0,M,,*63
$GNVTG,125.5,T,,M,0.0,N,0.0,K,A*10
$GPGSV,5,1,15,01,35,121,41,02,10,129,39,03,59,057,41,04,59,158,31,1*69
$GPGSV,5,2,15,06,34,303,30,09,33,195,24,19,45,283,32,28,13,039,30,1*67
$GPGSV,5,3,15,31,18,067,42,1*5A
$GPGSV,5,4,15,01,35,121,37,03,59,057,44,04,59,158,42,06,34,303,40,8*63
$GPGSV,5,5,15,09,33,195,33,28,13,039,35,8*69
$GQGSV,1,1,,,,,,,,,,,,,0.0*56
$GLGSV,2,1,06,69,83,206,34,70,29,217,32,76,06,338,17,83,33,140,39,1*7E
$GLGSV,2,2,06,84,88,316,32,85,38,320,37,1*74
$GAGSV,5,1,17,104,59,123,34,106,46,165,35,109,26,185,23,110,55,107,37,7*7D
$GAGSV,5,2,17,111,84,057,27,112,31,112,37,119,30,047,36,128,51,078,36,7*77
$GAGSV,5,3,17,136,39,300,31,7*7C
$GAGSV,5,4,17,104,59,123,45,106,46,165,43,110,55,107,41,111,84,057,41,1*73
$GAGSV,5,5,17,112,31,112,32,119,30,047,31,128,51,078,36,136,39,300,40,1*77
$GBGSV,5,1,15,207,16,041,35,210,16,053,37,211,13,315,23,1*77
$GBGSV,5,2,15,227,67,197,32,228,29,155,39,230,39,303,33,232,35,226,29,3*74
$GBGSV,5,3,15,233,31,053,40,241,82,085,37,3*70
$GBGSV,5,4,15,227,67,197,37,228,29,155,30,230,39,303,38,232,35,226,26,5*7C
$GBGSV,5,5,15,233,31,053,39,241,82,085,46,5*78
$GIGSV,1,1,,,,,,,,,,,,,0.0*4E
$GNGSA,A,3,01,02,03,06,19,28,31,,,,,,0.6,0.4,0.6,1*33
$GNGSA,A,3,01,03,04,06,09,28,,,,,,,0.6,0.4,0.6,1*36
$GNGSA,A,3,69,70,83,84,85,,,,,,,,0.6,0.4,0.6,2*34
$GNGSA,A,3,104,106,110,111,112,119,128,136,,,,,0.6,0.4,0.6,3*30
$GNGSA,A,3,104,106,110,111,112,119,128,136,,,,,0.6,0.4,0.6,3*30
$GNGSA,A,3,207,210,211,227,228,230,232,233,241,,,,0.6,0.4,0.6,4*0C
$GNGSA,A,3,227,228,230,232,233,241,,,,,,,0.6,0.4,0.6,4*38
$GNRMC,135431.000,A,4825.1430,N,00428.4555,W,0.0,125.5,100626,,,A*61
$GNGGA,135432.000,4825.1430,N,00428.4555,W,1,50,0.2,91.6,M,52.0,M,,*6E
$GNVTG,125.5,T,,M,0.0,N,0.0,K,A*10
$GPGSV,5,1,15,01,35,121,41,02,10,129,39,03,59,058,41,04,60,158,31,1*6C
$GPGSV,5,2,15,06,34,303,30,09,33,195,24,19,45,283,32,28,13,039,30,1*67
$GPGSV,5,3,15,31,18,067,42,1*5A
$GPGSV,5,4,15,01,35,121,37,03,59,058,44,04,60,158,42,06,34,303,39,8*68
$GPGSV,5,5,15,09,33,195,32,28,13,039,35,8*68
$GQGSV,1,1,,,,,,,,,,,,,0.0*56
$GLGSV,2,1,06,69,83,206,34,70,29,217,32,76,06,338,17,83,33,140,39,1*7E
$GLGSV,2,2,06,84,88,316,32,85,38,320,37,1*74
$GAGSV,6,1,18,104,59,123,34,106,46,165,35,109,26,185,23,110,55,107,37,7*71
$GAGSV,6,2,18,111,84,057,27,112,31,112,37,119,30,047,36,128,51,077,36,7*74
$GAGSV,6,3,18,136,39,300,30,7*71
$GAGSV,6,4,18,102,12,285,37,104,59,123,45,109,26,185,36,110,55,107,41,1*7B
$GAGSV,6,5,18,111,84,057,41,112,31,112,31,119,30,047,31,128,51,077,36,1*74
$GAGSV,6,6,18,136,39,300,39,1*7B
$GBGSV,5,1,14,207,16,041,35,210,16,053,37,211,13,315,23,1*76
$GBGSV,5,2,14,227,67,197,32,228,29,155,39,230,39,303,33,232,35,226,29,3*75
$GBGSV,5,3,14,233,31,053,40,241,82,085,37,3*71
$GBGSV,5,4,14,227,67,197,37,228,29,155,30,230,39,303,38,232,35,226,26,5*7D
$GBGSV,5,5,14,233,31,053,38,5*7A
$GIGSV,1,1,,,,,,,,,,,,,0.0*4E
$GNGSA,A,3,01,02,03,04,06,09,28,31,,,,,0.6,0.2,0.6,1*30
$GNGSA,A,3,01,03,04,06,09,28,,,,,,,0.6,0.2,0.6,1*30
$GNGSA,A,3,69,70,83,84,85,,,,,,,,0.6,0.2,0.6,2*32
$GNGSA,A,3,104,106,110,111,112,119,128,136,,,,,0.6,0.2,0.6,3*36
$GNGSA,A,3,102,104,109,110,111,112,119,128,136,,,,0.6,0.2,0.6,3*0A
$GNGSA,A,3,207,210,211,227,228,230,232,233,241,,,,0.6,0.2,0.6,4*0A
$GNGSA,A,3,227,228,230,232,233,,,,,,,,0.6,0.2,0.6,4*09
$GNRMC,135432.000,A,4825.1430,N,00428.4555,W,0.0,125.5,100626,,,A*62
$GNGGA,135433.000,4825.1430,N,00428.4555,W,1,50,0.4,91.6,M,52.0,M,,*69
$GNVTG,125.5,T,,M,0.0,N,0.0,K,A*10
$GPGSV,5,1,15,01,35,121,41,02,10,129,39,03,59,058,41,04,60,158,31,1*6C
$GPGSV,5,2,15,06,34,303,30,09,33,195,24,19,45,283,32,28,13,039,30,1*67
$GPGSV,5,3,15,31,18,067,42,1*5A
$GPGSV,5,4,15,01,35,121,37,03,59,058,44,04,60,158,42,06,34,303,39,8*68
$GPGSV,5,5,15,09,33,195,32,28,13,039,34,8*69
$GQGSV,1,1,,,,,,,,,,,,,0.0*56
$GLGSV,2,1,06,69,83,206,34,70,29,217,32,76,06,338,17,83,33,140,39,1*7E
$GLGSV,2,2,06,84,88,316,32,85,38,320,37,1*74
$GAGSV,6,1,18,104,59,123,35,106,46,165,35,109,26,185,23,110,55,107,37,7*70
$GAGSV,6,2,18,111,83,058,27,112,31,112,36,119,30,047,36,128,51,077,36,7*7D
$GAGSV,6,3,18,136,39,300,30,7*71
$GAGSV,6,4,18,104,59,123,45,106,46,165,43,109,26,185,36,110,55,107,41,1*70
$GAGSV,6,5,18,111,83,058,41,112,31,112,30,119,30,047,31,128,51,077,36,1*7D
$GAGSV,6,6,18,136,39,300,39,1*7B
$GBGSV,5,1,14,207,16,041,35,210,16,053,37,211,13,315,23,1*76
$GBGSV,5,2,14,227,67,197,32,228,29,155,39,230,39,303,33,232,35,226,29,3*75
$GBGSV,5,3,14,233,31,053,41,241,82,085,37,3*70
$GBGSV,5,4,14,227,67,197,37,228,29,155,30,232,35,226,26,233,31,053,38,5*70
$GBGSV,5,5,14,241,82,085,46,5*75
$GIGSV,1,1,,,,,,,,,,,,,0.0*4E
$GNGSA,A,3,01,02,03,04,06,09,19,28,31,,,,0.6,0.4,0.6,1*3E
$GNGSA,A,3,03,04,06,09,28,,,,,,,,0.6,0.4,0.6,1*37
$GNGSA,A,3,69,70,83,84,85,,,,,,,,0.6,0.4,0.6,2*34
$GNGSA,A,3,104,106,110,111,112,119,128,136,,,,,0.6,0.4,0.6,3*30
$GNGSA,A,3,104,106,109,110,111,112,119,128,136,,,,0.6,0.4,0.6,3*08
$GNGSA,A,3,207,210,211,227,228,230,232,233,241,,,,0.6,0.4,0.6,4*0C
$GNGSA,A,3,227,228,232,233,241,,,,,,,,0.6,0.4,0.6,4*09
$GNRMC,135433.000,A,4825.1430,N,00428.4555,W,0.0,125.5,100626,,,A*63
$GNGGA,135434.000,4825.1430,N,00428.4555,W,1,47,0.4,91.6,M,52.0,M,,*68
$GNVTG,125.5,T,,M,0.0,N,0.0,K,A*10
$GPGSV,4,1,14,01,35,121,41,02,10,129,39,03,59,058,41,04,60,158,31,1*6C
$GPGSV,4,2,14,09,33,195,24,19,45,283,32,28,13,039,30,31,18,067,42,1*69
$GPGSV,4,3,14,01,35,121,37,03,59,058,44,04,60,158,42,06,34,303,39,8*6F
$GPGSV,4,4,14,09,33,195,31,28,13,039,34,8*6B
$GQGSV,1,1,,,,,,,,,,,,,0.0*56
$GLGSV,2,1,07,68,42,038,41,69,83,206,34,70,29,217,32,76,06,338,17,1*7D
$GLGSV,2,2,07,83,32,140,39,84,88,315,31,85,38,320,37,1*40
$GAGSV,6,1,19,102,12,285,23,104,59,123,35,106,47,165,35,109,26,185,23,7*7C
$GAGSV,6,2,19,110,55,107,37,111,83,058,27,112,31,112,36,119,30,047,36,7*74
$GAGSV,6,3,19,128,51,077,36,136,39,300,30,7*7A
$GAGSV,6,4,19,102,12,285,37,104,59,123,44,109,26,185,35,110,55,107,41,1*78
$GAGSV,6,5,19,111,83,058,41,112,31,112,30,119,30,047,31,128,51,077,35,1*7F
$GAGSV,6,6,19,136,39,300,39,1*7A
$GBGSV,5,1,14,207,16,041,35,210,16,053,38,211,13,315,23,1*79
$GBGSV,5,2,14,227,67,197,32,228,29,155,39,230,39,303,33,232,35,226,29,3*75
$GBGSV,5,3,14,233,31,053,41,241,82,085,36,3*71
$GBGSV,5,4,14,227,67,197,37,228,29,155,30,230,39,303,36,232,35,226,26,5*73
$GBGSV,5,5,14,233,31,053,38,5*7A
$GIGSV,1,1,,,,,,,,,,,,,0.0*4E
$GNGSA,A,3,01,02,03,04,19,31,,,,,,,0.6,0.4,0.6,1*3B
$GNGSA,A,3,01,03,04,06,09,28,,,,,,,0.6,0.4,0.6,1*36
$GNGSA,A,3,69,70,83,84,85,,,,,,,,0.6,0.4,0.6,2*34
$GNGSA,A,3,104,106,110,111,112,119,128,136,,,,,0.6,0.4,0.6,3*30
$GNGSA,A,3,102,104,109,110,111,112,119,128,136,,,,0.6,0.4,0.6,3*0C
$GNGSA,A,3,207,210,211,227,228,230,232,233,,,,,0.6,0.4,0.6,4*3B
$GNGSA,A,3,227,228,230,232,233,,,,,,,,0.6,0.4,0.6,4*0F
$GNRMC,135434.000,A,4825.1430,N,00428.4555,W,0.0,125.5,100626,,,A*64
$GNGGA,135435.000,4825.1430,N,00428.4555,W,1,48,0.4,91.6,M,52.0,M,,*66
$GNVTG,125.5,T,,M,0.0,N,0.0,K,A*10
$GPGSV,4,1,14,01,35,121,41,02,10,129,39,03,59,058,41,04,60,158,31,1*6C
$GPGSV,4,2,14,09,33,195,24,19,45,283,32,28,13,039,30,31,18,067,42,1*69
$GPGSV,4,3,14,01,35,121,37,03,59,058,44,04,60,158,42,06,34,303,39,8*6F
$GPGSV,4,4,14,09,33,195,31,28,13,039,33,8*6C
$GQGSV,1,1,,,,,,,,,,,,,0.0*56
$GLGSV,2,1,07,68,42,038,41,69,83,206,34,70,29,217,32,76,06,338,17,1*7D
$GLGSV,2,2,07,83,32,140,39,84,88,315,31,85,38,320,37,1*40
$GAGSV,6,1,19,102,12,285,24,104,59,123,35,106,47,165,35,109,26,185,23,7*7B
$GAGSV,6,2,19,110,55,107,37,111,83,058,27,112,31,112,36,119,30,047,36,7*74
$GAGSV,6,3,19,128,51,077,36,136,39,300,30,7*7A
$GAGSV,6,4,19,102,12,285,37,104,59,123,44,106,47,165,43,109,26,185,35,1*7A
$GAGSV,6,5,19,110,55,107,41,111,83,058,41,112,31,112,29,119,30,047,31,1*7D
$GAGSV,6,6,19,136,39,300,38,1*7B
$GBGSV,5,1,14,207,16,041,35,210,16,053,38,211,13,315,23,1*79
$GBGSV,5,2,14,227,67,197,32,228,29,155,39,230,39,303,33,232,35,226,29,3*75
$GBGSV,5,3,14,233,31,053,41,241,82,085,36,3*71
$GBGSV,5,4,14,227,67,197,37,230,39,303,36,232,35,226,26,233,31,053,37,5*70
$GBGSV,5,5,14,241,82,085,46,5*75
$GIGSV,1,1,,,,,,,,,,,,,0.0*4E
$GNGSA,A,3,01,02,03,04,19,28,31,,,,,,0.6,0.4,0.6,1*31
$GNGSA,A,3,01,03,04,06,09,28,,,,,,,0.6,0.4,0.6,1*36
$GNGSA,A,3,83,84,85,,,,,,,,,,0.6,0.4,0.6,2*3C
$GNGSA,A,3,102,104,106,110,111,112,119,128,136,,,,0.6,0.4,0.6,3*03
$GNGSA,A,3,102,104,106,109,110,111,112,119,136,,,,0.6,0.4,0.6,3*00
$GNGSA,A,3,207,210,211,227,228,230,232,233,241,,,,0.6,0.4,0.6,4*0C
$GNGSA,A,3,227,230,232,233,241,,,,,,,,0.6,0.4,0.6,4*00
$GNRMC,135435.000,A,4825.1430,N,00428.4555,W,0.0,125.5,100626,,,A*65
$GNGGA,135436.000,4825.1430,N,00428.4555,W,1,49,0.4,91.6,M,52.0,M,,*64
$GNVTG,125.5,T,,M,0.0,N,0.0,K,A*10
$GPGSV,4,1,14,01,35,121,41,02,10,129,39,03,59,058,41,04,60,158,31,1*6C
$GPGSV,4,2,14,09,33,195,24,19,45,283,32,28,13,039,30,31,18,067,42,1*69
$GPGSV,4,3,14,01,35,121,36,03,59,058,44,04,60,158,42,06,34,303,38,8*6F
$GPGSV,4,4,14,09,33,195,31,28,13,039,33,8*6C
$GQGSV,1,1,,,,,,,,,,,,,0.0*56
$GLGSV,2,1,07,68,42,038,41,69,83,206,34,70,29,217,32,76,06,338,17,1*7D
$GLGSV,2,2,07,83,32,140,39,84,88,315,31,85,38,320,37,1*40
$GAGSV,5,1,18,102,12,285,25,104,59,123,35,106,47,165,34,109,26,185,23,7*79
$GAGSV,5,2,18,110,55,107,37,111,83,058,27,112,31,112,36,119,30,047,36,7*76
$GAGSV,5,3,18,128,51,077,36,136,39,300,29,7*70
$GAGSV,5,4,18,102,12,285,37,104,59,123,44,109,26,185,35,110,55,107,40,1*7B
$GAGSV,5,5,18,112,31,112,29,119,30,047,31,128,51,077,35,136,39,300,38,1*71
$GBGSV,5,1,15,207,16,041,35,210,16,053,38,211,13,315,23,1*78
$GBGSV,5,2,15,227,67,197,32,228,29,155,39,230,39,303,33,232,35,226,29,3*74
$GBGSV,5,3,15,233,31,053,41,241,82,085,36,3*70
$GBGSV,5,4,15,227,67,197,37,228,29,155,31,230,39,303,36,232,35,226,26,5*73
$GBGSV,5,5,15,233,31,053,37,241,82,085,46,5*76
$GIGSV,1,1,,,,,,,,,,,,,0.0*4E
$GNGSA,A,3,01,02,03,04,19,28,31,,,,,,0.6,0.4,0.6,1*31
$GNGSA,A,3,01,03,04,06,09,28,,,,,,,0.6,0.4,0.6,1*36
$GNGSA,A,3,69,70,83,84,85,,,,,,,,0.6,0.4,0.6,2*34
$GNGSA,A,3,104,106,110,111,112,119,128,136,,,,,0.6,0.4,0.6,3*30
$GNGSA,A,3,102,104,109,110,112,119,128,136,,,,,0.6,0.4,0.6,3*3D
$GNGSA,A,3,207,210,211,227,228,230,232,233,241,,,,0.6,0.4,0.6,4*0C
$GNGSA,A,3,227,228,230,232,233,241,,,,,,,0.6,0.4,0.6,4*38
$GNRMC,135436.000,A,4825.1430,N,00428.4555,W,0.0,125.5,100626,,,A*66
$GNGGA,135437.000,4825.1430,N,00428.4555,W,1,50,0.2,91.6,M,52.0,M,,*6B
$GNVTG,125.5,T,,M,0.0,N,0.0,K,A*10
$GPGSV,4,1,14,01,35,121,41,02,10,129,39,03,59,058,41,04,60,158,31,1*6C
$GPGSV,4,2,14,09,33,195,24,19,45,283,31,28,13,039,30,31,18,067,42,1*6A
$GPGSV,4,3,14,01,35,121,36,03,59,058,44,04,60,158,42,06,34,303,38,8*6F
$GPGSV,4,4,14,09,33,195,31,28,13,039,32,8*6D
$GQGSV,1,1,,,,,,,,,,,,,0.0*56
$GLGSV,2,1,06,69,83,206,34,70,29,217,31,76,06,338,17,83,32,140,38,1*7D
$GLGSV,2,2,06,84,88,315,31,85,38,320,37,1*74
$GAGSV,6,1,19,102,12,285,25,104,59,123,35,106,47,165,34,109,26,185,23,7*7B
$GAGSV,6,2,19,110,55,107,37,111,83,058,27,112,31,112,36,119,30,047,36,7*74
$GAGSV,6,3,19,128,51,077,36,136,39,300,29,7*72
$GAGSV,6,4,19,102,12,285,37,106,47,165,43,109,26,185,35,110,55,107,40,1*71
$GAGSV,6,5,19,111,83,058,41,112,31,112,28,119,30,047,31,128,51,077,35,1*76
$GAGSV,6,6,19,136,39,300,38,1*7B
$GBGSV,5,1,14,207,16,041,35,210,16,053,38,211,13,315,24,1*7E
$GBGSV,5,2,14,227,66,197,32,228,29,155,39,230,39,303,33,232,35,226,29,3*74
$GBGSV,5,3,14,233,31,053,41,241,82,085,36,3*71
$GBGSV,5,4,14,227,66,197,37,228,29,155,32,232,35,226,26,233,31,053,37,5*7C
$GBGSV,5,5,14,241,82,085,46,5*75
$GIGSV,1,1,,,,,,,,,,,,,0.0*4E
$GNGSA,A,3,01,02,03,04,19,28,31,,,,,,0.6,0.2,0.6,1*37
$GNGSA,A,3,01,03,04,06,09,28,,,,,,,0.6,0.2,0.6,1*30
$GNGSA,A,3,69,70,83,84,85,,,,,,,,0.6,0.2,0.6,2*32
$GNGSA,A,3,102,104,106,110,111,112,119,128,136,,,,0.6,0.2,0.6,3*05
$GNGSA,A,3,102,106,109,110,111,112,119,128,136,,,,0.6,0.2,0.6,3*08
$GNGSA,A,3,207,210,211,227,228,230,232,233,241,,,,0.6,0.2,0.6,4*0A
$GNGSA,A,3,227,228,232,233,241,,,,,,,,0.6,0.2,0.6,4*0F
$GNRMC,135437.000,A,4825.1430,N,00428.4555,W,0.0,125.5,100626,,,A*67
$GNGGA,135438.000,4825.1430,N,00428.4555,W,1,50,0.4,91.6,M,52.0,M,,*62
$GNVTG,125.5,T,,M,0.0,N,0.0,K,A*10
$GPGSV,5,1,15,01,35,121,41,02,10,129,39,03,59,058,41,04,60,158,31,1*6C
$GPGSV,5,2,15,06,34,303,24,09,33,195,24,19,45,283,32,28,13,039,30,1*62
$GPGSV,5,3,15,31,18,067,42,1*5A
$GPGSV,5,4,15,01,35,121,36,03,59,058,44,04,60,158,42,06,34,303,38,8*68
$GPGSV,5,5,15,09,33,195,30,28,13,039,32,8*6D
$GQGSV,1,1,,,,,,,,,,,,,0.0*56
$GLGSV,2,1,06,69,83,206,34,70,29,217,31,76,06,338,17,83,32,140,38,1*7D
$GLGSV,2,2,06,84,88,315,31,85,38,320,37,1*74
$GAGSV,5,1,18,102,12,285,25,104,59,123,35,106,47,165,35,109,26,185,22,7*79
$GAGSV,5,2,18,110,55,107,37,111,83,058,27,112,31,112,35,119,30,047,36,7*75
$GAGSV,5,3,18,128,51,077,36,136,39,300,29,7*70
$GAGSV,5,4,18,104,59,123,44,109,26,185,35,110,55,107,40,111,83,058,41,1*72
$GAGSV,5,5,18,112,31,112,28,119,30,047,31,128,51,077,35,136,39,300,38,1*70
$GBGSV,5,1,15,207,16,041,35,210,16,053,38,211,13,315,24,1*7F
$GBGSV,5,2,15,227,66,197,32,228,29,155,39,230,39,303,33,232,35,226,29,3*75
$GBGSV,5,3,15,233,31,053,41,241,82,085,36,3*70
$GBGSV,5,4,15,227,66,197,37,228,29,155,32,230,39,303,35,232,35,226,26,5*72
$GBGSV,5,5,15,233,31,053,37,241,82,085,46,5*76
$GIGSV,1,1,,,,,,,,,,,,,0.0*4E
$GNGSA,A,3,01,02,03,04,06,19,28,31,,,,,0.6,0.4,0.6,1*37
$GNGSA,A,3,01,03,04,06,09,28,,,,,,,0.6,0.4,0.6,1*36
$GNGSA,A,3,69,83,84,85,,,,,,,,,0.6,0.4,0.6,2*33
$GNGSA,A,3,102,104,106,110,111,112,119,128,136,,,,0.6,0.4,0.6,3*03
$GNGSA,A,3,104,109,110,111,112,119,128,136,,,,,0.6,0.4,0.6,3*3F
$GNGSA,A,3,207,210,211,227,228,230,232,233,241,,,,0.6,0.4,0.6,4*0C
$GNGSA,A,3,227,228,230,232,233,241,,,,,,,0.6,0.4,0.6,4*38
$GNRMC,135438.000,A,4825.1430,N,00428.4555,W,0.0,125.5,100626,,,A*68
$GNGGA,135439.000,4825.1430,N,00428.4555,W,1,50,0.4,91.5,M,52.0,M,,*60
$GNVTG,125.5,T,,M,0.0,N,0.0,K,A*10
$GPGSV,5,1,15,01,35,121,41,02,10,129,38,03,59,058,41,04,60,158,31,1*6D
$GPGSV,5,2,15,06,34,303,24,09,33,195,23,19,45,283,32,28,13,039,30,1*65
$GPGSV,5,3,15,31,18,067,42,1*5A
$GPGSV,5,4,15,01,35,121,36,03,59,058,44,04,60,158,42,06,34,303,38,8*68
$GPGSV,5,5,15,09,33,195,30,28,13,039,31,8*6E
$GQGSV,1,1,,,,,,,,,,,,,0.0*56
$GLGSV,2,1,06,69,83,206,34,70,29,217,31,76,06,338,17,83,32,140,38,1*7D
$GLGSV,2,2,06,84,88,315,31,85,38,320,36,1*75
$GAGSV,5,1,18,102,12,285,25,104,59,122,36,106,47,165,35,109,26,185,22,7*7B
$GAGSV,5,2,18,110,55,107,37,111,83,058,27,112,31,112,35,119,30,047,36,7*75
$GAGSV,5,3,18,128,51,077,36,136,39,300,29,7*70
$GAGSV,5,4,18,104,59,122,44,106,47,165,43,109,26,185,35,110,55,107,40,1*70
$GAGSV,5,5,18,111,83,058,41,112,31,112,27,119,30,047,31,128,51,077,36,1*78
$GBGSV,5,1,15,207,16,041,35,210,16,053,38,211,13,315,24,1*7F
$GBGSV,5,2,15,227,66,197,32,228,29,155,39,230,39,303,33,232,36,227,29,3*77
$GBGSV,5,3,15,233,31,053,41,241,82,085,36,3*70
$GBGSV,5,4,15,227,66,197,37,228,29,155,32,230,39,303,35,232,36,227,26,5*70
$GBGSV,5,5,15,233,31,053,37,241,82,085,46,5*76
$GIGSV,1,1,,,,,,,,,,,,,0.0*4E
$GNGSA,A,3,01,02,03,04,06,19,28,31,,,,,0.6,0.4,0.6,1*37
$GNGSA,A,3,01,03,04,06,09,28,,,,,,,0.6,0.4,0.6,1*36
$GNGSA,A,3,69,70,83,84,85,,,,,,,,0.6,0.4,0.6,2*34
$GNGSA,A,3,104,106,110,111,112,119,128,136,,,,,0.6,0.4,0.6,3*30
$GNGSA,A,3,104,106,109,110,111,112,119,128,,,,,0.6,0.4,0.6,3*3C
$GNGSA,A,3,207,210,211,227,228,230,232,233,241,,,,0.6,0.4,0.6,4*0C
$GNGSA,A,3,227,228,230,232,233,241,,,,,,,0.6,0.4,0.6,4*38
$GNRMC,135439.000,A,4825.1430,N,00428.4555,W,0.0,125.5,100626,,,A*69
$GNGGA,135440.000,4825.1430,N,00428.4555,W,1,51,0.2,91.6,M,52.0,M,,*6A
$GNVTG,125.5,T,,M,0.0,N,0.0,K,A*10
$GPGSV,5,1,15,01,35,121,40,02,10,129,38,03,59,058,41,04,60,158,31,1*6C
$GPGSV,5,2,15,06,34,303,24,09,33,195,23,19,45,283,32,28,13,039,30,1*65
$GPGSV,5,3,15,31,18,067,42,1*5A
$GPGSV,5,4,15,01,35,121,36,03,59,058,44,04,60,158,42,06,34,303,38,8*68
$GPGSV,5,5,15,09,33,195,30,28,13,039,31,8*6E
$GQGSV,1,1,,,,,,,,,,,,,0.0*56
$GLGSV,2,1,06,69,83,206,34,70,29,217,31,76,06,338,17,83,32,140,37,1*72
$GLGSV,2,2,06,84,88,315,31,85,38,320,36,1*75
$GAGSV,5,1,18,102,12,285,25,104,59,122,36,106,47,165,35,109,27,185,22,7*7A
$GAGSV,5,2,18,110,55,107,37,111,83,058,27,112,31,112,35,119,30,047,36,7*75
$GAGSV,5,3,18,128,51,077,36,136,39,300,29,7*70
$GAGSV,5,4,18,104,59,122,44,106,47,165,43,109,27,185,35,110,55,107,40,1*71
$GAGSV,5,5,18,112,31,112,27,119,30,047,31,128,51,077,36,136,39,300,36,1*72
$GBGSV,5,1,15,207,16,041,35,210,16,053,38,211,13,315,24,1*7F
$GBGSV,5,2,15,227,66,197,32,228,29,155,39,230,39,303,33,232,36,227,29,3*77
$GBGSV,5,3,15,233,31,053,41,241,82,085,36,3*70
$GBGSV,5,4,15,227,66,197,37,228,29,155,32,230,39,303,35,232,36,227,26,5*70
$GBGSV,5,5,15,233,31,053,37,241,82,085,46,5*76
$GIGSV,1,1,,,,,,,,,,,,,0.0*4E
$GNGSA,A,3,01,02,03,04,06,19,28,31,,,,,0.6,0.2,0.6,1*31
$GNGSA,A,3,01,03,04,06,09,28,,,,,,,0.6,0.2,0.6,1*30
$GNGSA,A,3,69,70,83,84,85,,,,,,,,0.6,0.2,0.6,2*32
$GNGSA,A,3,102,104,106,110,111,112,119,128,136,,,,0.6,0.2,0.6,3*05
$GNGSA,A,3,104,106,109,110,112,119,128,136,,,,,0.6,0.2,0.6,3*3F
$GNGSA,A,3,207,210,211,227,228,230,232,233,241,,,,0.6,0.2,0.6,4*0A
$GNGSA,A,3,227,228,230,232,233,241,,,,,,,0.6,0.2,0.6,4*3E
$GNRMC,135440.000,A,4825.1430,N,00428.4555,W,0.0,125.5,100626,,,A*67
